0,1,2,3,4
Sunday Bloody Sunday (film),British Academy Film Awards,Best Film,John Schlesinger,Won
Sunday Bloody Sunday (film),British Academy Film Awards,Best Direction,John Schlesinger,Won
Sunday Bloody Sunday (film),British Academy Film Awards,Best Actor in a Leading Role,Peter Finch,Won
Sunday Bloody Sunday (film),British Academy Film Awards,Best Actress in a Leading Role,Glenda Jackson,Won
Sunday Bloody Sunday (film),British Academy Film Awards,Best Screenplay,Penelope Gilliatt,Nominated
Sunday Bloody Sunday (film),British Academy Film Awards,Best Cinematography,Billy Williams,Nominated
Sunday Bloody Sunday (film),British Academy Film Awards,Best Editing,Richard Marden,Won
Sunday Bloody Sunday (film),British Academy Film Awards,Best Sound,"David Campling, Simon Kaye, and Gerry Humphreys",Won
Sunday Bloody Sunday (film),David di Donatello Awards,Best Foreign Director,John Schlesinger,Won
Sunday Bloody Sunday (film),Directors Guild of America Awards,Outstanding Directorial Achievement in Motion Pictures,John Schlesinger,Nominated
Sunday Bloody Sunday (film),Golden Globe Awards,Best Foreign Film – English-Language,Best Foreign Film – English-Language,Won
Sunday Bloody Sunday (film),Golden Globe Awards,Best Actor in a Motion Picture – Drama,Peter Finch,Nominated
Sunday Bloody Sunday (film),National Society of Film Critics Awards,Best Actor,Peter Finch,Won
Sunday Bloody Sunday (film),National Society of Film Critics Awards,Best Screenplay,Penelope Gilliatt,Won
Sunday Bloody Sunday (film),National Society of Film Critics Awards,Best Cinematography,Billy Williams,3rd Place
Sunday Bloody Sunday (film),New York Film Critics Circle Awards,Best Actor,Peter Finch,Runner-up
Sunday Bloody Sunday (film),New York Film Critics Circle Awards,Best Screenplay,Penelope Gilliatt,Won
Sunday Bloody Sunday (film),Writers Guild of America Awards,Best Drama – Written Directly for the Screen,Penelope Gilliatt,Won
Sunday Bloody Sunday (film),Writers' Guild of Great Britain Awards,Best British Original Screenplay,Penelope Gilliatt,Won
