0,1,2,3,4
Asian Film Award for Best Supporting Actor,2010, Eita,Dear Doctor,ディア・ドクター
Asian Film Award for Best Supporting Actor,2010, Huang Xiaoming,The Message,风声
Asian Film Award for Best Supporting Actor,2010, Won Bin,Mother,마더
Asian Film Award for Best Supporting Actor,2010, Tou Chung-hua,The Warrior and the Wolf,狼災記
Asian Film Award for Best Supporting Actor,2011, Huang Xiaoming,Sacrifice,趙氏孤兒
Asian Film Award for Best Supporting Actor,2011, Masaki Okada,Confessions,告白
Asian Film Award for Best Supporting Actor,2011, Ryoo Seung-bum,The Unjust,부당거래
Asian Film Award for Best Supporting Actor,2011, Yoo Hae-jin,Moss,이끼
Asian Film Award for Best Supporting Actor,2012, Lawrence Ko,Jump Ashin!,Fan gun ba A-xin!
Asian Film Award for Best Supporting Actor,2012, Umin Boya,Seediq Bale,賽德克•巴萊
Asian Film Award for Best Supporting Actor,2012, Lee Je-hoon,The Front Line,고지전
Asian Film Award for Best Supporting Actor,2012, Mario Maurer,The Outrage,U mong pa meung
Asian Film Award for Best Supporting Actor,2013, Nawazuddin Siddiqui,Talaash: The Answer Lies Within,Talaash: The Answer Lies Within
Asian Film Award for Best Supporting Actor,2013, Ha Jung-woo,Nameless Gangster: Rules of the Time,범죄와의 전쟁 Bumchoiwaui Junjaeng
Asian Film Award for Best Supporting Actor,2013, Ryō Kase,Like Someone in Love,ライク・サムワン・イン・ラブ
Asian Film Award for Best Supporting Actor,2013, Chapman To,Diva,華麗之後
Asian Film Award for Best Supporting Actor,2013, Rhydian Vaughan,"Girlfriend, Boyfriend",女朋友。男朋友
Asian Film Award for Best Supporting Actor,2014, Mark Chao,So Young,致我们终将逝去的青春
Asian Film Award for Best Supporting Actor,2014, Jung Woo-sung,Cold Eyes,감시자들 Gamsijadeul
Asian Film Award for Best Supporting Actor,2014, Joe Odagiri,The Great Passage,舟を編む Fune o Amu
Asian Film Award for Best Supporting Actor,2014, Satoshi Tsumabuki,Tokyo Family,東京家族 Tōkyō Kazoku
Asian Film Award for Best Supporting Actor,2015, Chen Jianbin,Paradise in Service,軍中樂園 Jun Zhong Le Yuan
Asian Film Award for Best Supporting Actor,2015, Cho Jin-woong,A Hard Day,끝까지 간다 Kkeutkkaji Ganda
Asian Film Award for Best Supporting Actor,2015, Hideaki Itō,Wood Job!,Wood Job! （ウッジョブ）　神去なあなあ日常  Wood Job! Kamusari Nana Nichijo
Asian Film Award for Best Supporting Actor,2015, Qin Hao,Blind Massage,推拿 Tui Na
Asian Film Award for Best Supporting Actor,2016, Cheng Jen-shuo,"Thanatos, Drunk",醉‧生夢死
Asian Film Award for Best Supporting Actor,2016, Michael Ning,Port of Call,踏血尋梅
Asian Film Award for Best Supporting Actor,2016, Oh Dae-soo,Assassination,암살
Asian Film Award for Best Supporting Actor,2016, Max Zhang,Ip Man 3,葉問3
Asian Film Award for Best Supporting Actor,2017, Lam Suet,Trivisa,树大招风
Asian Film Award for Best Supporting Actor,2017, Jun Kunimura,The Wailing,곡성
Asian Film Award for Best Supporting Actor,2017, Ma Dong-seok,Train to Busan,부산행
Asian Film Award for Best Supporting Actor,2017, Gō Ayano,Rage,怒り
Asian Film Award for Best Supporting Actor,2017, Dong Chengpeng,I Am Not Madame Bovary,我不是潘金莲
Asian Film Award for Best Supporting Actor,2018, Yang Ik-june,Wilderness,あゝ、荒野
Asian Film Award for Best Supporting Actor,2018, Yoo Hae-jin,A Taxi Driver,택시운전사
Asian Film Award for Best Supporting Actor,2018, Geng Le,Angels Wear White,嘉年华
Asian Film Award for Best Supporting Actor,2018, Tian Zhuangzhuang,Love Education,相爱相亲
Asian Film Award for Best Supporting Actor,2018, Eddie Peng,Our Time Will Come,明月幾時有
Asian Film Award for Best Supporting Actor,2019, ZHANG Yu,Dying to Survive,我不是药神
Asian Film Award for Best Supporting Actor,2019, Kwon Hae-hyo,Hotel by the River,
Asian Film Award for Best Supporting Actor,2019, Shinya Tsukamoto,Killing,斬、
Asian Film Award for Best Supporting Actor,2019, Vicky Kaushal,Sanju,संजू
Asian Film Award for Best Supporting Actor,2019, River Huang,Tracey,翠丝
