0,1,2,3,4,5
Peter Krause,2000,Screen Actors Guild Awards,Outstanding Performance by an Ensemble in a Comedy Series,Sports Night,Nominated
Peter Krause,2000,Viewers for Quality Television,Best Actor in a Quality Comedy Series,Sports Night,Nominated
Peter Krause,2002,Golden Globe Awards,Best Actor – Television Series Drama,Six Feet Under,Nominated
Peter Krause,2002,Primetime Emmy Awards,Outstanding Lead Actor in a Drama Series,Six Feet Under,Nominated
Peter Krause,2002,Screen Actors Guild Awards,Outstanding Performance by a Male Actor in a Drama Series,Six Feet Under,Nominated
Peter Krause,2003,Golden Globe Awards,Best Actor – Television Series Drama,Six Feet Under,Nominated
Peter Krause,2003,Primetime Emmy Awards,Outstanding Lead Actor in a Drama Series,Nominated,Six Feet Under
Peter Krause,2003,Satellite Awards,Best Actor – Television Series Drama,Nominated,Six Feet Under
Peter Krause,2004,Prism Awards,Best Performance in a Drama Series,Six Feet Under,Won
Peter Krause,2004,Screen Actors Guild Awards,Outstanding Performance by a Male Actor in a Drama Series,Nominated,Six Feet Under
Peter Krause,2005,Screen Actors Guild Awards,Outstanding Performance by an Ensemble in a Drama Series,Six Feet Under,Nominated
Peter Krause,2006,Primetime Emmy Awards,Outstanding Lead Actor in a Drama Series,Six Feet Under,Nominated
