0,1,2,3,4
David di donatello for best supporting actor,2009/10(55th),The supporting ensemble of Baarìa,The supporting ensemble of Baarìa,Baarìa
David di donatello for best supporting actor,2009/10(55th),Pierfrancesco Favino,Marco,Kiss Me Again
David di donatello for best supporting actor,2009/10(55th),Marco Giallini,Luigi Mascolo,"Io, loro e Lara"
David di donatello for best supporting actor,2009/10(55th),Marco Messeri,Loredano 'Loriano' Nesi,The First Beautiful Thing
David di donatello for best supporting actor,2010/11(56th),Raoul Bova,Piero,La nostra vita
David di donatello for best supporting actor,2010/11(56th),Francesco Di Leva,Edoardo,A Quiet Life
David di donatello for best supporting actor,2010/11(56th),Rocco Papaleo,Lionello Frustace,Escort in Love
David di donatello for best supporting actor,2010/11(56th),Alessandro Siani,Mattia Volpe,Benvenuti al Sud
David di donatello for best supporting actor,2011/12(57th),Pierfrancesco Favino,Giuseppe Pinelli,Piazza Fontana: The Italian Conspiracy
David di donatello for best supporting actor,2011/12(57th),Giuseppe Battiston,Devis,Shun Li and the Poet
David di donatello for best supporting actor,2011/12(57th),Marco Giallini,Mazinga,ACAB - All Cops Are Bastards
David di donatello for best supporting actor,2011/12(57th),Fabrizio Gifuni,Aldo Moro,Piazza Fontana: The Italian Conspiracy
David di donatello for best supporting actor,2011/12(57th),Renato Scarpa,Cardinal Gregori,We Have a Pope
David di donatello for best supporting actor,2012/13(58th),Stefano Accorsi,Andrea,A Five Star Life
David di donatello for best supporting actor,2012/13(58th),Giuseppe Battiston,Amanzio,Garibaldi's Lovers
David di donatello for best supporting actor,2012/13(58th),Marco Giallini,Enzo Brighi,Buongiorno papà
David di donatello for best supporting actor,2012/13(58th),Claudio Santamaria,Max Flamini,Diaz - Don't Clean Up This Blood
David di donatello for best supporting actor,2013/14(59th),Valerio Aprea,Mattia Argeri,I Can Quit Whenever I Want
David di donatello for best supporting actor,2013/14(59th),Giuseppe Battiston,Father Weiner,The Chair of Happiness
David di donatello for best supporting actor,2013/14(59th),Libero De Rienzo,Bartolomeo Bonelli,I Can Quit Whenever I Want
David di donatello for best supporting actor,2013/14(59th),Stefano Fresi,Alberto Petrelli,I Can Quit Whenever I Want
David di donatello for best supporting actor,2013/14(59th),Carlo Verdone,Romano,The Great Beauty
David di donatello for best supporting actor,2014/15(60th),Claudio Amendola,Sergio,The Legendary Giulia and Other Miracles
David di donatello for best supporting actor,2014/15(60th),Fabrizio Bentivoglio,Basili,The Invisible Boy
David di donatello for best supporting actor,2014/15(60th),Luigi Lo Cascio,Sandro De Luca,An Italian Name
David di donatello for best supporting actor,2014/15(60th),Nanni Moretti,Giovanni,Mia madre
David di donatello for best supporting actor,2015/16(61st),Luca Marinelli,Fabio Cannizzaro / Zingaro,They Call Me Jeeg
David di donatello for best supporting actor,2015/16(61st),Giuseppe Battiston,Carlo Bernini,The Complexity of Happiness
David di donatello for best supporting actor,2015/16(61st),Fabrizio Bentivoglio,Antonio Zanzotto,Gli ultimi saranno ultimi
David di donatello for best supporting actor,2015/16(61st),Valerio Binasco,Sandro,Alaska
David di donatello for best supporting actor,2015/16(61st),Alessandro Borghi,Aureliano Adami / Number 8,Suburra
David di donatello for best supporting actor,2016(62nd),Valerio Mastandrea,Ascanio,Fiore
David di donatello for best supporting actor,2016(62nd),Roberto De Francesco,Sergio,Le ultime cose
David di donatello for best supporting actor,2016(62nd),Ennio Fantastichini,Chief Warden De Caro,La stoffa dei sogni
David di donatello for best supporting actor,2016(62nd),Pierfrancesco Favino,Italian Minister of Economy,The Confessions
David di donatello for best supporting actor,2016(62nd),Massimiliano Rossi,Peppe,Indivisible
David di donatello for best supporting actor,2017(63rd),Giuliano Montaldo,Giorgio Gherarducci,Tutto quello che vuoi
David di donatello for best supporting actor,2017(63rd),Peppe Barra,Pasquale,Napoli velata
David di donatello for best supporting actor,2017(63rd),Alessandro Borghi,Chicano,Fortunata
David di donatello for best supporting actor,2017(63rd),Carlo Buccirosso,Don Vincenzo Strozzalone,Ammore e malavita
David di donatello for best supporting actor,2017(63rd),Elio Germano,Fabio,Tenderness
David di donatello for best supporting actor,2018(64th),Edoardo Pesce,Simone,Dogman
David di donatello for best supporting actor,2018(64th),Fabrizio Bentivoglio,Santino Recchia,Loro
David di donatello for best supporting actor,2018(64th),Ennio Fantastichini,Giuseppe De André,Fabrizio De André - Principe libero
David di donatello for best supporting actor,2018(64th),Massimo Ghini,Sandro,A casa tutti bene
David di donatello for best supporting actor,2018(64th),Valerio Mastandrea,Ettore,Euphoria
David di donatello for best supporting actor,2019(65th),Luigi Lo Cascio,Salvatore Contorno,The Traitor
David di donatello for best supporting actor,2019(65th),Carlo Buccirosso,Totò o' Macellaio,5 Is the Perfect Number
David di donatello for best supporting actor,2019(65th),Stefano Accorsi,Valerio Fioretti,Il Campione
David di donatello for best supporting actor,2019(65th),Fabrizio Ferracane,Pippo Calò,The Traitor
David di donatello for best supporting actor,2019(65th),Roberto Benigni,Geppetto,Pinocchio
