0,1,2,3,4
Deven Varma,1961,Dharmputra,Sudesh Rai,
Deven Varma,1963,Gumrah,Pyarelal,
Deven Varma,1963,Aaj Aur Kal,Rajkumar Rajendrasingh,
Deven Varma,1964,Suhagan,Sukhiram,
Deven Varma,1964,Qawwali Ki Raat,,
Deven Varma,1965,Oonche Log,,
Deven Varma,1965,Rishte Naate,Raja,
Deven Varma,1966,Anupama,Arun,
Deven Varma,1966,Mohabbat Zindagi Hai,Advocate Vikram 'Vicky' Sinha,
Deven Varma,1966,Devar,Suresh,
Deven Varma,1966,Baharen Phir Bhi Aayengi,Vikram Varma,
Deven Varma,1967,Milan,Ram Vishwanath Rao,
Deven Varma,1968,Aa Jaa Sanam,Dr. Kaushal Verma,
Deven Varma,1968,Sunghursh,Nisar,
Deven Varma,1969,Yakeen,Guy who found body at the beach,Uncredited
Deven Varma,1969,Tamanna,,
Deven Varma,1970,Khamoshi,Patient No. 22,
Deven Varma,1971,Nadaan,Vicky,Uncredited
Deven Varma,1971,Mere Apne,Niranjan,
Deven Varma,1971,Buddha Mil Gaya,Bhola,
Deven Varma,1972,Maalik,Ram Murthy Pandey,
Deven Varma,1972,Annadata,Pestonji's client,
Deven Varma,1973,Tere Rang Nyare,,
Deven Varma,1973,Dhund,Banke Lal,
Deven Varma,1973,Bada Kabutar,Bhola,
Deven Varma,1974,Phir Kab Milogi,Devi Das,
Deven Varma,1974,Kora Kagaz,Drona Acharya,
Deven Varma,1974,Imtihan,,
Deven Varma,1974,Do Aankhen,,
Deven Varma,1974,36 Ghante,Kirpal Singh,
Deven Varma,1975,Deewaar,Coolie in song 'Idhar Ka Maal Udhar',"(Song deleted), Uncredited"
Deven Varma,1975,Ek Mahal Ho Sapno Ka,Ramu Makhichandani 'Shola',
Deven Varma,1976,Kabhie Kabhie,Rambhajan,Uncredited
Deven Varma,1976,Ek Se Badhkar Ek,Constable Ludkuram,
Deven Varma,1976,Zindagi,Prabhu,
Deven Varma,1976,Ha Khel Savlyancha,Bhoot Papeshwar Maharaj,
Deven Varma,1976,Farrari,Gulab,
Deven Varma,1976,Arjun Pandit,Naren,
Deven Varma,1977,Mukti,Tony,
Deven Varma,1977,Doosra Aadmi,Timsi's Uncle,
Deven Varma,1977,Dildaar,Salim,
Deven Varma,1977,Chalu Mera Naam,Bawra Singh,
Deven Varma,1977,Aadmi Sadak Ka – Dost Asava Tar Asaa,Surendramohan U. Nath 'Suren',Bilingual film made in Marathi and Hindi
Deven Varma,1978,Besharam,"Lakshman, his father and mother",
Deven Varma,1978,Bhola Bhala,Babu Khan,
Deven Varma,1978,Don,Voice of Raj Singh,Uncredited
Deven Varma,1978,Naukri,Loco,
Deven Varma,1978,Anpadh,Bankelal Banarasi,
Deven Varma,1978,Priyatama,,
Deven Varma,1978,Safed Jhooth,Suleiman,
Deven Varma,1978,Khatta Meetha,Dara,
Deven Varma,1978,Dillagi,Gopal Krishan Choudry,
Deven Varma,1978,Chakravyuha,,
Deven Varma,1979,Chakravyuh,,
Deven Varma,1978,Atithee,Station Master,
Deven Varma,1979,Lok Parlok,Chitragupt Sharma,
Deven Varma,1979,Prem Vivah,,Guest Appearance
Deven Varma,1979,Ghar Ki Laaj,Rajender / Raju,
Deven Varma,1979,Amar Deep,Rahim,
Deven Varma,1979,Magroor,Tony,
Deven Varma,1979,Golmaal,"Himself, guest appearance",
Deven Varma,1980,Do Premee,Inspector Morari Bhonsle,
Deven Varma,1980,Aap Ke Deewane,Butler,
Deven Varma,1980,Thodisi Bewafaii,Noor-E-Chasmis,
Deven Varma,1980,Jal Mahal,Shankar,
Deven Varma,1980,Neeyat,Topi,
Deven Varma,1980,Sau Din Saas Ke,Totaram,
Deven Varma,1980,Nazrana Pyar Ka,Abdulla,
Deven Varma,1980,Bombay 405 Miles,Girdharilal Pawa,
Deven Varma,1980,Nishana,,
Deven Varma,1981,Yeh Kaisa Nashaa Hai,,
Deven Varma,1981,Waqt Ki Deewar,Rajpat,
Deven Varma,1981,Ladies Tailor,Asif,
Deven Varma,1981,Kudrat,Pyarelal,
Deven Varma,1981,Biwi-O-Biwi,Gafoor,
Deven Varma,1981,Silsila,Vidyarthi,
Deven Varma,1981,Pyaasa Sawan,Shewakram,
Deven Varma,1981,Chhupa Chhuppi,,
Deven Varma,1981,Ahista Ahista,Savitri's husband,
Deven Varma,1981,Jyoti,Siyaram,
Deven Varma,1981,Josh,,
Deven Varma,1982,Adhura Aadmi,,
Deven Varma,1982,Bemisal,Hiralal Tandon,
Deven Varma,1982,Karwat,,
Deven Varma,1982,Deedar-E-Yaar,Sikander Alam Changezi,
Deven Varma,1982,Sumbandh,,
Deven Varma,1982,Daulat,Murli,
Deven Varma,1983,Nastik,Gayaprasad,
Deven Varma,1983,Rang Birangi,Ravi Kapoor,
Deven Varma,1983,Kaun? Kaisey?,Photographer Nand Dukaan Bandh,
Deven Varma,1983,Bandhan Kuchchey Dhaagon Ka,Ratanpal Singh,
Deven Varma,1983,Kissi Se Na Kehna,Mansukh,
Deven Varma,1984,Main Qatil Hoon,,
Deven Varma,1984,Aao Jao Ghar Tumhara,,
Deven Varma,1984,Aaj Kaa M.L.A. Ram Avtar,Digvijay's PA,
Deven Varma,1984,Jaag Utha Insan,Devandra Chaturvedi (Deva),
Deven Varma,1985,Saaheb,"Pareshaan mama, copycat Bollywood writer",
Deven Varma,1985,Pighalta Aasman,Badal - Suraj's friend,
Deven Varma,1985,Ulta Seedha,Sapan Kumar,
Deven Varma,1985,Yudh,Police Inspector Sawant,
Deven Varma,1985,Bhago Bhut Aaya,Munna,
Deven Varma,1985,Pyari Behna,Makhan Singh - Tanvi's prospective groom,
Deven Varma,1985,Sur Sangam,Advocate Madhav,
Deven Varma,1985,Jhoothi,Rasik Lal Sharma,
Deven Varma,1985,Alag Alag,Karim,
Deven Varma,1985,Oonche Log,Mubarak Ali,
Deven Varma,1985,Bhavani Junction,Joseph - Bartender,
Deven Varma,1985,Dekha Pyar Tumhara,Lalu Lalwani,
Deven Varma,1985,Paisa Yeh Paisa,Sukhiram,
Deven Varma,1985,Bond 303,Aslam,
Deven Varma,1987,Pyar Ke Kabil,Nandkishore Goverdhan,
Deven Varma,1987,Sadak Chhap,Shankar's friend,
Deven Varma,1987,Mera Yaar Mera Dushman,,
Deven Varma,1988,Mardon Wali Baat,Chaila,
Deven Varma,1989,Prem Pratigyaa,Hair Oil Salesman / Burglar,
Deven Varma,1989,Dana Paani,Pampu,Uncredited
Deven Varma,1989,Bahurani,Kumar Chatterjee,Uncredited
Deven Varma,1990,Dil,Police Inspector Ghalib,
Deven Varma,1991,Jhoothi Shaan,Krishna's to-be groom,
Deven Varma,1992,Deewana,Devdas Sabrangi,
Deven Varma,1992,Chamatkar,Inspector P.K. Santh,
Deven Varma,1993,King Uncle,"Karim, the butler",
Deven Varma,1993,Aaja Meri Jaan,Kasturia,Main Negative Role
Deven Varma,1993,Ek Hi Raasta,Mehra,
Deven Varma,1993,Bedardi,Bhagwandas 'Mamaji',
Deven Varma,1994,Elaan,Head Const. Devkinandan Sharma,
Deven Varma,1994,Yeh Dillagi,Gurdas Bannerjee,
Deven Varma,1994,Professor Ki Padosan,Pyarelal,
Deven Varma,1994,Andaz Apna Apna,Murli Manohar,
Deven Varma,1995,Saajan Ki Baahon Mein,Dr. Rastogi,
Deven Varma,1995,Hulchul,Vinod bhai,
Deven Varma,1995,Gundaraj,,
Deven Varma,1995,Ram Jaane,Daddu Uncle,
Deven Varma,1995,Akele Hum Akele Tum,Kanhaiya,
Deven Varma,1996,Tu Chor Main Sipahi,SPO Varma,
Deven Varma,1996,Khiladiyon Ka Khiladi,,
Deven Varma,1997,Udaan,Madhu's Uncle (Mama),
Deven Varma,1997,Dil To Pagal Hai,Ajay's father,
Deven Varma,1997,Ishq,Behram,
Deven Varma,1998,2001: Do Hazaar Ek,Billu's Uncle (Mama),
Deven Varma,1998,Salaakhen,Giri Rao,
Deven Varma,1999,Heeralal Pannalal,Mangalbhai,
Deven Varma,2000,Kya Kehna,Rustom,
Deven Varma,2002,Mere Yaar Ki Shaadi Hai,Hari Taya,
Deven Varma,2002,Sabse Badhkar Kaun,,
Deven Varma,2003,Calcutta Mail,Reema's grandfather,(final film role)
