0,1,2,3
Barry Lynd,Best Scoring: Original Song Score and Adaptation or Scoring: Adaptation,Leonard Rosenman,Won
Barry Lynd,Best Film,Best Film,Nominated
Barry Lynd,Best Director,Stanley Kubrick,Won
Barry Lynd,Best Art Direction,Ken Adam,Nominated
Barry Lynd,Best Costume Design,Milena Canonero and Ulla-Britt Söderlund,Nominated
Barry Lynd,Best Cinematography,John Alcott,Won
Barry Lynd,Best Motion Picture – Drama,Best Motion Picture – Drama,Nominated
Barry Lynd,Best Director,Stanley Kubrick,Nominated
Barry Lynd,Top Ten Films,Top Ten Films,Won
Barry Lynd,Best Film,Best Film,Won
Barry Lynd,Best Director,Stanley Kubrick,Won
