0,1,2,3,4
MTV Europe Music Award for Best Song,1994,Aerosmith,"""Cryin'""",
MTV Europe Music Award for Best Song,1994,Beck,"""Loser""",
MTV Europe Music Award for Best Song,1994,Björk,"""Big Time Sensuality""",
MTV Europe Music Award for Best Song,1994,Blur,"""Girls & Boys""",
MTV Europe Music Award for Best Song,1995,Michael Jackson,"""You Are Not Alone""",
MTV Europe Music Award for Best Song,1995,The Offspring,"""Self Esteem""",
MTV Europe Music Award for Best Song,1995,Seal,"""Kiss from a Rose""",
MTV Europe Music Award for Best Song,1995,TLC,"""Waterfalls""",
MTV Europe Music Award for Best Song,1996,The Fugees,"""Killing Me Softly""",
MTV Europe Music Award for Best Song,1996,Garbage,"""Stupid Girl""",
MTV Europe Music Award for Best Song,1996,Alanis Morissette,"""Ironic""",
MTV Europe Music Award for Best Song,1996,Pulp,"""Disco 2000""",
MTV Europe Music Award for Best Song,1997,The Cardigans,"""Lovefool""",
MTV Europe Music Award for Best Song,1997,Puff Daddy and Faith Evans,"""I'll Be Missing You""",
MTV Europe Music Award for Best Song,1997,No Doubt,"""Don't Speak""",
MTV Europe Music Award for Best Song,1997,Will Smith,"""Men In Black""",
MTV Europe Music Award for Best Song,1998,All Saints,"""Never Ever""","
"
MTV Europe Music Award for Best Song,1998,Cornershop,"""Brimful of Asha""","
"
MTV Europe Music Award for Best Song,1998,Savage Garden,"""Truly Madly Deeply""","
"
MTV Europe Music Award for Best Song,1998,Robbie Williams,"""Angels""","
"
MTV Europe Music Award for Best Song,1999,Backstreet Boys,"""I Want It That Way""",
MTV Europe Music Award for Best Song,1999,Madonna,"""Beautiful Stranger""",
MTV Europe Music Award for Best Song,1999,George Michael with Mary J. Blige,"""As""",
MTV Europe Music Award for Best Song,1999,TLC,"""No Scrubs""",
