0,1,2,3,4,5
Cardiff Riverside railway station,Cardiff Queen Street, ,Transport for Wales Rail City Line, ,Ninian Park
Cardiff Riverside railway station,Cardiff Queen Street, ,Transport for Wales Rail Vale Line," 
",Grangetown
Cardiff Riverside railway station,Newport, ,Transport for Wales Rail Maesteg / Cardiff Central – Cheltenham Spa, ,Pontyclun
Cardiff Riverside railway station,Newport, ,Transport for Wales Rail Cardiff – Holyhead via Wrexham, ,Terminus
Cardiff Riverside railway station,Newport, ,Transport for Wales Rail Cardiff Central – Manchester Piccadilly, ,Terminus
Cardiff Riverside railway station,Terminus, ,Transport for Wales Rail Swanline, ,Bridgend
Cardiff Riverside railway station,Newport, ,"Transport for Wales Rail North-South ""Premier"" service", ,Terminus
Cardiff Riverside railway station,Newport, ,CrossCountryCardiff Central – Manchester, ,Terminus
Cardiff Riverside railway station,Newport, ,CrossCountryCardiff Central – Nottingham," 
",Terminus
Cardiff Riverside railway station,Newport, ,Great Western RailwayCardiff Central – Portsmouth Harbour, ,Terminus
Cardiff Riverside railway station,Newport, ,Great Western RailwayCardiff Central – Taunton," 
",Terminus
