0,1,2,3,4
Ayrault government,Minister for the City,Territorial and Housing Equality,François Lamy,PS
Ayrault government,Minister for European Affairs,Foreign Affairs,Thierry Repentin,PS
Ayrault government,Minister for Seniors and Dependents,Social Affairs and Health,Michèle Delaunay,PS
Ayrault government,"Minister for Social Economy, Solidarity and Consumption",Economy and Finances,Benoît Hamon,PS
Ayrault government,Minister for Development,Foreign Affairs,Pascal Canfin,EELV
Ayrault government,Minister for Vocational Training and Apprenticeships,"Labour, Employment, Vocational Training and Social Dialogue",Thierry Repentin,PS
Ayrault government,Minister for Francophones,Foreign Affairs,Yamina Benguigui,PS
Ayrault government,"Minister for Transport, the Sea and Fisheries","Ecology, Sustainable Development and Energy",Frédéric Cuvillier,PS
Ayrault government,Minister for Decentralisation,"State Reform, Decentralisation and Public Service",Anne-Marie Escoffier,PRG
Ayrault government,Minister for Food,"Agriculture, Food and Forestry",Guillaume Garot,PS
Ayrault government,Minister for French Expatriates,Foreign Affairs,Hélène Conway-Mouret,PS
