0,1,2,3,4
Golden Globe Award for Best Actor – Motion Picture Musical or Comedy,1990,Gérard Depardieu,Georges Fauré,Green Card
Golden Globe Award for Best Actor – Motion Picture Musical or Comedy,1990,Macaulay Culkin,Kevin McCallister,Home Alone
Golden Globe Award for Best Actor – Motion Picture Musical or Comedy,1990,Johnny Depp,Edward Scissorhands,Edward Scissorhands
Golden Globe Award for Best Actor – Motion Picture Musical or Comedy,1990,Richard Gere,Edward Lewis,Pretty Woman
Golden Globe Award for Best Actor – Motion Picture Musical or Comedy,1990,Patrick Swayze,Sam Wheat,Ghost
Golden Globe Award for Best Actor – Motion Picture Musical or Comedy,1991,Jeff Bridges,Jack Lucas,The Fisher King
Golden Globe Award for Best Actor – Motion Picture Musical or Comedy,1991,Billy Crystal,Mitch Robbins,City Slickers
Golden Globe Award for Best Actor – Motion Picture Musical or Comedy,1991,Dustin Hoffman,Captain Hook,Hook
Golden Globe Award for Best Actor – Motion Picture Musical or Comedy,1991,Kevin Kline,Jeffrey Anderson / Rod Randall,Soapdish
Golden Globe Award for Best Actor – Motion Picture Musical or Comedy,1992,Nicolas Cage,Jack Singer,Honeymoon in Vegas
Golden Globe Award for Best Actor – Motion Picture Musical or Comedy,1992,Billy Crystal,Buddy Young Jr.,Mr. Saturday Night
Golden Globe Award for Best Actor – Motion Picture Musical or Comedy,1992,Marcello Mastroianni,Joe Meledandri,Used People
Golden Globe Award for Best Actor – Motion Picture Musical or Comedy,1992,Tim Robbins,Bob Roberts,Bob Roberts
Golden Globe Award for Best Actor – Motion Picture Musical or Comedy,1993,Johnny Depp,Sam,Benny & Joon
Golden Globe Award for Best Actor – Motion Picture Musical or Comedy,1993,Tom Hanks,Sam Baldwin,Sleepless in Seattle
Golden Globe Award for Best Actor – Motion Picture Musical or Comedy,1993,Kevin Kline,Dave Kovic / Bill Mitchell,Dave
Golden Globe Award for Best Actor – Motion Picture Musical or Comedy,1993,Colm Meaney,Dessie Curley,The Snapper
Golden Globe Award for Best Actor – Motion Picture Musical or Comedy,1994,Jim Carrey,Stanley Ipkiss / The Mask,The Mask
Golden Globe Award for Best Actor – Motion Picture Musical or Comedy,1994,Johnny Depp,Ed Wood,Ed Wood
Golden Globe Award for Best Actor – Motion Picture Musical or Comedy,1994,Arnold Schwarzenegger,Alex Hesse,Junior
Golden Globe Award for Best Actor – Motion Picture Musical or Comedy,1994,Terence Stamp,Ralph / Bernadette Bassenger,"The Adventures of Priscilla, Queen of the Desert"
Golden Globe Award for Best Actor – Motion Picture Musical or Comedy,1995,Michael Douglas,Andrew Shepherd,The American President
Golden Globe Award for Best Actor – Motion Picture Musical or Comedy,1995,Harrison Ford,Linus Larrabee,Sabrina
Golden Globe Award for Best Actor – Motion Picture Musical or Comedy,1995,Steve Martin,George Banks,Father of the Bride Part II
Golden Globe Award for Best Actor – Motion Picture Musical or Comedy,1995,Patrick Swayze,Vida Boheme,"To Wong Foo, Thanks for Everything! Julie Newmar"
Golden Globe Award for Best Actor – Motion Picture Musical or Comedy,1996,Antonio Banderas,Ché,Evita
Golden Globe Award for Best Actor – Motion Picture Musical or Comedy,1996,Kevin Costner,"Roy ""Tin Cup"" McAvoy",Tin Cup
Golden Globe Award for Best Actor – Motion Picture Musical or Comedy,1996,Nathan Lane,Albert Goldman,The Birdcage
Golden Globe Award for Best Actor – Motion Picture Musical or Comedy,1996,Eddie Murphy,Professor Sherman Klump / Buddy Love / Papa Klump / Mama Klump / Granny Klump / Ernie Klump / Lance Perkins,The Nutty Professor
Golden Globe Award for Best Actor – Motion Picture Musical or Comedy,1997,Jim Carrey,Fletcher Reed,Liar Liar
Golden Globe Award for Best Actor – Motion Picture Musical or Comedy,1997,Dustin Hoffman,Stanley Motss,Wag the Dog
Golden Globe Award for Best Actor – Motion Picture Musical or Comedy,1997,Samuel L. Jackson,Ordell Robbie,Jackie Brown
Golden Globe Award for Best Actor – Motion Picture Musical or Comedy,1997,Kevin Kline,Howard Brackett,In & Out
Golden Globe Award for Best Actor – Motion Picture Musical or Comedy,1998,Antonio Banderas,Alejandro Murrieta / Zorro,The Mask of Zorro
Golden Globe Award for Best Actor – Motion Picture Musical or Comedy,1998,Warren Beatty,Senator Jay Billington Bulworth,Bulworth
Golden Globe Award for Best Actor – Motion Picture Musical or Comedy,1998,John Travolta,Governor Jack Stanton,Primary Colors
Golden Globe Award for Best Actor – Motion Picture Musical or Comedy,1998,Robin Williams,"Dr. Hunter ""Patch"" Adams",Patch Adams
Golden Globe Award for Best Actor – Motion Picture Musical or Comedy,1999,Robert De Niro,Paul Vitti,Analyze This
Golden Globe Award for Best Actor – Motion Picture Musical or Comedy,1999,Rupert Everett,Lord Arthur Goring,An Ideal Husband
Golden Globe Award for Best Actor – Motion Picture Musical or Comedy,1999,Hugh Grant,"William ""Will"" Thacker",Notting Hill
Golden Globe Award for Best Actor – Motion Picture Musical or Comedy,1999,Sean Penn,Emmet Ray,Sweet and Lowdown
