0,1,2,3
Orkney and Shetland (UK Parliament constituency),1707,Sir Alexander Douglas,
Orkney and Shetland (UK Parliament constituency),1713,George Douglas,
Orkney and Shetland (UK Parliament constituency),1715,James Moodie,
Orkney and Shetland (UK Parliament constituency),1722,George Douglas,
Orkney and Shetland (UK Parliament constituency),1730 by-election,Robert Douglas,
Orkney and Shetland (UK Parliament constituency),1747,James Halyburton,
Orkney and Shetland (UK Parliament constituency),1754,James Douglas,
Orkney and Shetland (UK Parliament constituency),1768,Thomas Dundas I,
Orkney and Shetland (UK Parliament constituency),1771 by-election,Thomas Dundas II,
Orkney and Shetland (UK Parliament constituency),1780,Robert Baikie,
Orkney and Shetland (UK Parliament constituency),1781,Charles Dundas,
Orkney and Shetland (UK Parliament constituency),1784,Thomas Dundas II,
Orkney and Shetland (UK Parliament constituency),1790,John Balfour,Tory
Orkney and Shetland (UK Parliament constituency),1796,Capt. Robert Honyman I,
Orkney and Shetland (UK Parliament constituency),1806,Col. Robert Honyman II,
Orkney and Shetland (UK Parliament constituency),1807,Malcolm Laing,Whig
Orkney and Shetland (UK Parliament constituency),1812,Richard Honyman,Whig
Orkney and Shetland (UK Parliament constituency),1830,George Traill,Whig
Orkney and Shetland (UK Parliament constituency),1837,Frederick Dundas,Whig
Orkney and Shetland (UK Parliament constituency),1873 by-election,Samuel Laing,Liberal
Orkney and Shetland (UK Parliament constituency),1885,Leonard Lyell,Liberal
Orkney and Shetland (UK Parliament constituency),1983,Jim Wallace,Liberal
Orkney and Shetland (UK Parliament constituency),1992,Jim Wallace,Liberal Democrat
