0,1,2,3,4
AACTA Award for Best Actor in a Supporting Role,1976,Jonathan Hardy,The Devil's Playground,Brother Arnold
AACTA Award for Best Actor in a Supporting Role,1976,Thomas Keneally,The Devil's Playground,Father Marshall
AACTA Award for Best Actor in a Supporting Role,1976,Tony Llewellyn-Jones,Picnic at Hanging Rock,Tom
AACTA Award for Best Actor in a Supporting Role,1977,John Ewart,Let the Balloon Go,Constable Baird
AACTA Award for Best Actor in a Supporting Role,1977,Bill Hunter,Mad Dog Morgan,Sergeant Smith
AACTA Award for Best Actor in a Supporting Role,1977,Christopher Pate,Raw Deal,Dick
AACTA Award for Best Actor in a Supporting Role,1978,Peter Carroll,The Chant of Jimmie Blacksmith,McCready
AACTA Award for Best Actor in a Supporting Role,1978,Don Crosby,Newsfront,A.G. Marwood
AACTA Award for Best Actor in a Supporting Role,1978,Chris Haywood,Newsfront,Chris Hewitt
AACTA Award for Best Actor in a Supporting Role,1979,Michael Duffield,The Last of the Knucklemen,Methuselah
AACTA Award for Best Actor in a Supporting Role,1979,Robert Grubb,My Brilliant Career,Frank Hawdon
AACTA Award for Best Actor in a Supporting Role,1979,Hugh Keays-Byrne,Mad Max,Toecutter
AACTA Award for Best Actor in a Supporting Role,1980,Lewis Fitz-Gerald,Breaker Morant,Lt. George Ramsdale Witton
AACTA Award for Best Actor in a Supporting Role,1980,Dennis Miller,Stir,Redford
AACTA Award for Best Actor in a Supporting Role,1980,Charles 'Bud' Tingwell,Breaker Morant,Lt. Col. Denny
AACTA Award for Best Actor in a Supporting Role,1981,Max Cullen,Hoodwink,Buster
AACTA Award for Best Actor in a Supporting Role,1981,Harold Hopkins,The Club,Danny Rowe
AACTA Award for Best Actor in a Supporting Role,1981,Bill Kerr,Gallipoli,Redford
AACTA Award for Best Actor in a Supporting Role,1982,David Argue,Going Down,Greg / Trixie
AACTA Award for Best Actor in a Supporting Role,1982,John Bell,Far East,Peter Reeves
AACTA Award for Best Actor in a Supporting Role,1982,Garry McDonald,The Pirate Movie,Sergeant / Inspector
AACTA Award for Best Actor in a Supporting Role,1983,John Hargreaves,"Careful, He Might Hear You",Logan
AACTA Award for Best Actor in a Supporting Role,1983,Simon Chilvers,Buddies,Alfred
AACTA Award for Best Actor in a Supporting Role,1983,John Meillon,The Wild Duck,Old Ackland
AACTA Award for Best Actor in a Supporting Role,1983,Martin Vaughan,The Winds of Jarrah,Ben
AACTA Award for Best Actor in a Supporting Role,1984,David Argue,BMX Bandits,Whitey
AACTA Award for Best Actor in a Supporting Role,1984,Steve Bisley,Fast Talking,Redback
AACTA Award for Best Actor in a Supporting Role,1984,Peter Hehir,Fast Talking,Ralph Carson
AACTA Award for Best Actor in a Supporting Role,1985,Nique Needles,The Boy Who Had Everything,Graham Cummerford
AACTA Award for Best Actor in a Supporting Role,1985,Bryan Brown,Rebel,Tiger
AACTA Award for Best Actor in a Supporting Role,1985,Jon Ewing,Bliss,Aldo
AACTA Award for Best Actor in a Supporting Role,1985,Mark Little,An Indecent Obsession,Benedict Maynard
AACTA Award for Best Actor in a Supporting Role,1986,Maurie Fields,Death of a Soldier,Det. Sgt. Martin
AACTA Award for Best Actor in a Supporting Role,1986,Mark Little,Short Changed,Curly
AACTA Award for Best Actor in a Supporting Role,1986,John Walton,Kangaroo,Jack Calcott
AACTA Award for Best Actor in a Supporting Role,1987,Donald Pleasence,Ground Zero,Prosper Gaffney
AACTA Award for Best Actor in a Supporting Role,1987,Bobby Smith,Initiation,Kulu
AACTA Award for Best Actor in a Supporting Role,1987,Steven Vidler,The Umbrella Woman,Sugar Hills
AACTA Award for Best Actor in a Supporting Role,1988,Bruno Lawrence,Grievous Bodily Harm,Mick
AACTA Award for Best Actor in a Supporting Role,1988,Paul Livingston,The Navigator: A Medieval Odyssey,Martin
AACTA Award for Best Actor in a Supporting Role,1988,John Meillon,The Everlasting Secret Family,Judge
AACTA Award for Best Actor in a Supporting Role,1989,John Darling,Sweetie,Gordon
AACTA Award for Best Actor in a Supporting Role,1989,Kym Gyngell,Heaven Tonight,Martin
AACTA Award for Best Actor in a Supporting Role,1989,Bogdan Koca,Ghosts… of the Civil Dead,Waychek
AACTA Award for Best Actor in a Supporting Role,1990,John Polson,Blood Oath,Pvt. Jimmy Fenton
AACTA Award for Best Actor in a Supporting Role,1990,Bartholomew Rose,Flirting,'Gilby' Fryer
AACTA Award for Best Actor in a Supporting Role,1990,Toshi Shioya,Blood Oath,Lt. Tanaka
AACTA Award for Best Actor in a Supporting Role,1991,Chris Haywood,Aya,Mac
AACTA Award for Best Actor in a Supporting Role,1991,Alwyn Kurts,Spotswood,Mr. Ball
AACTA Award for Best Actor in a Supporting Role,1991,John Moore,Deadly,Eddie
AACTA Award for Best Actor in a Supporting Role,1992,Bill Hunter,The Last Days of Chez Nous,Beth's Father
AACTA Award for Best Actor in a Supporting Role,1992,Daniel Pollock,Romper Stomper,Davey
AACTA Award for Best Actor in a Supporting Role,1992,August Schellenberg,Black Robe,Chomina
AACTA Award for Best Actor in a Supporting Role,1993,Nico Lathouris,The Heartbreak Kid,George
AACTA Award for Best Actor in a Supporting Role,1993,Sam Neill,The Piano,Alisdair Stewart
AACTA Award for Best Actor in a Supporting Role,1993,Barry Otto,The Custodian,Ferguson
AACTA Award for Best Actor in a Supporting Role,1994,Bill Hunter,Muriel's Wedding,Bill Heslop
AACTA Award for Best Actor in a Supporting Role,1994,Kiet Lam,Traps,Tuan
AACTA Award for Best Actor in a Supporting Role,1994,John Polson,The Sum of Us,Greg
AACTA Award for Best Actor in a Supporting Role,1995,Ben Mendelsohn,Metal Skin,Dazey
AACTA Award for Best Actor in a Supporting Role,1995,Noah Taylor,Dad and Dave: On Our Selection,Joe Rudd
AACTA Award for Best Actor in a Supporting Role,1995,Ben Thomas,Hotel Sorrento,Troy Moynihan
AACTA Award for Best Actor in a Supporting Role,1996,Ray Barrett,Brilliant Lies,Brian Connor
AACTA Award for Best Actor in a Supporting Role,1996,Robert Morgan,Life,Snakey
AACTA Award for Best Actor in a Supporting Role,1996,Barry Otto,Cosi,Roy
AACTA Award for Best Actor in a Supporting Role,1997,Chris Haywood,Kiss or Kill,Detective Inspector Hummer
AACTA Award for Best Actor in a Supporting Role,1997,Simon Lyndon,Blackrock,Ricko
AACTA Award for Best Actor in a Supporting Role,1997,Charles 'Bud' Tingwell,The Castle,Lawrence Hammill QC
AACTA Award for Best Actor in a Supporting Role,1998,Paul Capsis,Head On,Johnny/Tula
AACTA Award for Best Actor in a Supporting Role,1998,Anthony Hayes,The Boys,Stevie Sprague
AACTA Award for Best Actor in a Supporting Role,1998,Geoffrey Rush,A Little Bit of Soul,Godfrey Usher
AACTA Award for Best Actor in a Supporting Role,1999,Roy Billing,Siam Sunset,Bill Leach
AACTA Award for Best Actor in a Supporting Role,1999,Mitchell Butel,Strange Fits of Passion,Jimmy
AACTA Award for Best Actor in a Supporting Role,1999,Andrew S. Gilbert,Paperback Hero,Hamish
AACTA Award for Best Actor in a Supporting Role,2000,Martin Henderson,Kick,Tom Bradshaw
AACTA Award for Best Actor in a Supporting Role,2000,Sam Neill,My Mother Frank,Professor Mortlock
AACTA Award for Best Actor in a Supporting Role,2000,Terry Norris,Innocence,John
AACTA Award for Best Actor in a Supporting Role,2001,Alex Dimitriades,La Spagnola,Stefano
AACTA Award for Best Actor in a Supporting Role,2001,Andrew S. Gilbert,Mullet,Peter Maloney
AACTA Award for Best Actor in a Supporting Role,2001,Richard Roxburgh,Moulin Rouge!,The Duke of Monroth
AACTA Award for Best Actor in a Supporting Role,2002,Luke Carroll,Australian Rules,Dumby Red
AACTA Award for Best Actor in a Supporting Role,2002,Joel Edgerton,The Hard Word,Shane Twentyman
AACTA Award for Best Actor in a Supporting Role,2002,David Gulpilil,Rabbit-Proof Fence,Moodoo the Tracker
AACTA Award for Best Actor in a Supporting Role,2003,Orlando Bloom,Ned Kelly,Joe Byrne
AACTA Award for Best Actor in a Supporting Role,2003,Tony Bonner,Liquid Bridge,Bob McCallum
AACTA Award for Best Actor in a Supporting Role,2003,Mitchell Butel,Gettin' Square,Con Katsakis
AACTA Award for Best Actor in a Supporting Role,2003,David Field,Gettin' Square,Arnie DeViers
AACTA Award for Best Actor in a Supporting Role,2004,Nathaniel Dean,Somersault,Stuart
AACTA Award for Best Actor in a Supporting Role,2004,Dan Spielman,Tom White,Matt
AACTA Award for Best Actor in a Supporting Role,2004,Hugo Weaving,The Old Man Who Read Love Stories,Rubicondo the dentist
AACTA Award for Best Actor in a Supporting Role,2005,Anthony Hayes,Look Both Ways,Andy Walker
AACTA Award for Best Actor in a Supporting Role,2005,Martin Henderson,Little Fish,Ray Heart
AACTA Award for Best Actor in a Supporting Role,2005,John Hurt,The Proposition,Jellon Lamb
AACTA Award for Best Actor in a Supporting Role,2005,Robert Menzies,Three Dollars,Nick
AACTA Award for Best Actor in a Supporting Role,2006,Tom Budge,Last Train to Freo,Trev
AACTA Award for Best Actor in a Supporting Role,2006,Ronald Jacobson,Kenny,Bill Smyth
AACTA Award for Best Actor in a Supporting Role,2006,Geoffrey Rush,Candy,Casper
AACTA Award for Best Actor in a Supporting Role,2007,Marton Csokas,"Romulus, My Father",Hora
AACTA Award for Best Actor in a Supporting Role,2007,Russell Dykstra,"Romulus, My Father",Mitru
AACTA Award for Best Actor in a Supporting Role,2007,Frankie J. Holden,Clubland,John Maitland
AACTA Award for Best Actor in a Supporting Role,2007,Richard Wilson,Clubland,Mark
AACTA Award for Best Actor in a Supporting Role,2008,Joel Edgerton,The Square,Billy
AACTA Award for Best Actor in a Supporting Role,2008,Anthony Hayes,The Square,"Greg ""Smithy"" Smith"
AACTA Award for Best Actor in a Supporting Role,2008,Erik Thomson,The Black Balloon,Simon Mollison
AACTA Award for Best Actor in a Supporting Role,2009,Bryan Brown,Beautiful Kate,Bruce Kendall
AACTA Award for Best Actor in a Supporting Role,2009,Damon Gameau,Balibo,Greg Shackleton
AACTA Award for Best Actor in a Supporting Role,2009,Brandon Walters,Australia,Nullah
AACTA Award for Best Actor in a Supporting Role,2010,Guy Pearce,Animal Kingdom,Nathan Leckie
AACTA Award for Best Actor in a Supporting Role,2010,Kodi Smit-McPhee,Matching Jack,Finn
AACTA Award for Best Actor in a Supporting Role,2010,Sullivan Stapleton,Animal Kingdom,Craig Cody
AACTA Award for Best Actor in a Supporting Role,2011(1st),John Gaden,The Eye of the Storm,Arnold Wyburd
AACTA Award for Best Actor in a Supporting Role,2011(1st),Sam Neill,The Hunter,Jack Mindy
AACTA Award for Best Actor in a Supporting Role,2011(1st),Robert Rabiah,Face to Face,Hakim Slimon
AACTA Award for Best Actor in a Supporting Role,2012(2nd),Ryan Corr,Not Suitable for Children,Gus
AACTA Award for Best Actor in a Supporting Role,2012(2nd),Liev Schreiber,Mental,Trevor Blundell
AACTA Award for Best Actor in a Supporting Role,2012(2nd),Gary Waddell,The King is Dead,King
AACTA Award for Best Actor in a Supporting Role,2013(3rd),Marton Csokas,Dead Europe,Nico
AACTA Award for Best Actor in a Supporting Role,2013(3rd),Suthep Po-ngam,The Rocket,Purple
AACTA Award for Best Actor in a Supporting Role,2013(3rd),Angus Sampson,100 Bloody Acres,Lindsay Morgan
AACTA Award for Best Actor in a Supporting Role,2014(4th),Yılmaz Erdoğan,The Water Diviner,Major Hasan
AACTA Award for Best Actor in a Supporting Role,2014(4th),Patrick Brammall,The Little Death,Richard
AACTA Award for Best Actor in a Supporting Role,2014(4th),Robert Pattinson,The Rover,Reynolds
AACTA Award for Best Actor in a Supporting Role,2014(4th),T.J. Power,The Little Death,Sam
AACTA Award for Best Actor in a Supporting Role,2015(5th),Hugo Weaving,The Dressmaker,Sergeant Farrat
AACTA Award for Best Actor in a Supporting Role,2015(5th),Mark Coles Smith,Last Cab to Darwin,Tilly
AACTA Award for Best Actor in a Supporting Role,2015(5th),Alex Dimitriades,Ruben Guthrie,Damian
AACTA Award for Best Actor in a Supporting Role,2015(5th),Anthony LaPaglia,Holding the Man,Bob Caleo
AACTA Award for Best Actor in a Supporting Role,2016(6th),Hugo Weaving,Hacksaw Ridge,Tom Doss
AACTA Award for Best Actor in a Supporting Role,2016(6th),Mark Coles Smith,Pawno,Pauly
AACTA Award for Best Actor in a Supporting Role,2016(6th),Damon Herriman,Down Under,Jason
AACTA Award for Best Actor in a Supporting Role,2016(6th),Sam Neill,The Daughter,Walter
AACTA Award for Best Actor in a Supporting Role,2017(7th),Dev Patel,Lion,Saroo Brierley
AACTA Award for Best Actor in a Supporting Role,2017(7th),Don Hany,Ali's Wedding,Mehdi
AACTA Award for Best Actor in a Supporting Role,2017(7th),Jack Thompson,Don't Tell,Bob Myers
AACTA Award for Best Actor in a Supporting Role,2017(7th),Hugo Weaving,Jasper Jones,Mad Jack Lionel
AACTA Award for Best Actor in a Supporting Role,2018(8th),Simon Baker,Breath,Sando
AACTA Award for Best Actor in a Supporting Role,2018(8th),Fayssal Bazzi,The Merger,Sayyid
AACTA Award for Best Actor in a Supporting Role,2018(8th),Russell Crowe,Boy Erased,Marshall Eamons
AACTA Award for Best Actor in a Supporting Role,2018(8th),Joel Edgerton,Boy Erased,Victor Sykes
AACTA Award for Best Actor in a Supporting Role,2018(8th),Josh McConville,1%,Skink
AACTA Award for Best Actor in a Supporting Role,2019(9th),Joel Edgerton,The King,Fastolf
AACTA Award for Best Actor in a Supporting Role,2019(9th),Damon Herriman,The Nightingale,Ruse
AACTA Award for Best Actor in a Supporting Role,2019(9th),Andrew Luri,Hearts and Bones,Sebastian Ahmed
AACTA Award for Best Actor in a Supporting Role,2019(9th),Ben Mendelsohn,The King,King Henry IV
AACTA Award for Best Actor in a Supporting Role,2019(9th),Michael Sheasby,The Nightingale,Aidan Carroll
AACTA Award for Best Actor in a Supporting Role,2020(10th),Ben Mendelsohn,Babyteeth,Henry Finlay
AACTA Award for Best Actor in a Supporting Role,2020(10th),Fayssal Bazzi,Measure for Measure,Farouk
AACTA Award for Best Actor in a Supporting Role,2020(10th),Russell Crowe,True History of the Kelly Gang,Harry Power
AACTA Award for Best Actor in a Supporting Role,2020(10th),Aaron Jeffery,The Flood,William 'Minto' Minton
AACTA Award for Best Actor in a Supporting Role,2020(10th),Wesley Patten,H is for Happiness,Douglas Benson
AACTA Award for Best Actor in a Supporting Role,2021(11th),Anthony LaPaglia,Nitram,Nitram’s father
AACTA Award for Best Actor in a Supporting Role,2021(11th),Michael Caton,Rams,Les
AACTA Award for Best Actor in a Supporting Role,2021(11th),Baykali Ganambarr,The Furnace,Woorak
AACTA Award for Best Actor in a Supporting Role,2021(11th),Sean Mununggurr,High Ground,Baywara
AACTA Award for Best Actor in a Supporting Role,2021(11th),Jack Thompson,High Ground,Moran
AACTA Award for Best Actor in a Supporting Role,2022(12th),Sean Harris,The Stranger,Henry Teague
AACTA Award for Best Actor in a Supporting Role,2022(12th),Simon Baker,Blaze,Luke
AACTA Award for Best Actor in a Supporting Role,2022(12th),Jemaine Clement,Nude Tuesday,Bjorg Rasmussen
AACTA Award for Best Actor in a Supporting Role,2022(12th),Malachi Dower-Roberts,The Drover's Wife: The Legend of Molly Johnson,Danny Johnson
AACTA Award for Best Actor in a Supporting Role,2022(12th),Tom Hanks,Elvis,Colonel Tom Parker
