0,1,2,3,4
Zhang Yìmóu,1989,Codename Cougar,代号美洲豹,(co-director)
Zhang Yìmóu,1990,Ju Dou,菊豆,Golden Spike  Chinese submission for the Academy Award for Best Foreign Language Film (Nominated)(co-director)
Zhang Yìmóu,1995,Shanghai Triad,摇啊摇，摇到外婆桥,Golden Globe Award for Best Foreign Language Film (Nominated)National Board of Review Award for Best Foreign Language FilmTechnical Grand Prize
Zhang Yìmóu,1995,Zhang Yimou,—,"Segment of the anthology, Lumière and Company"
Zhang Yìmóu,1997,Keep Cool,有话好好说,
Zhang Yìmóu,2000,Happy Times,幸福时光,
Zhang Yìmóu,2002,Hero,英雄,Chinese submission for the Academy Award for Best Foreign Language Film (Nominated)
Zhang Yìmóu,2004,House of Flying Daggers,十面埋伏,Chinese submission for the Academy Award for Best Foreign Language Film (Not Nominated)BAFTA Award for Best Foreign Language Film (Nominated)Golden Globe Award for Best Foreign Language Film  (Nominated)National Society of Film Critics Award for Best Director
Zhang Yìmóu,2005,Riding Alone for Thousands of Miles,千里走单骑,
Zhang Yìmóu,2006,Curse of the Golden Flower,满城尽带黄金甲,Chinese submission for the Academy Award for Best Foreign Language Film (Not Nominated)
Zhang Yìmóu,2007,Movie Night,—,"Segment of the anthology, To Each His Cinema"
Zhang Yìmóu,2009,"A Woman, a Gun and a Noodle Shop",三枪拍案惊奇,
Zhang Yìmóu,2010,Under the Hawthorn Tree,山楂树之恋,
Zhang Yìmóu,2011,The Flowers of War,金陵十三钗,Chinese submission for the Academy Award for Best Foreign Language Film (Not Nominated)Golden Globe Award for Best Foreign Language Film  (Nominated)
Zhang Yìmóu,2014,Coming Home,归来,
Zhang Yìmóu,2016,The Great Wall,长城,None
Zhang Yìmóu,2018,Shadow,影,Golden Horse (Best Director)
Zhang Yìmóu,2020,One Second,一秒钟,Asian Film Award (Best Director)
Zhang Yìmóu,2021,Cliff Walkers,悬崖之上,Chinese submission for the Academy Award for Best Foreign Language Film (Not Nominated)
Zhang Yìmóu,2022,Sniper,狙击手,(co-director)
Zhang Yìmóu,2023,Full River Red,满江红,
Zhang Yìmóu,TBA,Under the Light,坚如磐石,
