0,1,2,3
List of nominees for the Academy Award for Best Supporting Actress (by film title),Eileen Brennan,Doreen Lewis,Private Benjamin
List of nominees for the Academy Award for Best Supporting Actress (by film title),Eva Le Gallienne,Pearl,Resurrection
List of nominees for the Academy Award for Best Supporting Actress (by film title),Cathy Moriarty,Vikki LaMotta,Raging Bull
List of nominees for the Academy Award for Best Supporting Actress (by film title),Diana Scarwid,Louise,Inside Moves
List of nominees for the Academy Award for Best Supporting Actress (by film title),Melinda Dillon,Teresa Perrone,Absence of Malice
List of nominees for the Academy Award for Best Supporting Actress (by film title),Jane Fonda,Chelsea Thayer Wayne,On Golden Pond
List of nominees for the Academy Award for Best Supporting Actress (by film title),Joan Hackett,Toby Landau,Only When I Laugh
List of nominees for the Academy Award for Best Supporting Actress (by film title),Elizabeth McGovern,Evelyn Nesbit,Ragtime
List of nominees for the Academy Award for Best Supporting Actress (by film title),Glenn Close,Jenny Fields,The World According to Garp
List of nominees for the Academy Award for Best Supporting Actress (by film title),Teri Garr,Sandy Lester,Tootsie
List of nominees for the Academy Award for Best Supporting Actress (by film title),Kim Stanley,Lillian Farmer,Frances
List of nominees for the Academy Award for Best Supporting Actress (by film title),Lesley Ann Warren,Norma Cassidy,Victor/Victoria
List of nominees for the Academy Award for Best Supporting Actress (by film title),Cher,Dolly Pelliker,Silkwood
List of nominees for the Academy Award for Best Supporting Actress (by film title),Glenn Close,Sarah Cooper,The Big Chill
List of nominees for the Academy Award for Best Supporting Actress (by film title),Amy Irving,Hadass Vishkower,Yentl
List of nominees for the Academy Award for Best Supporting Actress (by film title),Alfre Woodard,"Beatrice ""Geechee""",Cross Creek
List of nominees for the Academy Award for Best Supporting Actress (by film title),Glenn Close,Iris Gaines,The Natural
List of nominees for the Academy Award for Best Supporting Actress (by film title),Lindsay Crouse,Margaret Lomax,Places in the Heart
List of nominees for the Academy Award for Best Supporting Actress (by film title),Christine Lahti,Hazel Zanussi,Swing Shift
List of nominees for the Academy Award for Best Supporting Actress (by film title),Geraldine Page,Mrs. Ritter,The Pope of Greenwich Village
List of nominees for the Academy Award for Best Supporting Actress (by film title),Margaret Avery,Shug Avery,The Color Purple
List of nominees for the Academy Award for Best Supporting Actress (by film title),Amy Madigan,Sunny MacKenzie-Sobel,Twice in a Lifetime
List of nominees for the Academy Award for Best Supporting Actress (by film title),Meg Tilly,Sister Agnes Devereaux,Agnes of God
List of nominees for the Academy Award for Best Supporting Actress (by film title),Oprah Winfrey,Sofia Johnson,The Color Purple
List of nominees for the Academy Award for Best Supporting Actress (by film title),Tess Harper,Chick Boyle,Crimes of the Heart
List of nominees for the Academy Award for Best Supporting Actress (by film title),Piper Laurie,Mrs. Norman,Children of a Lesser God
List of nominees for the Academy Award for Best Supporting Actress (by film title),Mary Elizabeth Mastrantonio,Carmen,The Color of Money
List of nominees for the Academy Award for Best Supporting Actress (by film title),Maggie Smith,Charlotte Bartlett,A Room with a View
List of nominees for the Academy Award for Best Supporting Actress (by film title),Norma Aleandro,Florencia Sánchez Morales,Gaby: A True Story
List of nominees for the Academy Award for Best Supporting Actress (by film title),Anne Archer,Beth Rogerson-Gallagher,Fatal Attraction
List of nominees for the Academy Award for Best Supporting Actress (by film title),Anne Ramsey,Momma Lift,Throw Momma from the Train
List of nominees for the Academy Award for Best Supporting Actress (by film title),Ann Sothern,Letitia Benson-Doughty,The Whales of August
List of nominees for the Academy Award for Best Supporting Actress (by film title),Joan Cusack,Cynthia,Working Girl
List of nominees for the Academy Award for Best Supporting Actress (by film title),Michelle Pfeiffer,Madame Marie de Tourvel,Dangerous Liaisons
List of nominees for the Academy Award for Best Supporting Actress (by film title),Frances McDormand,Mrs. Pell,Mississippi Burning
List of nominees for the Academy Award for Best Supporting Actress (by film title),Sigourney Weaver,Katharine Parker,Working Girl
List of nominees for the Academy Award for Best Supporting Actress (by film title),Anjelica Huston,Tamara Broder,"Enemies, A Love Story"
List of nominees for the Academy Award for Best Supporting Actress (by film title),Lena Olin,Masha Bloch,"Enemies, A Love Story"
List of nominees for the Academy Award for Best Supporting Actress (by film title),Julia Roberts,Shelby Eatenton-Latcherie,Steel Magnolias
List of nominees for the Academy Award for Best Supporting Actress (by film title),Dianne Wiest,Helen Buckman,Parenthood
