0,1,2,3,4,5,6,7
2014 6 Hours of Bahrain,LMP1-H,2, Audi Sport Team Joest, André Lotterer Marcel Fässler Benoît Tréluyer,Audi R18 e-tron quattro,M,194
2014 6 Hours of Bahrain,LMP1-H,2, Audi Sport Team Joest, André Lotterer Marcel Fässler Benoît Tréluyer,Audi TDI 4.0 L Turbo V6(Diesel),M,194
2014 6 Hours of Bahrain,LMP2,37, SMP Racing, Kirill Ladygin Anton Ladygin Viktor Shaitar,Oreca 03R,M,178
2014 6 Hours of Bahrain,LMP2,37, SMP Racing, Kirill Ladygin Anton Ladygin Viktor Shaitar,Nissan VK45DE 4.5 L V8,M,178
2014 6 Hours of Bahrain,LMP2,35, OAK Racing, Mark Patterson David Cheng Keiko Ihara,Morgan LMP2,D,178
2014 6 Hours of Bahrain,LMP2,35, OAK Racing, Mark Patterson David Cheng Keiko Ihara,Judd HK 3.6 L V8,D,178
2014 6 Hours of Bahrain,LMP1-H,8, Toyota Racing, Anthony Davidson Sébastien Buemi,Toyota TS040 Hybrid,M,177
2014 6 Hours of Bahrain,LMP1-H,8, Toyota Racing, Anthony Davidson Sébastien Buemi,Toyota 3.7 L V8,M,177
2014 6 Hours of Bahrain,LMP2,26, G-Drive Racing, Roman Rusinov Olivier Pla Julien Canal,Ligier JS P2,D,177
2014 6 Hours of Bahrain,LMP2,26, G-Drive Racing, Roman Rusinov Olivier Pla Julien Canal,Nissan VK45DE 4.5 L V8,D,177
2014 6 Hours of Bahrain,LMGTEPro,51, AF Corse, Gianmaria Bruni Toni Vilander,Ferrari 458 Italia GT2,M,173
2014 6 Hours of Bahrain,LMGTEPro,51, AF Corse, Gianmaria Bruni Toni Vilander,Ferrari 4.5 L V8,M,173
2014 6 Hours of Bahrain,LMGTEPro,97, Aston Martin Racing, Darren Turner Stefan Mücke,Aston Martin V8 Vantage GTE,M,173
2014 6 Hours of Bahrain,LMGTEPro,97, Aston Martin Racing, Darren Turner Stefan Mücke,Aston Martin 4.5 L V8,M,173
2014 6 Hours of Bahrain,LMGTEPro,71, AF Corse, Davide Rigon James Calado,Ferrari 458 Italia GT2,M,173
2014 6 Hours of Bahrain,LMGTEPro,71, AF Corse, Davide Rigon James Calado,Ferrari 4.5 L V8,M,173
2014 6 Hours of Bahrain,LMGTEPro,91, Porsche Team Manthey, Jörg Bergmeister Richard Lietz,Porsche 911 RSR,M,173
2014 6 Hours of Bahrain,LMGTEPro,91, Porsche Team Manthey, Jörg Bergmeister Richard Lietz,Porsche 4.0 L Flat-6,M,173
2014 6 Hours of Bahrain,LMGTEPro,92, Porsche Team Manthey, Patrick Pilet Frédéric Makowiecki,Porsche 911 RSR,M,172
2014 6 Hours of Bahrain,LMGTEPro,92, Porsche Team Manthey, Patrick Pilet Frédéric Makowiecki,Porsche 4.0 L Flat-6,M,172
2014 6 Hours of Bahrain,LMGTEAm,95, Aston Martin Racing, David Heinemeier Hansson Kristian Poulsen Nicki Thiim,Aston Martin V8 Vantage GTE,M,172
2014 6 Hours of Bahrain,LMGTEAm,95, Aston Martin Racing, David Heinemeier Hansson Kristian Poulsen Nicki Thiim,Aston Martin 4.5 L V8,M,172
2014 6 Hours of Bahrain,LMGTEAm,81, AF Corse, Stephen Wyatt Michele Rugolo Andrea Bertolini,Ferrari 458 Italia GT2,M,171
2014 6 Hours of Bahrain,LMGTEAm,81, AF Corse, Stephen Wyatt Michele Rugolo Andrea Bertolini,Ferrari 4.5 L V8,M,171
2014 6 Hours of Bahrain,LMGTEAm,98, Aston Martin Racing, Paul Dalla Lana Pedro Lamy Christoffer Nygaard,Aston Martin V8 Vantage GTE,M,171
2014 6 Hours of Bahrain,LMGTEAm,98, Aston Martin Racing, Paul Dalla Lana Pedro Lamy Christoffer Nygaard,Aston Martin 4.5 L V8,M,171
2014 6 Hours of Bahrain,LMGTEAm,88, Proton Competition, Christian Ried Wolf Henzler Khaled Al Qubaisi,Porsche 911 RSR,M,170
2014 6 Hours of Bahrain,LMGTEAm,88, Proton Competition, Christian Ried Wolf Henzler Khaled Al Qubaisi,Porsche 4.0 L Flat-6,M,170
2014 6 Hours of Bahrain,LMGTEAm,90, 8 Star Motorsports, Matteo Cressoni Paolo Ruberti Gianluca Roda,Ferrari 458 Italia GT2,M,170
2014 6 Hours of Bahrain,LMGTEAm,90, 8 Star Motorsports, Matteo Cressoni Paolo Ruberti Gianluca Roda,Ferrari 4.5 L V8,M,170
2014 6 Hours of Bahrain,LMGTEAm,61, AF Corse, Jeff Segal Alexander Talkanitsa Alessandro Pier Guidi,Ferrari 458 Italia GT2,M,170
2014 6 Hours of Bahrain,LMGTEAm,61, AF Corse, Jeff Segal Alexander Talkanitsa Alessandro Pier Guidi,Ferrari 4.5 L V8,M,170
2014 6 Hours of Bahrain,LMGTEPro,99, Aston Martin Racing, Abdulaziz Al Faisal Alex MacDowall Fernando Rees,Aston Martin V8 Vantage GTE,M,170
2014 6 Hours of Bahrain,LMGTEPro,99, Aston Martin Racing, Abdulaziz Al Faisal Alex MacDowall Fernando Rees,Aston Martin 4.5 L V8,M,170
2014 6 Hours of Bahrain,LMGTEAm,75, Prospeed Competition, François Perrodo Matthieu Vaxivière Emmanuel Collard,Porsche 911 RSR,M,170
2014 6 Hours of Bahrain,LMGTEAm,75, Prospeed Competition, François Perrodo Matthieu Vaxivière Emmanuel Collard,Porsche 4.0 L Flat-6,M,170
2014 6 Hours of Bahrain,LMP2,27, SMP Racing, Sergey Zlobin Maurizio Mediani Nicolas Minassian,Oreca 03R,M,171
2014 6 Hours of Bahrain,LMP2,27, SMP Racing, Sergey Zlobin Maurizio Mediani Nicolas Minassian,Nissan VK45DE 4.5 L V8,M,171
2014 6 Hours of Bahrain,LMP1-L,9, Lotus, Simon Trummer Pierre Kaffer Nathanaël Berthon,CLM P1/01,M,1
2014 6 Hours of Bahrain,LMP1-L,9, Lotus, Simon Trummer Pierre Kaffer Nathanaël Berthon,AER P60 Turbo V6,M,1
