0,1,2,3,4,5,6,7
2021 UEFA Euro, Belarus,Minsk,Dinamo Stadium,"34,000 (to be expanded to 39,000)",Standard Package,Rejected,0
2021 UEFA Euro, Belgium,Brussels,Eurostadium (proposed new national stadium),"50,000 (62,613 potentially)",Standard Package,Group stage and round of 16(later cancelled),0
2021 UEFA Euro, Bulgaria,Sofia,Vasil Levski National Stadium,"43,000 (to be expanded to 50,000)",Standard Package,Rejected,0
2021 UEFA Euro, Hungary,Budapest,Puskás Aréna,"56,000 (proposed new 67,215 stadium)",Standard Package,Group stage and round of 16,4
2021 UEFA Euro, Israel,Jerusalem,Teddy Stadium,"34,000 (to be expanded to 53,000)",Standard Package,Rejected,0
2021 UEFA Euro, Macedonia,Skopje,Philip II Arena,"33,460",Standard Package,Rejected,0
2021 UEFA Euro, Republic of Ireland,Dublin,Aviva Stadium,"51,700",Standard Package,Group stage and round of 16(later cancelled),0
2021 UEFA Euro, Romania,Bucharest,Arena Națională,"55,600",Standard Package,Group stage and round of 16,4
2021 UEFA Euro, Spain,Bilbao,San Mamés,"53,289",Standard Package,Group stage and round of 16(later moved to La Cartuja in Seville),4
2021 UEFA Euro, Sweden,"Solna, Stockholm",Friends Arena,"54,329",Standard Package,Eliminated,0
2021 UEFA Euro, Wales,Cardiff,Millennium Stadium,"74,500",Standard Package,Eliminated,0
