0,1,2,3,4
List of Golden Globe Awards: Supporting Actress,1960,Ina Balin,Natalie Benzinger,From the Terrace
List of Golden Globe Awards: Supporting Actress,1960,Shirley Jones,Lulu Bains,Elmer Gantry
List of Golden Globe Awards: Supporting Actress,1960,Shirley Knight,Reenie Flood,The Dark at the Top of the Stairs
List of Golden Globe Awards: Supporting Actress,1960,Mary Ure,Clara Dawes,Sons and Lovers
List of Golden Globe Awards: Supporting Actress,1961,Fay Bainter,Amelia Tilford,The Children's Hour
List of Golden Globe Awards: Supporting Actress,1961,Judy Garland,Irene Hoffman Wallner,Judgment at Nuremberg
List of Golden Globe Awards: Supporting Actress,1961,Lotte Lenya,Contessa,The Roman Spring of Mrs. Stone
List of Golden Globe Awards: Supporting Actress,1961,Pamela Tiffin,Scarlett Hazeltine,"One, Two, Three"
List of Golden Globe Awards: Supporting Actress,1962,Angela Lansbury ,Mrs. Iselin,The Manchurian Candidate
List of Golden Globe Awards: Supporting Actress,1962,Patty Duke,Helen Keller,The Miracle Worker
List of Golden Globe Awards: Supporting Actress,1962,Hermione Gingold,Eulalie Mackechnie Shinn,The Music Man
List of Golden Globe Awards: Supporting Actress,1962,Shirley Knight,Heavenly Finley,Sweet Bird of Youth
List of Golden Globe Awards: Supporting Actress,1962,Susan Kohner,Martha Freud,Freud: The Secret Passion
List of Golden Globe Awards: Supporting Actress,1962,Gabriella Pallotta,Rosalba Massimo,The Pigeon That Took Rome
List of Golden Globe Awards: Supporting Actress,1962,Martha Raye,Lulu,Billy Rose's Jumbo
List of Golden Globe Awards: Supporting Actress,1962,Kaye Stevens,Nurse Didi,The Interns
List of Golden Globe Awards: Supporting Actress,1962,Jessica Tandy,Mrs. Adams,Hemingway's Adventures of a Young Man
List of Golden Globe Awards: Supporting Actress,1962,Tarita Teriipaia,Maimiti,Mutiny on the Bounty
List of Golden Globe Awards: Supporting Actress,1963,Margaret Rutherford ,The Duchess of Brighton,The V.I.P.s
List of Golden Globe Awards: Supporting Actress,1963,Diane Baker,Emily Stratman,The Prize
List of Golden Globe Awards: Supporting Actress,1963,Joan Greenwood,Lady Bellaston,Tom Jones
List of Golden Globe Awards: Supporting Actress,1963,Wendy Hiller,Anna Berniers,Toys in the Attic
List of Golden Globe Awards: Supporting Actress,1963,Linda Marsh,Thomna Sinnikoglou,America America
List of Golden Globe Awards: Supporting Actress,1963,Patricia Neal,Alma Brown,Hud
List of Golden Globe Awards: Supporting Actress,1963,Liselotte Pulver,Sonya,A Global Affair
List of Golden Globe Awards: Supporting Actress,1963,Lilia Skala,Mother Maria,Lilies of the Field
List of Golden Globe Awards: Supporting Actress,1964,Agnes Moorehead ,Velma Cruther,"Hush… Hush, Sweet Charlotte"
List of Golden Globe Awards: Supporting Actress,1964,Elizabeth Ashley,Monica Winthrop,The Carpetbaggers
List of Golden Globe Awards: Supporting Actress,1964,Grayson Hall,Judith Fellowes,The Night of the Iguana
List of Golden Globe Awards: Supporting Actress,1964,Lila Kedrova,Madame Hortense,Zorba the Greek
List of Golden Globe Awards: Supporting Actress,1964,Ann Sothern,Sue Ellen Gamadge,The Best Man
List of Golden Globe Awards: Supporting Actress,1965,Joan Blondell,Lady Fingers,The Cincinnati Kid
List of Golden Globe Awards: Supporting Actress,1965,Joyce Redman,Emilia,Othello
List of Golden Globe Awards: Supporting Actress,1965,Thelma Ritter,Bertha,Boeing Boeing
List of Golden Globe Awards: Supporting Actress,1965,Peggy Wood,Mother Abbess,The Sound of Music
List of Golden Globe Awards: Supporting Actress,1966,Jocelyne LaGarde ,Queen Malama,Hawaii
List of Golden Globe Awards: Supporting Actress,1966,Vivien Merchant,Lily,Alfie
List of Golden Globe Awards: Supporting Actress,1966,Shelley Winters,Ruby,Alfie
List of Golden Globe Awards: Supporting Actress,1966,Sandy Dennis,Honey,Who's Afraid of Virginia Woolf?
List of Golden Globe Awards: Supporting Actress,1966,Geraldine Page,Margery Chanticleer,You're a Big Boy Now
List of Golden Globe Awards: Supporting Actress,1967,Quentin Dean,Delores Purdy,In the Heat of the Night
List of Golden Globe Awards: Supporting Actress,1967,Lee Grant,Leslie Colbert,In the Heat of the Night
List of Golden Globe Awards: Supporting Actress,1967,Lillian Gish,Mrs. Smith,The Comedians
List of Golden Globe Awards: Supporting Actress,1967,Prunella Ransome,Fanny Robin,Far from the Madding Crowd
List of Golden Globe Awards: Supporting Actress,1967,Beah Richards,Mrs. Prentice,Guess Who's Coming to Dinner
List of Golden Globe Awards: Supporting Actress,1968,Ruth Gordon ,Minnie Castevet,Rosemary's Baby
List of Golden Globe Awards: Supporting Actress,1968,Barbara Hancock,Susan the Silent,Finian's Rainbow
List of Golden Globe Awards: Supporting Actress,1968,Abbey Lincoln,Ivy Moore,For Love of Ivy
List of Golden Globe Awards: Supporting Actress,1968,Sondra Locke,Mick Kelly,The Heart Is a Lonely Hunter
List of Golden Globe Awards: Supporting Actress,1968,Jane Merrow,"Alys, Countess of the Vexin",The Lion in Winter
List of Golden Globe Awards: Supporting Actress,1969,Goldie Hawn ,Toni Simmons,Cactus Flower
List of Golden Globe Awards: Supporting Actress,1969,Marianne McAndrew,Irene Molloy,"Hello, Dolly!"
List of Golden Globe Awards: Supporting Actress,1969,Siân Phillips,Ursula Mossbank,"Goodbye, Mr. Chips"
List of Golden Globe Awards: Supporting Actress,1969,Brenda Vaccaro,Shirley,Midnight Cowboy
List of Golden Globe Awards: Supporting Actress,1969,Susannah York,Alice LeBlanc,"They Shoot Horses, Don't They?"
