0,1,2,3,4
Osterholz - Verden,1949,Hans-Joachim von Merkatz,DP,32.7
Osterholz - Verden,1953,Hans-Joachim von Merkatz,DP,47.3
Osterholz - Verden,1957,Hans-Joachim von Merkatz,DP,47.8
Osterholz - Verden,1961,Karl Ravens,SPD,36.9
Osterholz - Verden,1965,Hans-Joachim von Merkatz,CDU,51.8
Osterholz - Verden,1969,Karl Ravens,SPD,46.8
Osterholz - Verden,1972,Karl Ravens,SPD,53.1
Osterholz - Verden,1976,Karl Ravens,SPD,48.5
Osterholz - Verden,1980,Arne Börnsen,SPD,50.6
Osterholz - Verden,1983,Martin Oldenstädt,CDU,46.6
Osterholz - Verden,1987,Arne Börnsen,SPD,46.4
Osterholz - Verden,1990,Arne Börnsen,SPD,44.6
Osterholz - Verden,1994,Arne Börnsen,SPD,47.6
Osterholz - Verden,1998,Joachim Stünker,SPD,53.4
