0,1,2,3,4,5,6,7,8,9,10,11
,,,,,,,,,,,
,,,,,,,,,,,None
Line 4,●,●,,Anheqiaobei,安河桥北,,437 575 专28,0.0,0.0,Haidian,None
Line 4,●,●,,Beigongmen,北宫门,,303 332 346 384 394 563 584 601 观光3 夜8,1.363,1.363,Haidian,None
Line 4,●,●,,Yuanmingyuan Park,圆明园,,129 331 424 432 438 508 579 601 664 观光3,1.672,4.286,Haidian,None
Line 4,●,●,,Peking Univ East Gate,北京大学东门,,129 305 307 320 331 355 365 375 438 450 549 579 601 614 681 982 观光3,1.295,5.581,Haidian,None
Line 4,●,●,●,Zhongguancun,中关村,,26 145 302 305 307 320 332 355 365 384 392 400 400快 450 466 549 579 584 601 608 613 614 681 686 982 983 夜8,0.887,6.468,Haidian,None
Line 4,●,●,●,Haidian Huangzhuang,海淀黄庄, 10 ,145 302 304 305 307 320 332 355 365 386 584 614 630 634 653 671 681 夜8 夜9,0.9,7.368,Haidian,None
Line 4,●,●,●,Renmin Daxue (Renmin Univ.),人民大学,,26 145 300 300快 302 305 320 323 332 355 361 365 368 425 549 584 614 651 653 658 695 921 夜8 夜30,1.063,8.431,Haidian,None
Line 4,●,●,●,Weigongcun,魏公村,,26 145 305 320 332 563 603 609 645 651 653 658 695 夜8,1.051,9.482,Haidian,None
Line 4,●,●,●,Dongwuyuan (Beijing Zoo),动物园,,7 15 16 19 27 56 65 87 102 103 105 107 111 129 305 332 334 347 360 360快 362 534 563 604 632 695 夜8,1.517,12.657,Xicheng,None
Line 4,●,●,●,Xinjiekou,新街口,,7 47 105 111 508 夜36,1.025,15.123,Xicheng,None
Line 4,●,●,●,Xisi,西四,,3 13 22 38 42 88 101 102 103 105 109 124 143 409 612 夜4 夜10 夜13,1.1,17.323,Xicheng,None
Line 4,●,●,●,Lingjing Hutong,灵境胡同,,22 38 46 68 88 102 105 109 143 夜4 夜10,0.869,18.192,Xicheng,None
Line 4,●,●,●,Taoranting,陶然亭,,40 59 83 133 381 144 414 夜4 夜18 夜23 专13,1.2,22.37,Xicheng,None
Line 4,●,●,●,Beijing South railway station,北京南站, 14   VNP  Jingjin ,20 25 102 106 133 200 343 381 414 458 485 529 652 665 夜15 夜17 夜24 专18 专53 专155,1.643,24.013,Fengtai,None
Line 4,●,●,●,Majiapu,马家堡,,51 66 72 134 144 485 501 529 954 夜18 专145,1.48,25.493,Fengtai,None
Line 4,●,●,●,Gongyi Xiqiao,公益西桥,,377 400 474 511 556 602 646 685 825 954 990 专145 专209,0.989,27.309,Fengtai,None
Daxing line,●,●,●,Xingong,新宫, 19 ,343 353 354 369 474 556 827 829 946 954 专59 专67 专190,2.798,30.107,,None
Daxing line,,●,●,Xihongmen,西红门,,381 454 470 474 483 646 829 937 993 兴13 兴14 兴14区 兴53 兴66 兴68 兴71 兴79 专84 专97 专169,5.102,35.209,Daxing,None
Daxing line,,●,●,Gaomidianbei,高米店北,,631 937 兴12 兴34 兴53 兴66 兴82,1.81,37.019,Daxing,None
Daxing line,,●,●,Gaomidiannan,高米店南,,913 937 兴11 兴42 兴53 兴66 专24,1.128,38.147,Daxing,None
Daxing line,,●,●,Zaoyuan,枣园,,410 631快 829 937 954 968 兴47 兴66 X101 X102 X104 X105,1.096,39.243,Daxing,None
Daxing line,,●,●,Qingyuan Lu,清源路,,456 631 631快 829 913 934 954 968 969 兴23 兴24 兴26 兴27 兴28 兴30 兴33 兴35 兴37 兴48 兴53 兴54 兴66 X101 X103 X105 X107,1.2,40.443,Daxing,None
Daxing line,,●,●,Huangcun Xidajie,黄村西大街,,456 631 631快 829 840 913 934 954 968 兴11 兴14 兴17 兴19 兴20 兴22 兴28 兴29 兴29区 兴31 兴31区 兴33 兴35 兴37 兴45 兴46 兴48 兴52 兴54 兴55 兴57 兴59 兴61 兴66 X105 X107,1.214,41.657,Daxing,None
Daxing line,,●,,Huangcun railway station,黄村火车站, HCP,366 366快 369 631 631快 829 913 957 968 969 兴12 兴13 兴15 兴16 兴18 兴20 兴21 兴22 兴25 兴29 兴29区 兴33 兴37 兴45 兴46 兴55 兴59 兴66 X107,0.987,42.644,Daxing,None
Daxing line,,●,,Yihezhuang,义和庄,,456 934 兴13 兴15 兴16 兴37 兴45 兴46 兴48 兴55 兴65 兴66 兴77 兴81 兴82,2.035,44.679,Daxing,None
Daxing line,,●,,Biomedical Base,生物医药基地,,456 827 兴15 兴16 兴21 兴27 兴27快 兴28 兴30 兴39 兴41 兴46 兴48 兴52 兴54 兴55 兴55区 兴61 兴61区 兴64 兴65 兴66 兴68 兴77 兴80 兴81 兴82 X102,2.918,47.597,Daxing,None
Daxing line,,●,,Tiangongyuan,天宫院,,456 827 829 940 兴11 兴21 兴27 兴27快 兴28 兴30 兴39 兴40 兴41 兴44 兴46 兴48 兴54 兴55 兴55区 兴61 兴61区 兴64 兴65 兴66 兴68 兴77 兴80 兴81 X102 X108,1.811,49.408,Daxing,None
,,,,,,,,,,,None
,,,,,,,,,,,None
