0,1,2,3,4,5
César Award for Best Actress,1983(8th),Miou-Miou,Josepha,Josepha,Josepha Manet
César Award for Best Actress,1983(8th),Simone Signoret,L'Étoile du Nord,L'Étoile du Nord,Madame Baron
César Award for Best Actress,1984(9th),Nathalie Baye,J'ai épousé une ombre,J'ai épousé une ombre,Hélène Georges
César Award for Best Actress,1984(9th),Nicole Garcia,Les Mots pour le dire,Les Mots pour le dire,Marie
César Award for Best Actress,1985(10th),Sabine Azéma,A Sunday in the Country,Un Dimanche à la campagne,Irène
César Award for Best Actress,1985(10th),Valérie Kaprisky,The Public Woman,La Femme publique,Ethel
César Award for Best Actress,1987(12th),Sabine Azéma,Mélo,Mélo,Romaine Belcroix
César Award for Best Actress,1987(12th),Béatrice Dalle,Betty Blue,37°2 le matin,Betty
César Award for Best Actress,1987(12th),Miou-Miou,Ménage,Tenue de soirée,Monique
César Award for Best Actress,1988(13th),Anémone,The Grand Highway,Le Grand Chemin,Marcelle
