0,1,2,3,4
Cesar Award for Best Director,2000(25th),Jean Becker,The Children of the Marshland,Les Enfants du marais
Cesar Award for Best Director,2000(25th),Luc Besson,The Messenger: The Story of Joan of Arc,The Messenger: The Story of Joan of Arc
Cesar Award for Best Director,2000(25th),Michel Deville,Sachs' Disease,La Maladie de Sachs
Cesar Award for Best Director,2000(25th),Patrice Leconte,Girl on the Bridge,La Fille sur le pont
Cesar Award for Best Director,2000(25th),Régis Wargnier,East/West,Est–Ouest
Cesar Award for Best Director,2001(26th),Dominik Moll,"Harry, He's Here to Help","Harry, un ami qui vous veut du bien"
Cesar Award for Best Director,2001(26th),Jean-Pierre Denis,Murderous Maids,Les Blessures assassines
Cesar Award for Best Director,2001(26th),Agnès Jaoui,The Taste of Others,Le Goût des autres
Cesar Award for Best Director,2001(26th),Mathieu Kassovitz,The Crimson Rivers,Les Rivières pourpres
Cesar Award for Best Director,2001(26th),Patricia Mazuy,Saint-Cyr,Saint-Cyr
Cesar Award for Best Director,2002(27th),Jean-Pierre Jeunet,Amélie,Le Fabuleux Destin d'Amélie Poulain
Cesar Award for Best Director,2002(27th),Jacques Audiard,Read My Lips,Sur mes lèvres
Cesar Award for Best Director,2002(27th),François Dupeyron,The Officers' Ward,La Chambre des officiers
Cesar Award for Best Director,2002(27th),Patrice Chéreau,Intimacy,Intimacy
Cesar Award for Best Director,2002(27th),François Ozon,Under the Sand,Sous le sable
Cesar Award for Best Director,2003(28th),Costa Gavras,Amen.,Amen.
Cesar Award for Best Director,2003(28th),Cédric Klapisch,The Spanish Apartement (a.k.a. Pot Luck),L'Auberge espagnole
Cesar Award for Best Director,2003(28th),Nicolas Philibert,To Be and to Have,Être et avoir
Cesar Award for Best Director,2003(28th),François Ozon,8 Women,8 femmes
Cesar Award for Best Director,2004(29th),Lucas Belvaux,One: On the RunTwo: An Amazing CoupleThree: After Life,CavaleUn couple épatantAprès la vie
Cesar Award for Best Director,2004(29th),Claude Miller,Little Lili,La Petite Lili
Cesar Award for Best Director,2004(29th),Jean-Paul Rappeneau,Bon voyage,Bon voyage
Cesar Award for Best Director,2004(29th),Alain Resnais,Not on the Lips,Pas sur la bouche
Cesar Award for Best Director,2005(30th),Christophe Barratier,The Chorus,Les Choristes
Cesar Award for Best Director,2005(30th),Arnaud Desplechin,Kings and Queen,Rois et reine
Cesar Award for Best Director,2005(30th),Jean-Pierre Jeunet,A Very Long Engagement,Un long dimanche de fiançailles
Cesar Award for Best Director,2005(30th),Olivier Marchal,Département 36,36 Quai des Orfèvres
Cesar Award for Best Director,2006(31st),Jacques Audiard,The Beat That My Heart Skipped,De battre mon cœur s'est arrêté
Cesar Award for Best Director,2006(31st),Xavier Beauvois,The Young Lieutenant,Le Petit Lieutenant
Cesar Award for Best Director,2006(31st),Jean-Pierre and Luc Dardenne,The Child,L'Enfant
Cesar Award for Best Director,2006(31st),Michael Haneke,Hidden,Caché
Cesar Award for Best Director,2006(31st),Radu Mihaileanu,Live and Become,"Va, vis et deviens"
Cesar Award for Best Director,2007(32nd),Rachid Bouchareb,Days of Glory,Indigènes
Cesar Award for Best Director,2007(32nd),Pascale Ferran,Lady Chatterley,Lady Chatterley
Cesar Award for Best Director,2007(32nd),Philippe Lioret,"Don't Worry, I'm Fine","Je vais bien, ne t'en fais pas"
Cesar Award for Best Director,2007(32nd),Alain Resnais,Private Fears in Public Places,Cœurs
Cesar Award for Best Director,2008(33rd),Olivier Dahan,La Vie en Rose,La môme
Cesar Award for Best Director,2008(33rd),Claude Miller,A Secret,Un secret
Cesar Award for Best Director,2008(33rd),Julian Schnabel(nominated for the Academy Award),The Diving Bell and the Butterfly,Le Scaphandre et le papillon
Cesar Award for Best Director,2008(33rd),André Téchiné,The Witnesses,Les Témoins
Cesar Award for Best Director,2009(34th),Jean-François Richet,Public Enemy Number One: Part 1 and 2,L'Instinct de mort and L'Ennemi public n°1
Cesar Award for Best Director,2009(34th),Rémi Bezançon,The First Day of the Rest of Your Life,Le Premier Jour du reste de ta vie
Cesar Award for Best Director,2009(34th),Laurent Cantet,The Class,Entre les murs
Cesar Award for Best Director,2009(34th),Arnaud Desplechin,A Christmas Tale,Un conte de Noël
Cesar Award for Best Director,2009(34th),Martin Provost,Séraphine,Séraphine
Cesar Award for Best Director,2010(35th),Lucas Belvaux,Rapt!,Rapt!
Cesar Award for Best Director,2010(35th),Xavier Giannoli,In the Beginning,À l'origine
Cesar Award for Best Director,2010(35th),Philippe Lioret,Welcome,Welcome
Cesar Award for Best Director,2010(35th),Radu Mihaileanu,The Concert,Le Concert
