0,1,2,3,4
Primetime Emmy Award for Outstanding Individual Performance in a Variety or Music Program,1971(23rd),Arte Johnson,Rowan & Martin's Laugh-In,NBC
Primetime Emmy Award for Outstanding Individual Performance in a Variety or Music Program,1971(23rd),Lily Tomlin,Rowan & Martin's Laugh-In,NBC
Primetime Emmy Award for Outstanding Individual Performance in a Variety or Music Program,1972(24th),Ruth Buzzi,Rowan & Martin's Laugh-In,NBC
Primetime Emmy Award for Outstanding Individual Performance in a Variety or Music Program,1972(24th),Lily Tomlin,Rowan & Martin's Laugh-In,NBC
Primetime Emmy Award for Outstanding Individual Performance in a Variety or Music Program,1973(25th),Tim Conway,The Carol Burnett Show,CBS
Primetime Emmy Award for Outstanding Individual Performance in a Variety or Music Program,1973(25th),Liza Minnelli,A Royal Gala Variety Performance,ABC
Primetime Emmy Award for Outstanding Individual Performance in a Variety or Music Program,1973(25th),Lily Tomlin,Rowan & Martin's Laugh-In,NBC
Primetime Emmy Award for Outstanding Individual Performance in a Variety or Music Program,1974(26th),Supporting Actor,Supporting Actor,Supporting Actor
Primetime Emmy Award for Outstanding Individual Performance in a Variety or Music Program,1974(26th),Foster Brooks,The Dean Martin Show,NBC
Primetime Emmy Award for Outstanding Individual Performance in a Variety or Music Program,1974(26th),Tim Conway,The Carol Burnett Show,CBS
Primetime Emmy Award for Outstanding Individual Performance in a Variety or Music Program,1974(26th),Supporting Actress,Supporting Actress,Supporting Actress
Primetime Emmy Award for Outstanding Individual Performance in a Variety or Music Program,1974(26th),Brenda Vaccaro,The Shape of Things,NBC
Primetime Emmy Award for Outstanding Individual Performance in a Variety or Music Program,1974(26th),Ruth Buzzi,The Dean Martin Show,NBC
Primetime Emmy Award for Outstanding Individual Performance in a Variety or Music Program,1974(26th),Lee Grant,The Shape of Things,NBC
Primetime Emmy Award for Outstanding Individual Performance in a Variety or Music Program,1975(27th),Supporting Actor,Supporting Actor,Supporting Actor
Primetime Emmy Award for Outstanding Individual Performance in a Variety or Music Program,1975(27th),Jack Albertson,Cher,CBS
Primetime Emmy Award for Outstanding Individual Performance in a Variety or Music Program,1975(27th),Tim Conway,The Carol Burnett Show,CBS
Primetime Emmy Award for Outstanding Individual Performance in a Variety or Music Program,1975(27th),John Denver,Doris Day Today,CBS
Primetime Emmy Award for Outstanding Individual Performance in a Variety or Music Program,1975(27th),Supporting Actress,Supporting Actress,Supporting Actress
Primetime Emmy Award for Outstanding Individual Performance in a Variety or Music Program,1975(27th),Rita Moreno,Out to Lunch,ABC
Primetime Emmy Award for Outstanding Individual Performance in a Variety or Music Program,1976(28th),Supporting Actor,Supporting Actor,Supporting Actor
Primetime Emmy Award for Outstanding Individual Performance in a Variety or Music Program,1976(28th),Chevy Chase,NBC's Saturday Night,NBC
Primetime Emmy Award for Outstanding Individual Performance in a Variety or Music Program,1976(28th),Tim Conway,The Carol Burnett Show,CBS
Primetime Emmy Award for Outstanding Individual Performance in a Variety or Music Program,1976(28th),Supporting Actress,Supporting Actress,Supporting Actress
Primetime Emmy Award for Outstanding Individual Performance in a Variety or Music Program,1976(28th),Cloris Leachman,"Telly... Who Loves Ya, Baby?",CBS
Primetime Emmy Award for Outstanding Individual Performance in a Variety or Music Program,1977(29th),Supporting Actor,Supporting Actor,Supporting Actor
Primetime Emmy Award for Outstanding Individual Performance in a Variety or Music Program,1977(29th),Tim Conway,The Carol Burnett Show,CBS
Primetime Emmy Award for Outstanding Individual Performance in a Variety or Music Program,1977(29th),John Belushi,Saturday Night Live,NBC
Primetime Emmy Award for Outstanding Individual Performance in a Variety or Music Program,1977(29th),Chevy Chase,Saturday Night Live,NBC
Primetime Emmy Award for Outstanding Individual Performance in a Variety or Music Program,1977(29th),Ben Vereen,The Bell Telephone Jubilee,NBC
Primetime Emmy Award for Outstanding Individual Performance in a Variety or Music Program,1977(29th),Supporting Actress,Supporting Actress,Supporting Actress
Primetime Emmy Award for Outstanding Individual Performance in a Variety or Music Program,1977(29th),Achievement in Coverage of Special Events — Individuals,Achievement in Coverage of Special Events — Individuals,Achievement in Coverage of Special Events — Individuals
Primetime Emmy Award for Outstanding Individual Performance in a Variety or Music Program,1977(29th),Helen O'Connell,Miss Universe Beauty Pageant,CBS
Primetime Emmy Award for Outstanding Individual Performance in a Variety or Music Program,1978(30th),Supporting Actor,Supporting Actor,Supporting Actor
Primetime Emmy Award for Outstanding Individual Performance in a Variety or Music Program,1978(30th),Tim Conway,The Carol Burnett Show,CBS
Primetime Emmy Award for Outstanding Individual Performance in a Variety or Music Program,1978(30th),Dan Aykroyd,Saturday Night Live,NBC
Primetime Emmy Award for Outstanding Individual Performance in a Variety or Music Program,1978(30th),John Belushi,Saturday Night Live,NBC
Primetime Emmy Award for Outstanding Individual Performance in a Variety or Music Program,1978(30th),Louis Gossett Jr.,The Sentry Collection Presents Ben Vereen: His Roots,ABC
Primetime Emmy Award for Outstanding Individual Performance in a Variety or Music Program,1978(30th),Peter Sellers,The Muppet Show,Syndicated
Primetime Emmy Award for Outstanding Individual Performance in a Variety or Music Program,1978(30th),Supporting Actress,Supporting Actress,Supporting Actress
Primetime Emmy Award for Outstanding Individual Performance in a Variety or Music Program,1978(30th),Beatrice Arthur,Laugh-In,NBC
Primetime Emmy Award for Outstanding Individual Performance in a Variety or Music Program,1978(30th),Jane Curtin,Saturday Night Live,NBC
Primetime Emmy Award for Outstanding Individual Performance in a Variety or Music Program,1978(30th),Dolly Parton,Cher... Special,ABC
Primetime Emmy Award for Outstanding Individual Performance in a Variety or Music Program,1978(30th),Bernadette Peters,The Muppet Show,Syndicated
Primetime Emmy Award for Outstanding Individual Performance in a Variety or Music Program,1978(30th),Special Classification of Outstanding Individual Achievement,Special Classification of Outstanding Individual Achievement,Special Classification of Outstanding Individual Achievement
Primetime Emmy Award for Outstanding Individual Performance in a Variety or Music Program,1978(30th),Mikhail Baryshnikov,The Nutcracker,CBS
Primetime Emmy Award for Outstanding Individual Performance in a Variety or Music Program,1979(31st),Individual Achievement – Special Events,Individual Achievement – Special Events,Individual Achievement – Special Events
Primetime Emmy Award for Outstanding Individual Performance in a Variety or Music Program,1979(31st),Mikhail Baryshnikov,Baryshnikov at the White House,PBS
