0,1,2,3,4
Chicago film critics association award for best actor,2010,Jeff Bridges,True Grit,Rooster Cogburn
Chicago film critics association award for best actor,2010,Jesse Eisenberg,The Social Network,Mark Zuckerberg
Chicago film critics association award for best actor,2010,James Franco,127 Hours,Aron Ralston
Chicago film critics association award for best actor,2010,Ryan Gosling,Blue Valentine,Dean
Chicago film critics association award for best actor,2011,George Clooney,The Descendants,Matt King
Chicago film critics association award for best actor,2011,Jean Dujardin,The Artist,George Valentin
Chicago film critics association award for best actor,2011,Michael Fassbender,Shame,Brandon Sullivan
Chicago film critics association award for best actor,2011,Gary Oldman,Tinker Tailor Soldier Spy,George Smiley
Chicago film critics association award for best actor,2012,John Hawkes,The Sessions,Mark O'Brien
Chicago film critics association award for best actor,2012,Denis Lavant,Holy Motors,Mr. Oscar
Chicago film critics association award for best actor,2012,Joaquin Phoenix,The Master,Freddie Quell
Chicago film critics association award for best actor,2012,Denzel Washington,Flight,Whip Whitaker
Chicago film critics association award for best actor,2013,Bruce Dern,Nebraska,Woody Grant
Chicago film critics association award for best actor,2013,Oscar Isaac,Inside Llewyn Davis,Llewyn Davis
Chicago film critics association award for best actor,2013,Matthew McConaughey,Dallas Buyers Club,Ron Woodroof
Chicago film critics association award for best actor,2013,Robert Redford,All Is Lost,Our Man
Chicago film critics association award for best actor,2014,Benedict Cumberbatch,The Imitation Game,Alan Turing
Chicago film critics association award for best actor,2014,Jake Gyllenhaal,Nightcrawler,Lou Bloom
Chicago film critics association award for best actor,2014,David Oyelowo,Selma,Martin Luther King Jr.
Chicago film critics association award for best actor,2014,Eddie Redmayne,The Theory of Everything,Stephen Hawking
Chicago film critics association award for best actor,2015,Leonardo DiCaprio,The Revenant,Hugh Glass
Chicago film critics association award for best actor,2015,Christopher Abbott,James White,James White
Chicago film critics association award for best actor,2015,Michael Fassbender,Steve Jobs,Steve Jobs
Chicago film critics association award for best actor,2015,Eddie Redmayne,The Danish Girl,Lili Elbe / Einar Wegener
Chicago film critics association award for best actor,2015,Jason Segel,The End of the Tour,David Foster Wallace
Chicago film critics association award for best actor,2016,Casey Affleck,Manchester by the Sea,Lee Chandler
Chicago film critics association award for best actor,2016,Adam Driver,Paterson,Paterson
Chicago film critics association award for best actor,2016,Joel Edgerton,Loving,Richard Loving
Chicago film critics association award for best actor,2016,Colin Farrell,The Lobster,David
Chicago film critics association award for best actor,2016,Denzel Washington,Fences,Troy Maxson
Chicago film critics association award for best actor,2017,Timothée Chalamet,Call Me by Your Name,Elio Perlman
Chicago film critics association award for best actor,2017,Daniel Day-Lewis,Phantom Thread,Reynolds Woodcock
Chicago film critics association award for best actor,2017,James Franco,The Disaster Artist,Tommy Wiseau
Chicago film critics association award for best actor,2017,Gary Oldman,Darkest Hour,Winston Churchill
Chicago film critics association award for best actor,2017,Harry Dean Stanton,Lucky,Lucky
Chicago film critics association award for best actor,2018,Ethan Hawke,First Reformed,Ernst Toller
Chicago film critics association award for best actor,2018,Christian Bale,Vice,Dick Cheney
Chicago film critics association award for best actor,2018,Bradley Cooper,A Star Is Born,Jackson Maine
Chicago film critics association award for best actor,2018,Rami Malek,Bohemian Rhapsody,Freddie Mercury
Chicago film critics association award for best actor,2018,Joaquin Phoenix,You Were Never Really Here,Joe
Chicago film critics association award for best actor,2019,Adam Driver,Marriage Story,Charlie Barber
Chicago film critics association award for best actor,2019,Antonio Banderas,Pain and Glory,Salvador Mallo
Chicago film critics association award for best actor,2019,Robert De Niro,The Irishman,Frank Sheeran
Chicago film critics association award for best actor,2019,Joaquin Phoenix,Joker,Arthur Fleck / Joker
Chicago film critics association award for best actor,2019,Adam Sandler,Uncut Gems,Howard Ratner
