0,1,2
Olivier Award for Best New Opera Production,Death in Venice,The Royal Opera
Olivier Award for Best New Opera Production,Der Fliegende Hollander,The Royal Opera
Olivier Award for Best New Opera Production,The Fiery Angel,The Royal Opera
Olivier Award for Best New Opera Production,Ariodante,English National Opera
Olivier Award for Best New Opera Production,Gloriana,Opera North
Olivier Award for Best New Opera Production,Die Meistersinger von Nurnberg,The Royal Opera
Olivier Award for Best New Opera Production,Così fan tutte,The Royal Opera
Olivier Award for Best New Opera Production,Don Quixote,English National Opera
Olivier Award for Best New Opera Production,Roméo et Juliette,The Royal Opera
Olivier Award for Best New Opera Production,A Midsummer Night's Dream,English National Opera
Olivier Award for Best New Opera Production,Salome,The Royal Opera
Olivier Award for Best New Opera Production,Siegfried,The Royal Opera
Olivier Award for Best New Opera Production,Cavalleria Rusticana and Pagliacci,Welsh National Opera
Olivier Award for Best New Opera Production,Fidelio,English National Opera
Olivier Award for Best New Opera Production,Falstaff,English National Opera and Opera North
Olivier Award for Best New Opera Production,Palestrina,The Royal Opera
Olivier Award for Best New Opera Production,Platée,The Royal Opera
Olivier Award for Best New Opera Production,Boris Godunov,English National Opera
Olivier Award for Best New Opera Production,L'Orfeo,Théâtre Royal de la Monnaie
Olivier Award for Best New Opera Production,Il trittico,English National Opera
