0,1,2,3
List of Best Supporting Actor nominees (films),Richard S. Castellano,Frank Vecchio,Lovers and Other Strangers
List of Best Supporting Actor nominees (films),Chief Dan George,Old Lodge Skins,Little Big Man
List of Best Supporting Actor nominees (films),Gene Hackman,Gene Garrison,I Never Sang for My Father
List of Best Supporting Actor nominees (films),John Marley,Phil Cavalleri,Love Story
List of Best Supporting Actor nominees (films),Jeff Bridges,Duane Jackson,The Last Picture Show
List of Best Supporting Actor nominees (films),Leonard Frey,Motel Kamzoil,Fiddler on the Roof
List of Best Supporting Actor nominees (films),Richard Jaeckel,Joe Ben Stamper,Sometimes a Great Notion
List of Best Supporting Actor nominees (films),Roy Scheider,"Buddy ""Cloudy"" Russo",The French Connection
List of Best Supporting Actor nominees (films),Eddie Albert,Mr. Corcoran,The Heartbreak Kid
List of Best Supporting Actor nominees (films),James Caan,"Santino ""Sonny"" Corleone",The Godfather
List of Best Supporting Actor nominees (films),Robert Duvall,Tom Hagen,The Godfather
List of Best Supporting Actor nominees (films),Al Pacino,Michael Corleone,The Godfather
List of Best Supporting Actor nominees (films),Vincent Gardenia,Dutch Schnell,Bang the Drum Slowly
List of Best Supporting Actor nominees (films),Jack Gilford,Phil Greene,Save the Tiger
List of Best Supporting Actor nominees (films),Jason Miller,Father Damien Karras,The Exorcist
List of Best Supporting Actor nominees (films),Randy Quaid,Larry Meadows,The Last Detail
List of Best Supporting Actor nominees (films),Fred Astaire,Harlee Claiborne,The Towering Inferno
List of Best Supporting Actor nominees (films),Jeff Bridges,Lightfoot,Thunderbolt and Lightfoot
List of Best Supporting Actor nominees (films),Michael V. Gazzo,Frank Pentangeli,The Godfather Part II
List of Best Supporting Actor nominees (films),Lee Strasberg,Hyman Roth,The Godfather Part II
List of Best Supporting Actor nominees (films),Brad Dourif,Billy Bibbit,One Flew Over the Cuckoo's Nest
List of Best Supporting Actor nominees (films),Burgess Meredith,Harry Greener,The Day of the Locust
List of Best Supporting Actor nominees (films),Chris Sarandon,Leon Shermer,Dog Day Afternoon
List of Best Supporting Actor nominees (films),Jack Warden,Lester Karpf,Shampoo
List of Best Supporting Actor nominees (films),Ned Beatty,Arthur Jensen,Network
List of Best Supporting Actor nominees (films),Burgess Meredith,Mickey Goldmill,Rocky
List of Best Supporting Actor nominees (films),Laurence Olivier,Dr. Christian Szell,Marathon Man
List of Best Supporting Actor nominees (films),Burt Young,Paulie Pennino,Rocky
List of Best Supporting Actor nominees (films),Jason Robards ,Dashiell Hammett,Julia
List of Best Supporting Actor nominees (films),Mikhail Baryshnikov,Yuri Kopeikine,The Turning Point
List of Best Supporting Actor nominees (films),Peter Firth,Alan Strang,Equus
List of Best Supporting Actor nominees (films),Alec Guinness,Obi-Wan Kenobi,Star Wars
List of Best Supporting Actor nominees (films),Maximilian Schell,Johann,Julia
List of Best Supporting Actor nominees (films),Bruce Dern,Captain Bob Hyde,Coming Home
List of Best Supporting Actor nominees (films),Richard Farnsworth,Dodger,Comes a Horseman
List of Best Supporting Actor nominees (films),John Hurt,Max,Midnight Express
List of Best Supporting Actor nominees (films),Jack Warden,Max Corkle,Heaven Can Wait
List of Best Supporting Actor nominees (films),Melvyn Douglas ,Benjamin Rand,Being There
List of Best Supporting Actor nominees (films),Robert Duvall,Lt. Col. Bill Kilgore,Apocalypse Now
List of Best Supporting Actor nominees (films),Frederic Forrest,Houston Dyer,The Rose
List of Best Supporting Actor nominees (films),Justin Henry,Billy Kramer,Kramer vs. Kramer
List of Best Supporting Actor nominees (films),Mickey Rooney,Henry Dailey,The Black Stallion
