0,1,2,3,4,5,6,7,8
2021 Netherlands general election,16,Code Orange,CO,Richard de Mos,Direct democracy,Syncretic,—,20
2021 Netherlands general election,18,NIDA,NIDA,Nourdin El Ouali,Islamic democracy,Syncretic,—,20
2021 Netherlands general election,19,Pirate Party,PPNL,Matthijs Pontier,Pirate politics,Syncretic,0.3% (0 seats),20
2021 Netherlands general election,20,Libertarian Party,LP,Robert Valentine,Libertarianism,Right-wing,0.01% (0 seats),20
2021 Netherlands general election,21,JONG,JONG,Jaron Tichelaar,Youth politics,Centre,—,19
2021 Netherlands general election,22,Splinter,SPL,Femke Merel van Kooten,Social liberalism,Centre-left,—,19
2021 Netherlands general election,23,Farmer–Citizen Movement,BBB,Caroline van der Plas,Agrarianism,Centre-right,—,19
2021 Netherlands general election,24,NLBeter,NLB,Esther van Fenema,Public sector interests,Syncretic,—,19
2021 Netherlands general election,25,Henk Krol List,LHK,Henk Krol,Progressive conservatism,Centre-right,—,19
2021 Netherlands general election,26,OpRecht,OR,Michael Ruperti,National conservatism,Right-wing,—,19
2021 Netherlands general election,27,Jesus Lives,JL,Florens van der Spek,Evangelism,Right-wing,0.03% (0 seats),16
2021 Netherlands general election,28,Proud of the Netherlands,ToN,Sander van den Raadt,Conservative liberalism,Right-wing,—,13
2021 Netherlands general election,29,Ubuntu Connected Front,UCF,Regillio Vaarnold,Ubuntuism,Centre-left,—,13
2021 Netherlands general election,30,Blank list,Blank list,Anna Zeven,COVID-19 scepticism,Centre,—,12
2021 Netherlands general election,31,Party of Unity,PvdE,Arnoud van Doorn,Islamism,Syncretic,—,8
2021 Netherlands general election,32,The Party Party,DFP,Johan Vlemmix,Joke party,Syncretic,—,8
2021 Netherlands general election,33,Free and Social Netherlands,VSN,Bas Filippini,COVID-19 scepticism,Centre,—,6
2021 Netherlands general election,34,We Are the Netherlands,WZNL,Erwin Versteeg,Ethnic nationalism,Far-right,—,6
2021 Netherlands general election,35,Modern Netherlands,MN,Niels Heeze,E-democracy,Syncretic,—,4
2021 Netherlands general election,36,The Greens,DG,Otto ter Haar,Green politics,Centre,—,2
2021 Netherlands general election,37,Party for the Republic,PvdR,Bruno Braakhuis,Republicanism,Centre,—,2
