0,1,2,3,4
Filmfare Award for Best Actress, ,Deepika Padukone,Meera Pandit,Love Aaj Kal
Filmfare Award for Best Actress, ,Kareena Kapoor,Pia Sahastrabuddhe,3 Idiots
Filmfare Award for Best Actress, ,Kareena Kapoor,Avantika Ahuja Khan,Kurbaan
Filmfare Award for Best Actress, ,Katrina Kaif,Maya Sheikh,New York
Filmfare Award for Best Actress, ,Priyanka Chopra,Sweety Shekhar Bhope,Kaminey
Filmfare Award for Best Actress, ,Aishwarya Rai,Sofia D'Souza,Guzaarish
Filmfare Award for Best Actress, ,Anushka Sharma,Shruti Kakkar,Band Baaja Baaraat
Filmfare Award for Best Actress, ,Kareena Kapoor,Daboo,Golmaal 3
Filmfare Award for Best Actress, ,Vidya Balan,Krishna Verma,Ishqiya
Filmfare Award for Best Actress, ,Mahi Gill,Madhavi Devi,"Saheb, Biwi Aur Gangster"
Filmfare Award for Best Actress, ,Katrina Kaif,Dimple Dixit,Mere Brother Ki Dulhan
Filmfare Award for Best Actress, ,Priyanka Chopra,Susanna Anna-Marie Johannes,7 Khoon Maaf
Filmfare Award for Best Actress, ,Vidya Balan,Sabrina Lal,No One Killed Jessica
Filmfare Award for Best Actress, ,Deepika Padukone,Veronica Malaney,Cocktail
Filmfare Award for Best Actress, ,Kareena Kapoor,Mahi Arora,Heroine
Filmfare Award for Best Actress, ,Parineeti Chopra,Zoya Qureshi,Ishaqzaade
Filmfare Award for Best Actress, ,Priyanka Chopra,Jhilmil Chatterjee,Barfi!
Filmfare Award for Best Actress, ,Sridevi,Shashi Godbole,English Vinglish
Filmfare Award for Best Actress, ,Deepika Padukone,Meenalochni 'Meenamma' Azhagusundaram,Chennai Express
Filmfare Award for Best Actress, ,Parineeti Chopra,Gayatri,Shuddh Desi Romance
Filmfare Award for Best Actress, ,Shraddha Kapoor,Aarohi Keshav Shirke,Aashiqui 2
Filmfare Award for Best Actress, ,Sonakshi Sinha,Pakhi Roy Chaudhary,Lootera
Filmfare Award for Best Actress, ,Sonam Kapoor,Zoya Haider,Raanjhanaa
Filmfare Award for Best Actress, ,Alia Bhatt,Veera Tripathi,Highway
Filmfare Award for Best Actress, ,Madhuri Dixit,Begum Para,Dedh Ishqiya
Filmfare Award for Best Actress, ,Priyanka Chopra,Mary Kom,Mary Kom
Filmfare Award for Best Actress, ,Rani Mukerji,Shivani Shivaji Roy,Mardaani
Filmfare Award for Best Actress, ,Sonam Kapoor,Dr. Mrinalini 'Mili' Chakravarty,Khoobsurat
Filmfare Award for Best Actress, ,Deepika Padukone ,Piku Banerjee,Piku
Filmfare Award for Best Actress, ,Anushka Sharma,Meera,NH10
Filmfare Award for Best Actress, ,Deepika Padukone,Mastani,Bajirao Mastani
Filmfare Award for Best Actress, ,Kajol,Meera Dev Malik,Dilwale
Filmfare Award for Best Actress, ,Kangana Ranaut,Tanuja 'Tanu' Trivedi / Kumari 'Kusum' Sangwan (Datto),Tanu Weds Manu Returns
Filmfare Award for Best Actress, ,Sonam Kapoor,Dolly / Madhuri / Priya / Bhagyashree,Dolly Ki Doli
Filmfare Award for Best Actress, ,Alia Bhatt ,Bauria (Mary Jane),Udta Punjab
Filmfare Award for Best Actress, ,Aishwarya Rai,Dalbir Kaur,Sarbjit
Filmfare Award for Best Actress, ,Alia Bhatt,Kaira,Dear Zindagi
Filmfare Award for Best Actress, ,Anushka Sharma,Alizeh Khan,Ae Dil Hai Mushkil
Filmfare Award for Best Actress, ,Sonam Kapoor,Neerja Bhanot,Neerja
Filmfare Award for Best Actress, ,Vidya Balan,Vidya Sinha / Durga Rani Singh,Kahaani 2
Filmfare Award for Best Actress, ,Vidya Balan ,Sulochana 'Sulu' Dubey,Tumhari Sulu
Filmfare Award for Best Actress, ,Alia Bhatt,Vaidehi Trivedi,Badrinath Ki Dulhania
Filmfare Award for Best Actress, ,Bhumi Pednekar,Sugandha Joshi Sharma,Shubh Mangal Saavdhan
Filmfare Award for Best Actress, ,Saba Qamar,Meeta Batra,Hindi Medium
Filmfare Award for Best Actress, ,Sridevi,Devki Sabarwal,Mom
Filmfare Award for Best Actress, ,Zaira Wasim,Insia Malik,Secret Superstar
Filmfare Award for Best Actress, ,Alia Bhatt ,Sehmat Khan,Raazi
Filmfare Award for Best Actress, ,Deepika Padukone,Rani Padmavati,Padmaavat
Filmfare Award for Best Actress, ,Neena Gupta,Priyamvada 'Babli' Kaushik,Badhaai Ho
Filmfare Award for Best Actress, ,Rani Mukerji,Naina Mathur,Hichki
Filmfare Award for Best Actress, ,Tabu,Simi,Andhadhun
