0,1,2,3,4,5,6
Carlsson III Cabinet,Deputy Prime Minister,Mona Sahlin,7 October 1994,10 November 1995, ,Social Democrats
Carlsson III Cabinet,Deputy Prime Minister,Lena Hjelm-Wallén,10 November 1995,22 March 1996, ,Social Democrats
Carlsson III Cabinet,Minister for Foreign Affairs,Lena Hjelm-Wallén,7 October 1994,22 March 1996, ,Social Democrats
Carlsson III Cabinet,Minister for Finance,Göran Persson,7 October 1994,22 March 1996, ,Social Democrats
Carlsson III Cabinet,Minister for Health and Social Affairs,Ingela Thalén,7 October 1994,22 March 1996, ,Social Democrats
Carlsson III Cabinet,Minister for Employment,Anders Sundström,7 October 1994,22 March 1996, ,Social Democrats
Carlsson III Cabinet,Minister for Agriculture,Margareta Winberg,7 October 1994,22 March 1996, ,Social Democrats
Carlsson III Cabinet,Minister for Civil Service Affairs,Marita Ulvskog,7 October 1994,22 March 1996, ,Social Democrats
Carlsson III Cabinet,Minister for Housing,Jörgen Andersson,7 October 1994,22 March 1996, ,Social Democrats
Carlsson III Cabinet,Minister for the Environment,Anna Lindh,7 October 1994,22 March 1996, ,Social Democrats
Carlsson III Cabinet,Minister for Enterprise,Sten Heckscher,7 October 1994,5 February 1996, ,Social Democrats
Carlsson III Cabinet,Minister for Enterprise,Jörgen Andersson,5 February 1996,22 March 1996, ,Social Democrats
Carlsson III Cabinet,Minister for Culture,Margot Wallström,7 October 1994,22 March 1996, ,Social Democrats
Carlsson III Cabinet,Coordination,Jan Nygren,7 October 1994,22 March 1996, ,Social Democrats
Carlsson III Cabinet,International Development Cooperation,Pierre Schori,7 October 1994,22 March 1996, ,Social Democrats
Carlsson III Cabinet,Minister of Foreign Trade,Mats Hellström,7 October 1994,22 March 1996, ,Social Democrats
Carlsson III Cabinet,Social Security,Anna Hedborg,7 October 1994,22 March 1996, ,Social Democrats
Carlsson III Cabinet,Schools,Ylva Johansson,7 October 1994,22 March 1996, ,Social Democrats
Carlsson III Cabinet,Migration,Leif Blomberg,7 October 1994,22 March 1996, ,Social Democrats
