0,1,2,3,4,5,6
2001 Kentucky Derby,2nd,13,Invisible Ink,John Velazquez,Todd Pletcher,John Fort
2001 Kentucky Derby,4th,4,Thunder Blitz,Edgar Prado,Joe Orseno,Stronach Stables
2001 Kentucky Derby,6th,15,Jamaican Rum,Eddie Delahoussaye,James Cassidy,Southern Nevada Racing Stables
2001 Kentucky Derby,8th,6,Express Tour,David R. Flores,Saeed bin Suroor,A. Clare Silva Jr.
2001 Kentucky Derby,9th,5,Fifty Stars,Donnie Meche,Steve Asmussen,Ryco Equine Pty Ltd
2001 Kentucky Derby,10th,12,Startac,Alex Solis,Simon Bray,Allen E. Paulson Living Trust 
2001 Kentucky Derby,11th,2,Millennium Wind,"Laffit Pincay, Jr.",Dave Hofmans,David Heerinsperger
2001 Kentucky Derby,12th,7,Arctic Boy,Calvin Borel,Timothy F. Ritchey,
2001 Kentucky Derby,13th,1,Songandaprayer,Aaron Gryder,John Dowd,Bob Hurley
2001 Kentucky Derby,14th,3,Balto Star,Mark Guidry,Todd Pletcher,Anstu Stables Inc.
2001 Kentucky Derby,15th,10,Dollar Bill,Pat Day,Dallas Stewart,Gary West Stables Inc.
2001 Kentucky Derby,16th,14,Keats,Larry Melancon,Niall M. O'Callaghan,Ballymore Stables
2001 Kentucky Derby,17th,11,Talk Is Money,Jerry Bailey,John Scanlan,Dan Borislow
