0,1,2,3,4,5,6,7,8,9,10,11
Keihin–Tōhoku Line,Tōhoku Main Line,OMYJK47,Ōmiya,大宮,-,0.0,30.3,●,"
 Tohoku Shinkansen
 Yamagata Shinkansen
 Akita Shinkansen
 Joetsu Shinkansen
 Hokuriku Shinkansen
JU Utsunomiya Line
JU Takasaki Line
JS Shōnan-Shinjuku Line
JA Saikyō Line
■ Kawagoe Line
TD Tobu Urban Park Line
Ina Line (New Shuttle)
","Ōmiya-ku, Saitama",Saitama
Keihin–Tōhoku Line,Tōhoku Main Line,JK46,Saitama-Shintoshin,さいたま新都心,1.6,1.6,28.7,●,"
JU Utsunomiya Line
JU Takasaki Line
","Ōmiya-ku, Saitama",Saitama
Keihin–Tōhoku Line,Tōhoku Main Line,JK45,Yono,与野,1.1,2.7,27.6,●, ,"Urawa-ku, Saitama",Saitama
Keihin–Tōhoku Line,Tōhoku Main Line,JK44,Kita-Urawa,北浦和,1.6,4.3,26.0,●, ,"Urawa-ku, Saitama",Saitama
Keihin–Tōhoku Line,Tōhoku Main Line,URWJK43,Urawa,浦和,1.8,6.1,24.2,●,"
JU Utsunomiya Line
JU Takasaki Line
JS Shōnan-Shinjuku Line
","Urawa-ku, Saitama",Saitama
Keihin–Tōhoku Line,Tōhoku Main Line,JK41,Warabi,蕨,2.8,10.6,19.7,●, ,Warabi,Saitama
Keihin–Tōhoku Line,Tōhoku Main Line,JK40,Nishi-Kawaguchi,西川口,1.9,12.5,17.8,●, ,Kawaguchi,Saitama
Keihin–Tōhoku Line,Tōhoku Main Line,JK39,Kawaguchi,川口,2.0,14.5,15.8,●, ,Kawaguchi,Saitama
Keihin–Tōhoku Line,Tōhoku Main Line,ABNJK38,Akabane,赤羽,2.6,17.1,13.2,●,"
JU Utsunomiya Line
JU Takasaki Line
JS Shōnan-Shinjuku Line
JA Saikyō Line
",Kita,Tokyo
Keihin–Tōhoku Line,Tōhoku Main Line,JK37,Higashi-Jūjō,東十条,1.8,18.9,11.4,●, ,Kita,Tokyo
Keihin–Tōhoku Line,Tōhoku Main Line,JK36,Ōji,王子,1.5,20.4,9.9,●,"
N Tokyo Metro Namboku Line (N-16)
SA Tokyo Sakura Tram (Oji-ekimae)
",Kita,Tokyo
Keihin–Tōhoku Line,Tōhoku Main Line,JK35,Kami-Nakazato,上中里,1.1,21.5,8.8,●, ,Kita,Tokyo
Keihin–Tōhoku Line,Tōhoku Main Line,JK34,Tabata,田端,1.7,23.2,7.1,■,JY Yamanote Line,Kita,Tokyo
Keihin–Tōhoku Line,Tōhoku Main Line,NPRJK32,Nippori,日暮里,0.5,24.5,5.8,｜,"
JY Yamanote Line
JJ Jōban Line (Rapid)
KS Keisei Main Line
NT Nippori-Toneri Liner (01)
",Arakawa,Tokyo
Keihin–Tōhoku Line,Tōhoku Main Line,JK31,Uguisudani,鶯谷,1.1,25.6,4.7,｜,JY Yamanote Line,Taitō,Tokyo
Keihin–Tōhoku Line,Tōhoku Main Line,JK29,Okachimachi,御徒町,0.6,27.3,3.0,▲,"
JY Yamanote Line
E Toei Oedo Line (Ueno-okachimachi, E-09)
G Tokyo Metro Ginza Line (Ueno-hirokoji, G-15)
H Tokyo Metro Hibiya Line (Naka-okachimachi, H-17)
",Taitō,Tokyo
Keihin–Tōhoku Line,Tōhoku Main Line,KNDJK27,Kanda,神田,0.7,29.0,1.3,■,"
JY Yamanote Line
JC Chūō Line
G Tokyo Metro Ginza Line (G-13)
",Chiyoda,Tokyo
Keihin–Tōhoku Line,Tōkaidō Main Line,JK25,Yūrakuchō,有楽町,0.8,31.1,0.8,｜,"
JY Yamanote Line
Y Tokyo Metro Yurakucho Line (Y-18)
H Tokyo Metro Hibiya Line (Hibiya, H-08)
C Tokyo Metro Chiyoda Line (Hibiya, C-09)
I Toei Mita Line (Hibiya, I-08)
",Tokyo,Chiyoda
Keihin–Tōhoku Line,Tōkaidō Main Line,HMCJK23,Hamamatsuchō,浜松町,1.2,33.4,3.1,■,"
JY Yamanote Line
MO Tokyo Monorail
A Toei Asakusa Line (Daimon, A-09)
E Toei Oedo Line (Daimon, E-20)
",Minato,Tokyo
Keihin–Tōhoku Line,Tōkaidō Main Line,JK22,Tamachi,田町,1.5,34.9,4.6,■,"
JY Yamanote Line
A Toei Asakusa Line (Mita, A-08)
I Toei Mita Line (Mita, I-04)
",Minato,Tokyo
Keihin–Tōhoku Line,Tōkaidō Main Line,TGWJK21,Takanawa Gateway ,高輪ゲートウェイ,1.3,36.2,5.9,●,"
JY Yamanote Line
A Toei Asakusa Line (Sengakuji: A-07)
KK Keikyu Main Line (Sengakuji)
",Minato,Tokyo
Keihin–Tōhoku Line,Tōkaidō Main Line,JK19,Ōimachi,大井町,2.4,39.5,9.2,●,"
OM Tōkyū Ōimachi Line
R Rinkai Line
",Shinagawa,Tokyo
Keihin–Tōhoku Line,Tōkaidō Main Line,JK18,Ōmori,大森,2.2,41.7,11.4,●, ,Ōta,Tokyo
Keihin–Tōhoku Line,Tōkaidō Main Line,JK14,Shin-Koyasu,新子安,3.1,55.1,24.8,●,KK Keikyu Main Line (Keikyū Shinkoyasu),"Kanagawa-ku, Yokohama",Kanagawa
