0,1,2,3,4,5
Irwin Winkler,2003,American Society of Cinematographers Awards,Board of Governors Award,—,Won
Irwin Winkler,2001,Aspen Filmfest,Audience Favorite Feature Award,Life as a House,Won
Irwin Winkler,2016,Awards Circuit Community Awards,Best Motion Picture,Silence,Nominated
Irwin Winkler,2015,Black Reel Awards,Outstanding Film,Creed,Won
Irwin Winkler,1990,British Academy Film Awards,Best Film,Goodfellas,Won
Irwin Winkler,1991,Cannes Film Festival,Palme d'Or,Guilty by Suspicion,Nominated
Irwin Winkler,2019,Chicago Indie Critics Awards,Best Studio Film,The Irishman,Nominated
Irwin Winkler,1989,Chicago International Film Festival,Lifetime Achievement Award,—,Won
Irwin Winkler,2015,Christopher Awards,Best Feature Film,Creed,Won
Irwin Winkler,1995,Deauville American Film Festival,Lifetime Achievement Award,—,Won
Irwin Winkler,2016,Gold Derby Awards,Best Motion Picture,Silence,Nominated
Irwin Winkler,1976,Golden Globe Awards,Best Motion Picture – Drama,Rocky,Won
Irwin Winkler,1980,Golden Globe Awards,Best Motion Picture – Drama,Raging Bull,Nominated
Irwin Winkler,1983,Golden Globe Awards,Best Motion Picture – Drama,The Right Stuff,Nominated
Irwin Winkler,1990,Golden Globe Awards,Best Motion Picture – Drama,Goodfellas,Nominated
Irwin Winkler,1999,Hollywood Film Awards,Outstanding Achievement in Producing,—,Won
Irwin Winkler,2008,Israel Film Festival,Lifetime Achievement Award,—,Won
Irwin Winkler,1999,Joseph Plateau Awards,Joseph Plateau Honorary Award,—,Won
Irwin Winkler,2006,National Board of Review Awards,Career Achievement Award in Producing,—,Won
Irwin Winkler,2019,Online Film & Television Association Awards,Best Picture,The Irishman,Nominated
Irwin Winkler,2002,Palm Springs International Film Festival,Lifetime Achievement Award,—,Won
Irwin Winkler,2016,Producers Guild of America Awards,David O. Selznick Achievement Award,—,Won
Irwin Winkler,1985,Stinkers Bad Movie Awards,Worst Picture,Revolution,Won
Irwin Winkler,2003,Swiss Film Fund,Helvetian Award for Extraordinary Artistic Achievement,—,Won
