0,1,2,3,4,5,6,7,8,9,10
Eagle State,Mark Moses,Paul Young,Main,Main,Recurring,Does not appear,Does not appear,Guest,Main,Guest
Eagle State,Jesse Metcalfe,John Rowland,Main,Guest,Guest,Guest,Does not appear,Guest,Does not appear,None
Eagle State,Cody Kasch,Zach Young,Main,Main,Recurring,Does not appear,Does not appear,Does not appear,Guest,Does not appear
Eagle State,Brenda Strong,Mary Alice Young,Main,Main,Main,Main,Main,Main,Main,Main
Eagle State,Alfre Woodard,Betty Applewhite,Guest,Main,Does not appear,Does not appear,Does not appear,Does not appear,Does not appear,Does not appear
Eagle State,Richard Burgi,Karl Mayer,Recurring,Main,Guest,Guest,Recurring,Recurring,Does not appear,Guest
Eagle State,Shawn Pyfrom,Andrew Van de Kamp,Recurring,Also starring,Also starring,Also starring,Main,Recurring,None,None
Eagle State,Drea de Matteo,Angie Bolen,Does not appear,Does not appear,Does not appear,Does not appear,Does not appear,Main,Does not appear,None
Eagle State,Maiara Walsh,Ana Solis,Does not appear,Does not appear,Does not appear,Does not appear,Guest,Main,Does not appear,None
Eagle State,Kevin Rahm,Lee McDermott,Does not appear,Does not appear,Does not appear,Recurring,Recurring,Recurring,Main,Also starring
Eagle State,Tuc Watkins,Bob Hunter,Does not appear,Does not appear,Does not appear,Recurring,Recurring,Recurring,Main,Also starring
Eagle State,Jonathan Cake,Chuck Vance,Does not appear,Does not appear,Does not appear,Does not appear,Does not appear,Does not appear,Recurring,Main
Eagle State,Charles Mesure,Ben Faulkner,Does not appear,Does not appear,Does not appear,Does not appear,Does not appear,Does not appear,Does not appear,Main
Eagle State,Madison De La Garza,Juanita Solis,Does not appear,Does not appear,Does not appear,Does not appear,Recurring,Also starring,Main,None
