0,1,2,3,4
Film Rites,1991,Awakenings,Writers Guild of America Award for Best Adapted Screenplay,Nominated
Film Rites,1994,Schindler's List,BAFTA Award for Best Adapted Screenplay,Won
Film Rites,1994,Schindler's List,Golden Globe Award for Best Screenplay,Won
Film Rites,1994,Schindler's List,Writers Guild of America Award for Best Adapted Screenplay,Won
Film Rites,1994,Schindler's List,Chicago Film Critics Association Award for Best Screenplay,Won
Film Rites,1999,A Civil Action,Writers Guild of America Award for Best Adapted Screenplay,Nominated
Film Rites,2003,Gangs of New York,BAFTA Award for Best Original Screenplay,Nominated
Film Rites,2003,Gangs of New York,Writers Guild of America Award for Best Original Screenplay,Nominated
Film Rites,2008,American Gangster,BAFTA Award for Best Original Screenplay,Nominated
Film Rites,2012,Moneyball,Golden Globe Award for Best Screenplay,Nominated
Film Rites,2012,Moneyball,BAFTA Award for Best Adapted Screenplay,Nominated
Film Rites,2012,Moneyball,Writers Guild of America Award for Best Adapted Screenplay,Nominated
Film Rites,2012,Moneyball,Critics' Choice Movie Award for Best Adapted Screenplay,Won
Film Rites,2012,Moneyball,Boston Society of Film Critics Award for Best Screenplay,Won
Film Rites,2012,Moneyball,Satellite Award for Best Adapted Screenplay,Nominated
Film Rites,2012,Moneyball,AACTA International Award for Best Screenplay,Nominated
Film Rites,2012,The Girl with the Dragon Tattoo,Writers Guild of America Award for Best Adapted Screenplay,Nominated
Film Rites,2017,The Night Of,"Directors Guild of America Award for Outstanding Directing – Miniseries or TV Film (Episode: ""The Beach"")",Won
Film Rites,2017,The Night Of,Primetime Emmy Award for Outstanding Limited Series,Nominated
Film Rites,2017,The Night Of,"Primetime Emmy Award for Outstanding Directing for a Miniseries, Movie or a Dramatic Special (Episode: ""The Beach"")",Nominated
Film Rites,2017,The Night Of,"Primetime Emmy Award for Outstanding Writing for a Limited Series, Movie or a Dramatic Special (Episode: ""The Call of the Wild"")",Nominated
Film Rites,2017,The Night Of,Writers Guild of America Award for Television: Long Form – Adapted,Nominated
Film Rites,2020,The Irishman,Academy Award for Best Adapted Screenplay,Nominated
Film Rites,2020,The Irishman,Golden Globe Award for Best Screenplay,Nominated
Film Rites,2020,The Irishman,BAFTA Award for Best Adapted Screenplay,Nominated
Film Rites,2020,The Irishman,Writers Guild of America Award for Best Adapted Screenplay,Nominated
Film Rites,2020,The Irishman,Critics' Choice Award for Best Adapted Screenplay,Nominated
Film Rites,2020,The Irishman,AACTA International Award for Best Screenplay,Nominated
