0,1,2,3,4,5
Calista flockhart,1998,Primetime Emmy Award,Outstanding Lead Actress in a Comedy Series,Ally McBeal,Nominated
Calista flockhart,1998,Golden Globe Award,Best Actress – Television Series Musical or Comedy,Ally McBeal,Won
Calista flockhart,1998,Screen Actors Guild Award,Outstanding Performance by a Female Actor in a Comedy Series,Ally McBeal,Nominated
Calista flockhart,1999,Primetime Emmy Award,Outstanding Lead Actress in a Comedy Series,Ally McBeal,Nominated
Calista flockhart,1999,Golden Globe Award,Best Actress – Television Series Musical or Comedy,Nominated,Ally McBeal
Calista flockhart,1999,Satellite Award,Best Actress – Television Series Musical or Comedy,Nominated,Ally McBeal
Calista flockhart,1999,Screen Actors Guild Award,Outstanding Performance by a Female Actor in a Comedy Series,Nominated,Ally McBeal
Calista flockhart,2000,Golden Globe Award,Best Actress – Television Series Musical or Comedy,Ally McBeal,Nominated
Calista flockhart,2000,People's Choice Awards,Favorite Female Television Performer,Won,Ally McBeal
Calista flockhart,2000,Satellite Award,Best Actress – Television Series Musical or Comedy,Nominated,Ally McBeal
Calista flockhart,2000,Screen Actors Guild Award,Outstanding Performance by a Female Actor in a Comedy Series,Nominated,Ally McBeal
Calista flockhart,2001,Primetime Emmy Award,Outstanding Lead Actress in a Comedy Series,Ally McBeal,Nominated
Calista flockhart,2001,Golden Globe Award,Best Actress – Television Series Musical or Comedy,Nominated,Ally McBeal
Calista flockhart,2001,Screen Actors Guild Award,Outstanding Performance by a Female Actor in a Comedy Series,Nominated,Ally McBeal
Calista flockhart,2002,Golden Globe Award,Best Actress – Television Series Musical or Comedy,Ally McBeal,Nominated
Calista flockhart,2016,Saturn Award,Best Supporting Actress On Television,Supergirl,Nominated
