0,1,2,3,4
Ostallgäu (electoral district),1949,Josef Spies,CSU,31.3
Ostallgäu (electoral district),1953,Josef Spies,CSU,57.7
Ostallgäu (electoral district),1957,Josef Spies,CSU,62.6
Ostallgäu (electoral district),1961,Josef Spies,CSU,60.5
Ostallgäu (electoral district),1965,Hans August Lücker,CSU,64.0
Ostallgäu (electoral district),1969,Hans August Lücker,CSU,64.0
Ostallgäu (electoral district),1972,Hans August Lücker,CSU,65.7
Ostallgäu (electoral district),1976,Hans August Lücker,CSU,69.9
Ostallgäu (electoral district),1980,Kurt Rossmanith,CSU,68.6
Ostallgäu (electoral district),1983,Kurt Rossmanith,CSU,71.5
Ostallgäu (electoral district),1987,Kurt Rossmanith,CSU,66.8
Ostallgäu (electoral district),1990,Kurt Rossmanith,CSU,60.8
Ostallgäu (electoral district),1994,Kurt Rossmanith,CSU,60.2
Ostallgäu (electoral district),1998,Kurt Rossmanith,CSU,56.9
Ostallgäu (electoral district),2002,Kurt Rossmanith,CSU,64.9
Ostallgäu (electoral district),2005,Kurt Rossmanith,CSU,60.9
