0,1,2,3,4,5
Kingston Upon Hull (UK Parliament constituency),April 1640,"Sir Henry Vane, junior",Parliamentarian,Sir John Lister,Parliamentarian
Kingston Upon Hull (UK Parliament constituency),November 1640,"Sir Henry Vane, junior",Parliamentarian,Sir John Lister  (died December 1640),Parliamentarian
Kingston Upon Hull (UK Parliament constituency),1641,"Sir Henry Vane, junior",Parliamentarian,Peregrine Pelham,Parliamentarian
Kingston Upon Hull (UK Parliament constituency),1650,"Sir Henry Vane, junior",Parliamentarian,"Pelham died 1650, seat vacant thereafter","Pelham died 1650, seat vacant thereafter"
Kingston Upon Hull (UK Parliament constituency),1653,Hull was unrepresented in Barebone's Parliament,Hull was unrepresented in Barebone's Parliament,Hull was unrepresented in Barebone's Parliament,Hull was unrepresented in Barebone's Parliament
Kingston Upon Hull (UK Parliament constituency),1654,William Lister,,Hull had only one seat in the First and Second Parliaments of the Protectorate,Hull had only one seat in the First and Second Parliaments of the Protectorate
Kingston Upon Hull (UK Parliament constituency),1656,William Lister,,Hull had only one seat in the First and Second Parliaments of the Protectorate,None
Kingston Upon Hull (UK Parliament constituency),January 1659,John Ramsden,,Andrew Marvell,
Kingston Upon Hull (UK Parliament constituency),May 1659,"Sir Henry Vane, junior",,One seat vacant,One seat vacant
Kingston Upon Hull (UK Parliament constituency),April 1660,John Ramsden,,Andrew Marvell,
Kingston Upon Hull (UK Parliament constituency),1661,Anthony Gilby,,Andrew Marvell,
Kingston Upon Hull (UK Parliament constituency),1678,Anthony Gilby,,William Ramsden,
Kingston Upon Hull (UK Parliament constituency),February 1679,Lemuel Kingdon,,William Ramsden,
Kingston Upon Hull (UK Parliament constituency),September 1679,Sir Michael Warton,,William Gee,
Kingston Upon Hull (UK Parliament constituency),1685,John Ramsden,,Sir Willoughby Hickman,
Kingston Upon Hull (UK Parliament constituency),1689,John Ramsden,,William Gee,
Kingston Upon Hull (UK Parliament constituency),1690,John Ramsden,,Charles Osborne,
Kingston Upon Hull (UK Parliament constituency),1695,Sir William St Quintin,Tory,Charles Osborne,
Kingston Upon Hull (UK Parliament constituency),1701,Sir William St Quintin,Tory,William Maister,Tory
Kingston Upon Hull (UK Parliament constituency),1717,Sir William St Quintin,Tory,Nathaniel Rogers,
Kingston Upon Hull (UK Parliament constituency),1724,George Crowle,,Nathaniel Rogers,
Kingston Upon Hull (UK Parliament constituency),1727,George Crowle,,Joseph Micklethwaite,
Kingston Upon Hull (UK Parliament constituency),February 1734 by-election,George Crowle,,Henry Maister,
Kingston Upon Hull (UK Parliament constituency),1741,George Crowle,,William Carter,
Kingston Upon Hull (UK Parliament constituency),1744 by-election,George Crowle,,Harry Pulteney,
Kingston Upon Hull (UK Parliament constituency),1747,Lord Robert Manners,Tory,Thomas Carter,
Kingston Upon Hull (UK Parliament constituency),1754 by-election,Lord Robert Manners,Tory,Richard Crowle,
Kingston Upon Hull (UK Parliament constituency),1757 by-election,Lord Robert Manners,Tory,Sir George Metham,
Kingston Upon Hull (UK Parliament constituency),1766 by-election,Lord Robert Manners,Tory,William Weddell,
Kingston Upon Hull (UK Parliament constituency),1774,Lord Robert Manners,Tory,David Hartley,Rockingham Whig
Kingston Upon Hull (UK Parliament constituency),1780,Lord Robert Manners,Tory,William Wilberforce,Tory
Kingston Upon Hull (UK Parliament constituency),1782 by-election,David Hartley,Rockingham Whig,William Wilberforce,Tory
Kingston Upon Hull (UK Parliament constituency),March 1784,Samuel Thornton,Tory,William Wilberforce,Tory
Kingston Upon Hull (UK Parliament constituency),June 1784 by-election,Samuel Thornton,Tory,Walter Spencer-Stanhope,Tory
Kingston Upon Hull (UK Parliament constituency),1790,Samuel Thornton,Tory,Aubrey Beauclerk,
Kingston Upon Hull (UK Parliament constituency),1796,Samuel Thornton,Tory,Sir Charles Turner,
Kingston Upon Hull (UK Parliament constituency),1802,Samuel Thornton,Tory,John Staniforth,Tory
Kingston Upon Hull (UK Parliament constituency),1806,William Joseph Denison,Whig,John Staniforth,Tory
Kingston Upon Hull (UK Parliament constituency),1807,Philip Stanhope,Whig,John Staniforth,Tory
Kingston Upon Hull (UK Parliament constituency),1812,George Denys,Tory,John Staniforth,Tory
Kingston Upon Hull (UK Parliament constituency),1818,John Mitchell,Tory,James Graham,Whig
Kingston Upon Hull (UK Parliament constituency),1820,John Mitchell,Tory,Daniel Sykes,Whig
Kingston Upon Hull (UK Parliament constituency),1826,John O'Neill,Tory,Daniel Sykes,Whig
Kingston Upon Hull (UK Parliament constituency),1830,George Schonswar,Tory,William Battie-Wrightson,Whig
Kingston Upon Hull (UK Parliament constituency),June 1835 by-election,Thomas Perronet Thompson,Radical,William Hutt,Radical
Kingston Upon Hull (UK Parliament constituency),1837,Sir Walter James,Conservative,William Wilberforce,Conservative
Kingston Upon Hull (UK Parliament constituency),1838,Sir Walter James,Conservative,William Hutt,Radical
Kingston Upon Hull (UK Parliament constituency),1841,Sir Walter James,Conservative,Sir John Hanmer,Conservative
Kingston Upon Hull (UK Parliament constituency),1854 by-election,William Digby Seymour,Radical,William Henry Watson,Whig
Kingston Upon Hull (UK Parliament constituency),February 1857 by-election,William Digby Seymour,Radical,James Clay,Radical
Kingston Upon Hull (UK Parliament constituency),August 1859 by-election,Joseph Somes,Conservative,James Clay,Liberal
Kingston Upon Hull (UK Parliament constituency),1873 by-election,Charles Morgan Norwood,Liberal,Joseph Walker Pease,Conservative
Kingston Upon Hull (UK Parliament constituency),1874,Charles Morgan Norwood,Liberal,Charles Wilson,Liberal
