0,1,2,3,4,5
Theo Angelopoulos,1968,Thessaloniki,Hellenic Association of Film Critics – Best Short Fiction,The Broadcast,Won
Theo Angelopoulos,1970,Thessaloniki,Best Greek Art Film,Reconstitution,Won
Theo Angelopoulos,1970,Thessaloniki,Best Greek New Director,Reconstitution,Won
Theo Angelopoulos,1970,Thessaloniki,Hellenic Association of Film Critics – Best Film,Reconstitution,Won
Theo Angelopoulos,1971,Berlinale,FIPRESCI – Special Mention,Reconstitution,Won
Theo Angelopoulos,1971,Georges Sadoul,Best Film of the Year Shown in France,Reconstitution,Won
Theo Angelopoulos,1971,Hyères,Best Foreign Film,Won,None
Theo Angelopoulos,1972,Thessaloniki,Best Greek Director,Days of '36,Won
Theo Angelopoulos,1973,Berlinale,FIPRESCI – Forum of New Cinema,Days of '36,Won
Theo Angelopoulos,1975,Cannes,FIPRESCI (Parallel Sections),The Travelling Players,Won
Theo Angelopoulos,1975,Berlinale,Interfilm Award – Forum of New Cinema,The Travelling Players,Won
Theo Angelopoulos,1975,Thessaloniki,Best Greek Film,The Travelling Players,Won
Theo Angelopoulos,1975,Thessaloniki,Best Greek Director,The Travelling Players,Won
Theo Angelopoulos,1975,Thessaloniki,Best Greek Screenplay,The Travelling Players,Won
Theo Angelopoulos,1977,Cannes,Palme d'Or,The Hunters,Nominated
Theo Angelopoulos,1978,Chicago,Golden Hugo for Best Film,The Hunters,Won
Theo Angelopoulos,1980,Kinema Junpo,Best Foreign Language Film Director,The Travelling Players,Won
Theo Angelopoulos,1980,Japanese Academy,Best Foreign Language Film,The Travelling Players,Nominated
Theo Angelopoulos,1980,Venice,FIPRESCI,Alexander the Great,Won
Theo Angelopoulos,1980,Thessaloniki,Best Greek Film,Alexander the Great,Won
Theo Angelopoulos,1980,Thessaloniki,Hellenic Association of Film Critics – Best Film,Alexander the Great,Won
Theo Angelopoulos,1984,Cannes,Palme d'Or,Voyage to Cythera,Nominated
Theo Angelopoulos,1984,FIPRESCI,International Critic's Prize,Voyage to Cythera,Won
Theo Angelopoulos,1984,Rio,Critics' Award,Voyage to Cythera,Won
Theo Angelopoulos,1986,Venice,Golden Lion,The Beekeeper,Nominated
Theo Angelopoulos,1989,Berlinale,Interfilm Award – Forum of New Cinema,Landscape in the Mist,Won
Theo Angelopoulos,1991,Cannes,Palme d'Or,The Suspended Step of the Stork,Nominated
Theo Angelopoulos,1991,Chicago,Golden Hugo for Best Director,Landscape in the Mist,Won
Theo Angelopoulos,1995,Cannes,Palme d'Or,Ulysses' Gaze,Nominated
Theo Angelopoulos,1995,Cannes,International Critics' Prize,Ulysses' Gaze,Won
Theo Angelopoulos,1995,EFA,FIPRESCI – FELIX of the Critics,Ulysses' Gaze,Won
Theo Angelopoulos,1996,FSCC,Prix Léon Moussinac – Best Foreign Film,Ulysses' Gaze,Won
Theo Angelopoulos,1996,INSFJ,Best Foreign Film Director,Ulysses' Gaze,Won
Theo Angelopoulos,1997,Goya,Best European Film,Ulysses' Gaze,Nominated
Theo Angelopoulos,1997,Mainichi,Best Foreign Language Film,Ulysses' Gaze,Won
Theo Angelopoulos,1997,Sant Jordi,Best Foreign Film,Ulysses' Gaze,Won
Theo Angelopoulos,1997,Turia,Best Foreign Film,Ulysses' Gaze,Won
Theo Angelopoulos,1998,Cannes,Prize of the Ecumenical Jury,Eternity and a Day,Won
Theo Angelopoulos,1998,São Paulo,Audience Award – Best Feature,Ulysses' Gaze,3
Theo Angelopoulos,1998,Thessaloniki,Best Greek Film,Eternity and a Day,Won
Theo Angelopoulos,1998,Thessaloniki,Best Greek Director,Eternity and a Day,Won
Theo Angelopoulos,1998,Thessaloniki,Best Greek Screenplay,Eternity and a Day,Won
Theo Angelopoulos,1999,ACCA,Silver Condor for Best Foreign Film,Ulysses' Gaze,Won
Theo Angelopoulos,2001,ACCA,Silver Condor for Best Foreign Film,Eternity and a Day,Won
Theo Angelopoulos,2004,Berlinale,Golden Bear,Trilogy: The Weeping Meadow,Nominated
Theo Angelopoulos,2004,EFA,European Film Award for Best Film,Trilogy: The Weeping Meadow,Nominated
Theo Angelopoulos,2004,EFA,Audience Award,Trilogy: The Weeping Meadow,Nominated
Theo Angelopoulos,2004,EFA,FIPRESCI – European Film Academy Critics,Trilogy: The Weeping Meadow,Won
Theo Angelopoulos,2005,Fajr,Special Jury Prize – Spiritual Competition,Trilogy: The Weeping Meadow,Won
