0,1,2,3,4,5
Primetime Emmy Award for Outstanding Animated Program (for Programming One Hour or More),2000(52nd),The Simpsons,"""Behind the Laughter""","Matt Groening, James L. Brooks, Al Jean & Sam Simon, executive producers; Mike Scully & George Meyer, executive producers/writers; Ian Maxtone-Graham, Ron Hauge, Dan Greaney, Frank Mula & Rob LaZebnik, co-executive producers; Julie Thacker & Larina Jean Adamson, supervising producers; Bonita Pietila, Carolyn Omine, Denise Sirkot, Don Payne, Richard Raynis, Richard Sakai, Tom Martin, John Frink & Larry Doyle, producers; Matt Selman, producer/writer; David Pritchard & Lolee Aries, animation executive producers; Michael Wolf, animation producer; Tim Long, writer; Jim Reardon, supervising director; Mark Kirkland, director",Fox
Primetime Emmy Award for Outstanding Animated Program (for Programming One Hour or More),2000(52nd),Downtown,"""Before and After""","Abby Terkuhle, executive producer; John Lynn, supervising producer; David McGrath, producer; Eric Friedman, writer; Chris Prynoski, supervising director; Tony Kluck, director",MTV
Primetime Emmy Award for Outstanding Animated Program (for Programming One Hour or More),2000(52nd),Family Guy,"""Road to Rhode Island""","Seth MacFarlane & David Zuckerman, executive producers; Craig Hoffman, Daniel Palladino & Danny Smith, co-executive producers; Billiam Coronel, Matt Weitzman, Mike Barker and Sherry Gunther, producers; Gary Janetti, writer; Pete Michels and Peter Shin, supervising directors; Dan Povenmire, director",Fox
Primetime Emmy Award for Outstanding Animated Program (for Programming One Hour or More),2000(52nd),The Powerpuff Girls,"""Beat Your Greens"" / ""Down 'n Dirty""","Genndy Tartakovsky, supervising producer; Craig McCracken & Randy Myers, directors; John McIntyre, writer/director; Amy Keating Rogers, writer; Robert Alvarez, animation directors",Cartoon Network
Primetime Emmy Award for Outstanding Animated Program (for Programming One Hour or More),2000(52nd),South Park,"""Chinpokomon""","Trey Parker, executive producer/writer/director; Matt Stone, Anne Garefino & Deborah Liebling, executive producers; Frank C. Agnone II, producer; Eric Stough, animation director",Comedy Central
Primetime Emmy Award for Outstanding Animated Program (for Programming One Hour or More),2000(52nd),Walking with Dinosaurs,Walking with Dinosaurs,"John Lynch & Tomi Bednar Landis, executive producers; Tim Haines & Jasper James, producers/directors; Georgann Kane, writer; Mike Milne, computer animation director",Discovery Channel
Primetime Emmy Award for Outstanding Animated Program (for Programming One Hour or More),2000(52nd),"Olive, the Other Reindeer","Olive, the Other Reindeer","Matt Groening, Drew Barrymore, Nancy Juvonen & Claudia De La Roca, executive producers; Alex Johns, producer; John A. Davis, animation director/producer; Keith Alcorn, animation producer; Steve Young, writer; Steve Moore, director",Fox
Primetime Emmy Award for Outstanding Animated Program (for Programming One Hour or More),2001(53rd),As Told by Ginger,"""Hello Stranger""","Arlene Klasky & Gabor Csupo, executive producers; Eryk Casemiro, co-executive producer; Cella Nichols Duffy, supervising producer; Kate Boutilier, Maureen Iser & Sylvia Keulen, producers; Emily Kapnek, writer; Mark Risley, director",Nickelodeon
Primetime Emmy Award for Outstanding Animated Program (for Programming One Hour or More),2001(53rd),Futurama,"""Amazon Women in the Mood""","Matt Groening & David X. Cohen, executive producers; Ken Keeler & Eric Horsted, co-executive producers; Lew Morton, Patric Verrone & J. Stewart Burns, supervising producers; Bill Odenkirk, Eric Kaplan, Brian J. Cowan & Claudia Katz, producers; Rich Moore, supervising director; Gregg Vanzo, animation executive producer; Brian Sheesley, director",Fox
Primetime Emmy Award for Outstanding Animated Program (for Programming One Hour or More),2001(53rd),King of the Hill,"""Chasing Bobby""","Mike Judge, Greg Daniels, Richard Appel, Howard Klein & Michael Rotenberg, executive producers; Jonathan Aibel and Glenn Berger, Alan R. Cohen, Alan Freedland, Norm Hiscock & Paul Lieberstein, co-executive producers; Johnny Hardwick, Jim Dauterive, John Altschuler & Dave Krinsky, supervising producers; Joseph A. Boucher & Mark McJimsey, produced by; Garland Testa, producer/writer; Alex Gregory & Peter Huyck, producers; Klay Hall & John Rice, supervising directors; Tricia Garcia, director; John W. Hyde, animation executive producer; Michael Wolf, animation producer; Hall & Rice, supervising directors; Anthony Lioi, director",Fox
Primetime Emmy Award for Outstanding Animated Program (for Programming One Hour or More),2001(53rd),The Powerpuff Girls,"""Moral Decay"" / ""Meet the Beat Alls""","Craig McCracken, executive producer/writer/director; Genndy Tartakovsky, supervising producer; Amy Keating Rogers & Lauren Faust, writers; John McIntyre & Robert Alvarez, directors",Cartoon Network
Primetime Emmy Award for Outstanding Animated Program (for Programming One Hour or More),2001(53rd),Allosaurus: A Walking with Dinosaurs Special,Allosaurus: A Walking with Dinosaurs Special,"Mick Kaczorowski, executive producer; Sharon Reed and William Sargent, animation executive producers; Tim Haines, animation producer; Mike Milne, animation director; Kate Bartlett & Michael Olmert, writers",Discovery Channel
Primetime Emmy Award for Outstanding Animated Program (for Programming One Hour or More),2002(54th),Futurama,"""Roswell That Ends Well""","Matt Groening & David X. Cohen, executive producers; Ken Keeler & Eric Horsted, co-executive producers; Lew Morton and Patric Verrone, supervising producers; J. Stewart Burns, supervising producer/writer; Bill Odenkirk, Eric Kaplan & Brian J. Cowan & Claudia Katz, producers; Rich Moore, supervising director; Gregg Vanzo, animation executive producer",Fox
Primetime Emmy Award for Outstanding Animated Program (for Programming One Hour or More),2002(54th),As Told by Ginger,"""Lunatic Lake""","Arlene Klasky & Gabor Csupo, executive producers; Eryk Casemiro, co-executive producer/writer; Emily Kapnek, co-executive producer; Cella Nichols Duffy, Jim Duffy & Mark Risley, supervising producers; Maureen Iser, produced by; Michael Daedalus Kenny, director; Mike Svayko, Jeffrey Perlmutter & Barbara Ann Duffy, animation timing supervisors",Nickelodeon
Primetime Emmy Award for Outstanding Animated Program (for Programming One Hour or More),2002(54th),King of the Hill,"""Bobby Goes Nuts""","Mike Judge, Greg Daniels, Richard Appel, Howard Klein & Michael Rotenberg, executive producers; Jonathan Aibel and Glenn Berger, Alan R. Cohen & Alan Freedland, co-executive producers; Norm Hiscock, co-executive producer/writer; Johnny Hardwick, Jim Dauterive, John Altschuler & Dave Krinsky, supervising producers; Joseph A. Boucher & Mark McJimsey, produced by; Garland Testa, Alex Gregory, Peter Huyck, Sivert Glarum, Michael Jamin, Kit Boss & Dean Young, producers; Klay Hall & John Rice, supervising directors; Tricia Garcia, director; John W. Hyde, animation executive producer; Michael Wolf, animation producer",Fox
Primetime Emmy Award for Outstanding Animated Program (for Programming One Hour or More),2002(54th),South Park,"""Osama bin Laden Has Farty Pants""","Trey Parker, executive producer/writer/director; Matt Stone, Anne Garefino & Deborah Liebling, executive producers; Jennifer Howell, supervising producer; Frank C. Agnone II, producer; Eric Stough, animation director; David R. Goodman, Kyle McCulloch, Nancy Pimental & Erica Rivinoja, writers",Comedy Central
Primetime Emmy Award for Outstanding Animated Program (for Programming One Hour or More),2002(54th),Walking with Prehistoric Beasts,Walking with Prehistoric Beasts,"Tim Haines & Mick Kaczorowski, executive producers; Jasper James, producer/writer; Nigel Paterson, producer/director/writer; Sharon Reed & William Sargent, computer animation executive producers; Mike Milne, computer animation director; Kate Bartlett & Michael Olmert, writers",Discovery Channel
Primetime Emmy Award for Outstanding Animated Program (for Programming One Hour or More),2002(54th),Samurai Jack,"""The Premiere Movie""","Genndy Tartakovsky, executive producer/writer director; Brian A. Miller, supervising producer; Paul Rudish, writer; Yu Mun Jeong, Chang Yul Jung & Jae Bong Koh, animation directors",Cartoon Network
Primetime Emmy Award for Outstanding Animated Program (for Programming One Hour or More),2002(54th),When Dinosaurs Roamed America,When Dinosaurs Roamed America,"Pierre de Lespinois, executive producer/director; Fran Lo Cascio & Tomi Bednar Landis, executive producers; John Copeland, produced by; Georgann Kane, writer; Don Waller, animation director",Discovery Channel
Primetime Emmy Award for Outstanding Animated Program (for Programming One Hour or More),2003(55th),As Told by Ginger,"""And She Was Gone""","Arlene Klasky & Gabor Csupo, executive producers; Eryk Casemiro, co-executive producer; Emily Kapnek, co-executive producer/writer; Cella Nichols Duffy and Jim Duffy, supervising producers; Maureen Iser, produced by; Mark Risley, supervising director/director; Jeffrey Perlmutter, supervising assistant director; Mike Svayko, animation timing supervisor",Nickelodeon
Primetime Emmy Award for Outstanding Animated Program (for Programming One Hour or More),2003(55th),Futurama,"""Jurassic Bark""","Matt Groening, David X. Cohen & Ken Keeler, executive producers; David A. Goodman, co-executive producer; Eric Kaplan, supervising producer/writer; Patric Verrone & Bill Odenkirk, supervising producers; Eric Horsted, Michael Rowe, Brian J. Cowan & Claudia Katz, producers; Gregg Vanzo, animation executive producer; Rich Moore, supervising director; Scott Vanzo, director of computer graphics; Swinton O. Scott III, director; Celeste Mari Williams, animation timer",Fox
Primetime Emmy Award for Outstanding Animated Program (for Programming One Hour or More),2003(55th),Kim Possible,"""Crush""","Robert Schooley & Mark McCorkle, executive producers/writers; Chris Bailey, executive producer/director; J.K. Kim, Bob Treat & Marsh Lamore, timing directors",Disney Channel
Primetime Emmy Award for Outstanding Animated Program (for Programming One Hour or More),2003(55th),SpongeBob SquarePants,"""New Student Starfish"" / ""Clams""","Stephen Hillenburg, executive producer; Derek Drymon, supervising producer; Paul Tibbitt, Kent Osborne, Mark O'Hare, Jay Lender & Sam Henderson, written by; Tom Yasumi & Sean Dempsey, animation directors; Alan Smart, supervising director; Juli Murphy, sheet timer",Nickelodeon
Primetime Emmy Award for Outstanding Animated Program (for Programming One Hour or More),2003(55th),Chased by Dinosaurs,Chased by Dinosaurs,"Gaynelle Evans, executive producer; Adam Kemp, BBC executive producer; Tim Haines & Jasper James, producers/directors/writers; Mike Milne, director of CGI; Sharon Reed, William Sargent and Fiona Walkinshaw, executive producers of CGI",Discovery Channel
Primetime Emmy Award for Outstanding Animated Program (for Programming One Hour or More),2004(56th),Samurai Jack,"""The Birth of Evil""","Genndy Tartakovsky, executive producer/producer/written by/directed by; Brian A. Miller, supervising producer; Don Shank, written by; Robert Alvarez, directed by/sheet timing; Randy Myers, directed by; Yu Mun Jeong and Bong Koh Jae, animation directors; James T. Walker, sheet timing",Cartoon Network
Primetime Emmy Award for Outstanding Animated Program (for Programming One Hour or More),2004(56th),Futurama,"""The Sting""","Matt Groening, David X. Cohen and Ken Keeler, executive producers; David A. Goodman, co-executive producer; Patric Verrone, supervising producer/written by; Eric Kaplan and Bill Odenkirk, supervising producers; Michael Rowe & Brian J. Cowan, producers; Claudia Katz, produced by; Gregg Vanzo, animation executive producer; Rich Moore, supervising director; Scott Vanzo, director of computer graphics; Brian Sheesley, director; Stephanie Arnett, assistant director",Fox
Primetime Emmy Award for Outstanding Animated Program (for Programming One Hour or More),2004(56th),South Park,"""It's Christmas in Canada""","Trey Parker, executive producer/writer/director; Matt Stone & Anne Garefino, executive producers; Jennifer Howell, supervising producer; Frank C. Agnone II, producer; Eric Stough, director of animation",Comedy Central
Primetime Emmy Award for Outstanding Animated Program (for Programming One Hour or More),2004(56th),SpongeBob SquarePants,"""Ugh""","Stephen Hillenburg, executive producer; Derek Drymon, supervising producer; Paul Tibbitt & Kent Osborne, written by; Andrew Overtoom, animation director; Alan Smart, supervising director; Juli Murphy, sheet timer",Nickelodeon
Primetime Emmy Award for Outstanding Animated Program (for Programming One Hour or More),2004(56th),Star Wars: Clone Wars,"""Chapters 1-20""","Claudia Katz & Brian A. Miller, executive producers; Genndy Tartakovsky, produced by/directed by/story by/animation director; Geraldine Symon, producer; Jennifer Pelphrey, supervising producer; Bryan Andrews, Mark Andrews, Darrick Bachman & Paul Rudish, story by; Scott Vanzo, director of computer animation; Yu Mun Jeong, animation director; Robert Alvarez, sheet timer",Cartoon Network
Primetime Emmy Award for Outstanding Animated Program (for Programming One Hour or More),2004(56th),The Powerpuff Girls,"""'Twas the Fight Before Christmas""","Craig McCracken, executive producer; Chris Savino, producer; Brian A. Miller, supervising producer; Lauren Faust, written by/supervising director; Craig Lewis, written by; Amy Keating Rogers, story by; Robert Alvarez, John McIntyre & Randy Myers, animation directors; James T. Walker & Juli Murphy, sheet timers",Cartoon Network
Primetime Emmy Award for Outstanding Animated Program (for Programming One Hour or More),2005(57th),South Park,"""Best Friends Forever""","Trey Parker, executive producer/writer/director; Matt Stone & Anne Garefino, executive producers; Jennifer Howell, supervising producer; Frank C. Agnone II, producer; Eric Stough, director of animation",Comedy Central
Primetime Emmy Award for Outstanding Animated Program (for Programming One Hour or More),2005(57th),Family Guy,"""North by North Quahog""","Seth MacFarlane, executive producer/writer; David A. Goodman & Chris Sheridan, executive producers; Danny Smith, co-executive producer; Kara Vallow, producer; Shannon Smith, animation producer; Peter Shin, supervising director/director; Greg Colton, assistant director",Fox
Primetime Emmy Award for Outstanding Animated Program (for Programming One Hour or More),2005(57th),Samurai Jack,"""The Four Seasons of Death""","Genndy Tartakovsky, executive producer/producer/directed by; Brian A. Miller, supervising producer; Bryan Andrews & Mark Andrews, written by; Hueng-soon Park & Kwang-bae Park, animation directors; Randy Myers, directed by; James T. Walker, sheet timing",Cartoon Network
Primetime Emmy Award for Outstanding Animated Program (for Programming One Hour or More),2005(57th),SpongeBob SquarePants,"""Fear of a Krabby Patty"" / ""Shell of Man""","Stephen Hillenburg, executive producer; Paul Tibbitt, supervising producer/written by/director; Mike Bell & C. H. Greenblatt, written by/storyboard directors; Vincent Waller, storyboard director; Alan Smart & Tom Yasumi, animation directors",Nickelodeon
Primetime Emmy Award for Outstanding Animated Program (for Programming One Hour or More),2005(57th),Star Wars: Clone Wars,"""Chapters 21-25""","Claudia Katz & Brian A. Miller, executive producers; Jennifer Pelphrey, supervising producer; Shareena Carlson & Geraldine Symon, producers; Genndy Tartakovsky, produced by/directed by/story by/animation direction; Bryan Andrews, Darrick Bachman & Paul Rudish, story by; Yu Mun Jeong, supervising director; Dong Soo Lee & Jong Ho Kim, directors; Scott Vanzo, director of computer animation; Robert Alvarez & Randy Myers, sheet timers",Cartoon Network
Primetime Emmy Award for Outstanding Animated Program (for Programming One Hour or More),2005(57th),Dragons: A Fantasy Made Real,Dragons: A Fantasy Made Real,"David McNab, executive producer/story by/written by; John Smithson, Alice Keens-Soper, Rola Bauer & Tim Halkin, executive producers; Ceri Barnes, produced by; Charlie Foley, story by/written by; Justin Hardy, story by/written by/directed by; Kevin Tao Mohs, story by/co-writer; Aidan Woodward, co-writer; Mike Milne, director of computer animation",Animal Planet
Primetime Emmy Award for Outstanding Animated Program (for Programming One Hour or More),2006(58th),Camp Lazlo,"""Hello Dolly / Over Cooked Beans""","Joe Murray & Brian A. Miller, executive producers; Mark O'Hare & Jennifer Pelphrey, supervising producers; Shareena Carlson, producer; Merriwether Williams, Steve Little & Kazimieras G. Prapuolenis, story by; Mike Roth & Clay Morrow, written by/storyboard directors; Kent Osborne & Cosmo Segurson, written by; Brian Sheesley, supervising director/directed by; Lindsey Pollard, Jon Ho Kim & Dong-kun Won, animation directors; Phil Cummings & Maureen Mlynarczyk, sheet timers",Cartoon Network
Primetime Emmy Award for Outstanding Animated Program (for Programming One Hour or More),2006(58th),Family Guy,"""PTV""","Seth MacFarlane, David A. Goodman & Chris Sheridan, executive producers; Danny Smith, co-executive producer; Michael Rowe, supervising producer; Kara Vallow, producer; Shannon Smith, animation producer; Alec Sulkin & Wellesley Wild, written by; Peter Shin, supervising director; Dan Povenmire, director; Chris Robertson, assistant director; Andi Klein, timing supervisor",Fox
Primetime Emmy Award for Outstanding Animated Program (for Programming One Hour or More),2006(58th),Foster's Home for Imaginary Friends,"""Go Goo Go""","Craig McCracken, executive producer/director; Brian A. Miller, executive producer; Lauren Faust, supervising producer/animation director/written by; Jennifer Pelphrey, supervising producer; Vincent Aniceto, producer; Robert Alvarez & Eric Pringle, animation directors",Cartoon Network
Primetime Emmy Award for Outstanding Animated Program (for Programming One Hour or More),2006(58th),South Park,"""Trapped in the Closet""","Trey Parker, executive producer/writer/director; Matt Stone & Anne Garefino, executive producers; Frank C. Agnone II, producer; Eric Stough, director of animation",Comedy Central
Primetime Emmy Award for Outstanding Animated Program (for Programming One Hour or More),2006(58th),Before the Dinosaurs,Before the Dinosaurs,"Adam Kemp, Tim Haines & Gaynelle Evans, executive producers; Fiona Walkinshaw & William Sargent, executive producers of computer animation; Chloë Leland, producer/director; Greg Smith, producer; Michael Olmert, writer; Mike Milne, director of computer animation",Discovery Channel
Primetime Emmy Award for Outstanding Animated Program (for Programming One Hour or More),2006(58th),My Life as a Teenage Robot,"""Escape from Cluster Prime""","Rob Renzetti, executive producer/director/original story/written by; Fred Seibert, executive producer; Scott D. Peterson, original story/written by; Alex Kirwan, original story; Brandon Kruse, Heather Martinez, Chris Reccardi & Bryan Andrews, written by; Chris Savino, director; Robert Alvarez, sheet timer",Nickelodeon
Primetime Emmy Award for Outstanding Animated Program (for Programming One Hour or More),2007(59th),South Park,"""Make Love, Not Warcraft""","Trey Parker, executive producer/writer/director; Matt Stone & Anne Garefino, executive producers; Frank C. Agnone II, supervising producer; Kyle McCulloch, producer; Eric Stough, director of animation",Comedy Central
Primetime Emmy Award for Outstanding Animated Program (for Programming One Hour or More),2007(59th),Avatar: The Last Airbender,"""City of Walls and Secrets""","Michael Dante DiMartino, Bryan Konietzko & Eric Coleman, executive producers; Aaron Ehasz, co-executive producer/head writer; Tim Hedrick, written by; Lauren MacMullan, directed by; Yu Jae Myoung, animation director/timing director",Nickelodeon
Primetime Emmy Award for Outstanding Animated Program (for Programming One Hour or More),2007(59th),Robot Chicken,"""Lust for Puppets""","Seth Green, executive producer/writer/director; Matthew Senreich, executive producer/writer; Keith Crofford & Mike Lazzo, executive producers; Alexander Bulkley and Corey Campodonico, producers; Tom Root & Douglas Goldstein, head writers; Hugh Davidson, Jordan Allen-Dutton, Mike Fasolo, Dan Milano & Eric Weiner, writers",Adult Swim
Primetime Emmy Award for Outstanding Animated Program (for Programming One Hour or More),2007(59th),SpongeBob SquarePants,"""Bummer Vacation"" / ""Wigstruck""","Stephen Hillenburg, executive producer; Paul Tibbitt, supervising producer; Tom Yasumi, animation director/timer; Alan Smart, supervising director/animation director/timer; Casey Alexander, Chris Mitchell, Luke Brookshier & Tom King, storyboard directors/written by; Dani Michaeli, written by; Andrew Overtoom, timer",Nickelodeon
Primetime Emmy Award for Outstanding Animated Program (for Programming One Hour or More),2007(59th),Camp Lazlo,"""Where's Lazlo?""","Joe Murray, executive producer/story by/written by/directed by; Brian A. Miller, executive producer; Mark O'Hare, supervising producer/story by/written by/directed by; Jennifer Pelphrey, supervising producer; Janet Dimon, producer; Brian Sheesley, supervising director/directed by; Won Dong Kun, animation director; Merriwether Williams, story by; Russell Calabrese, Phil Cummings, Lindsey Pollard & Swinton O. Scott III, timers",Cartoon Network
Primetime Emmy Award for Outstanding Animated Program (for Programming One Hour or More),2007(59th),Foster's Home for Imaginary Friends,"""Good Wilt Hunting""","Craig McCracken, executive producer/directed by/story by; Brian A. Miller, executive producer; Jennifer Pelphrey, supervising producer; Lauren Faust, supervising producer/written by/story by; Vincent Aniceto, producer; Michelle Papandrew, animation producer; Darrick Bachman & Craig Lewis, story by; Robert Alvarez, Eric Pringle & Robert Cullen, animation direction",Cartoon Network
Primetime Emmy Award for Outstanding Animated Program (for Programming One Hour or More),2007(59th),Hellboy Animated: Sword of Storms,Hellboy Animated: Sword of Storms,"Mike Richardson, Lloyd Levin, Stephen Brown, Morris Berger & John W. Hyde, executive producers; Mike Wolf, animation executive producer; Stephanie Elliott, animation producer; Tad Stones, supervising producer/director/story by/screenplay by; Scott Greenberg, Scott Hemming & Sidney Clifton, producers; Phil Weinstein, director; Mike Mignola, story by; Matt Wayne, screenplay by; Gordon Kent & Art Vitello, animation timing directors; Russell Calabrese, Eddy Houchins, Tim Walker & Junja Wolf, timers",Cartoon Network
Primetime Emmy Award for Outstanding Animated Program (for Programming One Hour or More),2007(59th),Secrets of the Deep,Secrets of the Deep,"Tim Haines, Martin Davidson & Gaynelle Evans, executive producers; Kera Rennert, producer; Ceri Barnes, produced by; Nik Sopwith, story by; Jamie Smith, written by; David Allen, directed by; Mike Milne, director of computer animation",Discovery Channel
Primetime Emmy Award for Outstanding Animated Program (for Programming One Hour or More),2008(60th),Creature Comforts America,"""Don't Choke To Death, Please""","Kit Boss, Miles Bullough, Ellen Goldsmith-Vein, Peter Lord, Nick Park & David Sproxton, executive producers; Peter McHugh, co-executive producer; Jacqueline White, supervising producer; Kenny Micka & Gareth Owen, producers; Merlin Crossingham & Dave Osmand, directors; Richard Goleszowski, supervising director",CBS
Primetime Emmy Award for Outstanding Animated Program (for Programming One Hour or More),2008(60th),King of the Hill,"""Death Picks Cotton""","Mike Judge, Greg Daniels, Dave Krinsky, Jim Dauterive & Garland Testa, executive producers; John Altschuler, executive producer/writer; Paul Corrigan & Brad Walsh, co-executive producers; Tony Gama-Lobo, Rebecca May, Christy Stratton & Joe Boucher, supervising producers; Mark McJimsey, producer; Malisa Caroselli, animation executive producer; Stephanie Elliott, animation producer; Judah Miller & Murray Miller, writers; Tony Kluck, director; Wes Archer, supervising director; Philippe Angeles, overseas animation director; Jill Jacobs, lead animation timer",Fox
Primetime Emmy Award for Outstanding Animated Program (for Programming One Hour or More),2008(60th),Robot Chicken,"""Robot Chicken: Star Wars""","Seth Green, executive producer/writer/director; Matthew Senreich, executive producer/writer; Keith Crofford & Mike Lazzo, executive producers; Alexander Bulkley and Corey Campodonico, producers; Tom Root & Douglas Goldstein, head writers; Jordan Allen-Dutton, Mike Fasolo, Charles Horn, Breckin Meyer, Hugh Sterbakov & Eric Weiner, writers; Mark Caballero, animation director",Adult Swim
Primetime Emmy Award for Outstanding Animated Program (for Programming One Hour or More),2008(60th),SpongeBob SquarePants,"""The Inmates of Summer"" / ""The Two Faces of Squidward""","Stephen Hillenburg, executive producer; Paul Tibbitt, co-executive producer/supervising producer; Charlie Bean, Aaron Springer & Chris Reccardi, written by/storyboard directors; Steven Banks & Dani Michaeli, written by; Alan Smart, supervising director/animation director; Tom Yasumi, animation director",Nickelodeon
Primetime Emmy Award for Outstanding Animated Program (for Programming One Hour or More),2008(60th),South Park,"""Imaginationland Episode I"", ""Imaginationland Episode II"" & ""Imaginationland Episode III""","Trey Parker, executive producer/writer/director; Matt Stone & Anne Garefino, executive producers; Frank C. Agnone II, supervising producer; Eric Stough, Bruce Howell, Adrien Beard, Vernon Chatman, Erica Rivinoja & Pam Brady, producers; Ryan Quincy, director of animation",Comedy Central
Primetime Emmy Award for Outstanding Animated Program (for Programming One Hour or More),2008(60th),Family Guy,"""Blue Harvest""","Seth MacFarlane, David A. Goodman & Chris Sheridan, executive producers; Danny Smith, Mark Hentemann & Steve Callaghan, co-executive producers; Alec Sulkin, supervising producer/writer; Alex Borstein, Mike Henry & Wellesley Wild, supervising producers; Kara Vallow, producer; Shannon Smith, animation producer; Dominic Polcino, director; Peter Shin, supervising director; Joseph Lee, assistant director; Andi Klein, timing supervisor",Fox
Primetime Emmy Award for Outstanding Animated Program (for Programming One Hour or More),2008(60th),Justice League: The New Frontier,Justice League: The New Frontier,"Bruce Timm & Sander Schwartz, executive producers; Michael Goguen, supervising producer; Dave Bullock, directed by; Stan Berkowitz, written by; Darwyn Cooke, written by (additional material); James T. Walker, animation timing supervisor",Warner Bros. on Demand
Primetime Emmy Award for Outstanding Animated Program (for Programming One Hour or More),2009(61st),South Park,"""Margaritaville""","Trey Parker, executive producer/writer/director; Matt Stone & Anne Garefino, executive producers; Frank C. Agnone II, supervising producer; Eric Stough, Bruce Howell, Adrien Beard, Vernon Chatman, Erica Rivinoja & Bill Hader, producers; Ryan Quincy, animation producer",Comedy Central
Primetime Emmy Award for Outstanding Animated Program (for Programming One Hour or More),2009(61st),American Dad!,"""1600 Candles""","Seth MacFarlane, Mike Barker, Matt Weitzman & David Zuckerman, executive producers; Rick Wiener & Kenny Schwartz, executive producers/writers; Michael Shipley, Jim Bernstein & Dan Vebber, co-executive producers; Jonathan Fener, Brian Boyle & Nahnatchka Khan, supervising producers; Kara Vallow, producer; Diana Ritchey, animation producer; Caleb Meurer, director/timer; Ron Hughart & Anthony Lioi, supervising directors; Mike Mayfield, assistant director/timer",Fox
Primetime Emmy Award for Outstanding Animated Program (for Programming One Hour or More),2009(61st),Robot Chicken,"""Robot Chicken: Star Wars Episode II""","Seth Green, executive producer/written by/directed by; Matthew Senreich, executive producer/written by; Keith Crofford & Mike Lazzo, executive producers; Alexander Bulkley, Corey Campodonico & Ollie Green, producers; Tom Root & Douglas Goldstein, head writers; Hugh Davidson, Mike Fasolo, Breckin Meyer, Dan Milano, Kevin Shinick & Zeb Wells, written by; Ethan Marak, animation director",Adult Swim
Primetime Emmy Award for Outstanding Animated Program (for Programming One Hour or More),2009(61st),Foster's Home for Imaginary Friends,"""Destination: Imagination""","Craig McCracken, executive producer/story by/directed by; Brian A. Miller, executive producer; Jennifer Pelphrey, supervising producer; Ryan Slater, producer; Michelle Papandrew, animation producer; Lauren Faust & Timothy McKeon, written by/story by; Darrick Bachman, Ed Baker, Vaughn Tada & Alex Kirwan, story by; Rob Renzetti, story by/directed by; Robert Alvarez & Eric Pringle, animation direction",Cartoon Network
Primetime Emmy Award for Outstanding Animated Program (for Programming One Hour or More),2009(61st),Afro Samurai: Resurrection,Afro Samurai: Resurrection,"Leo Chu & Eric Garcia, executive producers/screenplay by; Shinichiro Ishikawa, Samuel L. Jackson & Arthur Smith, executive producers; Yûji Hori & Kenichi Hayashi, animation producers; Takashi Okazaki, story by; Yasuyuki Muto, Joshua Hale Fialkov & Eric S. Calderon, screenplay by; Fuminori Kizaki, animation direction/story by",Spike
