0,1,2,3,4,5,6
1910 Dec general election,Preston,William Henry Carr,"7,853",23.0,4,Cardroom
1911 by-election,Oldham,William Cornforth Robinson,"7,448",24.6,3,Beamers
1918 general election,Fylde,William John Tout,"7,400",35.1,2,Weavers
1918 general election,Oldham,William Cornforth Robinson,"15,178",19.6,3,Beamers
1918 general election,Preston,Tom Shaw,"19,213",25.8,1,Weavers
1918 general election,Rossendale,Gilbert Wright Jones,"7,984",35.1,2,Bleachers
1918 general election,Sowerby,John William Ogden,"7,306",32.7,2,Weavers
1920 by-election,Ashton-under-Lyne,William Cornforth Robinson,"8,127",39.6,2,Beamers
1922 general election,Birmingham Duddeston,Michael Brothers,"8,331",38.9,2,Cardroom
1922 general election,Clitheroe,Alfred Davies,"12,911",45.3,2,Spinners
1922 general election,Middleton and Prestwich,Matthew Burrow Farr,"10,505",41.5,2,Cardroom
1922 general election,Ormskirk,James Bell,"8,374",41.3,2,Weavers
1922 general election,Preston,Tom Shaw,"26,259",27.9,1,Weavers
1922 general election,Rossendale,Gilbert Wright Jones,"11,029",36.5,2,Bleachers
1922 general election,Royton,John B. Battle,"5,776",19.6,2,Spinners
1922 general election,Sowerby,John William Ogden,"7,496",25.5,3,Weavers
1923 general election,Chorley,Zeph Hutchinson,"12,179",45.3,2,Weavers
1923 general election,Clitheroe,Alfred Davies,"11,469",37.9,2,Spinners
1923 general election,Elland,William C. Robinson,"12,031",49.1,2,Beamers
1923 general election,Middleton and Prestwich,Matthew Burrow Farr,"7,849",28.7,3,Cardroom
1923 general election,Preston,Tom Shaw,"25,816",34.4,1,Weavers
1924 general election,Bolton,Albert Law,"30,632",20.9,3,Spinners
1924 general election,Chorley,Zeph Hutchinson,"13,074",42.3,2,Weavers
1924 general election,Middleton and Prestwich,Matthew Burrow Farr,"8,442",27.0,2,Cardroom
1924 general election,Oldham,William Tout,"23,623",19.7,3,Weavers
1924 general election,Preston,Tom Shaw,"27,009",26.3,1,Weavers
1924 general election,Rossendale,James Bell,"9,951",32.4,2,Weavers
1925 by-election,Oldham,William John Tout,"21,702",45.2,2,Weavers
1929 general election,Bury,James Bell,"13,175",37.4,2,Weavers
1929 general election,Middleton and Prestwich,Matthew Burrow Farr,"14,368",34.6,2,Cardroom
1929 general election,Preston,Tom Shaw,"37,705",29.5,1,Weavers
1931 general election,Bolton,Michael Brothers,"32,049",16.4,4,Cardroom
1931 general election,Bolton,Albert Law,"33,736",17.3,3,Spinners
1931 general election,Bury,James Bell,"10,532",29.7,2,Weavers
1931 general election,Heywood and Radcliffe,James Stott,"12,915",28.5,2,Beamers
1931 general election,Middleton and Prestwich,Thomas McCall,"10,796",25.4,2,Warehousemen
1931 general election,Preston,Tom Shaw,"25,710",18.0,3,Weavers
1931 general election,Royton,George Illingworth,"5,913",14.4,3,Spinners
1931 general election,Sowerby,William John Tout,"11,857",31.7,2,Weavers
1935 general election,Blackburn,James Bell,"34,571",23.9,3,Weavers
1935 general election,Bolton,Albert Law,"39,890",21.4,3,Spinners
1935 general election,Bolton,John Lynch,"39,871",21.4,4,Warehousemen
1935 general election,Middleton and Prestwich,Joseph Nuttall,"17,398",38.9,2,Weavers
1935 general election,Oldham,Matthew Burrow Farr,"29,647",,4,Cardroom
1935 general election,Sowerby,William John Tout,"16,035",46.2,2,Weavers
1938 by-election,Farnworth,George Tomlinson,"24,298",59.1,1,Weavers
1945 general election,Preston,John William Sunderland,"32,889",24.1,2,Weavers
1950 general election,Manchester Withington,Lewis Wright,"14,206",32.6,2,Weavers
1951 general election,Bury and Radcliffe,Lewis Wright,"28,058",48.4,2,Weavers
1951 general election,Clitheroe,Harold Bradley,"18,582",44.7,2,Weavers
1952 by-election,Farnworth,Ernest Thornton,"21,834",59.9,1,Weavers
1955 general election,Clitheroe,William Rutter,"16,671",43.5,2,Overlookers
1959 general election,Clitheroe,William Rutter,"16,103",41.9,2,Overlookers
1970 general election,North Fylde,Raymond Hill,"15,235",31.2,2,Weavers
