0,1,2,3,4,5,6
1959 Kentucky Derby,6th,7,Finnegan,Johnny Longden,William B. Finnegan,Neil S. McCarthy
1959 Kentucky Derby,7th,12,Dunce,Steve Brooks,Moody S. Jolley,Claiborne Farm
1959 Kentucky Derby,8th,1A,Open View,Karl Korte,Raymond F. Metcalf,Elkcam Stable (Mackle brothers)
1959 Kentucky Derby,9th,1,Atoll,Samuel Boulmetis,Raymond F. Metcalf,Elkcam Stable (Mackle brothers) & Lou Chesler
1959 Kentucky Derby,10th,3,Rico Tesio,Manuel Ycaza,Joseph F. Piarulli,Briardale Farm (Anthony Imbesi)
1959 Kentucky Derby,11th,16,Festival King,William Carstens,E. William Kuykendall,Cecil B. Fischbach
1959 Kentucky Derby,12th,9,John Bruce,Kenneth Church,Charles P. Sanborn,Kenneth G. Marshall
1959 Kentucky Derby,13th,6,Easy Spur,Bill Hartack,Paul L. Kelley,Spring Hill Farm
1959 Kentucky Derby,14th,17,The Chosen One,Jimmy Combest,Norman L. Haymaker,Mrs. S. Helene Sadacca
1959 Kentucky Derby,15th,2,Our Dad,Pete D. Anderson,Hirsch Jacobs,Patrice Jacobs
1959 Kentucky Derby,16th,15,Die Hard,Johnny Sellers,Joseph M. Bollero,Jacnot Stable (Jack R. Hogan)
1959 Kentucky Derby,17th,13,Troilus,Chris Rogers,Charles Peoples,Bayard Sharp
