0,1,2,3,4
Empire award for best actress,2010 (15th),Anne-Marie Duff,Julia Lennon,Nowhere Boy
Empire award for best actress,2010 (15th),Carey Mulligan,Jenny Mellor,An Education
Empire award for best actress,2010 (15th),Emily Blunt,Queen Victoria,The Young Victoria
Empire award for best actress,2010 (15th),Mélanie Laurent,Shosanna Dreyfus / Emmanuelle Mimieux,Inglourious Basterds
Empire award for best actress,2011 (16th),Noomi Rapace,Lisbeth Salander,The Girl with the Dragon Tattoo
Empire award for best actress,2011 (16th),Emma Watson,Hermione Granger,Harry Potter and the Deathly Hallows: Part 1
Empire award for best actress,2011 (16th),Helena Bonham Carter,Queen Elizabeth,The King's Speech
Empire award for best actress,2011 (16th),Natalie Portman,Nina Sayers / The Swan Queen,Black Swan
Empire award for best actress,2011 (16th),Olivia Williams,Ruth Lang,The Ghost Writer
Empire award for best actress,2012 (17th),Carey Mulligan,Irene,Drive
Empire award for best actress,2012 (17th),Meryl Streep,Margaret Thatcher,The Iron Lady
Empire award for best actress,2012 (17th),Michelle Williams,Marilyn Monroe,My Week with Marilyn
Empire award for best actress,2012 (17th),Rooney Mara,Lisbeth Salander,The Girl with the Dragon Tattoo
Empire award for best actress,2013 (18th),Anne Hathaway,Selina Kyle / Catwoman,The Dark Knight Rises
Empire award for best actress,2013 (18th),Jessica Chastain,Maya,Zero Dark Thirty
Empire award for best actress,2013 (18th),Judi Dench,M,Skyfall
Empire award for best actress,2013 (18th),Naomi Watts,Maria Bennett,The Impossible
Empire award for best actress,2014 (19th),Amy Adams,Sydney Prosser,American Hustle
Empire award for best actress,2014 (19th),Cate Blanchett,"Jeanette ""Jasmine"" Francis",Blue Jasmine
Empire award for best actress,2014 (19th),Jennifer Lawrence,Katniss Everdeen,The Hunger Games: Catching Fire
Empire award for best actress,2014 (19th),Sandra Bullock,Dr. Ryan Stone,Gravity
Empire award for best actress,2015 (20th),Alicia Vikander,Ava,Ex Machina
Empire award for best actress,2015 (20th),Emily Blunt,Sergeant Rita Vrataski,Edge of Tomorrow
Empire award for best actress,2015 (20th),Felicity Jones,Jane Hawking,The Theory of Everything
Empire award for best actress,2015 (20th),Keira Knightley,Joan Clarke,The Imitation Game
Empire award for best actress,2016 (21st),Alicia Vikander,Gerda Wegener,The Danish Girl
Empire award for best actress,2016 (21st),Emily Blunt,Kate Macer,Sicario
Empire award for best actress,2016 (21st),Brie Larson,"Joy ""Ma"" Newsome",Room
Empire award for best actress,2016 (21st),Jennifer Lawrence,Katniss Everdeen,The Hunger Games: Mockingjay – Part 2
Empire award for best actress,2016 (21st),Charlize Theron,Imperator Furiosa,Mad Max: Fury Road
Empire award for best actress,2017 (22nd),Felicity Jones,Jyn Erso,Rogue One: A Star Wars Story
Empire award for best actress,2017 (22nd),Emma Stone,Mia Dolan,La La Land
Empire award for best actress,2017 (22nd),Ruth Negga,Mildred Loving,Loving
Empire award for best actress,2017 (22nd),Natalie Portman,"Jacqueline ""Jackie"" Kennedy",Jackie
Empire award for best actress,2017 (22nd),Amy Adams,Louise Banks,Arrival
Empire award for best actress,2018 (23rd),Daisy Ridley,Rey,Star Wars: The Last Jedi
Empire award for best actress,2018 (23rd),Gal Gadot,Diana Prince / Wonder Woman,Wonder Woman
Empire award for best actress,2018 (23rd),Frances McDormand,Mildred Hayes,"Three Billboards Outside Ebbing, Missouri"
Empire award for best actress,2018 (23rd),Tiffany Haddish,Dina,Girls Trip
Empire award for best actress,2018 (23rd),Emma Watson,Belle,Beauty and the Beast
