0,1,2,3,4,5,6,7,8,9,10,11
Nara Line (Kintetsu),Namba Line,Ōsaka Namba,大阪難波,●,●,●,●,●,"
 Hanshin Namba Line (through service)
Osaka Metro (Namba)
 Sennichimae Line (S16)
 Midosuji Line
 Yotsubashi Line (Y15)
Nankai (NK01: Namba)
 Nankai Main Line
 Nankai Koya Line
 Q  Kansai Main Line (Yamatoji Line) (JR-Q17:JR Namba)","Chūō-ku,Osaka",OsakaPrefecture
Nara Line (Kintetsu),Namba Line,Ōsaka Uehommachi (Kintetsu Department Store Uehommachi),大阪上本町,●,●,●,●,●,"Osaka Metro (Tanimachi Kyūchōme)

 Sennichimae Line (S18)
 Tanimachi Line (T25)
Tracks of the Namba Line are also connected to Osaka Line tracks.","Tennoji-ku,Osaka",OsakaPrefecture
Nara Line (Kintetsu),Osaka Line,Ōsaka Uehommachi (Kintetsu Department Store Uehommachi),大阪上本町,●,●,●,●,●,"Osaka Metro (Tanimachi Kyūchōme)

 Sennichimae Line (S18)
 Tanimachi Line (T25)
Tracks of the Namba Line are also connected to Osaka Line tracks.","Tennoji-ku,Osaka",OsakaPrefecture
Nara Line (Kintetsu),Osaka Line,Imazato,今里,|,|,|,|,|,,"Ikuno-ku,Osaka",OsakaPrefecture
Nara Line (Kintetsu),Osaka Line,"Kawachi-Kosaka(Osaka University of Commerce, Osaka Shoin Women's University)",河内小坂,●,●,|,|,|,,Higashi-Osaka,OsakaPrefecture
Nara Line (Kintetsu),Osaka Line,Yaenosato,八戸ノ里,|,|,|,|,|,,Higashi-Osaka,OsakaPrefecture
Nara Line (Kintetsu),Osaka Line,"Uryūdō (Tentative, Planned)",瓜生堂（仮称）,,,,,,Osaka Monorail Main Line (proposed extension),Higashi-Osaka,OsakaPrefecture
Nara Line (Kintetsu),Osaka Line,Wakae-Iwata,若江岩田,|,|,|,|,|,,Higashi-Osaka,OsakaPrefecture
Nara Line (Kintetsu),Osaka Line,Kawachi-Hanazono,河内花園,|,|,|,|,|,,Higashi-Osaka,OsakaPrefecture
Nara Line (Kintetsu),Osaka Line,Higashi-Hanazono(Hanazono Rugby Stadium),東花園,●,●,▲,▲,|,,Higashi-Osaka,OsakaPrefecture
Nara Line (Kintetsu),Osaka Line,Hyōtan-yama,瓢箪山,●,|,|,|,|,,Higashi-Osaka,OsakaPrefecture
Nara Line (Kintetsu),Osaka Line,Hiraoka,枚岡,●,|,|,|,|,,Higashi-Osaka,OsakaPrefecture
Nara Line (Kintetsu),Osaka Line,Nukata,額田,●,|,|,|,|,,Higashi-Osaka,OsakaPrefecture
Nara Line (Kintetsu),Osaka Line,Ishikiri,石切,●,●,●,|,|,,Higashi-Osaka,OsakaPrefecture
Nara Line (Kintetsu),Osaka Line,Higashi-Ikoma(Tezukayama University Higashi-Ikoma Campus),東生駒,●,●,|,|,|,,Ikoma,NaraPrefecture
Nara Line (Kintetsu),Osaka Line,Tomio,富雄,●,●,|,|,|,,Nara,NaraPrefecture
Nara Line (Kintetsu),Osaka Line,Gakuen-mae(Tezukayama Gakuen),学園前,●,●,●,●,●,,Nara,NaraPrefecture
Nara Line (Kintetsu),Osaka Line,Ayameike,菖蒲池,●,●,|,※,|,,Nara,NaraPrefecture
Nara Line (Kintetsu),Osaka Line,Shin-Ōmiya,新大宮,●,●,●,●,|,,Nara,NaraPrefecture
Nara Line (Kintetsu),Osaka Line,Kintetsu Nara,近鉄奈良,●,●,●,●,●,,Nara,NaraPrefecture
