0,1,2,3,4
European Film Award for Best Cinematographer,1990(3rd), Tonino Nardi,Open Doors,Porte aperte
European Film Award for Best Cinematographer,1990(3rd), Pierre Lhomme,Cyrano de Bergerac,Cyrano de Bergerac
European Film Award for Best Cinematographer,1990(3rd), Göran Nilsson,The Guardian Angel,Skyddsängeln
European Film Award for Best Cinematographer,1993(5th),No award given,No award given,No award given
European Film Award for Best Cinematographer,1997(9th), Tibor Mathé,The Witman Boys,Witman fiúk
European Film Award for Best Cinematographer,1997(9th), Ron Fortunato,Nil by Mouth,Nil by Mouth
European Film Award for Best Cinematographer,1998(10th), Thierry Arbogast,"Black Cat, White Cat","Црна мачка, бели мачор / Crna mačka, beli mačor"
European Film Award for Best Cinematographer,1998(10th), Dany Elsen,The Red Dwarf,The Red Dwarf
European Film Award for Best Cinematographer,1998(10th), Joseph Vilsmaier,Comedian Harmonists,Comedian Harmonists
European Film Award for Best Cinematographer,1999(11th), Lajos Koltai,The Legend of 1900,La leggenda del pianista sull'oceano
European Film Award for Best Cinematographer,1999(11th), Yves Cape,Humanité,L'humanité
European Film Award for Best Cinematographer,1999(11th), Alexei Fyodorov   Anatoli Rodinov,Moloch,Молох
European Film Award for Best Cinematographer,1999(11th), Jacek Petrycki,Journey to the Sun,Güneşe Yolculuk
