0,1,2,3,4
The Defiant Ones,Academy Awards,Best Cinematography – Black-and-White,Sam Leavitt,Won
The Defiant Ones,Bambi Awards,Best Actor – International,Tony Curtis,Nominated
The Defiant Ones,Bodil Awards,Best American Film,Stanley Kramer,Won
The Defiant Ones,Berlin International Film Festival,Golden Bear,Stanley Kramer,Nominated
The Defiant Ones,Berlin International Film Festival,Silver Bear,Sidney Poitier,Won
The Defiant Ones,British Academy Film Awards,Best Film of any Source,Best Film of any Source,Nominated
The Defiant Ones,British Academy Film Awards,Best Foreign Actor,Tony Curtis,Nominated
The Defiant Ones,British Academy Film Awards,Best Foreign Actor,Sidney Poitier,Won
The Defiant Ones,Directors Guild of America Awards,Outstanding Directorial Achievement in Motion Pictures,Stanley Kramer,Nominated
The Defiant Ones,Edgar Allan Poe Awards,Best Motion Picture,Nedrick Young and Harold Jacob Smith,Won
The Defiant Ones,Golden Globe Awards,Best Motion Picture – Drama,Best Motion Picture – Drama,Won
The Defiant Ones,Golden Globe Awards,Best Actor in a Motion Picture – Drama,Tony Curtis,Nominated
The Defiant Ones,Golden Globe Awards,Best Actor in a Motion Picture – Drama,Sidney Poitier,Nominated
The Defiant Ones,Golden Globe Awards,Best Supporting Actress – Motion Picture,Cara Williams,Nominated
The Defiant Ones,Golden Globe Awards,Best Director – Motion Picture,Stanley Kramer,Nominated
The Defiant Ones,Golden Reel Awards,Best Sound Editing – Feature Film,Best Sound Editing – Feature Film,Won
The Defiant Ones,Laurel Awards,Top Drama,Top Drama,4th Place
The Defiant Ones,Laurel Awards,Top Male Dramatic Performance,Sidney Poitier,Nominated
The Defiant Ones,Laurel Awards,Top Male Supporting Performance,Theodore Bikel,5th Place
The Defiant Ones,Laurel Awards,Top Cinematography – Black and White,Sam Leavitt,Won
The Defiant Ones,Laurel Awards,Top Score,Ernest Gold,5th Place
The Defiant Ones,New York Film Critics Circle Awards,Best Film,Best Film,Won
The Defiant Ones,New York Film Critics Circle Awards,Best Director,Stanley Kramer,Won
The Defiant Ones,New York Film Critics Circle Awards,Best Screenplay,Nedrick Young and Harold Jacob Smith,Won
The Defiant Ones,Writers Guild of America Awards,Best Written American Drama,Nedrick Young and Harold Jacob Smith,Won
