0,1,2,3,4
Daytime emmy award for outstanding younger actress in a drama series,Molly Burnett,Days of Our Lives,Melanie Layton, NBC
Daytime emmy award for outstanding younger actress in a drama series,Shelley Hennig,Days of Our Lives,Stephanie Johnson, NBC
Daytime emmy award for outstanding younger actress in a drama series,Christel Khalil,The Young and the Restless,Lily Winters, CBS
Daytime emmy award for outstanding younger actress in a drama series,Marnie Schulenburg,As the World Turns,Alison Stewart,CBS
Daytime emmy award for outstanding younger actress in a drama series,Brittany Allen ,All My Children,Marissa Chandler, ABC
Daytime emmy award for outstanding younger actress in a drama series,Lexi Ainsworth,General Hospital,Kristina Corinthos Davis, ABC
Daytime emmy award for outstanding younger actress in a drama series,Emily O'Brien,The Young and the Restless,Jana Hawkes, CBS
Daytime emmy award for outstanding younger actress in a drama series,Christel Khalil ,The Young and the Restless,Lily Winters,CBS
Daytime emmy award for outstanding younger actress in a drama series,Molly Burnett,Days of Our Lives,Melanie Layton, NBC
Daytime emmy award for outstanding younger actress in a drama series,Shelley Hennig,Days of Our Lives,Stephanie Johnson, NBC
Daytime emmy award for outstanding younger actress in a drama series,Jacqueline MacInnes Wood,The Bold and the Beautiful,Steffy Forrester, CBS
Daytime emmy award for outstanding younger actress in a drama series,Hunter King,The Young and the Restless,Summer Newman, CBS
Daytime emmy award for outstanding younger actress in a drama series,Lindsey Morgan,General Hospital,Kristina Corinthos Davis, ABC
Daytime emmy award for outstanding younger actress in a drama series,Jacqueline MacInnes Wood,The Bold and the Beautiful,Steffy Forrester, CBS
Daytime emmy award for outstanding younger actress in a drama series,Hunter King ,The Young and the Restless,Summer Newman, CBS
Daytime emmy award for outstanding younger actress in a drama series,Linsey Godfrey,The Bold and the Beautiful,Caroline Spencer, CBS
Daytime emmy award for outstanding younger actress in a drama series,Kim Matula,The Bold and the Beautiful,Hope Logan, CBS
Daytime emmy award for outstanding younger actress in a drama series,Kelley Missal,One Life to Live,Danielle Manning, TOLN.com
Daytime emmy award for outstanding younger actress in a drama series,Hunter King ,The Young and the Restless,Summer Newman, CBS
Daytime emmy award for outstanding younger actress in a drama series,Camila Banus,Days of Our Lives,Gabi Hernandez, NBC
Daytime emmy award for outstanding younger actress in a drama series,Haley Pullos,General Hospital,Molly Lansing Davis,ABC
Daytime emmy award for outstanding younger actress in a drama series,True O'Brien ,Days of Our Lives,Paige Larson, NBC
Daytime emmy award for outstanding younger actress in a drama series,Reign Edwards,The Bold and the Beautiful,Nicole Avant,CBS
Daytime emmy award for outstanding younger actress in a drama series,Hunter King,The Young and the Restless,Summer Newman, CBS
Daytime emmy award for outstanding younger actress in a drama series,Ashlyn Pearce,The Bold and the Beautiful,Aly Forrester,CBS
Daytime emmy award for outstanding younger actress in a drama series,Brooklyn Rae Silzer,General Hospital,Emma Drake,ABC
Daytime emmy award for outstanding younger actress in a drama series,Lexi Ainsworth ,General Hospital,Kristina Corinthos Davis,ABC
Daytime emmy award for outstanding younger actress in a drama series,Reign Edwards,The Bold and the Beautiful,Nicole Avant,CBS
Daytime emmy award for outstanding younger actress in a drama series,Hunter King,The Young and the Restless,Summer Newman, CBS
Daytime emmy award for outstanding younger actress in a drama series,Chloe Lanier,General Hospital,Nelle Benson,ABC
Daytime emmy award for outstanding younger actress in a drama series,Alyvia Alyn Lind,The Young and the Restless,Faith Newman, CBS
Daytime emmy award for outstanding younger actress in a drama series,Chloe Lanier ,General Hospital,Nelle Benson,ABC
Daytime emmy award for outstanding younger actress in a drama series,Reign Edwards,The Bold and the Beautiful,Nicole Avant,CBS
Daytime emmy award for outstanding younger actress in a drama series,Hayley Erin,General Hospital,Kiki Jerome,ABC
Daytime emmy award for outstanding younger actress in a drama series,Cait Fairbanks,The Young and the Restless,Tessa Porter, CBS
Daytime emmy award for outstanding younger actress in a drama series,Olivia Rose Keegan,Days of Our Lives,Claire Brady, NBC
Daytime emmy award for outstanding younger actress in a drama series,Hayley Erin ,General Hospital,Kiki Jerome,ABC
Daytime emmy award for outstanding younger actress in a drama series,Olivia Rose Keegan,Days of Our Lives,Claire Brady, NBC
Daytime emmy award for outstanding younger actress in a drama series,Victoria Konefal,Days of Our Lives,Ciara Brady, NBC
Daytime emmy award for outstanding younger actress in a drama series,Chloe Lanier,General Hospital,Nelle Benson,ABC
Daytime emmy award for outstanding younger actress in a drama series,Eden McCoy,General Hospital,Josslyn Jacks,ABC
