0,1,2,3
Bafta award for best original screenplay,201064th,Black Swan,"Mark Heyman, Andres Heinz, and John McLaughlin"
Bafta award for best original screenplay,201064th,The Fighter,"Scott Silver, Paul Tamasy, and Eric Johnson"
Bafta award for best original screenplay,201064th,Inception,Christopher Nolan
Bafta award for best original screenplay,201064th,The Kids Are All Right,Lisa Cholodenko and Stuart Blumberg
Bafta award for best original screenplay,201165th,Bridesmaids,Kristen Wiig and Annie Mumolo
Bafta award for best original screenplay,201165th,The Guard,John Michael McDonagh
Bafta award for best original screenplay,201165th,Midnight in Paris,Woody Allen
Bafta award for best original screenplay,201165th,The Iron Lady,Abi Morgan
Bafta award for best original screenplay,201266th,Amour,Michael Haneke
Bafta award for best original screenplay,201266th,The Master,Paul Thomas Anderson
Bafta award for best original screenplay,201266th,Moonrise Kingdom,Wes Anderson and Roman Coppola
Bafta award for best original screenplay,201266th,Zero Dark Thirty,Mark Boal
Bafta award for best original screenplay,201367th,Blue Jasmine,Woody Allen
Bafta award for best original screenplay,201367th,Gravity,Alfonso Cuarón and Jonás Cuarón
Bafta award for best original screenplay,201367th,Inside Llewyn Davis,Joel Coen and Ethan Coen
Bafta award for best original screenplay,201367th,Nebraska,Bob Nelson
Bafta award for best original screenplay,201468th,Birdman or (The Unexpected Virtue of Ignorance),"Alejandro G. Iñárritu, Nicolás Giacobone, Alexander Dinelaris Jr., and Armando Bo"
Bafta award for best original screenplay,201468th,Boyhood,Richard Linklater
Bafta award for best original screenplay,201468th,Nightcrawler,Dan Gilroy
Bafta award for best original screenplay,201468th,Whiplash,Damien Chazelle
Bafta award for best original screenplay,201569th,Spotlight,Tom McCarthy and Josh Singer 
Bafta award for best original screenplay,201569th,Bridge of Spies,"Matt Charman, Joel Coen, and Ethan Coen"
Bafta award for best original screenplay,201569th,Ex Machina,Alex Garland
Bafta award for best original screenplay,201569th,The Hateful Eight,Quentin Tarantino
Bafta award for best original screenplay,201569th,Inside Out,"Pete Docter, Josh Cooley, and Meg LeFauve"
Bafta award for best original screenplay,201670th,Manchester by the Sea,Kenneth Lonergan 
Bafta award for best original screenplay,201670th,Hell or High Water,Taylor Sheridan
Bafta award for best original screenplay,201670th,"I, Daniel Blake",Paul Laverty
Bafta award for best original screenplay,201670th,La La Land,Damien Chazelle
Bafta award for best original screenplay,201670th,Moonlight,Barry Jenkins
Bafta award for best original screenplay,201771st,"Three Billboards Outside Ebbing, Missouri",Martin McDonagh 
Bafta award for best original screenplay,201771st,Get Out,Jordan Peele
Bafta award for best original screenplay,201771st,"I, Tonya",Steven Rogers
Bafta award for best original screenplay,201771st,Lady Bird,Greta Gerwig
Bafta award for best original screenplay,201771st,The Shape of Water,Guillermo del Toro and Vanessa Taylor
Bafta award for best original screenplay,201872nd,The Favourite,Deborah Davis and Tony McNamara
Bafta award for best original screenplay,201872nd,Cold War,Paweł Pawlikowski and Janusz Głowacki
Bafta award for best original screenplay,201872nd,Green Book,"Nick Vallelonga, Brian Hayes Currie, and Peter Farrelly"
Bafta award for best original screenplay,201872nd,Roma,Alfonso Cuarón
Bafta award for best original screenplay,201872nd,Vice,Adam McKay
Bafta award for best original screenplay,201973rd,Parasite,Han Jin Won and Bong Joon-ho
Bafta award for best original screenplay,201973rd,Booksmart,"Susanna Fogel, Emily Halpern, Sarah Haskins and Katie Silberman"
Bafta award for best original screenplay,201973rd,Marriage Story,Noah Baumbach
Bafta award for best original screenplay,201973rd,Knives Out,Rian Johnson
Bafta award for best original screenplay,201973rd,Once Upon a Time in Hollywood,Quentin Tarantino
