0,1,2,3,4
British Independent Film Award - Best Performance by an Actor in a British Independent Film,2010(13th),Riz Ahmed,Four Lions,Omar
British Independent Film Award - Best Performance by an Actor in a British Independent Film,2010(13th),Jim Broadbent,Another Year,Tom Hepple
British Independent Film Award - Best Performance by an Actor in a British Independent Film,2010(13th),Aidan Gillen,Treacle Jr.,Aidan
British Independent Film Award - Best Performance by an Actor in a British Independent Film,2010(13th),Scoot McNairy,Monsters,Andrew Kaulder
British Independent Film Award - Best Performance by an Actor in a British Independent Film,2011(14th),Brendan Gleeson,The Guard,Sergeant Gerry Boyle
British Independent Film Award - Best Performance by an Actor in a British Independent Film,2011(14th),Neil Maskell,Kill List,Jay
British Independent Film Award - Best Performance by an Actor in a British Independent Film,2011(14th),Gary Oldman,Tinker Tailor Soldier Spy,George Smiley
British Independent Film Award - Best Performance by an Actor in a British Independent Film,2011(14th),Peter Mullan,Tyrannosaur,Joseph
British Independent Film Award - Best Performance by an Actor in a British Independent Film,2012(15th),Tim Roth,Broken,Archie Cunningham
British Independent Film Award - Best Performance by an Actor in a British Independent Film,2012(15th),Terence Stamp,Song for Marion,Arthur
British Independent Film Award - Best Performance by an Actor in a British Independent Film,2012(15th),Steve Oram,Sightseers,Chris
British Independent Film Award - Best Performance by an Actor in a British Independent Film,2012(15th),Riz Ahmed,Ill Manors,Aaron
British Independent Film Award - Best Performance by an Actor in a British Independent Film,2013(16th),Tom Hardy,Locke,Ivan Locke
British Independent Film Award - Best Performance by an Actor in a British Independent Film,2013(16th),Steve Coogan,Philomena,Martin Sixsmith
British Independent Film Award - Best Performance by an Actor in a British Independent Film,2013(16th),Jim Broadbent,Le Week-End,Nick Burrows
British Independent Film Award - Best Performance by an Actor in a British Independent Film,2013(16th),Jack O'Connell,Starred Up,Eric Love
British Independent Film Award - Best Performance by an Actor in a British Independent Film,2014(17th),Asa Butterfield,X+Y,Nathan Ellis
British Independent Film Award - Best Performance by an Actor in a British Independent Film,2014(17th),Benedict Cumberbatch,The Imitation Game,Alan Turing
British Independent Film Award - Best Performance by an Actor in a British Independent Film,2014(17th),Jack O'Connell,'71,Gary Hook
British Independent Film Award - Best Performance by an Actor in a British Independent Film,2014(17th),Timothy Spall,Mr. Turner,J. M. W. Turner
British Independent Film Award - Best Performance by an Actor in a British Independent Film,2015(18th),Tom Hardy,Legend,Ronnie Kray and Reggie Kray
British Independent Film Award - Best Performance by an Actor in a British Independent Film,2015(18th),Tom Courtenay,45 Years,Geoff Mercer
British Independent Film Award - Best Performance by an Actor in a British Independent Film,2015(18th),Colin Farrell,The Lobster,David
British Independent Film Award - Best Performance by an Actor in a British Independent Film,2015(18th),Michael Fassbender,Macbeth,Macbeth
British Independent Film Award - Best Performance by an Actor in a British Independent Film,2015(18th),Tom Hiddleston,High-Rise,Dr. Robert Laing
British Independent Film Award - Best Performance by an Actor in a British Independent Film,2016(19th),Dave Johns,"I, Daniel Blake",Daniel Blake
British Independent Film Award - Best Performance by an Actor in a British Independent Film,2016(19th),Steven Brandon,My Feral Heart,Luke
British Independent Film Award - Best Performance by an Actor in a British Independent Film,2016(19th),Michael Fassbender,Trespass Against Us,Chad Cutler
British Independent Film Award - Best Performance by an Actor in a British Independent Film,2016(19th),Shia LaBeouf,American Honey,Jake
British Independent Film Award - Best Performance by an Actor in a British Independent Film,2016(19th),Max Records,I Am Not a Serial Killer,John Wayne Cleaver
British Independent Film Award - Best Performance by an Actor in a British Independent Film,2017 (20th),Josh O'Connor,God's Own Country,Johnny Saxby
British Independent Film Award - Best Performance by an Actor in a British Independent Film,2017 (20th),Jamie Bell,Film Stars Don't Die in Liverpool,Peter Turner
British Independent Film Award - Best Performance by an Actor in a British Independent Film,2017 (20th),Alec Secăreanu,God's Own Country,Gheorghe Ionescu
British Independent Film Award - Best Performance by an Actor in a British Independent Film,2017 (20th),Paddy Considine,Journeyman,Matty Burton
British Independent Film Award - Best Performance by an Actor in a British Independent Film,2017 (20th),Johnny Harris,Jawbone,Jimmy McCabe
British Independent Film Award - Best Performance by an Actor in a British Independent Film,2018 (21st),Joe Cole,A Prayer Before Dawn,Billy Moore
British Independent Film Award - Best Performance by an Actor in a British Independent Film,2018 (21st),Steve Coogan,Stan & Ollie,Stan Laurel
British Independent Film Award - Best Performance by an Actor in a British Independent Film,2018 (21st),Rupert Everett,The Happy Prince,Oscar Wilde
British Independent Film Award - Best Performance by an Actor in a British Independent Film,2018 (21st),Joaquin Phoenix,You Were Never Really Here,Joe
British Independent Film Award - Best Performance by an Actor in a British Independent Film,2018 (21st),Charlie Plummer,Lean on Pete,Charley Thompson
British Independent Film Award - Best Performance by an Actor in a British Independent Film,2019 (22nd),Josh O'Connor,Only You,Jake
British Independent Film Award - Best Performance by an Actor in a British Independent Film,2019 (22nd),Sam Adewunmi,The Last Tree,Femi
British Independent Film Award - Best Performance by an Actor in a British Independent Film,2019 (22nd),Tom Burke,The Souvenir,Anthony
British Independent Film Award - Best Performance by an Actor in a British Independent Film,2019 (22nd),Kris Hitchen,Sorry We Missed You,Ricky Turner
British Independent Film Award - Best Performance by an Actor in a British Independent Film,2019 (22nd),Dev Patel,The Personal History of David Copperfield,David Copperfield
