0,1,2,3,4
John Prakasa Rao Janumala,1982,Dard Ka Rishta,Joseph,
John Prakasa Rao Janumala,1986,Love 86,Uttam,
John Prakasa Rao Janumala,1986,Main Balwaan,,
John Prakasa Rao Janumala,1987,Jalwa,Muthu (The Masseur),
John Prakasa Rao Janumala,1988,Ghar Main Ram Gali Main Shyam,Srivastav's Servant,
John Prakasa Rao Janumala,1988,Kasam,,
John Prakasa Rao Janumala,1988,Hatya,Blacksmith,
John Prakasa Rao Janumala,1988,Aakhri Adalat,Havaldar,
John Prakasa Rao Janumala,1988,Hero Hiralal,Police constable,
John Prakasa Rao Janumala,1988,Tezaab,Munna's Friend,
John Prakasa Rao Janumala,1989,Suryaa,,
John Prakasa Rao Janumala,1989,Ilaaka,,
John Prakasa Rao Janumala,1989,Mujrim,Shankar's PA,
John Prakasa Rao Janumala,1989,Jaadugar,Nilkant,
John Prakasa Rao Janumala,1989,Kala Bazar,Kutti Chai Walla,
John Prakasa Rao Janumala,1989,ChaalBaaz,Johny Baba Tantrik,Special appearance
John Prakasa Rao Janumala,1989,Main Azaad Hoon,Protester,Uncredited
John Prakasa Rao Janumala,1990,Kafan,,
John Prakasa Rao Janumala,1990,Khatarnak,Police inspector,Marathi film
John Prakasa Rao Janumala,1990,Majboor,,
John Prakasa Rao Janumala,1990,Bandh Darwaza,,Special appearance
John Prakasa Rao Janumala,1990,Kishen Kanhaiya,Lobo,
John Prakasa Rao Janumala,1990,Raeeszada,,
John Prakasa Rao Janumala,1991,Ajooba Kudrat Ka,,
John Prakasa Rao Janumala,1991,Vishnu-Devaa,Havaldar No. 1,
John Prakasa Rao Janumala,1991,Narsimha,Tempo Dada,
John Prakasa Rao Janumala,1992,Jungle Ka Beta,,
John Prakasa Rao Janumala,1992,Geet Milan Ke Gaate Rehenge,,
John Prakasa Rao Janumala,1992,Khiladi,Anna Pillai,
John Prakasa Rao Janumala,1992,Humla,Shiva's Friend,
John Prakasa Rao Janumala,1992,Chamatkar,Cricket Commentator,
John Prakasa Rao Janumala,1993,Insaniyat Ke Devta,Muthuswamy,
John Prakasa Rao Janumala,1993,Teri Payal Meree Geet,,
John Prakasa Rao Janumala,1993,Yugandhar,Bala,
John Prakasa Rao Janumala,1993,Aasoo Bane Angaarey,,
John Prakasa Rao Janumala,1993,Anari,Bablu,
John Prakasa Rao Janumala,1993,Roop Ki Rani Choron Ka Raja,Sub Inspector Rang Birangi,
John Prakasa Rao Janumala,1993,Anmol,Himself,Special appearance
John Prakasa Rao Janumala,1993,Santaan,Kalia,
John Prakasa Rao Janumala,1993,Baazigar,Babulal,Nominated- Filmfare Best Comedian Award
John Prakasa Rao Janumala,1993,Aulad Ke Dushman,Johny,
John Prakasa Rao Janumala,1993,Bhagyawan,,
John Prakasa Rao Janumala,1993,Game,Jaggu,
John Prakasa Rao Janumala,1994,Masti,,
John Prakasa Rao Janumala,1994,Mahakaal,,
John Prakasa Rao Janumala,1994,Zamane Se Kya Darna,,
John Prakasa Rao Janumala,1994,Kanoon,Lakhiya,
John Prakasa Rao Janumala,1994,Anjaam,Champa Chameli,
John Prakasa Rao Janumala,1994,Saajan Ka Ghar,,
John Prakasa Rao Janumala,1994,Ekka Raja Rani,Guruji (Dance master),
John Prakasa Rao Janumala,1994,Juaari,Salim Tension,
John Prakasa Rao Janumala,1994,Prem Yog,,
John Prakasa Rao Janumala,1994,Main Khiladi Tu Anari,Dhansukh,
John Prakasa Rao Janumala,1994,Criminal,,Special appearance; shot in Telugu and Hindi languages
John Prakasa Rao Janumala,1994,Yaar Gaddar,Police Inspector,
John Prakasa Rao Janumala,1994,Mr. Azaad,,
John Prakasa Rao Janumala,1995,Inteqam Ke Sholey,,
John Prakasa Rao Janumala,1995,Dilbar,,
John Prakasa Rao Janumala,1995,Karan Arjun,Linghaiyya,Nominated- Filmfare Best Comedian Award
John Prakasa Rao Janumala,1995,Rock Dancer,Police Inspector,
John Prakasa Rao Janumala,1995,Ram Shastra,Reporter Raja,
John Prakasa Rao Janumala,1995,Haqeeqat,Tony,
John Prakasa Rao Janumala,1996,Jaan,Damru,
John Prakasa Rao Janumala,1996,Himmatwar,,
John Prakasa Rao Janumala,1996,Hahakar,Chamcha,
John Prakasa Rao Janumala,1996,Daraar,Hari,
John Prakasa Rao Janumala,1996,Bhishma,Natwar,
John Prakasa Rao Janumala,1996,Sapoot,Deva,
John Prakasa Rao Janumala,1996,Raja Hindustani,Balvant Singh,"Won- Screen Award for Best Comedian
Nominated- Filmfare Best Comedian Award"
John Prakasa Rao Janumala,1996,Jeet,Piajee,
John Prakasa Rao Janumala,1996,Dushman Duniya Ka,Headmaster,
John Prakasa Rao Janumala,1997,Jodidar,Agarbatti / Pens / Bangles / Sarees salesman,
John Prakasa Rao Janumala,1997,Daayen,,
John Prakasa Rao Janumala,1997,Ghunghat,Pandit Vishwanat,
John Prakasa Rao Janumala,1997,Judaai,Hiralal,Nominated- Filmfare Best Comedian Award
John Prakasa Rao Janumala,1997,Auzaar,Peter,
John Prakasa Rao Janumala,1997,Kaalia,Khan Dada,
John Prakasa Rao Janumala,1997,Himalay Putra,Joe,
John Prakasa Rao Janumala,1997,Agni Morcha,,
John Prakasa Rao Janumala,1997,Koyla,Shanker's Friend,
John Prakasa Rao Janumala,1997,Do Ankhen Barah Hath,Rickshaw Walla,
John Prakasa Rao Janumala,1997,Yes Boss,"Madhav Advani, aka MAD",
John Prakasa Rao Janumala,1997,Judge Mujrim,"Havaldar Amar Lokhande, Akbar Charsi, Anthony Bhai & Mother",
John Prakasa Rao Janumala,1997,Krishna Arjun,Rocky,
John Prakasa Rao Janumala,1997,Mr. and Mrs. Khiladi,Bandaged patient on street,
John Prakasa Rao Janumala,1997,Deewana Mastana,Ghafoor,Won- Filmfare Best Comedian Award
John Prakasa Rao Janumala,1997,Ishq,Ranjit's brother-in-law,
John Prakasa Rao Janumala,1998,Barsaat Ki Raat,,
John Prakasa Rao Janumala,1998,Yeh Aashiqui Meri,,
John Prakasa Rao Janumala,1998,Miss 420,Tony Fernandes,
John Prakasa Rao Janumala,1998,Do numbri,Damru,
John Prakasa Rao Janumala,1998,Ustadon Ke Ustad,,
John Prakasa Rao Janumala,1998,Aakrosh: Cyclone of Anger,Gopi,
John Prakasa Rao Janumala,1998,Keemat: They Are Back,Sub-Inspector Ultappan/Kirappan,
John Prakasa Rao Janumala,1998,Aunty No. 1,,
John Prakasa Rao Janumala,1998,Jiyaala,,
John Prakasa Rao Janumala,1998,Mard,Bindas,
John Prakasa Rao Janumala,1998,Jab Pyaar Kisise Hota Hai,Mahesh,
John Prakasa Rao Janumala,1998,Achanak,Joni/Moni/Toni Kapoor,
John Prakasa Rao Janumala,1998,Dulhe Raja,Bankhey (Hotel Manager),Won- Filmfare Best Comedian Award
John Prakasa Rao Janumala,1998,Kareeb,Bighe Laal,
John Prakasa Rao Janumala,1998,Iski Topi Uske Sar,Gabbar Singh/Mogamba/John Lobo,
John Prakasa Rao Janumala,1998,Barood,Presenter,
John Prakasa Rao Janumala,1998,Tirchhi Topiwale,Kadak K. Pillay,
John Prakasa Rao Janumala,1998,Kuch Kuch Hota Hai,"Col. Almeida, Camp Manager",Nominated- Filmfare Best Comedian Award
John Prakasa Rao Janumala,1998,Soldier,Mohan/Sohan,
John Prakasa Rao Janumala,1998,Wajood,Inspector Rahim Khan,
John Prakasa Rao Janumala,1999,Heeralal Pannalal,Heeralal (Double role),
John Prakasa Rao Janumala,1999,Ganga Ki Kasam,,
John Prakasa Rao Janumala,1999,Dulhan Banoo Main Teri,Jack,
John Prakasa Rao Janumala,1999,Munnibai,Kammal Khan,
John Prakasa Rao Janumala,1999,Benaam,Munna Mobile,
John Prakasa Rao Janumala,1999,Hum Aapke Dil Mein Rehte Hain,Sunny Goyal,
John Prakasa Rao Janumala,1999,Daag-The Fire,Sundar,
John Prakasa Rao Janumala,1999,Laawaris,Gaflet,
John Prakasa Rao Janumala,1999,International Khiladi,Focus,
John Prakasa Rao Janumala,1999,Anari No. 1,Daler Mehndi,Nominated – Filmfare Best Comedian Award
John Prakasa Rao Janumala,1999,Silsila Hai Pyar Ka,Johny,
John Prakasa Rao Janumala,1999,Sirf Tum,Niranjan,
John Prakasa Rao Janumala,1999,Baadshah,Ramlal,
John Prakasa Rao Janumala,1999,Hello Brother,Havaldar Hatella,
John Prakasa Rao Janumala,1999,Hum Tum Pe Marte Hain,Sattu,
John Prakasa Rao Janumala,1999,Khoobsurat,Natwar,Guest Appearance
John Prakasa Rao Janumala,1999,Jaanwar,Bajrangi,
John Prakasa Rao Janumala,2000,Krodh,Prem,
John Prakasa Rao Janumala,2000,Jwalamukhi,,
John Prakasa Rao Janumala,2000,Hadh Kar Di Aapne,Father/Son Lawyer Team,
John Prakasa Rao Janumala,2000,Tera Jadoo Chal Gayaa,Maggi,
John Prakasa Rao Janumala,2000,Meri Jung Ka Elaan,,
John Prakasa Rao Janumala,2000,Beti No. 1,Mulayamchand 'Mullu',
John Prakasa Rao Janumala,2000,Kaali Topi Laal Rumaal,Nanhey,
John Prakasa Rao Janumala,2000,Mela,Inspector Pakkad Singh,
John Prakasa Rao Janumala,2000,Kaho Naa Pyaar Hai,Inspector Parab,Special appearance
John Prakasa Rao Janumala,2000,Dulhan Hum Le Jayenge,Tour Manager Chirkund,
John Prakasa Rao Janumala,2000,Phir Bhi Dil Hai Hindustani,Pappu Junior,Nominated- Filmfare Best Comedian Award
John Prakasa Rao Janumala,2000,Badal,Gulel Singh Rangoli,
John Prakasa Rao Janumala,2000,Dil Hi Dil Mein,College Professor Jack,Hindi dubbed version
John Prakasa Rao Janumala,2000,Hum To Mohabbat Karega,Kutti,
John Prakasa Rao Janumala,2000,Joru Ka Ghulam,Kanhaiya,
John Prakasa Rao Janumala,2000,Deewane,Okay,
John Prakasa Rao Janumala,2000,Hamara Dil Aapke Paas Hai,Chatterjee,
John Prakasa Rao Janumala,2000,Fiza,Laughing Club Comic,
John Prakasa Rao Janumala,2000,Shikari,Jafrani Sindhi Businessman,
John Prakasa Rao Janumala,2000,Aaghaaz,Rajni Deva,
John Prakasa Rao Janumala,2000,Raju Chacha,Jaddu,
John Prakasa Rao Janumala,2001,Farz,Informer named 'Taxi',
John Prakasa Rao Janumala,2001,Aashiq,,
John Prakasa Rao Janumala,2001,Chori Chori Chupke Chupke,Pappu Bhai,
John Prakasa Rao Janumala,2001,Censor,Vikramjeet's First Assistant,
John Prakasa Rao Janumala,2001,Love Ke Liye Kuch Bhi Karega,Aslam Bhai,Won- Zee Cine Award for Best Actor in a Comic Role
John Prakasa Rao Janumala,2001,Lajja,,
John Prakasa Rao Janumala,2001,Nayak,TV Cameraman Topi,
John Prakasa Rao Janumala,2001,Dial 100,,
John Prakasa Rao Janumala,2001,Asoka,Magadha Soldier,
John Prakasa Rao Janumala,2001,Arjun Devaa,,
John Prakasa Rao Janumala,2001,Kabhi Khushi Kabhie Gham,Haldiram,extended special appearance
John Prakasa Rao Janumala,2001,Aamdani Atthani Kharcha Rupaiyaa,Appu Khote,
John Prakasa Rao Janumala,2002,Ankhiyon Se Goli Maare,Subramaniam,
John Prakasa Rao Janumala,2002,Yeh Dil Aashiqanaa,,
John Prakasa Rao Janumala,2002,Yeh Mohabbat Hai,Jaggi,
John Prakasa Rao Janumala,2002,Tumko Na Bhool Paayenge,Pakhandee Baba,
John Prakasa Rao Janumala,2002,Angaar – The Fire,,
John Prakasa Rao Janumala,2002,Badmash No. 1,,
John Prakasa Rao Janumala,2002,Pyaar Diwana Hota Hai,Paresh Chaval (Painter),
John Prakasa Rao Janumala,2002,Awara Paagal Deewana,Chhota Chhatri,
John Prakasa Rao Janumala,2002,Jaani Dushman: Ek Anokhi Kahani,Parwana,
John Prakasa Rao Janumala,2002,Yeh Kaisi Mohabbat,Paajal,
John Prakasa Rao Janumala,2002,Annarth,"Ben Bose, Music Director",
John Prakasa Rao Janumala,2002,Kehta Hai Dil Baar Baar,Natwar,
John Prakasa Rao Janumala,2002,Karz – The Burden of Truth,Juggi,
John Prakasa Rao Janumala,2002,Chalo Ishq Ladaaye,,
John Prakasa Rao Janumala,2003,Kucch To Hai,Popatlal,
John Prakasa Rao Janumala,2003,Khushi,Milestone,
John Prakasa Rao Janumala,2003,Kaash Aap Hamare Hote,Native Indian Black Face,
John Prakasa Rao Janumala,2003,Indian Babu,"Mr. Patel/Principal ""Patel Bond 008""",Special appearance
John Prakasa Rao Janumala,2003,Kaise Kahoon Ke Pyaar Hai,Sandwich,
John Prakasa Rao Janumala,2003,Andaaz,G. I. Joe,
John Prakasa Rao Janumala,2003,Chalte Chalte,Nandu (The Roadside Drunkard),
John Prakasa Rao Janumala,2003,Main Prem Ki Diwani Hoon,Johnny,
John Prakasa Rao Janumala,2003,Aisaa Kyon,,
John Prakasa Rao Janumala,2003,Market,,
John Prakasa Rao Janumala,2003,Janasheen,Johnny Chen,
John Prakasa Rao Janumala,2004,God Only Knows!,Road Babe,
John Prakasa Rao Janumala,2004,Hatya: The Murder,Paid Mourner,
John Prakasa Rao Janumala,2004,Aabra Ka Daabra,Maneklal,
John Prakasa Rao Janumala,2005,Meri Biwi Ka Jawab Nahin,Chitra Gupta,
John Prakasa Rao Janumala,2005,Padmashree Laloo Prasad Yadav,Yadav,
John Prakasa Rao Janumala,2005,Navra Maza Navsacha,,Marathi film
John Prakasa Rao Janumala,2005,Khullam Khulla Pyaar Karen,Pashabhai,
John Prakasa Rao Janumala,2005,Deewane Huye Paagal,Murgan,
John Prakasa Rao Janumala,2006,Aisa Kyon Hota Hai?,,
John Prakasa Rao Janumala,2006,Banana Brothers,,
John Prakasa Rao Janumala,2006,Saawan... The Love Season,Akhil Rao,
John Prakasa Rao Janumala,2006,36 China Town,KK,
John Prakasa Rao Janumala,2006,Phir Hera Pheri,Munna,
John Prakasa Rao Janumala,2006,Chashmebahadur,,
John Prakasa Rao Janumala,2006,Sandwich,,
John Prakasa Rao Janumala,2007,Fool n Final,Puttu Pilot,
John Prakasa Rao Janumala,2008,Thela No. 501,,
John Prakasa Rao Janumala,2008,Race,Max (The marriage bureau chief),Special appearance
John Prakasa Rao Janumala,2008,Konchem Koththaga,Thief,Telugu film; special appearance
John Prakasa Rao Janumala,2008,Khallbali: Fun Unlimited,,
John Prakasa Rao Janumala,2008,Nidar – The Fearless,,
John Prakasa Rao Janumala,2008,Aap Jaisa Koi Nahin,,
John Prakasa Rao Janumala,2008,Mr Tikdambaaz,,
John Prakasa Rao Janumala,2008,Paying Guests,Ballu Ji,
John Prakasa Rao Janumala,2009,Dhoondte Reh Jaaoge,Parvej Asharraf 'Champa'/Daku Rabbar Singh,
John Prakasa Rao Janumala,2009,All the Best: Fun Begins,Tobu,
John Prakasa Rao Janumala,2009,Aao Wish Karein,Hitchchock,
John Prakasa Rao Janumala,2009,De Dana Dan,Kala Krishna Murari,
John Prakasa Rao Janumala,2010,Dulha Mil Gaya,Krish,
John Prakasa Rao Janumala,2010,Bhavnaon Ko Samjho,Vivaah Marriage Bureau,
John Prakasa Rao Janumala,2010,Prem Kaa Game,Ramnik Chedda,
John Prakasa Rao Janumala,2010,Khatta Meetha,Award Anshuman,
John Prakasa Rao Janumala,2010,Golmaal 3,Pappi Bhai,
John Prakasa Rao Janumala,2011,Love Mein Ghum,Sukhia,Pakistani film
John Prakasa Rao Janumala,2011,Yamla Pagla Deewana,Jeweller,
John Prakasa Rao Janumala,2011,Anbirkku Alavillai,Johnny Bhai,Tamil film
John Prakasa Rao Janumala,2011,Masti Express,,
John Prakasa Rao Janumala,2011,Bin Bulaye Baraati,Sajjan Singh,
John Prakasa Rao Janumala,2011,Tell Me O Khuda,Pandurang P.,
John Prakasa Rao Janumala,2012,Players,MC,
John Prakasa Rao Janumala,2012,Chaar Din Ki Chandni,Paan Singh,
John Prakasa Rao Janumala,2012,Housefull 2,Vishwas Patil,
John Prakasa Rao Janumala,2012,Deewana Main Deewana,Husband,
John Prakasa Rao Janumala,2012,Khiladi 786,Inspector Bhalerao Kambli,
John Prakasa Rao Janumala,2012,Savior,,
John Prakasa Rao Janumala,2013,Yamla Pagla Deewana 2,Bunty,
John Prakasa Rao Janumala,2013,Boss,Zorawar Singh,
John Prakasa Rao Janumala,2013,Singh Saab the Great,Gulwinder,
John Prakasa Rao Janumala,2013,Enemmy; Law And Disorder,CID Officer Eric Collaco,
John Prakasa Rao Janumala,2014,Entertainment,Habibulla,
John Prakasa Rao Janumala,2014,My Father Godfather,Director (Special Appearance),
John Prakasa Rao Janumala,2014,Rang,Guest Role,Tulu film
John Prakasa Rao Janumala,2015,Dilwale,Mani Bhai,
John Prakasa Rao Janumala,2016,Santa Banta Pvt Ltd,Chooza,
John Prakasa Rao Janumala,2017,Machine,Darpan Gopal,
John Prakasa Rao Janumala,2017,Pappa Tamne Nahi Samjaay,,Gujarati film
John Prakasa Rao Janumala,2017,Judwaa 2,Pappu Passport,
John Prakasa Rao Janumala,2017,Golmaal Again,Pappi Bhai,
John Prakasa Rao Janumala,2018,Gara,,Kannada film
John Prakasa Rao Janumala,2019,Total Dhamaal,Raju,
John Prakasa Rao Janumala,2019,Housefull 4,Winston Churchgate,
John Prakasa Rao Janumala,2020,Coolie No.1,Inspector Jagjit Godbole,
John Prakasa Rao Janumala,2021,Hungama 2,Tutor Gagan Chandra D'Costa,
John Prakasa Rao Janumala,2022,Cirkus,Polson Dada,
John Prakasa Rao Janumala,2022,Jaysuk Zdpayo,Mansukh,Gujarati film
