0,1,2,3,4,5
Satellite Award for Best Actor - TV Series Drama,2000,James Gandolfini,The Sopranos,Tony Soprano,HBO
Satellite Award for Best Actor - TV Series Drama,2000,Dennis Haysbert,Now and Again,Dr. Theodore Morris,CBS
Satellite Award for Best Actor - TV Series Drama,2000,Nicky Katt,Boston Public,Harry Senate,Fox
Satellite Award for Best Actor - TV Series Drama,2001,James Gandolfini,The Sopranos,Tony Soprano,HBO
Satellite Award for Best Actor - TV Series Drama,2001,Craig T. Nelson,The District,Jack Mannion,CBS
Satellite Award for Best Actor - TV Series Drama,2001,William Petersen,CSI: Crime Scene Investigation,Gil Grissom,CBS
Satellite Award for Best Actor - TV Series Drama,2002,Peter Krause,Six Feet Under,Nate Fisher,HBO
Satellite Award for Best Actor - TV Series Drama,2002,Chi McBride,Boston Public,Steven Harper,Fox
Satellite Award for Best Actor - TV Series Drama,2003,David Boreanaz,Angel,Angel,The WB
Satellite Award for Best Actor - TV Series Drama,2003,Anthony LaPaglia,Without a Trace,Jack Malone,CBS
Satellite Award for Best Actor - TV Series Drama,2003,Julian McMahon,Nip/Tuck,Dr. Christian Troy,FX
Satellite Award for Best Actor - TV Series Drama,2003,David Paymer,Line of Fire,Jonah Malloy,ABC
Satellite Award for Best Actor - TV Series Drama,2003,Nick Stahl,Carnivàle,Ben Hawkins,HBO
Satellite Award for Best Actor - TV Series Drama,2004,Vincent D'Onofrio,Law & Order: Criminal Intent,Robert Goren,NBC
Satellite Award for Best Actor - TV Series Drama,2004,Anthony LaPaglia,Without a Trace,Jack Malone,CBS
Satellite Award for Best Actor - TV Series Drama,2004,James Spader,Boston Legal,Alan Shore,ABC
Satellite Award for Best Actor - TV Series Drama,2004,Treat Williams,Everwood,Andrew Brown,The WB
Satellite Award for Best Actor - TV Series Drama,2005,Denis Leary,Rescue Me,Tommy Gavin,FX
Satellite Award for Best Actor - TV Series Drama,2005,Dylan Walsh,Nip/Tuck,Dr. Sean McNamara,FX
Satellite Award for Best Actor - TV Series Drama,2005,Ian McShane,Deadwood,Al Swearengen,HBO
Satellite Award for Best Actor - TV Series Drama,2005,Jake Weber,Medium,Joe Dubois,NBC
Satellite Award for Best Actor - TV Series Drama,2006,Denis Leary,Rescue Me,Tommy Gavin,FX
Satellite Award for Best Actor - TV Series Drama,2006,Bill Paxton,Big Love,Bill Henrickson,HBO
Satellite Award for Best Actor - TV Series Drama,2006,Matthew Perry,Studio 60 on the Sunset Strip,Matt Albie,NBC
Satellite Award for Best Actor - TV Series Drama,2006,Bradley Whitford,Studio 60 on the Sunset Strip,Danny Tripp,NBC
Satellite Award for Best Actor - TV Series Drama,2007,Denis Leary,Rescue Me,Tommy Gavin,FX
Satellite Award for Best Actor - TV Series Drama,2007,Eddie Izzard,The Ri¢hes,Wayne Malloy,FX
Satellite Award for Best Actor - TV Series Drama,2007,Bill Paxton,Big Love,Bill Henrickson,HBO
Satellite Award for Best Actor - TV Series Drama,2007,James Woods,Shark,Sebastian Stark,CBS
Satellite Award for Best Actor - TV Series Drama,2008,Gabriel Byrne,In Treatment,Dr. Paul Weston,HBO
Satellite Award for Best Actor - TV Series Drama,2008,Jason Isaacs,Brotherhood,Michael Caffee,Showtime
Satellite Award for Best Actor - TV Series Drama,2008,Jon Hamm,Mad Men,Don Draper,AMC
Satellite Award for Best Actor - TV Series Drama,2008,David Tennant,Doctor Who,The Doctor,BBC One
Satellite Award for Best Actor - TV Series Drama,2009,Bill Paxton,Big Love,Bill Henrickson,HBO
Satellite Award for Best Actor - TV Series Drama,2009,Gabriel Byrne,In Treatment,Dr. Paul Weston,HBO
Satellite Award for Best Actor - TV Series Drama,2009,Lucian Msamati,The No. 1 Ladies' Detective Agency,Mr. J.L.B. Matekoni,HBO
Satellite Award for Best Actor - TV Series Drama,2009,Nathan Fillion,Castle,Richard Castle,ABC
Satellite Award for Best Actor - TV Series Drama,2009,Jon Hamm,Mad Men,Don Draper,AMC
