0,1,2,3
Toronto Film Critics Association Award for Best Director,2000,Ang Lee,"Crouching Tiger, Hidden Dragon"
Toronto Film Critics Association Award for Best Director,2001,Peter Jackson,The Lord of the Rings: The Fellowship of the Ring
Toronto Film Critics Association Award for Best Director,2001,Jean-Pierre Jeunet,Amélie
Toronto Film Critics Association Award for Best Director,2002,Alfonso Cuarón,Y Tu Mamá También
Toronto Film Critics Association Award for Best Director,2002,Todd Haynes,Far from Heaven
Toronto Film Critics Association Award for Best Director,2003,Peter Jackson,The Lord of the Rings: The Return of the King
Toronto Film Critics Association Award for Best Director,2006,Jean-Pierre and Luc Dardenne,The Child (L'Enfant)
Toronto Film Critics Association Award for Best Director,2006,Paul Greengrass,United 93
Toronto Film Critics Association Award for Best Director,2006,Martin Scorsese,The Departed
Toronto Film Critics Association Award for Best Director,2007,Joel Coen and Ethan Coen,No Country for Old Men
Toronto Film Critics Association Award for Best Director,2007,David Cronenberg,Eastern Promises
Toronto Film Critics Association Award for Best Director,2007,David Fincher,Zodiac
Toronto Film Critics Association Award for Best Director,2008,Danny Boyle,Slumdog Millionaire
Toronto Film Critics Association Award for Best Director,2008,Andrew Stanton,WALL-E
Toronto Film Critics Association Award for Best Director,2009,Steve McQueen,Hunger
Toronto Film Critics Association Award for Best Director,2009,Quentin Tarantino,Inglourious Basterds
