0,1,2,3,4
Cesar Award for Best Picture,1990,Indian Nocturne,Nocturne indien,Alain Corneau
Cesar Award for Best Picture,1990,Life and Nothing But,La Vie et rien d'autre,Bertrand Tavernier
Cesar Award for Best Picture,1990,Mr. Hire,Monsieur Hire,Patrice Leconte
Cesar Award for Best Picture,1990,Love Without Pity,Un monde sans pitié,Eric Rochant
Cesar Award for Best Picture,1991,The Hairdresser's Husband,Le Mari de la coiffeuse,Patrice Leconte
Cesar Award for Best Picture,1991,The Little Gangster,Le Petit Criminel,Jacques Doillon
Cesar Award for Best Picture,1991,La Femme Nikita,Nikita,Luc Besson
Cesar Award for Best Picture,1991,Uranus,Uranus,Claude Berri
Cesar Award for Best Picture,1992,Thank You Life,Merci la vie,Bertrand Blier
Cesar Award for Best Picture,1992,The Beautiful Troublemaker,La Belle Noiseuse,Jacques Rivette
Cesar Award for Best Picture,1992,Van Gogh,Van Gogh,Maurice Pialat
Cesar Award for Best Picture,1993,And the Little Prince Said,Le Petit Prince a dit,Christine Pascal
Cesar Award for Best Picture,1993,The Crisis,La Crise,Coline Serreau
Cesar Award for Best Picture,1993,A Heart in Winter,Un cœur en hiver,Claude Sautet
Cesar Award for Best Picture,1993,Indochine,Indochine,Régis Wargnier
Cesar Award for Best Picture,1993,L.627,L.627,Bertrand Tavernier
Cesar Award for Best Picture,1994,Germinal,Germinal,Claude Berri
Cesar Award for Best Picture,1994,My Favorite Season,Ma saison préférée,André Téchiné
Cesar Award for Best Picture,1994,Three Colors: Blue,Trois couleurs: Bleu,Krzysztof Kieślowski
Cesar Award for Best Picture,1994,Les Visiteurs (The Visitors),Les Visiteurs,Jean-Marie Poiré
Cesar Award for Best Picture,1995,Wild Reeds,Les Roseaux sauvages,André Téchiné
Cesar Award for Best Picture,1995,The Favourite Son,Le Fils préféré,Nicole Garcia
Cesar Award for Best Picture,1995,Léon,Léon,Luc Besson
Cesar Award for Best Picture,1995,Queen Margot,La Reine Margot,Patrice Chéreau
Cesar Award for Best Picture,1995,Three Colors: Red,Trois couleurs: Rouge,Krzysztof Kieślowski
Cesar Award for Best Picture,1996,Happiness Is in the Field,Le Bonheur est dans le pré,Étienne Chatiliez
Cesar Award for Best Picture,1996,The Ceremony,La Cérémonie,Claude Chabrol
Cesar Award for Best Picture,1996,French Twist,Gazon maudit,Josiane Balasko
Cesar Award for Best Picture,1996,The Horseman on the Roof,Le Hussard sur le toit,Jean-Paul Rappeneau
Cesar Award for Best Picture,1996,Nelly and Mr. Arnaud,Nelly et Monsieur Arnaud,Claude Sautet
Cesar Award for Best Picture,1997,Captain Conan,Capitaine Conan,Bertrand Tavernier
Cesar Award for Best Picture,1997,Family Resemblances,Un air de famille,Cédric Klapisch
Cesar Award for Best Picture,1997,Microcosmos,Microcosmos: Le peuple de l'herbe,Claude Nuridsany and Marie Pérennou
Cesar Award for Best Picture,1997,Pédale douce,Pédale douce,Gabriel Aghion
Cesar Award for Best Picture,1997,Thieves,Les Voleurs,André Téchiné
Cesar Award for Best Picture,1998,Same Old Song,On connaît la chanson,Alain Resnais
Cesar Award for Best Picture,1998,The Fifth Element,The Fifth Element,Luc Besson
Cesar Award for Best Picture,1998,Marius and Jeannette,Marius et Jeannette,Robert Guédiguian
Cesar Award for Best Picture,1998,On Guard,Le Bossu,Philippe de Broca
Cesar Award for Best Picture,1998,Western,Western,Manuel Poirier
Cesar Award for Best Picture,1999,The Dinner Game,Le Dîner de cons,Francis Veber
Cesar Award for Best Picture,1999,Place Vendôme,Place Vendôme,Nicole Garcia
Cesar Award for Best Picture,1999,Taxi,Taxi,Gérard Pirès
Cesar Award for Best Picture,1999,Those Who Love Me Can Take the Train,Ceux qui m'aiment prendront le train,Patrice Chéreau
