0,1,2,3
Academy Award for Best Animated Short Film,1940(13th),Puss Gets the Boot,Fred Quimby
Academy Award for Best Animated Short Film,1941(14th),"Boogie Woogie Bugle Boy of Company ""B""",Walter Lantz
Academy Award for Best Animated Short Film,1941(14th),How War Came,Lawson Harris
Academy Award for Best Animated Short Film,1941(14th),The Night Before Christmas,Fred Quimby
Academy Award for Best Animated Short Film,1941(14th),Rhythm in the Ranks,George Pal
Academy Award for Best Animated Short Film,1941(14th),The Rookie Bear,Fred Quimby
Academy Award for Best Animated Short Film,1941(14th),Superman,Max Fleischer
Academy Award for Best Animated Short Film,1942(15th),"All Out for ""V""",Paul Terry
Academy Award for Best Animated Short Film,1942(15th),Blitz Wolf,Fred Quimby
Academy Award for Best Animated Short Film,1942(15th),Juke Box Jamboree,Walter Lantz
Academy Award for Best Animated Short Film,1943(16th),The 500 Hats of Bartholomew Cubbins,George Pal
Academy Award for Best Animated Short Film,1943(16th),Imagination,Dave Fleischer
Academy Award for Best Animated Short Film,1944(17th),And to Think That I Saw It on Mulberry Street,George Pal
Academy Award for Best Animated Short Film,1944(17th),"Dog, Cat and Canary",Screen Gems
Academy Award for Best Animated Short Film,1944(17th),Fish Fry,Walter Lantz
Academy Award for Best Animated Short Film,1944(17th),"My Boy, Johnny",Paul Terry
Academy Award for Best Animated Short Film,1944(17th),Swooner Crooner,Leon Schlesinger
Academy Award for Best Animated Short Film,1945(18th),Quiet Please!,Fred Quimby
Academy Award for Best Animated Short Film,1945(18th),Jasper and the Beanstalk,George Pal
Academy Award for Best Animated Short Film,1945(18th),The Poet and Peasant,Walter Lantz
Academy Award for Best Animated Short Film,1945(18th),Rippling Romance,Screen Gems
Academy Award for Best Animated Short Film,1947(20th),Dr. Jekyll and Mr. Mouse,Fred Quimby
Academy Award for Best Animated Short Film,1947(20th),Pluto's Blue Note,Disney
Academy Award for Best Animated Short Film,1948(21st),Robin Hoodlum,United Productions of America
Academy Award for Best Animated Short Film,1948(21st),Tea for Two Hundred,Disney
Academy Award for Best Animated Short Film,1949(22nd),Hatch Up Your Troubles,Fred Quimby
Academy Award for Best Animated Short Film,1949(22nd),Magic Fluke,Stephen Bosustow
