0,1,2,3
Drama Desk Award for Outstanding Actor in a Play,Roy Dotrice,Brief Lives,John Aubrey
Drama Desk Award for Outstanding Actor in a Play,Peter Firth,Equus,Alan Strang
Drama Desk Award for Outstanding Actor in a Play,Charles Grodin,"Same Time, Next Year",George
Drama Desk Award for Outstanding Actor in a Play,John Kani,Sizwe Banzi Is Dead,Styles / Buntu
Drama Desk Award for Outstanding Actor in a Play,John Kani,The Island,John
Drama Desk Award for Outstanding Actor in a Play,Alec McCowen,The Misanthrope,Alceste
Drama Desk Award for Outstanding Actor in a Play,Richard Monette,Hosanna,Hosanna
Drama Desk Award for Outstanding Actor in a Play,Tony Musante,P.S. Your Cat Is Dead,Vito
Drama Desk Award for Outstanding Actor in a Play,Winston Ntshona,The Island,Winston
Drama Desk Award for Outstanding Actor in a Play,Donald Sinden,London Assurance,Sir Harcourt Courtly
Drama Desk Award for Outstanding Actor in a Play,Peter Evans,Streamers,Richie
Drama Desk Award for Outstanding Actor in a Play,Ben Gazzara,Who's Afraid of Virginia Woolf?,George
Drama Desk Award for Outstanding Actor in a Play,Richard Kiley,The Heiress,Dr. Austin Sloper
Drama Desk Award for Outstanding Actor in a Play,Frank Quinn,Lamppost Reunion,Mac
Drama Desk Award for Outstanding Actor in a Play,Louis Zorich,They Knew What They Wanted,Tony
Drama Desk Award for Outstanding Actor in a Play,Martin Balsam,Cold Storage,Joseph Parmigian
Drama Desk Award for Outstanding Actor in a Play,Richard Chamberlain,The Night of the Iguana,Rev. Shannon
Drama Desk Award for Outstanding Actor in a Play,Tom Courtenay,Otherwise Engaged,Simon
Drama Desk Award for Outstanding Actor in a Play,Robert Duvall,American Buffalo,Walter Cole
Drama Desk Award for Outstanding Actor in a Play,Fred Gwynne,A Texas Trilogy,Colonel J. C. Kinkaid
Drama Desk Award for Outstanding Actor in a Play,John Heard,G.R. Point,Micah
Drama Desk Award for Outstanding Actor in a Play,Jonathan Pryce,Comedians,Gethin Price
Drama Desk Award for Outstanding Actor in a Play,Hume Cronyn,The Gin Game,Weller Martin
Drama Desk Award for Outstanding Actor in a Play,Judd Hirsch,Chapter Two,George
Drama Desk Award for Outstanding Actor in a Play,James Earl Jones,Paul Robeson,Paul Robeson
Drama Desk Award for Outstanding Actor in a Play,Frank Langella,Dracula,Dracula
Drama Desk Award for Outstanding Actor in a Play,Brian Murray,Da,Charlie Now
Drama Desk Award for Outstanding Actor in a Play,Tom Aldredge,On Golden Pond,Norman Thayer Jr.
Drama Desk Award for Outstanding Actor in a Play,Richard Chamberlain,Fathers and Sons,Wild Bill Hickok
Drama Desk Award for Outstanding Actor in a Play,Tom Conti,Whose Life is It Anyway?,Ken Harrison
Drama Desk Award for Outstanding Actor in a Play,Donal Donnelly,Faith Healer,Frank Hardy
Drama Desk Award for Outstanding Actor in a Play,Jack Lemmon,Tribute,Scottie Templeton
