0,1,2,3,4
Konstanz (electoral district),1949,Josef Schüttler,CDU,50.5
Konstanz (electoral district),1953,Josef Schüttler,CDU,63.8
Konstanz (electoral district),1957,Josef Schüttler,CDU,61.5
Konstanz (electoral district),1961,Hermann Biechele,CDU,53.1
Konstanz (electoral district),1965,Hermann Biechele,CDU,55.3
Konstanz (electoral district),1969,Hermann Biechele,CDU,51.1
Konstanz (electoral district),1972,Hermann Biechele,CDU,52.0
Konstanz (electoral district),1976,Hermann Biechele,CDU,55.4
Konstanz (electoral district),1980,Hans-Peter Repnik,CDU,52.8
Konstanz (electoral district),1983,Hans-Peter Repnik,CDU,60.7
Konstanz (electoral district),1987,Hans-Peter Repnik,CDU,54.2
Konstanz (electoral district),1990,Hans-Peter Repnik,CDU,53.5
Konstanz (electoral district),1994,Hans-Peter Repnik,CDU,52.1
Konstanz (electoral district),1998,Hans-Peter Repnik,CDU,44.2
Konstanz (electoral district),2002,Hans-Peter Repnik,CDU,44.1
