0,1,2,3,4,5,6,7
1, England,"London, England",Twickenham Stadium,2004 end-of-year rugby union internationals,20 November 2004,Loss,32 – 16
2, Scotland,"Edinburgh, Scotland",Murrayfield Stadium,2004 end-of-year rugby union internationals,27 November 2004,Win,10 – 45
3, Scotland,"Edinburgh, Scotland",Murrayfield Stadium,2004 end-of-year rugby union internationals,27 November 2004,Win,10 – 45
4, Uruguay,"East London, South Africa",Basil Kenyon Stadium,2005 June rugby union test,11 June 2005,Win,134 – 3
5, Uruguay,"East London, South Africa",Basil Kenyon Stadium,2005 June rugby union test,11 June 2005,Win,134 – 3
6, France,"Durban, South Africa",Kings Park Stadium,2005 France rugby union tour of South Africa and Australia,18 June 2005,Draw,30 – 30
7, France,"Durban, South Africa",Kings Park Stadium,2005 France rugby union tour of South Africa and Australia,18 June 2005,Draw,30 – 30
8, France,"Port Elizabeth, South Africa",EPRU Stadium,2005 France rugby union tour of South Africa and Australia,25 June 2005,Win,27 – 13
9, France,"Port Elizabeth, South Africa",EPRU Stadium,2005 France rugby union tour of South Africa and Australia,25 June 2005,Win,27 – 13
10, Australia,"Johannesburg, South Africa",Ellis Park Stadium,2005 June rugby union test,23 July 2005,Win,33 – 20
11, Australia,"Perth, Australia",Subiaco Oval,2005 Tri Nations Series,20 August 2005,Win,19 – 22
12, Australia,"Perth, Australia",Subiaco Oval,2005 Tri Nations Series,20 August 2005,Win,19 – 22
13, New Zealand,"Dunedin, New Zealand",Carisbrook,2005 Tri Nations Series,27 August 2005,Loss,31 – 27
14, Wales,"Cardiff, Wales",Millennium Stadium,2005 end-of-year rugby union internationals,19 November 2005,Win,16 – 33
15, Wales,"Cardiff, Wales",Millennium Stadium,2005 end-of-year rugby union internationals,19 November 2005,Win,16 – 33
16, New Zealand,"Rustenburg, South Africa",Royal Bafokeng Stadium,2006 Tri Nations Series,2 September 2006,Win,21 – 20
17, Ireland,"Dublin, Ireland",Lansdowne Road,2006 South Africa rugby union tour of Ireland and England,11 November 2006,Loss,32 – 15
18, England,"Bloemfontein, South Africa",Free State Stadium,2007 England rugby union tour of South Africa,26 May 2007,Win,58 – 10
19, England,"Bloemfontein, South Africa",Free State Stadium,2007 England rugby union tour of South Africa,26 May 2007,Win,58 – 10
20, England,"Pretoria, South Africa",Loftus Versfeld Stadium,2007 England rugby union tour of South Africa,2 June 2007,Win,55 – 22
21, England,"Pretoria, South Africa",Loftus Versfeld Stadium,2007 England rugby union tour of South Africa,2 June 2007,Win,55 – 22
22, Scotland,"Edinburgh, Scotland",Murrayfield Stadium,2007 Rugby World Cup warm-up matches,25 August 2007,Win,3 – 27
29, Argentina,"Saint-Denis, France",Stade de France,2007 Rugby World Cup,14 October 2007,Win,37 – 13
30, Argentina,"Saint-Denis, France",Stade de France,2007 Rugby World Cup,14 October 2007,Win,37 – 13
31, New Zealand,"Wellington, New Zealand",WestPac Stadium,2008 Tri Nations Series,5 July 2008,Loss,19 – 8
32, England,"London, England",Twickenham Stadium,2008 South Africa rugby union tour of Europe,22 November 2008,Win,8 – 42
33, British and Irish Lions,"Pretoria, South Africa",Loftus Versfeld Stadium,2009 British & Irish Lions tour to South Africa,27 June 2009,Win,28 – 25
34, Australia,"Perth, Australia",Subiaco Oval,2009 Tri Nations Series,29 August 2009,Win,25 – 32
35, Australia,"Perth, Australia",Subiaco Oval,2009 Tri Nations Series,29 August 2009,Win,25 – 32
36, Italy,"Udine, Italy",Stadio Friuli,2009 end-of-year rugby union internationals,21 November 2009,Win,10 – 32
37, Italy,"Witbank, South Africa",Puma Rugby Stadium,2010 June rugby union tests,19 June 2010,Win,29 – 13
38, Italy,"East London, South Africa",Buffalo City Stadium,2010 June rugby union tests,26 June 2010,Win,55 – 11
39, Namibia,"Auckland, New Zealand",North Harbour Stadium,2011 Rugby World Cup,22 September 2011,Win,87 – 0
40, Samoa,"Auckland, New Zealand",North Harbour Stadium,2011 Rugby World Cup,30 September 2011,Win,13 – 5
41, Argentina,"Cape Town, South Africa",Newlands Stadium,2012 Rugby Championship,18 August 2012,Win,27 – 6
42, Australia,"Perth, Australia",Patersons Stadium,2012 Rugby Championship,8 September 2012,Loss,26 – 19
43, New Zealand,"Dunedin, New Zealand",Forsyth Barr Stadium,2012 Rugby Championship,15 September 2012,Loss,21 – 11
44, Australia,"Pretoria, South Africa",Loftus Versfeld Stadium,2012 Rugby Championship,29 September 2012,Win,31 – 8
45, Australia,"Pretoria, South Africa",Loftus Versfeld Stadium,2012 Rugby Championship,29 September 2012,Win,31 – 8
46, Australia,"Pretoria, South Africa",Loftus Versfeld Stadium,2012 Rugby Championship,29 September 2012,Win,31 – 8
47, New Zealand,"Johannesburg, South Africa",FNB Stadium,2012 Rugby Championship,6 October 2012,Loss,16 – 32
48, Italy,"Durban, South Africa",Mr Price Kings Park,2013 June rugby union tests,8 June 2013,Win,44 – 10
49, Samoa,"Pretoria, South Africa",Loftus Versfeld Stadium,2013 June rugby union tests,22 June 2013,Win,56 – 23
50, Samoa,"Pretoria, South Africa",Loftus Versfeld Stadium,2013 June rugby union tests,22 June 2013,Win,56 – 23
51, Argentina,"Johannesburg, South Africa",FNB Stadium,2013 Rugby Championship,17 August 2013,Win,73 – 13
52, New Zealand,"Johannesburg, South Africa",Coca-Cola Park,2013 Rugby Championship,5 October 2013,Loss,27 – 38
53, New Zealand,"Johannesburg, South Africa",Coca-Cola Park,2013 Rugby Championship,5 October 2013,Loss,27 – 38
54, Wales,"Durban, South Africa",Growthpoint Kings Park,2014 Wales rugby union tour of South Africa,14 June 2014,Win,38 – 16
55, Wales,"Durban, South Africa",Growthpoint Kings Park,2014 Wales rugby union tour of South Africa,14 June 2014,Win,38 – 16
56, Argentina,"Salta, Argentina",Estadio Padre Ernesto Martearena,2014 Rugby Championship,23 August 2014,Win,31 – 33
57, Italy,"Padua, Italy",Stadio Euganeo,2014 end-of-year rugby union internationals,22 November 2014,Win,6 – 22
58, Argentina,"Durban, South Africa",Growthpoint Kings Park,2015 Rugby Championship,8 August 2015,Loss,25 – 37
59, Argentina,"Buenos Aires, Argentina",José Amalfitani Stadium,2015 Rugby World Cup warm-up matches,15 August 2015,Win,12 – 26
65, Argentina,"Salta, Argentina",Estadio Padre Ernesto Martearena,2016 Rugby Championship,27 August 2016,Loss,26 – 24
66, New Zealand,"Christchurch, New Zealand",AMI Stadium,2016 Rugby Championship,17 September 2016,Loss,41 – 13
67, Italy,"Florence, Italy",Stadio Artemio Franchi,2016 end-of-year rugby union internationals,19 November 2016,Loss,20 – 18
