0,1,2,3,4,5,6
126th Kentucky Derby,3rd,14,Impeachment,Craig Perret,Todd Pletcher,Dogwood Stable
126th Kentucky Derby,4th,9,More Than Ready,John Velazquez,Todd Pletcher,James T. Scatuorchio
126th Kentucky Derby,5th,3,Wheelaway,Richard Migliore,John Kimmel,Caesar P. Kimmel & Philip J. Solondz
126th Kentucky Derby,6th,11,China Visit,Frankie Dettori,Saeed bin Suroor,Godolphin Racing
126th Kentucky Derby,7th,18,Curule,Marlon St. Julien,Saeed bin Suroor,Godolphin Racing
126th Kentucky Derby,10th,6,Deputy Warlock,Mark Guidry,Ken McPeek,"Select Stable, Inc."
126th Kentucky Derby,11th,5,Trippi,Jorge Chavez,Todd Pletcher,Dogwood Stable
126th Kentucky Derby,12th,16,Exchange Rate,Calvin Borel,D. Wayne Lukas,Padua Stables
126th Kentucky Derby,14th,10,The Deputy,Chris McCarron,Jenine Sahadi,Team Valor & Gary Barber
126th Kentucky Derby,15th,17,High Yield,Pat Day,D. Wayne Lukas,"Robert B. & Beverly J. Lewis, Mrs. John Magnier & Michael Tabor, et al."
126th Kentucky Derby,16th,4,Hal's Hope,Roger Velez,Harold Rose,Rose Family Stables Ltd.
126th Kentucky Derby,18th,19,Ronton,Brice Blanc,Vladimir Cerin,"Jaltipan, LLC."
126th Kentucky Derby,19th,13,Graeme Hall,Shane Sellers,Todd Pletcher,Eugene & Laura Melnyk
