0,1,2,3,4
Paul Ottosson,12 February 2005,Best Sound,Spider-Man 2,NominatedC
Paul Ottosson,21 February 2010,Best Sound,The Hurt Locker,WonA
Paul Ottosson,"February 27, 2010",Best Sound Mixing for Motion Pictures,The Hurt Locker,WonA
Paul Ottosson,18 February 2013,Best Sound Mixing for Motion Pictures - Live Action,Zero Dark Thirty,NominatedD
Paul Ottosson,"February 14, 2015",Best Sound Mixing for a Motion Picture – Animated,Penguins of Madagascar,NominatedE
Paul Ottosson,2001,Best Sound Editing - Television Movies and Specials - Effects & Foley,Operation Sandman,NominatedF
Paul Ottosson,23 March 2002,"Best Sound Editing - Animated Feature Film, Domestic and Foreign",Jimmy Neutron: Boy Genius,NominatedG
Paul Ottosson,1 March 2005,Best Sound Editing in Domestic Features - Sound Effects & Foley,Spider-Man 2,NominatedH
Paul Ottosson,2008,Best Sound Editing - Sound Effects and Foley for Feature Film,Spider-Man 3,NominatedI
Paul Ottosson,20 February 2010,Best Sound Editing - Dialogue and ADR in a Feature Film,The Hurt Locker,NominatedJ
Paul Ottosson,20 February 2010,Best Sound Editing - Best Sound Editing - Sound Effects and Foley in a Feature Film,The Hurt Locker,NominatedK
Paul Ottosson,20 February 2010,Best Sound Editing - Best Sound Editing - Sound Effects and Foley in a Feature Film,2012,NominatedL
Paul Ottosson,15 February 2015,Best Sound Editing - Sound Effects and Foley in an English Language Feature,Fury,NominatedM
Paul Ottosson,18 February 2018,Best Sound Editing - Dialogue and ADR for Feature Film,Detroit,NominatedN
Paul Ottosson,13 September 1998,Outstanding Sound Editing in Non-Fiction Program,Rat,Won0
Paul Ottosson,23 January 2005,Best Sound,Spider-Man 2,NominatedP
Paul Ottosson,20 December 2009,Best Sound,2012,WonQ
