0,1,2,3,4
Screen Actors Guild Award for Best Male Actor - Miniseries or Television Movie,"2010
(17th) ",John Goodman,You Don't Know Jack,Neal Nicol
Screen Actors Guild Award for Best Male Actor - Miniseries or Television Movie,"2010
(17th) ",Dennis Quaid,The Special Relationship,Bill Clinton
Screen Actors Guild Award for Best Male Actor - Miniseries or Television Movie,"2010
(17th) ",Édgar Ramírez,Carlos,Ilich Ramírez Sánchez / Carlos the Jackal
Screen Actors Guild Award for Best Male Actor - Miniseries or Television Movie,"2010
(17th) ",Patrick Stewart,Macbeth,Macbeth
Screen Actors Guild Award for Best Male Actor - Miniseries or Television Movie,"2011
(18th) ",Laurence Fishburne,Thurgood,Thurgood Marshall
Screen Actors Guild Award for Best Male Actor - Miniseries or Television Movie,"2011
(18th) ",Greg Kinnear,The Kennedys,John F. Kennedy
Screen Actors Guild Award for Best Male Actor - Miniseries or Television Movie,"2011
(18th) ",Guy Pearce,Mildred Pierce,Monty Beragon
Screen Actors Guild Award for Best Male Actor - Miniseries or Television Movie,"2011
(18th) ",James Woods,Too Big to Fail,Richard S. Fuld Jr.
Screen Actors Guild Award for Best Male Actor - Miniseries or Television Movie,"2012
(19th) ",Kevin Costner,Hatfields & McCoys,Devil Anse Hatfield
Screen Actors Guild Award for Best Male Actor - Miniseries or Television Movie,"2012
(19th) ",Woody Harrelson,Game Change,Steve Schmidt
Screen Actors Guild Award for Best Male Actor - Miniseries or Television Movie,"2012
(19th) ",Ed Harris,Game Change,John McCain
Screen Actors Guild Award for Best Male Actor - Miniseries or Television Movie,"2012
(19th) ",Bill Paxton,Hatfields & McCoys,Randolph McCoy
Screen Actors Guild Award for Best Male Actor - Miniseries or Television Movie,"2012
(19th) ",Clive Owen,Hemingway & Gellhorn,Ernest Hemingway
Screen Actors Guild Award for Best Male Actor - Miniseries or Television Movie,"2013
(20th) ",Matt Damon,Behind the Candelabra,Scott Thorson
Screen Actors Guild Award for Best Male Actor - Miniseries or Television Movie,"2013
(20th) ",Jeremy Irons,The Hollow Crown,King Henry IV
Screen Actors Guild Award for Best Male Actor - Miniseries or Television Movie,"2013
(20th) ",Rob Lowe,Killing Kennedy,John F. Kennedy
Screen Actors Guild Award for Best Male Actor - Miniseries or Television Movie,"2013
(20th) ",Al Pacino,Phil Spector,Phil Spector
Screen Actors Guild Award for Best Male Actor - Miniseries or Television Movie,"2014
(21st) ",Billy Bob Thornton,Fargo,Lorne Malvo
Screen Actors Guild Award for Best Male Actor - Miniseries or Television Movie,"2014
(21st) ",Adrien Brody,Houdini,Harry Houdini
Screen Actors Guild Award for Best Male Actor - Miniseries or Television Movie,"2014
(21st) ",Benedict Cumberbatch,Sherlock: His Last Vow,Sherlock Holmes
Screen Actors Guild Award for Best Male Actor - Miniseries or Television Movie,"2014
(21st) ",Richard Jenkins,Olive Kitteridge,Henry Kitteridge
Screen Actors Guild Award for Best Male Actor - Miniseries or Television Movie,"2015
(22nd) ",Idris Elba,Luther,John Luther
Screen Actors Guild Award for Best Male Actor - Miniseries or Television Movie,"2015
(22nd) ",Ben Kingsley,Tut,"Ay, the Grand Vizier"
Screen Actors Guild Award for Best Male Actor - Miniseries or Television Movie,"2015
(22nd) ",Ray Liotta,Texas Rising,Lorca / Tom Mitchell
Screen Actors Guild Award for Best Male Actor - Miniseries or Television Movie,"2015
(22nd) ",Bill Murray,A Very Murray Christmas,Himself
Screen Actors Guild Award for Best Male Actor - Miniseries or Television Movie,"2015
(22nd) ",Mark Rylance,Wolf Hall,Thomas Cromwell
Screen Actors Guild Award for Best Male Actor - Miniseries or Television Movie,"2016
(23rd) ",Bryan Cranston,All the Way,Lyndon B. Johnson
Screen Actors Guild Award for Best Male Actor - Miniseries or Television Movie,"2016
(23rd) ",Sterling K. Brown,The People v. O. J. Simpson: American Crime Story,Christopher Darden
Screen Actors Guild Award for Best Male Actor - Miniseries or Television Movie,"2016
(23rd) ",Courtney B. Vance,The People v. O. J. Simpson: American Crime Story,Johnnie Cochran
Screen Actors Guild Award for Best Male Actor - Miniseries or Television Movie,"2016
(23rd) ",Riz Ahmed,The Night Of,"Nasir ""Naz"" Khan"
Screen Actors Guild Award for Best Male Actor - Miniseries or Television Movie,"2016
(23rd) ",John Turturro,The Night Of,John Stone
Screen Actors Guild Award for Best Male Actor - Miniseries or Television Movie,"2017
(24th) ",Alexander Skarsgård,Big Little Lies,Perry Wright
Screen Actors Guild Award for Best Male Actor - Miniseries or Television Movie,"2017
(24th) ",Benedict Cumberbatch,Sherlock: The Lying Detective,Sherlock Holmes
Screen Actors Guild Award for Best Male Actor - Miniseries or Television Movie,"2017
(24th) ",Jeff Daniels,Godless,Frank Griffen
Screen Actors Guild Award for Best Male Actor - Miniseries or Television Movie,"2017
(24th) ",Robert De Niro,The Wizard of Lies,Bernie Madoff
Screen Actors Guild Award for Best Male Actor - Miniseries or Television Movie,"2017
(24th) ",Geoffrey Rush,Genius,Albert Einstein
Screen Actors Guild Award for Best Male Actor - Miniseries or Television Movie,"2018
(25th) ",Darren Criss,The Assassination of Gianni Versace: American Crime Story,Andrew Cunanan
Screen Actors Guild Award for Best Male Actor - Miniseries or Television Movie,"2018
(25th) ",Antonio Banderas,Genius: Picasso,Pablo Picasso
Screen Actors Guild Award for Best Male Actor - Miniseries or Television Movie,"2018
(25th) ",Hugh Grant,A Very English Scandal,Jeremy Thorpe
Screen Actors Guild Award for Best Male Actor - Miniseries or Television Movie,"2018
(25th) ",Anthony Hopkins,King Lear,King Lear
Screen Actors Guild Award for Best Male Actor - Miniseries or Television Movie,"2018
(25th) ",Bill Pullman,The Sinner,Detective Harry Ambrose
Screen Actors Guild Award for Best Male Actor - Miniseries or Television Movie,"2019
(26th) ",Sam Rockwell,Fosse/Verdon,Bob Fosse
Screen Actors Guild Award for Best Male Actor - Miniseries or Television Movie,"2019
(26th) ",Mahershala Ali,True Detective,Wayne Hays 
Screen Actors Guild Award for Best Male Actor - Miniseries or Television Movie,"2019
(26th) ",Russell Crowe,The Loudest Voice,Roger Ailes
Screen Actors Guild Award for Best Male Actor - Miniseries or Television Movie,"2019
(26th) ",Jared Harris,Chernobyl,Valery Legasov
Screen Actors Guild Award for Best Male Actor - Miniseries or Television Movie,"2019
(26th) ",Jharrel Jerome,When They See Us,Korey Wise
