0,1,2,3,4
Million Dollar Baby Awards,Academy Award,Best Director,Clint Eastwood,Won
Million Dollar Baby Awards,Academy Award,Best Actor,Clint Eastwood,Nominated
Million Dollar Baby Awards,Academy Award,Best Adapted Screenplay,Paul Haggis,Nominated
Million Dollar Baby Awards,ACE Eddie,Best Editing,Joel Cox,Nominated
Million Dollar Baby Awards,Amanda Award,Best Foreign Feature Film,Clint Eastwood,Nominated
Million Dollar Baby Awards,American Screenwriters Association,Discover Screenwriting Award,Paul Haggis,Won
Million Dollar Baby Awards,Art Directors Guild Award,Best Contemporary Feature Film,Henry Bumstead Jack G. Taylor Jr.,Nominated
Million Dollar Baby Awards,Billie Award,Best Film,Clint Eastwood Albert S. Ruddy Tom Rosenberg Paul Haggis,Nominated
Million Dollar Baby Awards,Black Reel Award,Best Supporting Actor,Morgan Freeman,Nominated
Million Dollar Baby Awards,Broadcast Film Critics Association Award,Best Actress,Hilary Swank,Won
Million Dollar Baby Awards,Broadcast Film Critics Association Award,Best Supporting Actor,Morgan Freeman,Nominated
Million Dollar Baby Awards,Broadcast Film Critics Association Award,Best Director,Clint Eastwood,Nominated
Million Dollar Baby Awards,Broadcast Film Critics Association Award,Best Film,Clint Eastwood Albert S. Ruddy Tom Rosenberg Paul Haggis,Nominated
Million Dollar Baby Awards,Casting Society of America Award,Best Casting for Feature Film: Drama,Phyllis Huffman,Nominated
Million Dollar Baby Awards,César Awards,Best Foreign Film,Clint Eastwood Albert S. Ruddy Tom Rosenberg Paul Haggis,Won
Million Dollar Baby Awards,Chicago Film Critics Association Award,Best Director,Clint Eastwood,Won
Million Dollar Baby Awards,David di Donatello Awards,Best Foreign Film,Clint Eastwood,Won
Million Dollar Baby Awards,Directors Guild of America Award,Outstanding Directing,Clint Eastwood,Won
Million Dollar Baby Awards,Director's Guild of Great Britain,Outstanding Director,Clint Eastwood,Nominated
Million Dollar Baby Awards,ESPY Award,Best Sports Movie,Clint Eastwood Albert S. Ruddy Tom Rosenberg Paul Haggis,Nominated
Million Dollar Baby Awards,Florida Film Critics Circle Award,Best Actress,Hilary Swank,Won
Million Dollar Baby Awards,Golden Globe Award,Best Actress,Hilary Swank,Won
Million Dollar Baby Awards,Golden Globe Award,Best Director,Clint Eastwood,Won
Million Dollar Baby Awards,Golden Globe Award,Best Supporting Actor,Morgan Freeman,Nominated
Million Dollar Baby Awards,Golden Globe Award,Best Motion Picture—Drama,Clint Eastwood Albert S. Ruddy Tom Rosenberg Paul Haggis,Nominated
Million Dollar Baby Awards,Golden Globe Award,Best Original Score,Clint Eastwood,Nominated
Million Dollar Baby Awards,Grammy Award,Best Score Soundtrack for Visual Media,Clint Eastwood,Nominated
Million Dollar Baby Awards,Motion Picture Sound Editors Award,Best Sound Editing (Sound Effects & Foley),Alar Robert Murray Bub Asman David Grimaldi Jason King,Nominated
Million Dollar Baby Awards,MTV Movie Award,Best Female Performance,Hilary Swank,Nominated
Million Dollar Baby Awards,NAACP Image Award,Outstanding Supporting Actor,Morgan Freeman,Won
Million Dollar Baby Awards,National Board of Review Award,Best Film,Clint Eastwood Albert S. Ruddy Tom Rosenberg Paul Haggis,Nominated
Million Dollar Baby Awards,National Board of Review Award,Best Director,Clint Eastwood,Nominated
Million Dollar Baby Awards,National Board of Review Award,Best Actor,Clint Eastwood,Nominated
Million Dollar Baby Awards,New York Film Critics Circle Award,Best Director,Clint Eastwood,Won
Million Dollar Baby Awards,Producers Guild of America Award,Best Theatrical Motion Picture,Clint Eastwood Albert S. Ruddy Tom Rosenberg Paul Haggis,Nominated
Million Dollar Baby Awards,Phoenix Film Critics Society Award,Best Actress,Hilary Swank,Won
Million Dollar Baby Awards,Phoenix Film Critics Society Award,Best Actor,Clint Eastwood,Nominated
Million Dollar Baby Awards,Phoenix Film Critics Society Award,Best Director,Clint Eastwood,Nominated
Million Dollar Baby Awards,Phoenix Film Critics Society Award,Best Supporting Actor,Morgan Freeman,Nominated
Million Dollar Baby Awards,Phoenix Film Critics Society Award,Best Film,Clint Eastwood Albert S. Ruddy Tom Rosenberg Paul Haggis,Nominated
Million Dollar Baby Awards,Satellite Award,Best Actress,Hilary Swank,Won
Million Dollar Baby Awards,Satellite Award,Best Adapted Screenplay,Paul Haggis,Won
Million Dollar Baby Awards,Screen Actors Guild Award,Best Actress,Hilary Swank,Won
Million Dollar Baby Awards,Screen Actors Guild Award,Best Supporting Actor,Morgan Freeman,Won
Million Dollar Baby Awards,Screen Actors Guild Award,Best Cast,Best Cast,Nominated
