0,1,2,3,4
Sing-A-Long Sound of Music,Academy Awards,Best Art Direction – Color,Art Direction: Boris Leven;  Set Decoration: Walter M. Scott and Ruby R. Levitt,Nominated
Sing-A-Long Sound of Music,Academy Awards,Best Cinematography – Color,Ted D. McCord,Nominated
Sing-A-Long Sound of Music,Academy Awards,Best Costume Design – Color,Dorothy Jeakins,Nominated
Sing-A-Long Sound of Music,Academy Awards,Best Scoring of Music – Adaptation or Treatment,Irwin Kostal,Won
Sing-A-Long Sound of Music,American Cinema Editors Awards,Best Edited Feature Film,William H. Reynolds,Won
Sing-A-Long Sound of Music,British Academy Film Awards,Best British Actress,Julie Andrews,Nominated
Sing-A-Long Sound of Music,David di Donatello Awards,Best Foreign Actress,Julie Andrews,Won
Sing-A-Long Sound of Music,Directors Guild of America Awards,Outstanding Directorial Achievement in Motion Pictures,Robert Wise,Won
Sing-A-Long Sound of Music,Golden Globe Awards,Best Motion Picture – Musical or Comedy,The Sound of Music,Won
Sing-A-Long Sound of Music,Golden Globe Awards,Best Actress in a Motion Picture – Musical or Comedy,Julie Andrews,Won
Sing-A-Long Sound of Music,Golden Globe Awards,Best Supporting Actress – Motion Picture,Peggy Wood,Nominated
Sing-A-Long Sound of Music,Golden Globe Awards,Best Director – Motion Picture,Robert Wise,Nominated
Sing-A-Long Sound of Music,Laurel Awards,Top General Entertainment,The Sound of Music,Won
Sing-A-Long Sound of Music,Laurel Awards,Top Female Musical Performance,Julie Andrews,Won
Sing-A-Long Sound of Music,National Board of Review Awards,Top Ten Films,The Sound of Music,Won
Sing-A-Long Sound of Music,National Film Preservation Board,National Film Registry,The Sound of Music,Inducted
Sing-A-Long Sound of Music,New York Film Critics Circle Awards,Best Actress,Julie Andrews,2nd place
Sing-A-Long Sound of Music,Writers Guild of America Awards,Best Written American Musical,Ernest Lehman,Won
