0,1,2
World Fantasy Special Award-Professional,Ian Ballantine*,
World Fantasy Special Award-Professional,Betty Ballantine*,
World Fantasy Special Award-Professional,Donald A. Wollheim,
World Fantasy Special Award-Professional,Donald M. Grant*,publishing
World Fantasy Special Award-Professional,Donald A. Wollheim,publishing and editing
World Fantasy Special Award-Professional,Arkham House,publishing
World Fantasy Special Award-Professional,Frank Belknap Long,Howard Phillips Lovecraft: Dreamer on the Nightside
World Fantasy Special Award-Professional,Willis Conover,Lovecraft at Last
World Fantasy Special Award-Professional,L. Sprague de Camp,Lovecraft: A Biography
World Fantasy Special Award-Professional,Shelley Torgeson*,Alternate World Recordings
World Fantasy Special Award-Professional,Roy Torgeson*,Alternate World Recordings
World Fantasy Special Award-Professional,Arkham House,publishing
World Fantasy Special Award-Professional,Edward L. Ferman,The Magazine of Fantasy & Science Fiction
World Fantasy Special Award-Professional,DAW Books,publishing
World Fantasy Special Award-Professional,Ballantine Books,publishing
World Fantasy Special Award-Professional,Everett F. Bleiler*,
World Fantasy Special Award-Professional,Edward L. Ferman,The Magazine of Fantasy & Science Fiction
World Fantasy Special Award-Professional,Donald A. Wollheim,DAW Books
World Fantasy Special Award-Professional,Judy-Lynn del Rey,Ballantine Books
World Fantasy Special Award-Professional,Lester del Rey,Ballantine Books
World Fantasy Special Award-Professional,Edward L. Ferman*,The Magazine of Fantasy & Science Fiction
World Fantasy Special Award-Professional,Donald M. Grant,"Donald M. Grant, Publisher"
World Fantasy Special Award-Professional,Donald M. Grant*,"Donald M. Grant, Publisher"
World Fantasy Special Award-Professional,Pat LoBrutto,Doubleday
World Fantasy Special Award-Professional,James Turner,Arkham House
World Fantasy Special Award-Professional,Donald A. Wollheim,DAW Books
World Fantasy Special Award-Professional,Lester del Rey,Ballantine Del Rey Fantasy
World Fantasy Special Award-Professional,Donald A. Wollheim*,DAW Books
World Fantasy Special Award-Professional,Tim Underwood,Underwood–Miller
World Fantasy Special Award-Professional,Chuck Miller,Underwood–Miller
World Fantasy Special Award-Professional,Terry Carr,anthologies
World Fantasy Special Award-Professional,Lester del Rey,Ballantine Del Rey
World Fantasy Special Award-Professional,David G. Hartwell,Timescape Books
World Fantasy Special Award-Professional,Edward L. Ferman,The Magazine of Fantasy & Science Fiction
World Fantasy Special Award-Professional,Edward L. Ferman*,The Magazine of Fantasy & Science Fiction
World Fantasy Special Award-Professional,David G. Hartwell,Timescape Books
World Fantasy Special Award-Professional,T. E. D. Klein,The Twilight Zone Magazine
World Fantasy Special Award-Professional,Tim Underwood,Underwood–Miller
World Fantasy Special Award-Professional,Chuck Miller,Underwood–Miller
World Fantasy Special Award-Professional,Donald M. Grant,"Donald M. Grant, Publisher"
World Fantasy Special Award-Professional,Donald M. Grant*,"Donald M. Grant, Publisher"
World Fantasy Special Award-Professional,Lester del Rey,Ballantine Del Rey
World Fantasy Special Award-Professional,David G. Hartwell,Timescape Books
World Fantasy Special Award-Professional,Pat LoBrutto,Doubleday
World Fantasy Special Award-Professional,Douglas E. Winter,writing and reviewing
World Fantasy Special Award-Professional,Ian Ballantine*,The High Kings
World Fantasy Special Award-Professional,Betty Ballantine*,The High Kings
World Fantasy Special Award-Professional,Joy Chant*,The High Kings
World Fantasy Special Award-Professional,George Sharp*,The High Kings
World Fantasy Special Award-Professional,David Larkin*,The High Kings
World Fantasy Special Award-Professional,Edward L. Ferman,The Magazine of Fantasy & Science Fiction
World Fantasy Special Award-Professional,Pat LoBrutto,Doubleday
World Fantasy Special Award-Professional,L. Sprague de Camp,Dark Valley Destiny
World Fantasy Special Award-Professional,Catherine Crook de Camp,Dark Valley Destiny
World Fantasy Special Award-Professional,Jane Whittington Griffin,Dark Valley Destiny
World Fantasy Special Award-Professional,Everett F. Bleiler,The Guide to Supernatural Fiction
World Fantasy Special Award-Professional,T. E. D. Klein,The Twilight Zone Magazine
World Fantasy Special Award-Professional,Pat LoBrutto,Doubleday
World Fantasy Special Award-Professional,Shawna McCarthy,Asimov's Science Fiction
World Fantasy Special Award-Professional,Tim Underwood,Underwood–Miller
World Fantasy Special Award-Professional,Chuck Miller,Underwood–Miller
World Fantasy Special Award-Professional,Robert H. Boyer,Fantasists on Fantasy
World Fantasy Special Award-Professional,Kenneth J. Zahorski,Fantasists on Fantasy
World Fantasy Special Award-Professional,Pat LoBrutto*,Doubleday
World Fantasy Special Award-Professional,Terri Windling,editing
World Fantasy Special Award-Professional,Donald M. Grant,"Donald M. Grant, Publisher"
World Fantasy Special Award-Professional,Thomas Canty,A Monster at Christmas
World Fantasy Special Award-Professional,Phil Hale,A Monster at Christmas
World Fantasy Special Award-Professional,Jane Yolen*,Favorite Folktales from Around the World
World Fantasy Special Award-Professional,Terri Windling,Ace Books
World Fantasy Special Award-Professional,Simon Ounsley,Interzone
World Fantasy Special Award-Professional,David Pringle,Interzone
World Fantasy Special Award-Professional,David G. Hartwell,Arbor House
World Fantasy Special Award-Professional,Donald M. Grant,"Donald M. Grant, Publisher"
World Fantasy Special Award-Professional,Jack Sullivan,The Penguin Encyclopedia of Horror and the Supernatural
World Fantasy Special Award-Professional,David G. Hartwell*,"Arbor House, Tor Books, anthologies"
World Fantasy Special Award-Professional,Dean R. Koontz,service to the field
World Fantasy Special Award-Professional,Terri Windling,"Ace Books, Armadillo"
World Fantasy Special Award-Professional,Shawna McCarthy,Bantam Spectra
World Fantasy Special Award-Professional,Tappan King,The Twilight Zone Magazine
World Fantasy Special Award-Professional,Gardner Dozois,"Asimov's Science Fiction, anthologies"
World Fantasy Special Award-Professional,George Scithers,Weird Tales
World Fantasy Special Award-Professional,Terri Windling*,editing
World Fantasy Special Award-Professional,Robert Weinberg*,A Biographical Dictionary of Science Fiction and Fantasy Artists
World Fantasy Special Award-Professional,Ellen Datlow,"Omni, anthologies"
World Fantasy Special Award-Professional,Dean R. Koontz,writing
World Fantasy Special Award-Professional,Paul Mikol,Dark Harvest
World Fantasy Special Award-Professional,Scot Stadalsky,Dark Harvest
World Fantasy Special Award-Professional,Mark V. Ziesing*,Mark V. Ziesing
World Fantasy Special Award-Professional,Ellen Datlow,editing
World Fantasy Special Award-Professional,Paul Mikol,Dark Harvest
World Fantasy Special Award-Professional,Scot Stadalsky,Dark Harvest
World Fantasy Special Award-Professional,Tim Underwood,Underwood–Miller
World Fantasy Special Award-Professional,Chuck Miller,Underwood–Miller
World Fantasy Special Award-Professional,Arnie Fenner*,"designing, Mark V. Ziesing, and Ursus"
World Fantasy Special Award-Professional,Ellen Datlow,editing
World Fantasy Special Award-Professional,Paul Mikol,Dark Harvest
World Fantasy Special Award-Professional,Scot Stadalsky,Dark Harvest
World Fantasy Special Award-Professional,David Pringle,Interzone
World Fantasy Special Award-Professional,S. T. Joshi,The Weird Tale
World Fantasy Special Award-Professional,George Scithers*,Weird Tales
World Fantasy Special Award-Professional,Darrell Schweitzer*,Weird Tales
World Fantasy Special Award-Professional,Ramsey Campbell,writing and editing
World Fantasy Special Award-Professional,Donald M. Grant,publishing
World Fantasy Special Award-Professional,Dean Wesley Smith,"publishing, Pulphouse Publishing"
World Fantasy Special Award-Professional,Kristine Kathryn Rusch,"publishing, Pulphouse Publishing"
World Fantasy Special Award-Professional,Terri Windling,editing
World Fantasy Special Award-Professional,Jeanne Cavelos*,editing Dell Abyss
World Fantasy Special Award-Professional,Martin H. Greenberg,anthologies
World Fantasy Special Award-Professional,Terri Windling,editing
World Fantasy Special Award-Professional,Grant Morrison,Batman: Gothic
World Fantasy Special Award-Professional,Klaus Janson,Batman: Gothic
World Fantasy Special Award-Professional,James Gurney,Dinotopia
World Fantasy Special Award-Professional,Tim Underwood*,"publishing, Underwood–Miller"
World Fantasy Special Award-Professional,Chuck Miller*,"publishing, Underwood–Miller"
World Fantasy Special Award-Professional,John Clute,reviewing
World Fantasy Special Award-Professional,Ellen Datlow,editing
World Fantasy Special Award-Professional,Terri Windling,book editing
World Fantasy Special Award-Professional,Mark V. Ziesing,publishing
World Fantasy Special Award-Professional,David J. Skal,The Monster Show: A Cultural History of Horror
World Fantasy Special Award-Professional,Ellen Datlow*,editing
World Fantasy Special Award-Professional,Fedogan & Bremer,book publishing
World Fantasy Special Award-Professional,John Clute,reviewing
World Fantasy Special Award-Professional,Paul Williams,The Ultimate Egoist: Volume I: The Complete Stories of Theodore Sturgeon by Theodore Sturgeon
World Fantasy Special Award-Professional,Richard Evans*,contributions to the genre
World Fantasy Special Award-Professional,Stephen Jones,editing and anthologies
World Fantasy Special Award-Professional,Kristine Kathryn Rusch,editing The Magazine of Fantasy & Science Fiction
World Fantasy Special Award-Professional,Gordon Van Gelder,editing
World Fantasy Special Award-Professional,Paul Williams,Microcosmic God: Volume II: The Complete Stories of Theodore Sturgeon and for his work with the Literary Estate of Theodore Sturgeon
World Fantasy Special Award-Professional,Michael J. Weldon*,The Psychotronic Video Guide
World Fantasy Special Award-Professional,Stephen Jones,editing and anthologies
World Fantasy Special Award-Professional,David Pringle,contributions to the genre
World Fantasy Special Award-Professional,Kristine Kathryn Rusch,editing The Magazine of Fantasy & Science Fiction
World Fantasy Special Award-Professional,Diana Wynne Jones,The Tough Guide to Fantasyland
World Fantasy Special Award-Professional,Ellen Datlow,editing and anthologies
World Fantasy Special Award-Professional,Gardner Dozois,editing and anthologies
World Fantasy Special Award-Professional,Stephen Jones,editing and anthologies
World Fantasy Special Award-Professional,Gordon Van Gelder,editing books at St. Martin's Press and editing The Magazine of Fantasy & Science Fiction
World Fantasy Special Award-Professional,Jim Turner*,Golden Gryphon Press
World Fantasy Special Award-Professional,Jo Fletcher,editing
World Fantasy Special Award-Professional,David Pringle,Interzone
World Fantasy Special Award-Professional,Robert Silverberg,editing The Avram Davidson Treasury
World Fantasy Special Award-Professional,Grania Davis,editing The Avram Davidson Treasury
World Fantasy Special Award-Professional,Les Daniels,Superman: The Complete History
World Fantasy Special Award-Professional,Gordon Van Gelder*,editing books at St. Martin's Press and editing The Magazine of Fantasy & Science Fiction
World Fantasy Special Award-Professional,John Betancourt,Wildside Press
World Fantasy Special Award-Professional,Warren Lapine,DNA Publications
World Fantasy Special Award-Professional,Seamus Heaney,the new translation of Beowulf
World Fantasy Special Award-Professional,Stephen Jones,The Essential Monster Movie Guide
World Fantasy Special Award-Professional,Kim Newman,Millennium Movies
World Fantasy Special Award-Professional,Tom Shippey*,J. R. R. Tolkien: Author of the Century
World Fantasy Special Award-Professional,Ellen Datlow,editing Sci Fiction and anthologies
World Fantasy Special Award-Professional,William K. Schafer,Subterranean Press
World Fantasy Special Award-Professional,Gary Turner,Golden Gryphon Press
World Fantasy Special Award-Professional,Marty Halpern,Golden Gryphon Press
World Fantasy Special Award-Professional,Cathy Fenner,Spectrum 7: The Best in Contemporary Fantastic Art
World Fantasy Special Award-Professional,Arnie Fenner,Spectrum 7: The Best in Contemporary Fantastic Art
World Fantasy Special Award-Professional,Jo Fletcher*,editing the Fantasy Masterworks series
World Fantasy Special Award-Professional,Stephen Jones*,editing
World Fantasy Special Award-Professional,Ellen Datlow,editing
World Fantasy Special Award-Professional,Douglas E. Winter,Clive Barker: The Dark Fantastic
World Fantasy Special Award-Professional,Randy Broecker,Fantasy of the 20th Century: An Illustrated History
World Fantasy Special Award-Professional,Gordon Van Gelder*,The Magazine of Fantasy & Science Fiction
World Fantasy Special Award-Professional,Paul Barnett,Paper Tiger art books
World Fantasy Special Award-Professional,Ellen Datlow,editing
World Fantasy Special Award-Professional,William K. Schafer,Subterranean Press
World Fantasy Special Award-Professional,Gary Turner,Golden Gryphon Press
World Fantasy Special Award-Professional,Marty Halpern,Golden Gryphon Press
World Fantasy Special Award-Professional,Terri Windling,editing
World Fantasy Special Award-Professional,Peter Crowther*,PS Publishing
World Fantasy Special Award-Professional,John Howe,artwork in The Lord of the Rings
World Fantasy Special Award-Professional,Alan Lee,artwork in The Lord of the Rings
World Fantasy Special Award-Professional,Kelly Link,Small Beer Press
World Fantasy Special Award-Professional,Gavin Grant,Small Beer Press
World Fantasy Special Award-Professional,Sharyn November,Firebird Books
World Fantasy Special Award-Professional,David Pringle,Interzone and services to the field
World Fantasy Special Award-Professional,Sean Wallace,Prime Books
World Fantasy Special Award-Professional,S. T. Joshi*,scholarship
World Fantasy Special Award-Professional,Kelly Link,Small Beer Press
World Fantasy Special Award-Professional,Gavin Grant,Small Beer Press
World Fantasy Special Award-Professional,Sharyn November,editing
World Fantasy Special Award-Professional,Gordon Van Gelder,The Magazine of Fantasy & Science Fiction
World Fantasy Special Award-Professional,Terri Windling,editing
World Fantasy Special Award-Professional,Sean Wallace*,Prime Books
World Fantasy Special Award-Professional,Susan Allison,Ace Books
World Fantasy Special Award-Professional,Ginjer Buchanan,Ace Books
World Fantasy Special Award-Professional,Lou Anders,editing at Pyr
World Fantasy Special Award-Professional,S. T. Joshi,Supernatural Literature of the World: An Encyclopedia
World Fantasy Special Award-Professional,Stefan Dziemanowicz,Supernatural Literature of the World: An Encyclopedia
World Fantasy Special Award-Professional,Peter Lavery,Pan MacMillan UK and Tor UK
World Fantasy Special Award-Professional,Chris Roberson,MonkeyBrain Books
World Fantasy Special Award-Professional,Allison Baker,MonkeyBrain Books
World Fantasy Special Award-Professional,Ellen Asher*,work at Science Fiction Book Club
World Fantasy Special Award-Professional,Mark Finn,Blood & Thunder: The Life & Art of Robert E. Howard
World Fantasy Special Award-Professional,Deanna Hoak,copyediting
World Fantasy Special Award-Professional,Greg Ketter,DreamHaven Books
World Fantasy Special Award-Professional,Leonard S. Marcus,The Wand in the Word: Conversations with Writers of Fantasy
World Fantasy Special Award-Professional,Peter Crowther*,PS Publishing
World Fantasy Special Award-Professional,Chris Roberson,MonkeyBrain Books
World Fantasy Special Award-Professional,Allison Baker,MonkeyBrain Books
World Fantasy Special Award-Professional,Alan Beatts,Borderlands Books
World Fantasy Special Award-Professional,Jude Feldman,Borderlands Books
World Fantasy Special Award-Professional,Jeremy Lassen,Night Shade Books
World Fantasy Special Award-Professional,Jason Williams,Night Shade Books
World Fantasy Special Award-Professional,Shawna McCarthy,Realms of Fantasy
World Fantasy Special Award-Professional,Gordon Van Gelder,The Magazine of Fantasy & Science Fiction
World Fantasy Special Award-Professional,Kelly Link*,Small Beer Press and Big Mouth House
World Fantasy Special Award-Professional,Gavin Grant*,Small Beer Press and Big Mouth House
World Fantasy Special Award-Professional,Farah Mendlesohn,Rhetorics of Fantasy
World Fantasy Special Award-Professional,Stephen H. Segal,Weird Tales
World Fantasy Special Award-Professional,Ann VanderMeer,Weird Tales
World Fantasy Special Award-Professional,Jerad Walters,A Lovecraft Retrospective: Artists Inspired by H.P. Lovecraft
World Fantasy Special Award-Professional,Jacob Weisman,Tachyon Publications
World Fantasy Special Award-Professional,Jonathan Strahan*,editing anthologies
World Fantasy Special Award-Professional,Peter Crowther,PS Publishing
World Fantasy Special Award-Professional,Nicky Crowther,PS Publishing
World Fantasy Special Award-Professional,Ellen Datlow,editing anthologies
World Fantasy Special Award-Professional,Hayao Miyazaki,Ponyo
World Fantasy Special Award-Professional,Barbara Roden,Ash-Tree Press
World Fantasy Special Award-Professional,Christopher Roden,Ash-Tree Press
World Fantasy Special Award-Professional,Jacob Weisman,Tachyon Publications
World Fantasy Special Award-Professional,Rina Weisman,Tachyon Publications
World Fantasy Special Award-Professional,John Joseph Adams,editing and anthologies
World Fantasy Special Award-Professional,Lou Anders,editing at Pyr
World Fantasy Special Award-Professional,Stéphane Marsan,Bragelonne
World Fantasy Special Award-Professional,Alain Névant,Bragelonne
World Fantasy Special Award-Professional,Brett Alexander Savory,ChiZine Publications
World Fantasy Special Award-Professional,Sandra Kasturi,ChiZine Publications
World Fantasy Special Award-Professional,Eric Lane*,publishing in translation – Dedalus Books
World Fantasy Special Award-Professional,Jo Fletcher,editing – Jo Fletcher Books
World Fantasy Special Award-Professional,John Joseph Adams,editing – anthology and magazine
World Fantasy Special Award-Professional,Brett Alexander Savory,ChiZine Publications
World Fantasy Special Award-Professional,Sandra Kasturi,ChiZine Publications
World Fantasy Special Award-Professional,Jeff VanderMeer,The Steampunk Bible
World Fantasy Special Award-Professional,S. J. Chambers,The Steampunk Bible
World Fantasy Special Award-Professional,Lucia Graves*,the translation of The Prisoner of Heaven by Carlos Ruiz Zafón
World Fantasy Special Award-Professional,Brett Alexander Savory,ChiZine Publications
World Fantasy Special Award-Professional,Sandra Kasturi,ChiZine Publications
World Fantasy Special Award-Professional,Peter Crowther,PS Publishing
World Fantasy Special Award-Professional,Nicky Crowther,PS Publishing
World Fantasy Special Award-Professional,William K. Schafer,Subterranean Press
World Fantasy Special Award-Professional,Adam Mills,Weird Fiction Review
World Fantasy Special Award-Professional,Ann VanderMeer,Weird Fiction Review
World Fantasy Special Award-Professional,Jeff VanderMeer,Weird Fiction Review
World Fantasy Special Award-Professional,Irene Gallo*,art direction of Tor.com
World Fantasy Special Award-Professional,William K. Schafer*,Subterranean Press
World Fantasy Special Award-Professional,John Joseph Adams,magazine and anthology editing
World Fantasy Special Award-Professional,Ginjer Buchanan,editing at Ace Books
World Fantasy Special Award-Professional,Jeff VanderMeer,Wonderbook: The Illustrated Guide to Creating Imaginative Fiction
World Fantasy Special Award-Professional,Jeremy Zerfoss,Wonderbook: The Illustrated Guide to Creating Imaginative Fiction
World Fantasy Special Award-Professional,Jerad Walters,Centipede Press
World Fantasy Special Award-Professional,Sandra Kasturi*,ChiZine Publications
World Fantasy Special Award-Professional,Brett Alexander Savory*,ChiZine Publications
World Fantasy Special Award-Professional,John Joseph Adams,editing anthologies and Nightmare and Fantasy magazines
World Fantasy Special Award-Professional,Jeanne Cavelos,Odyssey Writing workshops
World Fantasy Special Award-Professional,Gordon Van Gelder,The Magazine of Fantasy & Science Fiction
World Fantasy Special Award-Professional,Jerad Walters,Centipede Press
World Fantasy Special Award-Professional,Stephen Jones*,The Art of Horror
World Fantasy Special Award-Professional,Joe Monti,contributions to the genre
World Fantasy Special Award-Professional,Heather J. Wood,"Gods, Memes and Monsters: A 21st Century Bestiary"
World Fantasy Special Award-Professional,Neil Gaiman,The Sandman: Overture
World Fantasy Special Award-Professional,Dave Stewart,The Sandman: Overture
World Fantasy Special Award-Professional,J. H. Williams III,The Sandman: Overture
World Fantasy Special Award-Professional,Robert Jordan,The Wheel of Time Companion
World Fantasy Special Award-Professional,Harriet McDougal,The Wheel of Time Companion
World Fantasy Special Award-Professional,Alan Romanczuk,The Wheel of Time Companion
World Fantasy Special Award-Professional,Maria Simons,The Wheel of Time Companion
World Fantasy Special Award-Professional,Michael Levy*,Children's Fantasy Literature: An Introduction
World Fantasy Special Award-Professional,Farah Mendlesohn*,Children's Fantasy Literature: An Introduction
World Fantasy Special Award-Professional,L. Timmel Duchamp,Aqueduct Press
World Fantasy Special Award-Professional,Charles Coleman Finlay,The Magazine of Fantasy & Science Fiction
World Fantasy Special Award-Professional,Kelly Link,contributions to the genre
World Fantasy Special Award-Professional,Joe Monti,contributions to the genre
World Fantasy Special Award-Professional,Harry Brockway*,Writing Madness
World Fantasy Special Award-Professional,Patrick McGrath*,Writing Madness
World Fantasy Special Award-Professional,Danel Olson*,Writing Madness
World Fantasy Special Award-Professional,Charles Coleman Finlay,The Magazine of Fantasy & Science Fiction
World Fantasy Special Award-Professional,Irene Gallo,Art Direction at Tor Books and Tor.com
World Fantasy Special Award-Professional,Greg Ketter,DreamHaven Books
World Fantasy Special Award-Professional,Leslie S. Klinger,The New Annotated Frankenstein
World Fantasy Special Award-Professional,Huw Lewis-Jones*,The Writer's Map: An Atlas of Imaginary Lands
World Fantasy Special Award-Professional,Molly Barton,Serial Box
World Fantasy Special Award-Professional,Jeff Li,Serial Box
World Fantasy Special Award-Professional,James Stuart,Serial Box
World Fantasy Special Award-Professional,Julian Yap,Serial Box
World Fantasy Special Award-Professional,Charles Coleman Finlay,The Magazine of Fantasy & Science Fiction
World Fantasy Special Award-Professional,Irene Gallo,Art Direction at Tor Books and Tor.com
World Fantasy Special Award-Professional,Catherine McIlwaine,Tolkien: Maker of Middle-earth exhibition
World Fantasy Special Award-Professional,Ebony Elizabeth Thomas*,The Dark Fantastic: Race and the Imagination from Harry Potter to the Hunger Games (New York University Press)
World Fantasy Special Award-Professional,Charles Coleman Finlay,The Magazine of Fantasy & Science Fiction
World Fantasy Special Award-Professional,Leslie S. Klinger,The New Annotated H.P. Lovecraft: Beyond Arkham (Liveright)
World Fantasy Special Award-Professional,Ellen Oh,We Need Diverse Books
World Fantasy Special Award-Professional,Sheree Thomas,Contributions to the genre
World Fantasy Special Award-Professional,Charles Coleman Finlay*,The Magazine of Fantasy & Science Fiction
World Fantasy Special Award-Professional,Clive Bloom,The Palgrave Handbook of Contemporary Gothic (Palgrave Macmillan)
World Fantasy Special Award-Professional,Jo Fletcher,Jo Fletcher Books
World Fantasy Special Award-Professional,Maria Dahvana Headley,Beowulf: A New Translation (MCD x FSG Originals US/Scribe UK)
World Fantasy Special Award-Professional,Jeffrey Andrew Weinstock,The Monster Theory Reader (University of Minnesota Press)
World Fantasy Special Award-Professional,Marjorie Liu*,Monstress Volume Six: The Vow (Image Comics)
World Fantasy Special Award-Professional,Sana Takeda*,Monstress Volume Six: The Vow (Image Comics)
World Fantasy Special Award-Professional,Charlie Jane Anders,Never Say You Can't Survive (Tor.com Publishing)
World Fantasy Special Award-Professional,Cam Collins,Old Gods of Appalachia (podcast)
World Fantasy Special Award-Professional,Steve Shell,Old Gods of Appalachia (podcast)
World Fantasy Special Award-Professional,Irene Gallo,Tor.com
World Fantasy Special Award-Professional,William K. Schafer,Subterranean Press
World Fantasy Special Award-Professional,Sheree Thomas,editing The Magazine of Fantasy & Science Fiction
