0,1,2,3
Golden Globe Award for Best Screenplay,1980,The Elephant Man,Eric Bergren and Christopher De Vore
Golden Globe Award for Best Screenplay,1980,Ordinary People,Alvin Sargent
Golden Globe Award for Best Screenplay,1980,Raging Bull,Mardik Martin and Paul Schrader
Golden Globe Award for Best Screenplay,1980,The Stunt Man,Lawrence B. Marcus
Golden Globe Award for Best Screenplay,1981,Absence of Malice,Kurt Luedtke
Golden Globe Award for Best Screenplay,1981,The Four Seasons,Alan Alda
Golden Globe Award for Best Screenplay,1981,The French Lieutenant's Woman,Harold Pinter
Golden Globe Award for Best Screenplay,1981,Reds,Warren Beatty and Trevor Griffiths
Golden Globe Award for Best Screenplay,1982,E.T. the Extra-Terrestrial,Melissa Mathison
Golden Globe Award for Best Screenplay,1982,Missing,Costa-Gavras and Donald E. Stewart
Golden Globe Award for Best Screenplay,1982,Tootsie,Larry Gelbart and Murray Schisgal
Golden Globe Award for Best Screenplay,1982,The Verdict,David Mamet
Golden Globe Award for Best Screenplay,1983,The Big Chill,Barbara Benedek and Lawrence Kasdan
Golden Globe Award for Best Screenplay,1983,The Dresser,Ronald Harwood
Golden Globe Award for Best Screenplay,1983,Educating Rita,Willy Russell
Golden Globe Award for Best Screenplay,1983,"Reuben, Reuben",Julius J. Epstein
Golden Globe Award for Best Screenplay,1984,The Killing Fields,Bruce Robinson
Golden Globe Award for Best Screenplay,1984,A Passage to India,David Lean
Golden Globe Award for Best Screenplay,1984,Places in the Heart,Robert Benton
Golden Globe Award for Best Screenplay,1984,A Soldier's Story,Charles Fuller
Golden Globe Award for Best Screenplay,1985,Back to the Future,Robert Zemeckis and Bob Gale
Golden Globe Award for Best Screenplay,1985,Out of Africa,Kurt Luedtke
Golden Globe Award for Best Screenplay,1985,Prizzi's Honor,Richard Condon and Janet Roach
Golden Globe Award for Best Screenplay,1985,Witness,William Kelley and Earl W. Wallace
Golden Globe Award for Best Screenplay,1986,Blue Velvet,David Lynch
Golden Globe Award for Best Screenplay,1986,Hannah and Her Sisters,Woody Allen
Golden Globe Award for Best Screenplay,1986,Mona Lisa,Neil Jordan and David Leland
Golden Globe Award for Best Screenplay,1986,Platoon,Oliver Stone
Golden Globe Award for Best Screenplay,1987,Broadcast News,James L. Brooks
Golden Globe Award for Best Screenplay,1987,Hope and Glory,John Boorman
Golden Globe Award for Best Screenplay,1987,House of Games,David Mamet
Golden Globe Award for Best Screenplay,1987,Moonstruck,John Patrick Shanley
Golden Globe Award for Best Screenplay,1988,A Cry in the Dark,Robert Caswell and Fred Schepisi
Golden Globe Award for Best Screenplay,1988,Mississippi Burning,Chris Gerolmo
Golden Globe Award for Best Screenplay,1988,Rain Man,Ronald Bass and Barry Morrow
Golden Globe Award for Best Screenplay,1988,Working Girl,Kevin Wade
Golden Globe Award for Best Screenplay,1989,Dead Poets Society,Tom Schulman
Golden Globe Award for Best Screenplay,1989,Do the Right Thing,Spike Lee
Golden Globe Award for Best Screenplay,1989,Glory,Kevin Jarre
Golden Globe Award for Best Screenplay,1989,"Sex, Lies, and Videotape",Steven Soderbergh
Golden Globe Award for Best Screenplay,1989,When Harry Met Sally...,Nora Ephron
