0,1,2,3,4
Ben Hayes (King Kong),British Academy Film Awards,Best Special Visual Effects,"Joe Letteri, Brian Van't Hul, Christian Rivers, and Richard Taylor",Won
Ben Hayes (King Kong),British Academy Film Awards,Best Production Design,Grant Major,Nominated
Ben Hayes (King Kong),British Academy Film Awards,Best Sound,"Hammond Peek, Christopher Boyes, Mike Hopkins, and Ethan Van der Ryn",Nominated
Ben Hayes (King Kong),Golden Globe Awards,Best Director,Peter Jackson,Nominated
Ben Hayes (King Kong),Golden Globe Awards,Best Original Score,James Newton Howard,Nominated
Ben Hayes (King Kong),Saturn Award,Best Fantasy Film,,Nominated
Ben Hayes (King Kong),Saturn Award,Best Director,Peter Jackson,Won
Ben Hayes (King Kong),Saturn Award,Best Writing,"Philippa Boyens, Fran Walsh, and Peter Jackson",Nominated
Ben Hayes (King Kong),Saturn Award,Best Actress,Naomi Watts,Won
Ben Hayes (King Kong),Saturn Award,Best Costume,Terry Ryan,Nominated
Ben Hayes (King Kong),Saturn Award,Best Make-Up,"Richard Taylor, Gino Acevedo, Dominie Till, and Peter King",Nominated
Ben Hayes (King Kong),Saturn Award,Best Special Effects,"Joe Letteri, Brian Van't Hul, Christian Rivers, and Richard Taylor",Won
Ben Hayes (King Kong),Visual Effects Society,Outstanding Visual Effects in anEffects Driven Motion Picture,"Joe Letteri, Eileen Moran, Christian Rivers, and Eric Saindon",Won
Ben Hayes (King Kong),Visual Effects Society,Outstanding Performance by an AnimatedCharacter in a Live Action Motion Picture,"Andy Serkis, Christian Rivers, Atsushi Sato, and Guy Williams",Won
Ben Hayes (King Kong),Visual Effects Society,Outstanding Created Environment in aLive Action Motion Picture,"Dan Lemmon, R. Christopher White, Matt Aitken, and Charles Tait",Won
Ben Hayes (King Kong),Visual Effects Society,Outstanding Compositing in a Motion Picture,"Erik Winquist, Michaell Pangrazio, Steve Cronin, and Suzanne Jandu",Nominated
