0,1,2
Melbourne Airport, Air New Zealand ," Auckland, Christchurch, Queenstown, Wellington
"
Melbourne Airport, AirAsia X ," Kuala Lumpur–International
"
Melbourne Airport, Bamboo Airways ," Hanoi, Ho Chi Minh City
"
Melbourne Airport, Batik Air ," Denpasar
"
Melbourne Airport, Batik Air Malaysia ," Denpasar, Kuala Lumpur–International
"
Melbourne Airport, Bonza ," Bundaberg (begins 10 May 2023), Gladstone (begins 11 May 2023), Mackay (begins 23 May 2023), Mildura (begins 8 May 2023), Port Macquarie (begins 4 May 2023), Rockhampton, Sunshine Coast, Tamworth (begins 2 May 2023), Toowoomba (begins 17 April 2023)
"
Melbourne Airport, Beijing Capital Airlines ," Qingdao
"
Melbourne Airport, Cathay Pacific ," Hong Kong
"
Melbourne Airport, Cebu Pacific ," Manila
"
Melbourne Airport, Fiji Airways ," Nadi
"
Melbourne Airport, Garuda Indonesia ,"Denpasar, Jakarta–Soekarno-Hatta
"
Melbourne Airport, Japan Airlines ," Tokyo–Narita
"
Melbourne Airport, LATAM Chile ," Santiago de Chile (resumes 1 September 2023)
"
Melbourne Airport, Scoot ," Singapore
"
Melbourne Airport, Sichuan Airlines ," Chengdu–Tianfu
"
Melbourne Airport, Thai AirAsia X ," Bangkok–Suvarnabhumi
"
Melbourne Airport, VietJet Air ," Ho Chi Minh City
"
