0,1,2,3
Bafta award for best editing,1970(24th),M*A*S*H,Danford B. Greene
Bafta award for best editing,1970(24th),Ryan's Daughter,Norman Savage
Bafta award for best editing,1970(24th),"They Shoot Horses, Don't They?",Fredric Steinkamp
Bafta award for best editing,1971(25th),Sunday Bloody Sunday,Richard Marden
Bafta award for best editing,1971(25th),Fiddler on the Roof,Antony Gibbs and Robert Lawrence
Bafta award for best editing,1971(25th),Performance,Antony Gibbs
Bafta award for best editing,1971(25th),Taking Off,John Carter
Bafta award for best editing,1972(26th),Cabaret,David Bretherton
Bafta award for best editing,1972(26th),A Clockwork Orange,Bill Butler
Bafta award for best editing,1972(26th),Deliverance,Tom Priestley
Bafta award for best editing,1973(27th),Charley Varrick,Frank Morriss
Bafta award for best editing,1973(27th),Don't Look Now,Graeme Clifford
Bafta award for best editing,1973(27th),The National Health,Ralph Sheldon
Bafta award for best editing,1974(28th),Chinatown,Sam O'Steen
Bafta award for best editing,1974(28th),Murder on the Orient Express,Anne V. Coates
Bafta award for best editing,1974(28th),The Three Musketeers,John Victor Smith
Bafta award for best editing,1975(29th),The Godfather Part II,"Peter Zinner, Barry Malkin, and Richard Marks"
Bafta award for best editing,1975(29th),Jaws,Verna Fields
Bafta award for best editing,1975(29th),Rollerball,Antony Gibbs
Bafta award for best editing,1976(30th),All the President's Men,Robert L. Wolfe
Bafta award for best editing,1976(30th),Taxi Driver,"Marcia Lucas, Tom Rolf, and Melvin Shapiro"
Bafta award for best editing,1976(30th),Marathon Man,Jim Clark
Bafta award for best editing,1977(31st),A Bridge Too Far,Antony Gibbs
Bafta award for best editing,1977(31st),Network,Alan Heim
Bafta award for best editing,1977(31st),Rocky,Richard Halsey
Bafta award for best editing,1978(32nd),Close Encounters of the Third Kind,Michael Kahn
Bafta award for best editing,1978(32nd),Julia,Walter Murch
Bafta award for best editing,1978(32nd),Star Wars,"Paul Hirsch, Marcia Lucas, and Richard Chew"
Bafta award for best editing,1979(33rd),Alien,Terry Rawlings
Bafta award for best editing,1979(33rd),Apocalypse Now,"Richard Marks, Walter Murch, Gerald B. Greenberg, and Lisa Fruchtman"
Bafta award for best editing,1979(33rd),Manhattan,Susan E. Morse
