0,1,2,3,4
The Fellowship Of The Ring (film),British Academy Film Awards,Best Film,"Peter Jackson, Barrie M. Osborne, Fran Walsh and Tim Sanders",Won
The Fellowship Of The Ring (film),British Academy Film Awards,Best Direction,Peter Jackson,Won
The Fellowship Of The Ring (film),British Academy Film Awards,Best Actor in a Leading Role,Ian McKellen,Nominated
The Fellowship Of The Ring (film),British Academy Film Awards,Best Adapted Screenplay,"Fran Walsh, Philippa Boyens and Peter Jackson",Nominated
The Fellowship Of The Ring (film),British Academy Film Awards,Best Cinematography,Andrew Lesnie,Nominated
The Fellowship Of The Ring (film),British Academy Film Awards,Best Costume Design,Ngila Dickson and Richard Taylor,Nominated
The Fellowship Of The Ring (film),British Academy Film Awards,Best Editing,John Gilbert,Nominated
The Fellowship Of The Ring (film),British Academy Film Awards,Best Makeup and Hair,"Peter Owen, Peter King and Richard Taylor",Won
The Fellowship Of The Ring (film),British Academy Film Awards,Best Original Music,Howard Shore,Nominated
The Fellowship Of The Ring (film),British Academy Film Awards,Best Production Design,Grant Major,Nominated
The Fellowship Of The Ring (film),British Academy Film Awards,Best Sound,"David Farmer, Hammond Peek, Christopher Boyes, Gethin Creagh, Michael Semanick, Ethan Van der Ryn and Mike Hopkins",Nominated
The Fellowship Of The Ring (film),British Academy Film Awards,Best Special Visual Effects,"Jim Rygiel, Richard Taylor, Alex Funke, Randall William Cook and Mark Stetson",Won
The Fellowship Of The Ring (film),Directors Guild of America Awards,Outstanding Directing – Feature Film,Peter Jackson,Nominated
The Fellowship Of The Ring (film),Golden Globe Awards,Best Motion Picture – Drama,The Lord of the Rings: The Fellowship of the Ring,Nominated
The Fellowship Of The Ring (film),Golden Globe Awards,Best Director,Peter Jackson,Nominated
The Fellowship Of The Ring (film),Golden Globe Awards,Best Original Score,Howard Shore,Nominated
The Fellowship Of The Ring (film),Golden Globe Awards,Best Original Song,"Enya, Nicky Ryan and Roma Ryan (""May It Be"")",Nominated
The Fellowship Of The Ring (film),Producers Guild of America Awards,Best Theatrical Motion Picture,"Barrie M. Osborne, Peter Jackson and Fran Walsh",Nominated
The Fellowship Of The Ring (film),Saturn Awards,Best Fantasy Film,The Lord of the Rings: The Fellowship of the Ring,Won
The Fellowship Of The Ring (film),Saturn Awards,Best Director,Peter Jackson,Won
The Fellowship Of The Ring (film),Saturn Awards,Best Supporting Actor,Ian McKellen,Won
The Fellowship Of The Ring (film),Saturn Awards,Best Writing,"Peter Jackson, Fran Walsh and Philippa Boyens",Nominated
The Fellowship Of The Ring (film),Saturn Awards,Best Costume Design,Ngila Dickson and Richard Taylor,Nominated
The Fellowship Of The Ring (film),Saturn Awards,Best Make-up,Peter Owen and Richard Taylor,Nominated
The Fellowship Of The Ring (film),Saturn Awards,Best Music,Howard Shore,Nominated
The Fellowship Of The Ring (film),Saturn Awards,Best Special Effects,"Jim Rygiel, Randall William Cook, Richard Taylor",Nominated
The Fellowship Of The Ring (film),Screen Actors Guild Awards,Outstanding Performance by a Male Actor in a Supporting Role,Ian McKellen,Won
The Fellowship Of The Ring (film),Screen Actors Guild Awards,Outstanding Performance by a Cast in a Motion Picture,The Lord of the Rings: The Fellowship of the Ring,Nominated
The Fellowship Of The Ring (film),Writers Guild of America Awards,Best Adapted Screenplay,"Fran Walsh, Philippa Boyens and Peter Jackson",Nominated
