0,1,2,3,4
Chicago film critics association award for best supporting actor,2000,Jack Black,High Fidelity,Barry
Chicago film critics association award for best supporting actor,2000,Willem Dafoe,Shadow of the Vampire,Max Schreck
Chicago film critics association award for best supporting actor,2000,Albert Finney,Erin Brockovich,Edward L. Masry
Chicago film critics association award for best supporting actor,2000,Philip Seymour Hoffman,Almost Famous,Lester Bangs
Chicago film critics association award for best supporting actor,2001,Ben Kingsley,Sexy Beast,Don Logan
Chicago film critics association award for best supporting actor,2001,Jude Law,A.I. Artificial Intelligence,Gigolo Joe
Chicago film critics association award for best supporting actor,2001,Tony Shalhoub,The Man Who Wasn't There,Freddy Riedenschneider
Chicago film critics association award for best supporting actor,2001,Jon Voight,Ali,Howard Cosell
Chicago film critics association award for best supporting actor,2002,Chris Cooper,Adaptation,John Laroche
Chicago film critics association award for best supporting actor,2002,Willem Dafoe,Auto Focus,John Henry Carpenter
Chicago film critics association award for best supporting actor,2002,Alfred Molina,Frida,Diego Rivera
Chicago film critics association award for best supporting actor,2002,Paul Newman,Road to Perdition,John Rooney
Chicago film critics association award for best supporting actor,2003,Sean Astin,The Lord of the Rings: The Return of the King,Samwise Gamgee
Chicago film critics association award for best supporting actor,2003,Alec Baldwin,The Cooler,Shelly Kaplow
Chicago film critics association award for best supporting actor,2003,Benicio del Toro,21 Grams,Jack Jordan
Chicago film critics association award for best supporting actor,2003,Peter Sarsgaard,Shattered Glass,Chuck Lane
Chicago film critics association award for best supporting actor,2003,Andy Serkis,The Lord of the Rings: The Return of the King,Sméagol/Gollum
Chicago film critics association award for best supporting actor,2005,Matt Dillon,Crash,Officer John Ryan
Chicago film critics association award for best supporting actor,2005,Terrence Howard,Crash,Cameron Thayer
Chicago film critics association award for best supporting actor,2005,Paul Giamatti,Cinderella Man,Joe Gould
Chicago film critics association award for best supporting actor,2005,Jake Gyllenhaal,Brokeback Mountain,Jack Twist
Chicago film critics association award for best supporting actor,2005,Donald Sutherland,Pride & Prejudice,Mr. Bennet
Chicago film critics association award for best supporting actor,2006,Ben Affleck,Hollywoodland,George Reeves
Chicago film critics association award for best supporting actor,2006,Eddie Murphy,Dreamgirls,"James ""Thunder"" Early"
Chicago film critics association award for best supporting actor,2006,Jack Nicholson,The Departed,Frank Costello
Chicago film critics association award for best supporting actor,2006,Brad Pitt,Babel,Richard Jones
Chicago film critics association award for best supporting actor,2006,Michael Sheen,The Queen,Tony Blair
Chicago film critics association award for best supporting actor,2007,Javier Bardem,No Country for Old Men,Anton Chigurh
Chicago film critics association award for best supporting actor,2007,Casey Affleck,The Assassination of Jesse James by the Coward Robert Ford,Robert Ford
Chicago film critics association award for best supporting actor,2007,Philip Seymour Hoffman,Charlie Wilson's War,Gust Avrakotos
Chicago film critics association award for best supporting actor,2007,Hal Holbrook,Into the Wild,Ron Franz
Chicago film critics association award for best supporting actor,2007,Tom Wilkinson,Michael Clayton,Arthur Edens
Chicago film critics association award for best supporting actor,2008,Heath Ledger (posthumous),The Dark Knight,The Joker
Chicago film critics association award for best supporting actor,2008,Robert Downey Jr.,Tropic Thunder,Kirk Lazarus
Chicago film critics association award for best supporting actor,2008,Philip Seymour Hoffman,Doubt,Father Brendan Flynn
Chicago film critics association award for best supporting actor,2008,Bill Irwin,Rachel Getting Married,Paul
Chicago film critics association award for best supporting actor,2008,Michael Shannon,Revolutionary Road,"John Givings, Jr."
Chicago film critics association award for best supporting actor,2009,Peter Capaldi,In the Loop,Malcolm Tucker
Chicago film critics association award for best supporting actor,2009,Woody Harrelson,The Messenger,Capt. Tony Stone
Chicago film critics association award for best supporting actor,2009,Christian McKay,Me and Orson Welles,Orson Welles
Chicago film critics association award for best supporting actor,2009,Stanley Tucci,The Lovely Bones,George Harvey
