0,1,2,3,4,5
2020(72nd),Zendaya,"Ruby ""Rue"" Bennett",Euphoria,"""Made You Look""",HBO
2020(72nd),Jennifer Aniston,Alex Levy,The Morning Show,"""In the Dark Night of the Soul It's Always 3:30 in the Morning""",Apple TV+
2020(72nd),Olivia Colman,Queen Elizabeth II,The Crown,"""Cri de Coeur""",Netflix
2020(72nd),Laura Linney,Wendy Byrde,Ozark,"""Fire Pink""",Netflix
2021(73rd),Olivia Colman,Queen Elizabeth II,The Crown,"""48:1""",Netflix
2021(73rd),Emma Corrin,"Diana, Princess of Wales",The Crown,"""Fairytale""",Netflix
2021(73rd),Uzo Aduba,Dr. Brooke Taylor,In Treatment,"""Brooke — Week 5""",HBO
2021(73rd),Elisabeth Moss,June Osborne,The Handmaid's Tale,"""Home""",Hulu
2021(73rd),Michaela Jaé Rodriguez,Blanca Rodriguez,Pose,"""Series Finale""",FX
2021(73rd),Jurnee Smollett,"Letitia ""Leti"" Lewis",Lovecraft Country,"""Holy Ghost""",HBO
2022(74th),Zendaya,"Ruby ""Rue"" Bennett",Euphoria,"""Stand Still Like the Hummingbird""",HBO
2022(74th),Laura Linney,Wendy Byrde,Ozark,"""Pound of Flesh and Still Kickin'""",Netflix
2022(74th),Melanie Lynskey,Shauna Sadecki,Yellowjackets,"""Doomcoming""",Showtime
2022(74th),Reese Witherspoon,Bradley Jackson,The Morning Show,"""Confirmations""",Apple TV+
