0,1,2,3
NAACP Image Award for Outstanding Performance in a Youth/Children's Series or Special,2000,Kevin Clash,The Adventures of Elmo in Grouchland
NAACP Image Award for Outstanding Performance in a Youth/Children's Series or Special,2000,Marcella Lowery,City Guys
NAACP Image Award for Outstanding Performance in a Youth/Children's Series or Special,2000,Kel Mitchell,Kenan & Kel
NAACP Image Award for Outstanding Performance in a Youth/Children's Series or Special,2000,Kenan Thompson,Kenan & Kel
NAACP Image Award for Outstanding Performance in a Youth/Children's Series or Special,2001,Ossie Davis,Finding Buck McHenry
NAACP Image Award for Outstanding Performance in a Youth/Children's Series or Special,2001,Ruby Dee,Little Bill
NAACP Image Award for Outstanding Performance in a Youth/Children's Series or Special,2001,Alfre Woodard,The Wishing Tree
NAACP Image Award for Outstanding Performance in a Youth/Children's Series or Special,2002,Alvin Ailey American Dance Theater,Sesame Street
NAACP Image Award for Outstanding Performance in a Youth/Children's Series or Special,2002,Tommy Davidson,The Proud Family
NAACP Image Award for Outstanding Performance in a Youth/Children's Series or Special,2002,B.B. King,Sesame Street
NAACP Image Award for Outstanding Performance in a Youth/Children's Series or Special,2002,Cree Summer,A Rugrats Kwanzaa Special
NAACP Image Award for Outstanding Performance in a Youth/Children's Series or Special,2003,Tommy Davidson,The Proud Family
NAACP Image Award for Outstanding Performance in a Youth/Children's Series or Special,2003,Jo Marie Payton,The Proud Family
NAACP Image Award for Outstanding Performance in a Youth/Children's Series or Special,2003,Kyla Pratt,The Proud Family
NAACP Image Award for Outstanding Performance in a Youth/Children's Series or Special,2003,Keshia Knight Pulliam,What About Your Friends: Weekend Getaway
NAACP Image Award for Outstanding Performance in a Youth/Children's Series or Special,2004,Raven-Symoné,That's So Raven
NAACP Image Award for Outstanding Performance in a Youth/Children's Series or Special,2004,Tommy Davidson,The Proud Family
NAACP Image Award for Outstanding Performance in a Youth/Children's Series or Special,2004,Kyla Pratt,The Proud Family
NAACP Image Award for Outstanding Performance in a Youth/Children's Series or Special,2004,Cree Summer,All Grown Up!
NAACP Image Award for Outstanding Performance in a Youth/Children's Series or Special,2004,Lynn Whitfield,The Cheetah Girls
NAACP Image Award for Outstanding Performance in a Youth/Children's Series or Special,2005,Raven-Symoné,That's So Raven
NAACP Image Award for Outstanding Performance in a Youth/Children's Series or Special,2005,Tommy Davidson,The Proud Family
NAACP Image Award for Outstanding Performance in a Youth/Children's Series or Special,2005,Jo Marie Payton,The Proud Family
NAACP Image Award for Outstanding Performance in a Youth/Children's Series or Special,2005,Kyla Pratt,The Proud Family
NAACP Image Award for Outstanding Performance in a Youth/Children's Series or Special,2006,Raven-Symoné,That's So Raven
NAACP Image Award for Outstanding Performance in a Youth/Children's Series or Special,2006,Kevin Clash,Sesame Street
NAACP Image Award for Outstanding Performance in a Youth/Children's Series or Special,2006,Tommy Davidson,The Proud Family Movie
NAACP Image Award for Outstanding Performance in a Youth/Children's Series or Special,2006,Jo Marie Payton,The Proud Family Movie
NAACP Image Award for Outstanding Performance in a Youth/Children's Series or Special,2006,Kyla Pratt,The Proud Family Movie
NAACP Image Award for Outstanding Performance in a Youth/Children's Series or Special,2007,Raven-Symoné,That's So Raven
NAACP Image Award for Outstanding Performance in a Youth/Children's Series or Special,2007,Corbin Bleu,High School Musical
NAACP Image Award for Outstanding Performance in a Youth/Children's Series or Special,2007,Kathleen Herles,Dora the Explorer
NAACP Image Award for Outstanding Performance in a Youth/Children's Series or Special,2007,Kyle Massey,That's So Raven
NAACP Image Award for Outstanding Performance in a Youth/Children's Series or Special,2007,Romeo Miller,Romeo!
NAACP Image Award for Outstanding Performance in a Youth/Children's Series or Special,2008,Raven-Symoné,That's So Raven
NAACP Image Award for Outstanding Performance in a Youth/Children's Series or Special,2008,André Benjamin,Class of 3000
NAACP Image Award for Outstanding Performance in a Youth/Children's Series or Special,2008,Kathleen Herles,Dora the Explorer
NAACP Image Award for Outstanding Performance in a Youth/Children's Series or Special,2008,Lil' JJ,Just Jordan
NAACP Image Award for Outstanding Performance in a Youth/Children's Series or Special,2008,Kyle Massey,Cory in the House
NAACP Image Award for Outstanding Performance in a Youth/Children's Series or Special,2009,Keke Palmer,"True Jackson, VP"
NAACP Image Award for Outstanding Performance in a Youth/Children's Series or Special,2009,Selena Gomez,Wizards of Waverly Place
NAACP Image Award for Outstanding Performance in a Youth/Children's Series or Special,2009,Lil' JJ,Just Jordan
NAACP Image Award for Outstanding Performance in a Youth/Children's Series or Special,2009,Kyle Massey,Cory in the House
NAACP Image Award for Outstanding Performance in a Youth/Children's Series or Special,2009,Caitlin Sanchez,Dora the Explorer
