0,1,2,3,4
Salzgitter – Wolfenbüttel,1949,Karl Bielig,SPD,35.2
Salzgitter – Wolfenbüttel,1953,Wilhelm Höck,CDU,39.8
Salzgitter – Wolfenbüttel,1957,Wilhelm Höck,CDU,48.3
Salzgitter – Wolfenbüttel,1961,Hans-Jürgen Junghans,SPD,46.8
Salzgitter – Wolfenbüttel,1965,Hans-Jürgen Junghans,SPD,48.3
Salzgitter – Wolfenbüttel,1969,Hans-Jürgen Junghans,SPD,52.5
Salzgitter – Wolfenbüttel,1972,Hans-Jürgen Junghans,SPD,59.0
Salzgitter – Wolfenbüttel,1976,Hans-Jürgen Junghans,SPD,55.0
Salzgitter – Wolfenbüttel,1980,Hans-Jürgen Junghans,SPD,54.2
Salzgitter – Wolfenbüttel,1983,Hans-Jürgen Junghans,SPD,47.9
Salzgitter – Wolfenbüttel,1987,Wilhelm Schmidt,SPD,49.2
Salzgitter – Wolfenbüttel,1990,Wilhelm Schmidt,SPD,45.4
Salzgitter – Wolfenbüttel,1994,Wilhelm Schmidt,SPD,49.9
Salzgitter – Wolfenbüttel,1998,Wilhelm Schmidt,SPD,58.9
Salzgitter – Wolfenbüttel,2002,Wilhelm Schmidt,SPD,56.8
Salzgitter – Wolfenbüttel,2021,Dunja Kreiser,SPD,38.6
