0,1,2,3,4
Cold Mountain (movie),Academy Awards,Best Supporting Actress,Renée Zellweger,Won
Cold Mountain (movie),Academy Awards,Best Original Song,"""The Scarlet Tide""",Nominated
Cold Mountain (movie),Academy Awards,Best Original Song,"""You Will Be My Ain True Love""",Nominated
Cold Mountain (movie),British Academy Film Awards,Best Film,"Sydney Pollack, William Horberg, Albert Berger and Ron Yerxa",Nominated
Cold Mountain (movie),British Academy Film Awards,Best Direction,Anthony Minghella,Nominated
Cold Mountain (movie),British Academy Film Awards,Best Actor in a Leading Role,Jude Law,Nominated
Cold Mountain (movie),British Academy Film Awards,Best Actress in a Supporting Role,Renée Zellweger,Won
Cold Mountain (movie),British Academy Film Awards,Best Adapted Screenplay,Anthony Minghella,Nominated
Cold Mountain (movie),British Academy Film Awards,Best Cinematography,John Seale,Nominated
Cold Mountain (movie),British Academy Film Awards,Best Costume Design,Ann Roth and Carlo Poggioli,Nominated
Cold Mountain (movie),British Academy Film Awards,Best Editing,Walter Murch,Nominated
Cold Mountain (movie),British Academy Film Awards,Best Makeup and Hair,Paul Engelen and Ivana Primorac,Nominated
Cold Mountain (movie),British Academy Film Awards,Best Original Music,Gabriel Yared and T Bone Burnett,Won
Cold Mountain (movie),British Academy Film Awards,Best Production Design,Dante Ferretti,Nominated
Cold Mountain (movie),British Academy Film Awards,Best Sound,"Eddy Joseph, Ivan Sharrock, Walter Murch, Mike Prestwood Smith and Matthew Gough",Nominated
Cold Mountain (movie),British Academy Film Awards,Outstanding British Film,"Sydney Pollack, William Horberg, Albert Berger, Ron Yerxa and Anthony Minghella",Nominated
Cold Mountain (movie),Golden Globe Awards,Best Motion Picture – Drama,Cold Mountain,Nominated
Cold Mountain (movie),Golden Globe Awards,Best Actor – Motion Picture Drama,Jude Law,Nominated
Cold Mountain (movie),Golden Globe Awards,Best Actress in a Motion Picture – Drama,Nicole Kidman,Nominated
Cold Mountain (movie),Golden Globe Awards,Best Supporting Actress – Motion Picture,Renée Zellweger,Won
Cold Mountain (movie),Golden Globe Awards,Best Director,Anthony Minghella,Nominated
Cold Mountain (movie),Golden Globe Awards,Best Screenplay,Anthony Minghella,Nominated
Cold Mountain (movie),Golden Globe Awards,Best Original Score,Gabriel Yared,Nominated
Cold Mountain (movie),Golden Globe Awards,Best Original Song,"""You Will Be My Ain True Love""",Nominated
