0,1,2,3
Satellite Award for Best Art Direction and Production Design,2010,Alice in Wonderland,Stefan Dechant and Robert Stromberg
Satellite Award for Best Art Direction and Production Design,2010,Black Swan,Thérèse DePrez and David Stein
Satellite Award for Best Art Direction and Production Design,2010,Coco Chanel & Igor Stravinsky,"Philippe Cord'homme, Kathy Lebrun, and Marie-Hélène Sulmoni"
Satellite Award for Best Art Direction and Production Design,2010,I Am Love (Io sono l'amore),Francesca Di Mottola
Satellite Award for Best Art Direction and Production Design,2010,Scott Pilgrim vs. the World,Nigel Churcher and Marcus Rowland
Satellite Award for Best Art Direction and Production Design,2010,Shutter Island,"Max Biscoe, Dante Ferretti, Robert Guerra, and Christina Ann Wilson"
Satellite Award for Best Art Direction and Production Design,2011,Anonymous,Stephan O. Gessler and Sebastian T. Krawinkel
Satellite Award for Best Art Direction and Production Design,2011,Faust,Jiri Trier and Yelena Zhukova
Satellite Award for Best Art Direction and Production Design,2011,Hugo,Dante Ferretti and Francesca Lo Schiavo
Satellite Award for Best Art Direction and Production Design,2011,Mysteries of Lisbon,Isabel Branco
Satellite Award for Best Art Direction and Production Design,2011,Water for Elephants,Jack Fisk
Satellite Award for Best Art Direction and Production Design,2012,Anna Karenina,"Thomas Brown, Nick Gottschalk, Sarah Greenwood, Niall Moroney, and Tom Still"
Satellite Award for Best Art Direction and Production Design,2012,The Dark Knight Rises,"Nathan Crowley, James Hambidge, Kevin Kavanaugh, and Naaman Marshall"
Satellite Award for Best Art Direction and Production Design,2012,Les Misérables,Anna Lynch-Robinson and Eve Stewart
Satellite Award for Best Art Direction and Production Design,2012,The Master,David Crank and Jack Fisk
Satellite Award for Best Art Direction and Production Design,2012,A Royal Affair (En kongelig affære),Niels Sejer
Satellite Award for Best Art Direction and Production Design,2013,The Butler,Tim Galvin and Diane Lederman
Satellite Award for Best Art Direction and Production Design,2013,The Invisible Woman,Maria Djurkovic and Tatiana MacDonald
Satellite Award for Best Art Direction and Production Design,2013,Oz the Great and Powerful,Nancy Haigh and Robert Stromberg
Satellite Award for Best Art Direction and Production Design,2013,Rush,Mark Digby and Patrick Rolfe
Satellite Award for Best Art Direction and Production Design,2013,Saving Mr. Banks,Michael Corenblith and Lauren E. Polizzi
Satellite Award for Best Art Direction and Production Design,2014,The Grand Budapest Hotel,"Stephan O. Gessler, Anna Pinnock, and Adam Stockhausen"
Satellite Award for Best Art Direction and Production Design,2014,Birdman,"Stephen H. Carter, George DeTitta Jr., and Kevin Thompson"
Satellite Award for Best Art Direction and Production Design,2014,Fury,Andrew Menzies and Peter Russell
Satellite Award for Best Art Direction and Production Design,2014,The Imitation Game,Nick Dent and Maria Djurkovic
Satellite Award for Best Art Direction and Production Design,2014,Maleficent,"Dylan Cole, Gary Freeman, and Frank Walsh"
Satellite Award for Best Art Direction and Production Design,2014,Noah,Mark Friedberg and Debra Schutt
Satellite Award for Best Art Direction and Production Design,2015,Bridge of Spies,Adam Stockhausen
Satellite Award for Best Art Direction and Production Design,2015,Cinderella,Dante Ferretti
Satellite Award for Best Art Direction and Production Design,2015,The Danish Girl,Eve Stewart
Satellite Award for Best Art Direction and Production Design,2015,Macbeth,Fiona Crombie
Satellite Award for Best Art Direction and Production Design,2015,Mad Max: Fury Road,Colin Gibson
Satellite Award for Best Art Direction and Production Design,2015,Spectre,Dennis Gassner
Satellite Award for Best Art Direction and Production Design,2016,La La Land,David Wasco
Satellite Award for Best Art Direction and Production Design,2016,Alice Through the Looking Glass,Dan Hennah
Satellite Award for Best Art Direction and Production Design,2016,Allied,Gary Freeman
Satellite Award for Best Art Direction and Production Design,2016,Hacksaw Ridge,Barry Robison
Satellite Award for Best Art Direction and Production Design,2016,Jackie,Jean Rabasse
Satellite Award for Best Art Direction and Production Design,2016,The Jungle Book,Christopher Glass
Satellite Award for Best Art Direction and Production Design,2017,The Shape of Water,Paul Denham Austerberry
Satellite Award for Best Art Direction and Production Design,2017,Blade Runner 2049,Dennis Gassner
Satellite Award for Best Art Direction and Production Design,2017,Downsizing,Stefania Cella
Satellite Award for Best Art Direction and Production Design,2017,Dunkirk,Nathan Crowley
Satellite Award for Best Art Direction and Production Design,2017,Get Out,Rusty Smith
Satellite Award for Best Art Direction and Production Design,2017,Phantom Thread,Mark Tildesley
Satellite Award for Best Art Direction and Production Design,2018,Mary Poppins Returns,John Myhre
Satellite Award for Best Art Direction and Production Design,2018,Black Panther,Hannah Beachler
Satellite Award for Best Art Direction and Production Design,2018,Fantastic Beasts: The Crimes of Grindelwald,Stuart Craig
Satellite Award for Best Art Direction and Production Design,2018,The Favourite,Fiona Crombie
Satellite Award for Best Art Direction and Production Design,2018,First Man,Nathan Crowley
Satellite Award for Best Art Direction and Production Design,2018,Roma,Eugenio Caballero
Satellite Award for Best Art Direction and Production Design,2019,Motherless Brooklyn,Michael Ahern and Beth Mickle
Satellite Award for Best Art Direction and Production Design,2019,1917,Dennis Gassner and Lee Sandales
Satellite Award for Best Art Direction and Production Design,2019,Ford v Ferrari,François Audouy and Peter Lando
Satellite Award for Best Art Direction and Production Design,2019,Joker,Laura Ballinger and Mark Friedberg
Satellite Award for Best Art Direction and Production Design,2019,Once Upon a Time in Hollywood,Nancy Haigh and Barbara Ling
Satellite Award for Best Art Direction and Production Design,2019,The Two Popes,Saverio Sammali and Mark Tildesley
