0,1,2,3,4
Schwalm-Eder (electoral district),1949,August-Martin Euler,FDP,35.5
Schwalm-Eder (electoral district),1953,August-Martin Euler,FDP,42.8
Schwalm-Eder (electoral district),1957,Kurt Wittmer-Eigenbrodt,CDU,37.6
Schwalm-Eder (electoral district),1961,Harri Bading,SPD,42.6
Schwalm-Eder (electoral district),1965,Harri Bading,SPD,45.7
Schwalm-Eder (electoral district),1969,Heinz Kreutzmann,SPD,48.9
Schwalm-Eder (electoral district),1972,Heinz Kreutzmann,SPD,54.0
Schwalm-Eder (electoral district),1976,Heinz Kreutzmann,SPD,50.5
Schwalm-Eder (electoral district),1980,Heinz Kreutzmann,SPD,52.2
Schwalm-Eder (electoral district),1983,Albert Pfuhl,SPD,48.1
Schwalm-Eder (electoral district),1987,Albert Pfuhl,SPD,49.3
Schwalm-Eder (electoral district),1990,Albert Pfuhl,SPD,47.8
Schwalm-Eder (electoral district),1994,Gerd Höfer,SPD,48.1
Schwalm-Eder (electoral district),1998,Gerd Höfer,SPD,52.3
Schwalm-Eder (electoral district),2002,Gerd Höfer,SPD,52.3
Schwalm-Eder (electoral district),2005,Gerd Höfer,SPD,50.1
