0,1,2,3,4,5,6
Löfven II Cabinet,Prime Minister,Stefan Löfven,21 January 2019,9 July 2021, ,Social Democrats
Löfven II Cabinet,Deputy Prime Ministernot a separate minister post,Margot Wallström (de facto),21 January 2019,10 September 2019, ,Social Democrats
Löfven II Cabinet,Deputy Prime Ministernot a separate minister post,Morgan Johansson (de facto),10 September 2019,9 July 2021, ,Social Democrats
Löfven II Cabinet,Deputy Prime Ministernot a separate minister post,Isabella Lövin (de jure),21 January 2019,5 February 2021, ,Green
Löfven II Cabinet,Deputy Prime Ministernot a separate minister post,Per Bolund (de jure),5 February 2021,9 July 2021, ,Green
Löfven II Cabinet,Minister for Foreign Affairs,Margot Wallström,21 January 2019,10 September 2019, ,Social Democrats
Löfven II Cabinet,Minister for International Development Cooperation,Isabella Lövin (acting),17 December 2020,5 February 2021, ,Green
Löfven II Cabinet,Minister for International Development Cooperation,Per Olsson Fridh,5 February 2021,9 July 2021, ,Green
Löfven II Cabinet,Minister for Social Security,Annika Strandhäll,21 January 2019,1 October 2019, ,Social Democrats
Löfven II Cabinet,Minister for Financial Markets Deputy Minister for Finance,Åsa Lindhagen,5 February 2021,9 July 2021, ,Green
Löfven II Cabinet,Minister for Public AdministrationMinister for Consumer Affairs,Ardalan Shekarabi,21 January 2019,1 October 2019, ,Social Democrats
Löfven II Cabinet,Minister for Public AdministrationMinister for Consumer Affairs,Lena Micko,1 October 2019,9 July 2021, ,Social Democrats
Löfven II Cabinet,Minister for Education,Anna Ekström,21 January 2019,9 July 2021, ,Social Democrats
Löfven II Cabinet,Minister for Higher Education and Research,Matilda Ernkrans,21 January 2019,9 July 2021, ,Social Democrats
Löfven II Cabinet,Minister for the EnvironmentMinister for the Climate,Isabella Lövin,21 January 2019,5 February 2021, ,Green
Löfven II Cabinet,Minister for the EnvironmentMinister for the Climate,Per Bolund,5 February 2021,9 July 2021, ,Green
Löfven II Cabinet,Minister for Employment,Ylva Johansson,21 January 2019,10 September 2019, ,Social Democrats
Löfven II Cabinet,Minister for Employment,Eva Nordmark,10 September 2019,9 July 2021, ,Social Democrats
Löfven II Cabinet,Minister for Gender Equality Minister with responsibility for anti-discrimination and anti-segregation,Åsa Lindhagen,21 January 2019,5 February 2021, ,Green
Löfven II Cabinet,Minister for Gender Equality Minister for Housing  Minister with responsibility for anti-discrimination and anti-segregation,Märta Stenevi,5 February 2021,9 July 2021, ,Green
