0,1,2,3,4
Asian Film Award for Best Director,2010, Bong Joon-ho,Mother,마더
Asian Film Award for Best Director,2010, Asghar Farhadi,About Elly,"درباره الی, Darbareye Elly"
Asian Film Award for Best Director,2010, Brillante Mendoza,Grandmother,Lola
Asian Film Award for Best Director,2010, Sion Sono,Love Exposure,愛のむきだし
Asian Film Award for Best Director,2010, Yonfan,Prince of Tears,淚王子
Asian Film Award for Best Director,2011, Feng Xiaogang,Aftershock,唐山大地震
Asian Film Award for Best Director,2011, Jiang Wen,Let the Bullets Fly,让子弹飞
Asian Film Award for Best Director,2011, Takashi Miike,13 Assassins,十三人の刺客
Asian Film Award for Best Director,2011, Na Hong-jin,The Yellow Sea,황해
Asian Film Award for Best Director,2011, Tetsuya Nakashima,Confessions,告白
Asian Film Award for Best Director,2012, Teddy Soeriaatmadja,Lovely Man,—
Asian Film Award for Best Director,2012, Sion Sono,Guilty of Romance,恋の罪
Asian Film Award for Best Director,2012, Tsui Hark,Flying Swords of Dragon Gate,—
Asian Film Award for Best Director,2012, Wei Te-sheng,Seediq Bale,賽德克·巴萊
Asian Film Award for Best Director,2012, Zhang Yimou,The Flowers of War,金陵十三钗
Asian Film Award for Best Director,2013, Anurag Kashyap,Gangs of Wasseypur – Part 1 & 2,—
Asian Film Award for Best Director,2013, Abbas Kiarostami,Like Someone in Love,ライク・サムワン・イン・ラブ
Asian Film Award for Best Director,2013, Kim Ki-duk,Pietà,피에타
Asian Film Award for Best Director,2013, Lou Ye,Mystery,浮城谜事
Asian Film Award for Best Director,2014, Bong Joon-ho,Snowpiercer,설국열차
Asian Film Award for Best Director,2014, Anthony Chen,Ilo Ilo,爸妈不在家
Asian Film Award for Best Director,2014, Hirokazu Koreeda,"Like Father, Like Son","そして父になる, Soshite Chichi ni Naru"
Asian Film Award for Best Director,2014, Tsai Ming-liang,Stray Dogs,Jiao You
Asian Film Award for Best Director,2015, Vishal Bhardwaj,Haider,—
Asian Film Award for Best Director,2015, Lav Diaz,From What Is Before,Mula sa Kung Ano ang Noon
Asian Film Award for Best Director,2015, Hong Sang-soo,Hill of Freedom,자유의 언덕
Asian Film Award for Best Director,2015, Lou Ye,Blind Massage,推拿
Asian Film Award for Best Director,2015, Shinya Tsukamoto,Fires on the Plain,Nobi
Asian Film Award for Best Director,2016, Guan Hu,Mr. Six,老炮兒
Asian Film Award for Best Director,2016, Jia Zhangke,Mountains May Depart,山河故人
Asian Film Award for Best Director,2016, Hirokazu Kore-eda,Our Little Sister,海街diary
Asian Film Award for Best Director,2016, Ryoo Seung-wan,Veteran,베테랑
Asian Film Award for Best Director,2017, Na Hong-jin,The Wailing,곡성
Asian Film Award for Best Director,2017, Lav Diaz,The Woman Who Left,Ang Babaeng Humayo
Asian Film Award for Best Director,2017, Feng Xiaogang,I Am Not Madame Bovary,我不是潘金莲
Asian Film Award for Best Director,2017, Kōji Fukada,Harmonium,淵に立つ
Asian Film Award for Best Director,2017, Derek Tsang,Soul Mate,七月與安生
Asian Film Award for Best Director,2018, Yuya Ishii,The Tokyo Night Sky Is Always the Densest Shade of Blue,映画 夜空はいつでも最高密度の青色だ
Asian Film Award for Best Director,2018, Sylvia Chang,Love Education,相愛相親
Asian Film Award for Best Director,2018, Chen Kaige,Legend of the Demon Cat,妖猫传
Asian Film Award for Best Director,2018, Feng Xiaogang,Youth,芳华
Asian Film Award for Best Director,2018, Hong Sang-soo,The Day After,그 후
Asian Film Award for Best Director,2018, Ann Hui,Our Time Will Come,明月幾時有
Asian Film Award for Best Director,2019, Lee Chang-dong,Burning,버닝
Asian Film Award for Best Director,2019, Pema Tseden,Jinpa,撞死了一只羊
Asian Film Award for Best Director,2019, Rajkumar Hirani,Sanju,
Asian Film Award for Best Director,2019, Hirokazu Kore-eda,Shoplifters,万引き家族
Asian Film Award for Best Director,2019, Fruit Chan,Three Husbands,三夫
