0,1,2,3,4
Independent Spirit Award for Best Male Lead,1985,Rubén Blades,Crossover Dreams,Rudy Veloz
Independent Spirit Award for Best Male Lead,1985,Tom Bower,Wildrose,Rick Ogaard
Independent Spirit Award for Best Male Lead,1985,Treat Williams,Smooth Talk,Arnold Friend
Independent Spirit Award for Best Male Lead,1986,Roberto Benigni,Down by Law,Roberto
Independent Spirit Award for Best Male Lead,1986,Willem Dafoe,Platoon,Sgt. Elias
Independent Spirit Award for Best Male Lead,1986,Dennis Hopper,Blue Velvet,Frank Booth
Independent Spirit Award for Best Male Lead,1986,Victor Love,Native Son,Bigger Thomas
Independent Spirit Award for Best Male Lead,1987,Spalding Gray,Swimming to Cambodia,Himself
Independent Spirit Award for Best Male Lead,1987,Terry O'Quinn,The Stepfather,Jerry Blake
Independent Spirit Award for Best Male Lead,1987,Mickey Rourke,Barfly,Henry Chinaski
Independent Spirit Award for Best Male Lead,1987,James Woods,Best Seller,Cleve
Independent Spirit Award for Best Male Lead,1988,Eric Bogosian,Talk Radio,Barry Champlain
Independent Spirit Award for Best Male Lead,1988,Harvey Fierstein,Torch Song Trilogy,Arnold Beckoff
Independent Spirit Award for Best Male Lead,1988,Chris Mulkey,Patti Rocks,Billy Regis
Independent Spirit Award for Best Male Lead,1988,James Woods,The Boost,Lenny Brown
Independent Spirit Award for Best Male Lead,1989,Nicolas Cage,Vampire's Kiss,Peter Loew
Independent Spirit Award for Best Male Lead,1989,Charles Lane,Sidewalk Stories,Artist
Independent Spirit Award for Best Male Lead,1989,Randy Quaid,Parents,Nick Laemle
Independent Spirit Award for Best Male Lead,1989,James Spader,"Sex, Lies, and Videotape",Graham Dalton
