0,1,2,3
Screen Actors Guild Award for Outstanding Performance by a Cast in a Motion Picture,"1995
(2nd) ",Get Shorty,"Danny DeVito, Dennis Farina, James Gandolfini, Gene Hackman, Delroy Lindo, David Paymer, Rene Russo, John Travolta"
Screen Actors Guild Award for Outstanding Performance by a Cast in a Motion Picture,"1995
(2nd) ",How to Make an American Quilt,"Maya Angelou, Anne Bancroft, Ellen Burstyn, Samantha Mathis, Kate Nelligan, Winona Ryder, Jean Simmons, Lois Smith, Alfre Woodard"
Screen Actors Guild Award for Outstanding Performance by a Cast in a Motion Picture,"1995
(2nd) ",Nixon,"Joan Allen, Brian Bedford, Powers Boothe, Kevin Dunn, Fyvush Finkel, Annabeth Gish, Tony Goldwyn, Larry Hagman, Ed Harris, Edward Herrmann, Anthony Hopkins, Bob Hoskins, Madeline Kahn, E. G. Marshall, David Paymer, David Hyde Pierce, Paul Sorvino, Mary Steenburgen, J. T. Walsh, James Woods"
Screen Actors Guild Award for Outstanding Performance by a Cast in a Motion Picture,"1995
(2nd) ",Sense and Sensibility,"Hugh Grant, Alan Rickman, Emma Thompson, Kate Winslet"
Screen Actors Guild Award for Outstanding Performance by a Cast in a Motion Picture,"1996
(3rd) ",The English Patient,"Naveen Andrews, Juliette Binoche, Willem Dafoe, Ralph Fiennes, Colin Firth, Jürgen Prochnow, Kristin Scott Thomas, Julian Wadham"
Screen Actors Guild Award for Outstanding Performance by a Cast in a Motion Picture,"1996
(3rd) ",Marvin's Room,"Hume Cronyn, Robert De Niro, Leonardo DiCaprio, Dan Hedaya, Diane Keaton, Hal Scardino, Meryl Streep, Gwen Verdon"
Screen Actors Guild Award for Outstanding Performance by a Cast in a Motion Picture,"1996
(3rd) ",Shine,"John Gielgud, Armin Mueller-Stahl, Lynn Redgrave, Geoffrey Rush, Noah Taylor, Googie Withers"
Screen Actors Guild Award for Outstanding Performance by a Cast in a Motion Picture,"1996
(3rd) ",Sling Blade,"Lucas Black, Natalie Canerday, Robert Duvall, James Hampton, John Ritter, Billy Bob Thornton, J. T. Walsh, Dwight Yoakam"
Screen Actors Guild Award for Outstanding Performance by a Cast in a Motion Picture,"1997
(4th) ",Boogie Nights,"Don Cheadle, Heather Graham, Luis Guzmán, Philip Baker Hall, Philip Seymour Hoffman, Thomas Jane, Ricky Jay, William H. Macy, Alfred Molina, Julianne Moore, Nicole Ari Parker, John C. Reilly, Burt Reynolds, Robert Ridgely, Mark Wahlberg, Melora Walters"
Screen Actors Guild Award for Outstanding Performance by a Cast in a Motion Picture,"1997
(4th) ",Good Will Hunting,"Ben Affleck, Matt Damon, Minnie Driver, Stellan Skarsgård, Robin Williams"
Screen Actors Guild Award for Outstanding Performance by a Cast in a Motion Picture,"1997
(4th) ",L.A. Confidential,"Kim Basinger, James Cromwell, Russell Crowe, Danny DeVito, Guy Pearce, Kevin Spacey, David Strathairn"
Screen Actors Guild Award for Outstanding Performance by a Cast in a Motion Picture,"1997
(4th) ",Titanic,"Suzy Amis, Kathy Bates, Leonardo DiCaprio, Frances Fisher, Bernard Fox, Victor Garber, Bernard Hill, Jonathan Hyde, Danny Nucci, Bill Paxton, Gloria Stuart, David Warner, Kate Winslet, Billy Zane"
Screen Actors Guild Award for Outstanding Performance by a Cast in a Motion Picture,"1998
(5th) ",Life Is Beautiful (La vita è bella),"Roberto Benigni, Nicoletta Braschi, Horst Buchholz, Sergio Bini Bustric, Giorgio Cantarini, Giustino Durano, Amerigo Fontani, Giuliana Lojodice, Marisa Paredes"
Screen Actors Guild Award for Outstanding Performance by a Cast in a Motion Picture,"1998
(5th) ",Little Voice,"Annette Badland, Brenda Blethyn, Jim Broadbent, Michael Caine, Jane Horrocks, Philip Jackson, Ewan McGregor"
Screen Actors Guild Award for Outstanding Performance by a Cast in a Motion Picture,"1998
(5th) ",Saving Private Ryan,"Edward Burns, Matt Damon, Jeremy Davies, Vin Diesel, Adam Goldberg, Tom Hanks, Barry Pepper, Giovanni Ribisi, Tom Sizemore"
Screen Actors Guild Award for Outstanding Performance by a Cast in a Motion Picture,"1998
(5th) ",Waking Ned,"Ian Bannen, Fionnula Flanagan, David Kelly, Susan Lynch, James Nesbitt"
Screen Actors Guild Award for Outstanding Performance by a Cast in a Motion Picture,"1999
(6th) ",Being John Malkovich,"Orson Bean, John Cusack, Cameron Diaz, Catherine Keener, John Malkovich, Mary Kay Place, Charlie Sheen"
Screen Actors Guild Award for Outstanding Performance by a Cast in a Motion Picture,"1999
(6th) ",The Cider House Rules,"Jane Alexander, Erykah Badu, Kathy Baker, Michael Caine, Delroy Lindo, Tobey Maguire, Kate Nelligan, Paul Rudd, Charlize Theron"
Screen Actors Guild Award for Outstanding Performance by a Cast in a Motion Picture,"1999
(6th) ",The Green Mile,"Patricia Clarkson, James Cromwell, Jeffrey DeMunn, Michael Clarke Duncan, Graham Greene, Tom Hanks, Bonnie Hunt, Doug Hutchison, Michael Jeter, David Morse, Barry Pepper, Sam Rockwell, Harry Dean Stanton"
Screen Actors Guild Award for Outstanding Performance by a Cast in a Motion Picture,"1999
(6th) ",Magnolia,"Jeremy Blackman, Tom Cruise, Melinda Dillon, April Grace, Luis Guzmán, Philip Baker Hall, Philip Seymour Hoffman, Ricky Jay, William H. Macy, Alfred Molina, Julianne Moore, John C. Reilly, Jason Robards, Melora Walters"
