0,1,2,3,4
Cypriot Second Division 2009-10,Akritas,Loukas Yioukkas,Saša Jovanović,Koinotiko Chlorakas
Cypriot Second Division 2009-10,ASIL,Andreas Charalambous,Loukas Hadjiloukas,Grigoris Afxentiou Stadium
Cypriot Second Division 2009-10,Atromitos,Tasos Kouzoupos,Gjoko Hadžievski,Yeroskipou Stadium
Cypriot Second Division 2009-10,Ayia Napa,Christakis Antoniou,Antonis Kleftis,Municipal Stadium (Ayia Napa)
Cypriot Second Division 2009-10,Digenis,Andreas Papacharalambous,Arsen Mihailovic,Makario Stadium
Cypriot Second Division 2009-10,Frenaros,Marios Karayiannas,Nikos Kolompourdas,Koinotiko Sotiras
Cypriot Second Division 2009-10,MEAP,Koulis Poyiadjis,Yiannos Kalotheou,Theodorio Koinotiko
Cypriot Second Division 2009-10,Onisilos,Giorgos Solomou,Costas Lambis,Koinotiko Sotiras
Cypriot Second Division 2009-10,Othellos,Dimitris Fiakkos,Giorgos Kosmas,Athienou Stadium
Cypriot Second Division 2009-10,PAEEK FC,Kleanthis Georgiades,Costas Sakkas,Keryneia Epistrophi
