0,1,2,3,4,5
Primetime Emmy Award for Outstanding Supporting Actor in a Comedy Series,2000(52nd),Sean Hayes,Jack McFarland,Will & Grace,NBC
Primetime Emmy Award for Outstanding Supporting Actor in a Comedy Series,2000(52nd),Peter Boyle,Frank Barone,Everybody Loves Raymond,CBS
Primetime Emmy Award for Outstanding Supporting Actor in a Comedy Series,2001(53rd),Peter Boyle,Frank Barone,Everybody Loves Raymond,CBS
Primetime Emmy Award for Outstanding Supporting Actor in a Comedy Series,2001(53rd),Robert Downey Jr.,Larry Paul,Ally McBeal,Fox
Primetime Emmy Award for Outstanding Supporting Actor in a Comedy Series,2001(53rd),Sean Hayes,Jack McFarland,Will & Grace,NBC
Primetime Emmy Award for Outstanding Supporting Actor in a Comedy Series,2002(54th),Peter Boyle,Frank Barone,Everybody Loves Raymond,CBS
Primetime Emmy Award for Outstanding Supporting Actor in a Comedy Series,2002(54th),Bryan Cranston,Hal,Malcolm in the Middle,Fox
Primetime Emmy Award for Outstanding Supporting Actor in a Comedy Series,2002(54th),Sean Hayes,Jack McFarland,Will & Grace,NBC
Primetime Emmy Award for Outstanding Supporting Actor in a Comedy Series,2003(55th),Brad Garrett,Robert Barone,Everybody Loves Raymond,CBS
Primetime Emmy Award for Outstanding Supporting Actor in a Comedy Series,2003(55th),Peter Boyle,Frank Barone,Everybody Loves Raymond,CBS
Primetime Emmy Award for Outstanding Supporting Actor in a Comedy Series,2003(55th),Bryan Cranston,Hal,Malcolm in the Middle,Fox
Primetime Emmy Award for Outstanding Supporting Actor in a Comedy Series,2003(55th),Sean Hayes,Jack McFarland,Will & Grace,NBC
Primetime Emmy Award for Outstanding Supporting Actor in a Comedy Series,2003(55th),John Mahoney,Martin Crane,Frasier,NBC
Primetime Emmy Award for Outstanding Supporting Actor in a Comedy Series,2004(56th),Peter Boyle,Frank Barone,Everybody Loves Raymond,CBS
Primetime Emmy Award for Outstanding Supporting Actor in a Comedy Series,2004(56th),Sean Hayes,Jack McFarland,Will & Grace,NBC
Primetime Emmy Award for Outstanding Supporting Actor in a Comedy Series,2004(56th),Jeffrey Tambor,"George Bluth, Sr. and Oscar Bluth",Arrested Development,Fox
Primetime Emmy Award for Outstanding Supporting Actor in a Comedy Series,2005(57th),Peter Boyle,Frank Barone,Everybody Loves Raymond,CBS
Primetime Emmy Award for Outstanding Supporting Actor in a Comedy Series,2005(57th),Sean Hayes,Jack McFarland,Will & Grace,NBC
Primetime Emmy Award for Outstanding Supporting Actor in a Comedy Series,2005(57th),Jeffrey Tambor,"George Bluth, Sr. and Oscar Bluth",Arrested Development,Fox
Primetime Emmy Award for Outstanding Supporting Actor in a Comedy Series,2006(58th),Will Arnett,Gob Bluth,Arrested Development,Fox
Primetime Emmy Award for Outstanding Supporting Actor in a Comedy Series,2006(58th),Bryan Cranston,Hal,Malcolm in the Middle,Fox
Primetime Emmy Award for Outstanding Supporting Actor in a Comedy Series,2006(58th),Jon Cryer,Alan Harper,Two and a Half Men,CBS
Primetime Emmy Award for Outstanding Supporting Actor in a Comedy Series,2006(58th),Sean Hayes,Jack McFarland,Will & Grace,NBC
Primetime Emmy Award for Outstanding Supporting Actor in a Comedy Series,2007(59th),Kevin Dillon,"Johnny ""Drama"" Chase",Entourage,HBO
Primetime Emmy Award for Outstanding Supporting Actor in a Comedy Series,2007(59th),Neil Patrick Harris,Barney Stinson,How I Met Your Mother,CBS
Primetime Emmy Award for Outstanding Supporting Actor in a Comedy Series,2007(59th),Rainn Wilson,Dwight Schrute,The Office,NBC
Primetime Emmy Award for Outstanding Supporting Actor in a Comedy Series,2008(60th),Kevin Dillon,"Johnny ""Drama"" Chase",Entourage,HBO
Primetime Emmy Award for Outstanding Supporting Actor in a Comedy Series,2008(60th),Neil Patrick Harris,Barney Stinson,How I Met Your Mother,CBS
Primetime Emmy Award for Outstanding Supporting Actor in a Comedy Series,2008(60th),Rainn Wilson,Dwight Schrute,The Office,NBC
Primetime Emmy Award for Outstanding Supporting Actor in a Comedy Series,2009(61st),Kevin Dillon,"Johnny ""Drama"" Chase",Entourage,HBO
Primetime Emmy Award for Outstanding Supporting Actor in a Comedy Series,2009(61st),Neil Patrick Harris,Barney Stinson,How I Met Your Mother,CBS
Primetime Emmy Award for Outstanding Supporting Actor in a Comedy Series,2009(61st),Jack McBrayer,Kenneth Parcell,30 Rock,NBC
Primetime Emmy Award for Outstanding Supporting Actor in a Comedy Series,2009(61st),Tracy Morgan,Tracy Jordan,30 Rock,NBC
Primetime Emmy Award for Outstanding Supporting Actor in a Comedy Series,2009(61st),Rainn Wilson,Dwight Schrute,The Office,NBC
