0,1,2,3
Critics' Choice Movie Award for Best Director,2010,Darren Aronofsky,Black Swan
Critics' Choice Movie Award for Best Director,2010,Danny Boyle,127 Hours
Critics' Choice Movie Award for Best Director,2010,Joel Coen and Ethan Coen,True Grit
Critics' Choice Movie Award for Best Director,2010,Tom Hooper,The King's Speech
Critics' Choice Movie Award for Best Director,2010,Christopher Nolan,Inception
Critics' Choice Movie Award for Best Director,2011,Stephen Daldry,Extremely Loud & Incredibly Close
Critics' Choice Movie Award for Best Director,2011,Alexander Payne,The Descendants
Critics' Choice Movie Award for Best Director,2011,Nicolas Winding Refn,Drive
Critics' Choice Movie Award for Best Director,2011,Martin Scorsese,Hugo
Critics' Choice Movie Award for Best Director,2011,Steven Spielberg,War Horse
Critics' Choice Movie Award for Best Director,2012,Kathryn Bigelow,Zero Dark Thirty
Critics' Choice Movie Award for Best Director,2012,Tom Hooper,Les Misérables
Critics' Choice Movie Award for Best Director,2012,Ang Lee,Life of Pi
Critics' Choice Movie Award for Best Director,2012,David O. Russell,Silver Linings Playbook
Critics' Choice Movie Award for Best Director,2012,Steven Spielberg,Lincoln
Critics' Choice Movie Award for Best Director,2013,Alfonso Cuarón,Gravity
Critics' Choice Movie Award for Best Director,2013,Paul Greengrass,Captain Phillips
Critics' Choice Movie Award for Best Director,2013,Spike Jonze,Her
Critics' Choice Movie Award for Best Director,2013,Steve McQueen,12 Years a Slave
Critics' Choice Movie Award for Best Director,2013,David O. Russell,American Hustle
Critics' Choice Movie Award for Best Director,2013,Martin Scorsese,The Wolf of Wall Street
Critics' Choice Movie Award for Best Director,2014,Wes Anderson,The Grand Budapest Hotel
Critics' Choice Movie Award for Best Director,2014,Ava DuVernay,Selma
Critics' Choice Movie Award for Best Director,2014,David Fincher,Gone Girl
Critics' Choice Movie Award for Best Director,2014,Alejandro G. Iñárritu,Birdman
Critics' Choice Movie Award for Best Director,2014,Angelina Jolie,Unbroken
Critics' Choice Movie Award for Best Director,2015,George Miller,Mad Max: Fury Road
Critics' Choice Movie Award for Best Director,2015,Todd Haynes,Carol
Critics' Choice Movie Award for Best Director,2015,Alejandro G. Iñárritu,The Revenant
Critics' Choice Movie Award for Best Director,2015,Tom McCarthy,Spotlight
Critics' Choice Movie Award for Best Director,2015,Ridley Scott,The Martian
Critics' Choice Movie Award for Best Director,2015,Steven Spielberg,Bridge of Spies
Critics' Choice Movie Award for Best Director,2016,Damien Chazelle,La La Land
Critics' Choice Movie Award for Best Director,2016,Mel Gibson,Hacksaw Ridge
Critics' Choice Movie Award for Best Director,2016,Barry Jenkins,Moonlight
Critics' Choice Movie Award for Best Director,2016,Kenneth Lonergan,Manchester by the Sea
Critics' Choice Movie Award for Best Director,2016,David Mackenzie,Hell or High Water
Critics' Choice Movie Award for Best Director,2016,Denis Villeneuve,Arrival
Critics' Choice Movie Award for Best Director,2016,Denzel Washington,Fences
Critics' Choice Movie Award for Best Director,2017,Guillermo del Toro,The Shape of Water
Critics' Choice Movie Award for Best Director,2017,Greta Gerwig,Lady Bird
Critics' Choice Movie Award for Best Director,2017,Luca Guadagnino,Call Me by Your Name
Critics' Choice Movie Award for Best Director,2017,Martin McDonagh,"Three Billboards Outside Ebbing, Missouri"
Critics' Choice Movie Award for Best Director,2017,Christopher Nolan,Dunkirk
Critics' Choice Movie Award for Best Director,2017,Jordan Peele,Get Out
Critics' Choice Movie Award for Best Director,2017,Steven Spielberg,The Post
Critics' Choice Movie Award for Best Director,2018,Alfonso Cuarón,Roma
Critics' Choice Movie Award for Best Director,2018,Damien Chazelle,First Man
Critics' Choice Movie Award for Best Director,2018,Bradley Cooper,A Star Is Born
Critics' Choice Movie Award for Best Director,2018,Peter Farrelly,Green Book
Critics' Choice Movie Award for Best Director,2018,Yorgos Lanthimos,The Favourite
Critics' Choice Movie Award for Best Director,2018,Spike Lee,BlacKkKlansman
Critics' Choice Movie Award for Best Director,2018,Adam McKay,Vice
Critics' Choice Movie Award for Best Director,2019,Bong Joon-ho (TIE),Parasite
Critics' Choice Movie Award for Best Director,2019,Sam Mendes (TIE),1917
Critics' Choice Movie Award for Best Director,2019,Noah Baumbach,Marriage Story
Critics' Choice Movie Award for Best Director,2019,Greta Gerwig,Little Women
Critics' Choice Movie Award for Best Director,2019,Josh Safdie and Benny Safdie,Uncut Gems
Critics' Choice Movie Award for Best Director,2019,Martin Scorsese,The Irishman
Critics' Choice Movie Award for Best Director,2019,Quentin Tarantino,Once Upon a Time in Hollywood
