0,1,2,3,4,5
César award for Best foreign film,1976(1st),"Aguirre, the Wrath of God","Aguirre, der Zorn Gottes", West Germany,Werner Herzog
César award for Best foreign film,1976(1st),The Magic Flute,Trollflöjten, Sweden,Ingmar Bergman
César award for Best foreign film,1976(1st),Nashville,Nashville, United States,Robert Altman
César award for Best foreign film,1977(2nd),Barry Lyndon,Barry Lyndon, United Kingdom/ United States,Stanley Kubrick
César award for Best foreign film,1977(2nd),One Flew Over the Cuckoo's Nest,One Flew Over the Cuckoo's Nest, United States,Miloš Forman
César award for Best foreign film,1977(2nd),Raise Ravens,Cría cuervos, Spain,Carlos Saura
César award for Best foreign film,1978(3rd),The American Friend,Der amerikanische Freund, West Germany,Wim Wenders
César award for Best foreign film,1978(3rd),Annie Hall,Annie Hall, United States,Woody Allen
César award for Best foreign film,1978(3rd),Bread and Chocolate,Pane e cioccolata, Italy,Franco Brusati
César award for Best foreign film,1979(4th),Autumn Sonata,Höstsonaten, Sweden,Ingmar Bergman
César award for Best foreign film,1979(4th),Julia,Julia, United States,Fred Zinnemann
César award for Best foreign film,1979(4th),A Wedding,A Wedding, United States,Robert Altman
