0,1,2,3,4
Shelly Winters,1943,There's Something About a Soldier,Norma,uncredited
Shelly Winters,1943,What a Woman!,Secretary,uncredited
Shelly Winters,1944,Sailor's Holiday,Gloria Flynn,credited as Shelley Winter
Shelly Winters,1944,Knickerbocker Holiday,Ulda Tienhoven,credited as Shelley Winter
Shelly Winters,1944,Cover Girl,Chorus Girl,uncredited
Shelly Winters,1944,She's a Soldier Too,'Silver' Rankin,uncredited
Shelly Winters,1944,Dancing in Manhattan,Margie,uncredited
Shelly Winters,1944,Together Again,Young Woman Fleeing Nightclub Raid,uncredited
Shelly Winters,1945,Tonight and Every Night,Bubbles,uncredited
Shelly Winters,1945,Escape in the Fog,Taxi Driver,uncredited
Shelly Winters,1945,A Thousand and One Nights,Handmaiden,uncredited
Shelly Winters,1946,The Fighting Guardsman,Nanette,uncredited
Shelly Winters,1946,Two Smart People,Princess,uncredited
Shelly Winters,1946,Susie Steps Out,Female Singer,
Shelly Winters,1946,Abie's Irish Rose,Bridesmaid,uncredited
Shelly Winters,1947,New Orleans,Ms. Holmbright,uncredited
Shelly Winters,1947,Living in a Big Way,Junior League Girl,uncredited
Shelly Winters,1947,The Gangster,Hazel – Cashier,uncredited
Shelly Winters,1947,Killer McCoy,Waitress / Autograph Hound,uncredited
Shelly Winters,1947,A Double Life,Pat Kroll,
Shelly Winters,1948,Red River,Dance Hall Girl in Wagon Train,uncredited
Shelly Winters,1948,Larceny,Tory,
Shelly Winters,1948,Cry of the City,Brenda Martingale,
Shelly Winters,1949,Take One False Step,Catherine Sykes,
Shelly Winters,1949,The Great Gatsby,Myrtle Wilson,
Shelly Winters,1949,Johnny Stool Pigeon,Terry Stewart,
Shelly Winters,1950,Winchester '73,Lola Manners,
Shelly Winters,1950,South Sea Sinner,Coral,
Shelly Winters,1950,Frenchie,Frenchie Fontaine,
Shelly Winters,1951,He Ran All the Way,Peggy Dobbs,
Shelly Winters,1951,Behave Yourself!,Kate Denny,
Shelly Winters,1951,The Raging Tide,Connie Thatcher,
Shelly Winters,1952,Phone Call from a Stranger,Binky Gay,
Shelly Winters,1952,Meet Danny Wilson,Joy Carroll,
Shelly Winters,1952,Untamed Frontier,Jane Stevens,
Shelly Winters,1952,My Man and I,Nancy,
Shelly Winters,1954,Tennessee Champ,Sarah Wurble,
Shelly Winters,1954,Saskatchewan,Grace Markey,
Shelly Winters,1954,Executive Suite,Eva Bardeman,
Shelly Winters,1954,Playgirl,Fran Davis,
Shelly Winters,1954,Mambo,Toni Salermo,
Shelly Winters,1954,To Dorothy a Son,Myrtle La Mar,
Shelly Winters,1955,I Am a Camera,Natalia Landauer,
Shelly Winters,1955,The Night of the Hunter,Willa Harper,
Shelly Winters,1955,The Big Knife,Dixie Evans,credited as Miss Shelley Winters
Shelly Winters,1955,The Treasure of Pancho Villa,Ruth Harris,
Shelly Winters,1955,I Died a Thousand Times,Marie Garson,
Shelly Winters,1959,Odds Against Tomorrow,Lorry,
Shelly Winters,1960,Let No Man Write My Epitaph,Nellie Romano,
Shelly Winters,1961,The Young Savages,Mary diPace,
Shelly Winters,1962,Lolita,Charlotte Haze,
Shelly Winters,1962,The Chapman Report,Sarah Garnell,
Shelly Winters,1963,The Balcony,Madame Irma,
Shelly Winters,1963,Wives and Lovers,Fran Cabrell,
Shelly Winters,1964,A House Is Not a Home,Polly Adler,
Shelly Winters,1964,Time of Indifference,Lisa,
Shelly Winters,1965,The Greatest Story Ever Told,Healed Woman,
Shelly Winters,1966,Harper,Fay Estabrook,
Shelly Winters,1966,Alfie,Ruby,
Shelly Winters,1966,The Three Sisters,Natalya,
Shelly Winters,1967,Enter Laughing,Mrs. Emma Kolowitz,
Shelly Winters,1968,The Scalphunters,Kate,
Shelly Winters,1968,Wild in the Streets,Mrs. Daphne Flatow,
Shelly Winters,1968,"Buona Sera, Mrs. Campbell",Shirley Newman,
Shelly Winters,1969,The Mad Room,Mrs. Armstrong,
Shelly Winters,1969,Arthur? Arthur!,Hester Green,
Shelly Winters,1970,Bloody Mama,"""Ma"" Kate Barker",
Shelly Winters,1970,How Do I Love Thee?,Lena Marvin,
Shelly Winters,1970,Flap,Dorothy Bluebell,
Shelly Winters,1971,What's the Matter with Helen?,Helen,
Shelly Winters,1972,Something to Hide,Gabriella,
Shelly Winters,1972,Whoever Slew Auntie Roo?,Mrs. Forrest,
Shelly Winters,1973,Blume in Love,Mrs. Cramer,
Shelly Winters,1973,Cleopatra Jones,Mommy,
Shelly Winters,1973,The Stone Killer,Drunk Woman in Police Station,uncredited
Shelly Winters,1975,Poor Pretty Eddie,Bertha,
Shelly Winters,1975,That Lucky Touch,Diana Steedeman,
Shelly Winters,1975,Journey Into Fear,Mrs. Mathews,
Shelly Winters,1975,Diamonds,Zelda Shapiro,
Shelly Winters,1976,La dahlia scarlatta,Catrina,
Shelly Winters,1976,The Tenant,The Concierge,
Shelly Winters,1976,"Next Stop, Greenwich Village",Faye Lapinsky,
Shelly Winters,1976,Mimì Bluette... fiore del mio giardino,Caterina,
Shelly Winters,1977,Tentacles,Tillie Turner,
Shelly Winters,1977,An Average Little Man,Amalia Vivaldi,
Shelly Winters,1977,Pete's Dragon,Lena Gogan,
Shelly Winters,1977,Black Journal,Lea,
Shelly Winters,1978,King of the Gypsies,Queen Rachel,
Shelly Winters,1979,The French Atlantic Affair,Helen Wabash,
Shelly Winters,1979,The Visitor,Jane Phillips,
Shelly Winters,1979,City on Fire,Nurse Andrea Harper,
Shelly Winters,1979,The Magician of Lublin,Elzbieta,
Shelly Winters,1981,S.O.B.,Eva Brown,
Shelly Winters,1981,Looping,Carmen,
Shelly Winters,1983,Fanny Hill,Mrs. Cole,
Shelly Winters,1984,Over the Brooklyn Bridge,Becky,
Shelly Winters,1984,Ellie,Cora Jackson,
Shelly Winters,1985,Déjà Vu,Olga Nabokova,
Shelly Winters,1986,The Delta Force,Edie Kaplan,
Shelly Winters,1986,Witchfire,Lydia,
Shelly Winters,1986,Very Close Quarters,Galina,
Shelly Winters,1988,Purple People Eater,Rita,
Shelly Winters,1989,An Unremarkable Life,Evelyn McEllany,
Shelly Winters,1990,Touch of a Stranger,Ida,
Shelly Winters,1991,Stepping Out,Mrs. Fraser,
Shelly Winters,1992,"Weep No More, My Lady",Vivian Morgan,
Shelly Winters,1993,The Pickle,Yetta,
Shelly Winters,1994,The Silence of the Hams,Mrs. Motel,
Shelly Winters,1995,Heavy,Dolly Modino,
Shelly Winters,1995,Backfire!,The Good Lieutenant,
Shelly Winters,1995,Jury Duty,Mom,
Shelly Winters,1995,Mrs. Munck,Aunt Monica,
Shelly Winters,1995,Raging Angels,Grandma Ruth,
Shelly Winters,1996,The Portrait of a Lady,Mrs. Touchett,
Shelly Winters,1998,Gideon,Mrs. Willows,
Shelly Winters,1999,La bomba,Prof. Summers,
Shelly Winters,2006,A-List,Herself,
