0,1,2,3,4,5,6,7
Ouu Main Line,Sasakino,笹木野,3.8,,,Fukushima,Fukushima Prefecture
Ouu Main Line,Niwasaka,庭坂,6.9,,,Fukushima,Fukushima Prefecture
Ouu Main Line,Itaya,板谷,21.2,,,Yonezawa,Yamagata Prefecture
Ouu Main Line,Tōge,峠,24.5,,,Yonezawa,Yamagata Prefecture
Ouu Main Line,Ōsawa,大沢,28.8,,,Yonezawa,Yamagata Prefecture
Ouu Main Line,Sekine,関根,34.8,,,Yonezawa,Yamagata Prefecture
Ouu Main Line,Oitama,置賜,45.6,,,Yonezawa,Yamagata Prefecture
Ouu Main Line,Takahata,高畠,49.9,, Yamagata Shinkansen,Takahata,Yamagata Prefecture
Ouu Main Line,Nakagawa,中川,64.4,,,Nanyō,Yamagata Prefecture
Ouu Main Line,Uzen-Nakayama,羽前中山,68.3,,,Kaminoyama,Yamagata Prefecture
Ouu Main Line,Kaminoyama Onsen,かみのやま温泉,75.0,, Yamagata Shinkansen,Kaminoyama,Yamagata Prefecture
Ouu Main Line,Mokichi Kinenkan-mae,茂吉記念館前,77.8,,,Kaminoyama,Yamagata Prefecture
Ouu Main Line,Zaō,蔵王,81.8,,,Yamagata,Yamagata Prefecture
Ouu Main Line,Yamagata,山形,87.1,,"
 Yamagata Shinkansen
■ Senzan Line
■ Aterazawa Line
",Yamagata,Yamagata Prefecture
Ouu Main Line,Minami-Dewa,南出羽,93.6,,,Yamagata,Yamagata Prefecture
Ouu Main Line,Urushiyama,漆山,94.9,,,Yamagata,Yamagata Prefecture
Ouu Main Line,Takatama,高擶,97.0,,,Tendō,Yamagata Prefecture
Ouu Main Line,Tendō-Minami,天童南,98.3,,,Tendō,Yamagata Prefecture
Ouu Main Line,Tendō,天童,100.4,, Yamagata Shinkansen,Tendō,Yamagata Prefecture
Ouu Main Line,Midaregawa,乱川,103.4,,,Tendō,Yamagata Prefecture
Ouu Main Line,Jimmachi,神町,106.3,,,Higashine,Yamagata Prefecture
Ouu Main Line,Sakuranbo Higashine,さくらんぼ東根,108.1,, Yamagata Shinkansen,Higashine,Yamagata Prefecture
Ouu Main Line,Higashine,東根,110.6,,,Higashine,Yamagata Prefecture
Ouu Main Line,Murayama,村山,113.5,, Yamagata Shinkansen,Murayama,Yamagata Prefecture
Ouu Main Line,Sodesaki,袖崎,121.5,,,Murayama,Yamagata Prefecture
Ouu Main Line,Ōishida,大石田,126.9,, Yamagata Shinkansen,Ōishida,Yamagata Prefecture
Ouu Main Line,Kita-Ōishida,北大石田,130.8,,,Ōishida,Yamagata Prefecture
Ouu Main Line,Ashisawa,芦沢,133.7,,,Obanazawa,Yamagata Prefecture
Ouu Main Line,Funagata,舟形,140.3,,,Funagata,Yamagata Prefecture
Ouu Main Line,Shinjō,新庄,148.6,,"
 Yamagata Shinkansen
■ Rikuu East Line
■ Rikuu West Line
",Shinjō,Yamagata Prefecture
Ouu Main Line,Izumita,泉田,154.2,,,Shinjō,Yamagata Prefecture
Ouu Main Line,Uzen-Toyosato,羽前豊里,161.3,,,Sakegawa,Yamagata Prefecture
Ouu Main Line,Mamurogawa,真室川,164.0,,,Mamurogawa,Yamagata Prefecture
Ouu Main Line,Kamabuchi,釜淵,173.2,,,Mamurogawa,Yamagata Prefecture
Ouu Main Line,Ōtaki,大滝,180.3,,,Mamurogawa,Yamagata Prefecture
Ouu Main Line,Nozoki,及位,185.8,,,Mamurogawa,Yamagata Prefecture
Ouu Main Line,Innai,院内,194.4,,,Yuzawa,Akita Prefecture
Ouu Main Line,Yokobori,横堀,198.4,,,Yuzawa,Akita Prefecture
Ouu Main Line,Mitsuseki,三関,204.4,,,Yuzawa,Akita Prefecture
Ouu Main Line,Kami-Yuzawa,上湯沢,207.1,,,Yuzawa,Akita Prefecture
Ouu Main Line,Yuzawa,湯沢,210.4,●,,Yuzawa,Akita Prefecture
Ouu Main Line,Shimo-Yuzawa,下湯沢,214.5,↓,,Yuzawa,Akita Prefecture
Ouu Main Line,Jūmonji,十文字,217.8,●,,Yokote,Akita Prefecture
Ouu Main Line,Daigo,醍醐,221.2,↓,,Yokote,Akita Prefecture
Ouu Main Line,Yanagita,柳田,224.4,↓,,Yokote,Akita Prefecture
Ouu Main Line,Gosannen,後三年,234.7,↓,,Misato,Akita Prefecture
Ouu Main Line,Iizume,飯詰,239.8,●,,Misato,Akita Prefecture
Ouu Main Line,Ōmagari,大曲,247.0,●,"
 Akita Shinkansen
■ Tazawako Line
",Daisen,Akita Prefecture
Ouu Main Line,Jingūji,神宮寺,253.0,↓,,Daisen,Akita Prefecture
Ouu Main Line,Kariwano,刈和野,260.6,●,,Daisen,Akita Prefecture
Ouu Main Line,Mineyoshikawa,峰吉川,265.4,↓,,Daisen,Akita Prefecture
Ouu Main Line,Ugo-Sakai,羽後境,271.9,↓,,Daisen,Akita Prefecture
Ouu Main Line,Ōbarino,大張野,280.0,↓,,Akita,Akita Prefecture
Ouu Main Line,Wada,和田,285.4,●,,Akita,Akita Prefecture
Ouu Main Line,Yotsugoya,四ツ小屋,292.3,●,,Akita,Akita Prefecture
Ouu Main Line,Izumi-Sotoasahikawa,泉外旭川,301.8,● ,,Akita,Akita Prefecture
Ouu Main Line,Tsuchizaki,土崎,305.8,●,,Akita,Akita Prefecture
Ouu Main Line,Kami-Iijima,上飯島,308.3,●,,Akita,Akita Prefecture
Ouu Main Line,Ōkubo,大久保,318.9,●,,Katagami,Akita Prefecture
Ouu Main Line,Ugo-Īzuka,羽後飯塚,322.2,●,,Katagami,Akita Prefecture
Ouu Main Line,Ikawa-Sakura,井川さくら,323.6,●,,Ikawa,Akita Prefecture
Ouu Main Line,Hachirōgata,八郎潟,327.5,●,,Hachirōgata,Akita Prefecture
Ouu Main Line,Koikawa,鯉川,333.0,｜,,Kotooka,Akita Prefecture
Ouu Main Line,Kado,鹿渡,338.4,｜,,Kotooka,Akita Prefecture
Ouu Main Line,Moritake,森岳,345.1,●,,Yamamoto,Akita Prefecture
Ouu Main Line,Kita-Kanaoka,北金岡,349.4,｜,,Yamamoto,Akita Prefecture
Ouu Main Line,Higashi-Noshiro,東能代,355.4,●,■ Gonō Line,Noshiro,Akita Prefecture
Ouu Main Line,Tsurugata,鶴形,360.3,｜,,Noshiro,Akita Prefecture
Ouu Main Line,Tomine,富根,365.5,｜,,Noshiro,Akita Prefecture
Ouu Main Line,Futatsui,二ツ井,372.2,●,,Noshiro,Akita Prefecture
Ouu Main Line,Maeyama,前山,379.5,｜,,Kita-Akita,Akita Prefecture
Ouu Main Line,Nukazawa,糠沢,388.1,｜,,Kita-Akita,Akita Prefecture
Ouu Main Line,Hayaguchi,早口,393.5,●,,Ōdate,Akita Prefecture
Ouu Main Line,Shimokawazoi,下川沿,397.7,｜,,Ōdate,Akita Prefecture
Ouu Main Line,Ōdate,大館,402.9,●,■ Hanawa Line,Ōdate,Akita Prefecture
Ouu Main Line,Shirasawa,白沢,409.4,｜,,Ōdate,Akita Prefecture
Ouu Main Line,Jinba,陣場,416.5,｜,,Ōdate,Akita Prefecture
Ouu Main Line,Tsugaru-Yunosawa,津軽湯の沢,422.3,｜,,Hirakawa,Aomori Prefecture
Ouu Main Line,Ikarigaseki,碇ヶ関,427.2,●,,Hirakawa,Aomori Prefecture
Ouu Main Line,Nagamine,長峰,432.0,｜,,Ōwani,Aomori Prefecture
Ouu Main Line,Ōwani-Onsen,大鰐温泉,435.3,●,Kōnan Railway Ōwani Line,Ōwani,Aomori Prefecture
Ouu Main Line,Ishikawa,石川,440.7,｜,,Hirosaki,Aomori Prefecture
Ouu Main Line,Hirosaki,弘前,447.1,●,Kōnan Railway Kōnan Line,Hirosaki,Aomori Prefecture
Ouu Main Line,Naijōshi,撫牛子,449.8,｜,,Hirosaki,Aomori Prefecture
Ouu Main Line,Kawabe,川部,453.4,●,■ Gonō Line,Inakadate,Aomori Prefecture
Ouu Main Line,Kita-Tokiwa,北常盤,456.6,●,,Fujisaki,Aomori Prefecture
Ouu Main Line,Namioka,浪岡,462.1,●,,Aomori,Aomori Prefecture
Ouu Main Line,Daishaka,大釈迦,467.2,｜,,Aomori,Aomori Prefecture
Ouu Main Line,Tsurugasaka,鶴ヶ坂,473.4,｜,,Aomori,Aomori Prefecture
Ouu Main Line,Tsugaru-Shinjō,津軽新城,478.8,●,,Aomori,Aomori Prefecture
