0,1,2,3,4,5,6
Ullsten Cabinet,Deputy Prime Minister,Sven Romanus,18 October 1978,12 October 1979, ,Independent
Ullsten Cabinet,Minister of Economics/Minister for the Budget,Ingemar Mundebo,18 October 1978,12 October 1979, ,Liberals
Ullsten Cabinet,Minister for Education,Jan-Erik Wikström,18 October 1978,12 October 1979, ,Liberals
Ullsten Cabinet,Minister for Employment,Rolf Wirtén,18 October 1978,12 October 1979, ,Liberals
Ullsten Cabinet,Minister for Agriculture,Eric Enlund,18 October 1978,12 October 1979, ,Liberals
Ullsten Cabinet,Minister for Defence,Lars De Geer,18 October 1978,12 October 1979, ,Liberals
Ullsten Cabinet,Minister for Physical Planning and Local Government,Bertil Hansson,18 October 1978,12 October 1979, ,Liberals
Ullsten Cabinet,Minister for Housing,Birgit Friggebo,18 October 1978,12 October 1979, ,Liberals
Ullsten Cabinet,Minister for Enterprise,Erik Huss,18 October 1978,12 October 1979, ,Liberals
Ullsten Cabinet,Minister of Commerce and Industry,Hadar Cars,18 October 1978,12 October 1979, ,Liberals
