0,1,2,3,4,5,6
1, France,"Paris, France",Parc des Princes,Five Nations Championship,3 March 1984,lost
2, Ireland,"Dublin, Ireland",Lansdowne Road,Five Nations Championship,30 March 1985,lost
5, Ireland,"Twickenham, England",Twickenham,Five Nations Championship,19 March 1988,won
6, Ireland,"Twickenham, England",Twickenham,Five Nations Championship,19 March 1988,won
7, Ireland,"Dublin, Ireland",Lansdowne Road,Millennium Trophy Match,23 April 1988,won
8, Australia,"Brisbane, Australia",Ballymore Stadium,Summer Tour,29 May 1988,lost
9, Australia,"Sydney, Australia",Concord Oval,Summer Tour,12 June 1988,lost
10, Fiji,"Suva, Fiji","National Stadium, Suva",Summer Tour,16 June 1988,won
11, Fiji,"Suva, Fiji","National Stadium, Suva",Summer Tour,16 June 1988,won
12, Australia,"Twickenham, England",Twickenham,Autumn Internationals,5 November 1988,won
13, Australia,"Twickenham, England",Twickenham,Autumn Internationals,5 November 1988,won
14, Fiji,"Twickenham, England",Twickenham,Autumn Internationals,4 November 1989,won
15, Fiji,"Twickenham, England",Twickenham,Autumn Internationals,4 November 1989,won
16, Fiji,"Twickenham, England",Twickenham,Autumn Internationals,4 November 1989,won
17, Fiji,"Twickenham, England",Twickenham,Autumn Internationals,4 November 1989,won
18, Fiji,"Twickenham, England",Twickenham,Autumn Internationals,4 November 1989,won
19, Ireland,"Twickenham, England",Twickenham,Five Nations Championship,20 January 1990,won
20, France,"Paris, France",Parc des Princes,Five Nations Championship,3 February 1990,won
21, Wales,"Twickenham, England",Twickenham,Five Nations Championship,17 February 1990,won
22, Wales,"Twickenham, England",Twickenham,Five Nations Championship,17 February 1990,won
23, Argentina,"Twickenham, England",Twickenham,Autumn Internationals,3 November 1990,won
24, Argentina,"Twickenham, England",Twickenham,Autumn Internationals,3 November 1990,won
25, Argentina,"Twickenham, England",Twickenham,Autumn Internationals,3 November 1990,won
26, Ireland,"Dublin, Ireland",Lansdowne Road,Five Nations Championship,2 March 1991,won
27, France,"Twickenham, England",Twickenham,Five Nations Championship,16 March 1991,won
28, Fiji,"Suva, Fiji","National Stadium, Suva",Summer Tour,20 July 1991,won
29, Italy,"Twickenham, England",Twickenham,Rugby World Cup,8 October 1991,won
30, United States,"Twickenham, England",Twickenham,Rugby World Cup,11 October 1991,won
31, United States,"Twickenham, England",Twickenham,Rugby World Cup,11 October 1991,won
33, Scotland,"Edinburgh, Scotland",Murrayfield,Five Nations Championship,18 January 1992,won
34, Ireland,"Twickenham, England",Twickenham,Five Nations Championship,1 February 1992,won
35, France,"Paris, France",Parc des Princes,Five Nations Championship,15 February 1992,won
36, Scotland,"Twickenham, England",Twickenham,Five Nations Championship,6 March 1993,won
37, New Zealand,"Wellington, New Zealand",Athletic Park,British Lions tour to New Zealand,26 June 1993,won
38, Wales,"Twickenham, England",Twickenham,Five Nations Championship,19 March 1994,won
39, Romania,"Twickenham, England",Twickenham,Autumn Internationals,12 November 1994,won
40, Canada,"Twickenham, England",Twickenham,Autumn Internationals,10 December 1994,won
41, Canada,"Twickenham, England",Twickenham,Autumn Internationals,10 December 1994,won
42, Wales,"Cardiff, Wales",Cardiff Arms Park,Five Nations Championship,18 February 1995,won
43, Wales,"Cardiff, Wales",Cardiff Arms Park,Five Nations Championship,18 February 1995,won
49, Western Samoa,"Twickenham, England",Twickenham,Autumn Internationals,16 December 1995,won
50, Wales,"Twickenham, England",Twickenham,Five Nations Championship,3 February 1996,won
