0,1,2,3
Logie Award for Best New Talent,Vera Plevnik,The John Sullivan Story,Nine Network
Logie Award for Best New Talent,Jason Donovan,Neighbours,Network Ten
Logie Award for Best New Talent,Alex Papps,The Henderson Kids,Network Ten
Logie Award for Best New Talent,Matt Day,A Country Practice,Seven Network
Logie Award for Best New Talent,Marcus Graham,E Street,Network Ten
Logie Award for Best New Talent,Richard Huggett,E Street,Network Ten
Logie Award for Best New Talent,Rebekah Elmaloglou,Home and Away,Seven Network
Logie Award for Best New Talent,Sophie Heathcote,A Country Practice,Seven Network
Logie Award for Best New Talent,Sophie Lee,The Bugs Bunny Show,Nine Network
Logie Award for Best New Talent,Simon Baker,E Street,Network Ten
Logie Award for Best New Talent,Dieter Brummer,Home and Away,Seven Network
Logie Award for Best New Talent,Natalie Imbruglia,Neighbours,Network Ten
Logie Award for Best New Talent,Matthew Krok,Hey Dad..!,Seven Network
Logie Award for Best New Talent,Melissa George,Home and Away,Seven Network
Logie Award for Best New Talent,Kimberley Davies,Neighbours,Network Ten
Logie Award for Best New Talent,Jo Beth Taylor,Australia's Funniest Home Videos,Nine Network
Logie Award for Best New Talent,Daniel Amalm,Home and Away,Seven Network
Logie Award for Best New Talent,Isla Fisher,Home and Away,Seven Network
Logie Award for Best New Talent,Nic Testoni,Home and Away,Seven Network
Logie Award for Best New Talent,Kate Fischer,What's Up Doc?,Nine Network
Logie Award for Best New Talent,Katrina Hobbs,Home and Away,Seven Network
Logie Award for Best New Talent,Wendy Mooney,Don't Forget Your Toothbrush,Nine Network
Logie Award for Best New Talent,Vulcan,Gladiators,Seven Network
Logie Award for Best New Talent,Tasma Walton,Blue Heelers,Seven Network
Logie Award for Best New Talent,Belinda Emmett,Home and Away,Seven Network
Logie Award for Best New Talent,Tania Zaetta,Who Dares Wins,Seven Network
Logie Award for Best New Talent,Ben Unwin,Home and Away,Seven Network
Logie Award for Best New Talent,Brooke Satchwell,Neighbours,Network Ten
Logie Award for Best New Talent,Bree Desborough,Home and Away,Seven Network
Logie Award for Best New Talent,Callan Mulvey,Heartbreak High,ABC TV
Logie Award for Best New Talent,Daniel Kowalski,Plucka's Place,Nine Network
Logie Award for Best New Talent,Bonnie Sveen,Home and Away,Seven Network
Logie Award for Best New Talent,Timomatic,Australia's Got Talent,Nine Network
Logie Award for Best New Talent,Abby Earl,A Place to Call Home,Seven Network
Logie Award for Best New Talent,Caren Pistorius,Offspring,Network Ten
Logie Award for Best New Talent,Caren Pistorius,Redfern Now,ABC1
Logie Award for Best New Talent,Caren Pistorius,Paper Giants: Magazine Wars,ABC1
Logie Award for Best New Talent,Johnny Ruffo,Home and Away,Seven Network
Logie Award for Best New Talent,Miranda Tapsell,Love Child,Nine Network
Logie Award for Best New Talent,Laura Brent,ANZAC Girls,ABC
Logie Award for Best New Talent,Laura Brent,INXS: Never Tear Us Apart,Seven Network
Logie Award for Best New Talent,Harriet Dyer,Love Child,Nine Network
Logie Award for Best New Talent,Samantha Jade,INXS: Never Tear Us Apart,Seven Network
Logie Award for Best New Talent,Olympia Valance,Neighbours,Network Ten
Logie Award for Best New Talent,Adam Dovile,Better Homes and Gardens,Seven Network
Logie Award for Best New Talent,Benson Jack Anthony,800 Words,Seven Network
Logie Award for Best New Talent,Joel Jackson,Deadline Gallipoli,Showcase
Logie Award for Best New Talent,Joel Jackson,Peter Allen: Not the Boy Next Door,Seven Network
Logie Award for Best New Talent,Pia Miller,Home and Away,Seven Network
Logie Award for Best New Talent,Dan Reilly,The Block,Nine Network
Logie Award for Best New Talent,Rob Collins,Cleverman,ABC
Logie Award for Best New Talent,Rob Collins,The Wrong Girl,Network Ten
Logie Award for Best New Talent,Shalom Brune-Franklin,Doctor Doctor,Nine Network
Logie Award for Best New Talent,Tiarnie Coupland,Love Child,Nine Network
Logie Award for Best New Talent,Hayley Magnus,The Wrong Girl,Network Ten
Logie Award for Best New Talent,Penny McNamee,Home and Away,Seven Network
Logie Award for Best New Talent,Dilruk Jayasinha,CRAM!,Network Ten
Logie Award for Best New Talent,Dilruk Jayasinha,Utopia,ABC
Logie Award for Best New Talent,Matty Johnson,The Living Room,Network Ten
Logie Award for Best New Talent,Sam Frost,Home and Away,Seven Network
Logie Award for Best New Talent,Sophia Forrest,Love Child,Nine Network
Logie Award for Best New Talent,Sophie Dillman,Home and Away,Seven Network
Logie Award for Best New Talent,Dylan Alcott,The Set,ABC
Logie Award for Best New Talent,Bonnie Anderson,Neighbours,Network Ten
Logie Award for Best New Talent,Courtney Miller,Home and Away,Seven Network
Logie Award for Best New Talent,Eddie Woo,Teenage Boss,ABC
Logie Award for Best New Talent,Joe Jonas,The Voice,Nine Network
Logie Award for Best New Talent,Tasia Zalar,Mystery Road,ABC
Logie Award for Best New Talent,Tony Armstrong,News Breakfast,ABC
Logie Award for Best New Talent,Alessandra Rampolla,Married At First Sight,Nine Network
Logie Award for Best New Talent,Carlos Sanson Jr,Bump,Stan
Logie Award for Best New Talent,Matt Evans,Home and Away,Seven Network
Logie Award for Best New Talent,Melanie Bracewell,The Cheap Seats,Network Ten
Logie Award for Best New Talent,Will Lodder,Love Me,Binge/Foxtel
