0,1,2,3,4
Cypriot First Division top goalscorers,1961–62, Michalis Shialis,Anorthosis,22
Cypriot First Division top goalscorers,1962–63, Panikos Papadopoulos,AEL Limassol,24
Cypriot First Division top goalscorers,1963–64,Championship abandoned,Championship abandoned,Championship abandoned
Cypriot First Division top goalscorers,1965–66, Panikos Efthymiades,Olympiakos Nicosia,20
Cypriot First Division top goalscorers,1967–68, Pamboullis Papadopoulos,AEL Limassol,31
Cypriot First Division top goalscorers,1968–69, Panikos Efthymiades,Olympiakos Nicosia,17
Cypriot First Division top goalscorers,1969–70, Tasos Constantinou,EPA Larnaca,24
Cypriot First Division top goalscorers,1972–73, Lakis Theodorou,EPA Larnaca,17
Cypriot First Division top goalscorers,1974–75, Andros Savva,Omonia,21
Cypriot First Division top goalscorers,1977–78, Andreas Kanaris,Omonia,20
Cypriot First Division top goalscorers,1982–83, Panikos Hatziloizou,Aris Limassol,17
Cypriot First Division top goalscorers,1983–84, Sylvester Vernon   Lenos Kittos,Pezoporikos  Ermis Aradippou,14
Cypriot First Division top goalscorers,1987–88, Tasos Zouvanis,E.N. Paralimni,23
Cypriot First Division top goalscorers,1988–89, Nigel McNeal,Nea Salamina,19
Cypriot First Division top goalscorers,1989–90,  Siniša Gogić,APOEL,19
Cypriot First Division top goalscorers,1991–92, József Dzurják,Omonia,21
Cypriot First Division top goalscorers,1992–93, Slađan Šćepović,Apollon Limassol,25
Cypriot First Division top goalscorers,1993–94,  Siniša Gogić,Anorthosis,26
Cypriot First Division top goalscorers,1995–96, József Kiprich,APOEL,25
Cypriot First Division top goalscorers,2003–04, Łukasz Sosin   Jozef Kožlej,Apollon Limassol Omonia,21
Cypriot First Division top goalscorers,2004–05, Łukasz Sosin,Apollon Limassol,21
Cypriot First Division top goalscorers,2005–06, Łukasz Sosin,Apollon Limassol,28
Cypriot First Division top goalscorers,2007–08, David da Costa  Łukasz Sosin,Doxa KatokopiasAnorthosis,16
Cypriot First Division top goalscorers,2008–09, Serjão,Doxa Katokopias,24
Cypriot First Division top goalscorers,2010–11, Miljan Mrdaković,Apollon Limassol,21
Cypriot First Division top goalscorers,2014–15, Mickaël Poté,Omonia,17
Cypriot First Division top goalscorers,2016–17, Matt Derbyshire,Omonia,24
Cypriot First Division top goalscorers,2017–18, Matt Derbyshire,Omonia,23
Cypriot First Division top goalscorers,2018–19, Adam Nemec,Pafos,16
Cypriot First Division top goalscorers,2019–20, Ivan Trichkovski,AEK Larnaca,20
