0,1,2,3,4,5,6,7,8,9,10,11,12,13,14,15,16,17
 Albania,"6,110",412,UN,CoE,OSCE,Candidate,,,EU visa-free,ALL,,WTO,ICPO,,NATO,ICC,39.6
 Andorra,n/d,n/d,UN,CoE,OSCE,,,EUCU,EU visa-free,€,,obs,ICPO,,,ICC,VWP
 Armenia,"4,560",416,UN,CoE,OSCE,CIS,EAEU,EACU,CIS visa-free,AMD,,WTO,ICPO,,CSTO / PfP,sign,48.9
 Austria,"52,210","2,807",UN,CoE,OSCE,EU,EEA,EUCU,Schengen,€,OECD,WTO,ICPO,ESA,PfP,ICC,VWP
 Azerbaijan,"4,880",364,UN,CoE,OSCE,CIS,,,CIS visa-free,AZN,GUAM,obs,ICPO,,PfP,,14.0
 Belarus,"6,950",622,UN,obs,OSCE,CIS,EAEU,EACU,CIS visa-free,BYR,,obs,ICPO,BSA,CSTO,,15.5
 Belgium,"50,510","2,136",UN,CoE,OSCE,EU,EEA,EUCU,Schengen,€,OECD,WTO,ICPO,ESA,NATO,ICC,VWP
 Bosnia and Herzegovina,"6,770",554,UN,CoE,OSCE,,,,EU visa-free,BAM,,obs,ICPO,,MAP,ICC,13.9
 Croatia,"17,150","1,024",UN,CoE,OSCE,EU,EEA,EUCU,Schengen,€,,WTO,ICPO,,NATO,ICC,VWP
 Cyprus,"28,470","1,658",UN,CoE,OSCE,EU,EEA,EUCU,EU visa-free,€,,WTO,ICPO,CA,,ICC,1.4
 Estonia,"25,920","1,356",UN,CoE,OSCE,EU,EEA,EUCU,Schengen,€,OECD,WTO,ICPO,ESA,NATO,ICC,VWP
 Finland,"53,660","2,509",UN,CoE,OSCE,EU,EEA,EUCU,Schengen,€,OECD,WTO,ICPO,ESA,NATO,ICC,VWP
 France,"43,880","2,355",UN,CoE,OSCE,EU,EEA,EUCU,Schengen,€,OECD,WTO,ICPO,ESA,NATO,ICC,VWP
 Georgia,"4,740",436,UN,CoE,OSCE,,,,EU visa-free,GEL,GUAM,WTO,ICPO,,PfP,ICC,49.7
 Germany,"51,040","2,609",UN,CoE,OSCE,EU,EEA,EUCU,Schengen,€,OECD,WTO,ICPO,ESA,NATO,ICC,VWP
 Greece,"20,140","1,050",UN,CoE,OSCE,EU,EEA,EUCU,Schengen,€,OECD,WTO,ICPO,ESA,NATO,ICC,VWP
 Iceland,"63,460","3,234",UN,CoE,OSCE,,EEA,,Schengen,ISK,OECD,WTO,ICPO,,NATO,ICC,VWP
 Ireland,"74,520","2,923",UN,CoE,OSCE,EU,EEA,EUCU,EU visa-free,€,OECD,WTO,ICPO,ESA,PfP,ICC,VWP
 Italy,"35,990","1,740",UN,CoE,OSCE,EU,EEA,EUCU,Schengen,€,OECD,WTO,ICPO,ESA,NATO,ICC,VWP
 Kazakhstan,"8,720",465,UN,appl,OSCE,CIS,EAEU,EACU,CIS visa-free,KZT,,obs,ICPO,KazCosmos,CSTO,,12.2
 Kosovo,"4,970",416,,,,,,,,€,,,,,,,29.0
 Latvia,"19,370","1,002",UN,CoE,OSCE,EU,EEA,EUCU,Schengen,€,OECD,WTO,ICPO,ECS,NATO,ICC,VWP
 Liechtenstein,n/d,n/d,UN,CoE,OSCE,,EEA,,Schengen,CHF,,WTO,ICPO,,,ICC,VWP
 Lithuania,"21,610","1,184",UN,CoE,OSCE,EU,EEA,EUCU,Schengen,€,OECD,WTO,ICPO,CA,NATO,ICC,VWP
 Luxembourg,"88,190","3,699",UN,CoE,OSCE,EU,EEA,EUCU,Schengen,€,OECD,WTO,ICPO,ESA,NATO,ICC,VWP
 Malta,"30,560","1,335",UN,CoE,OSCE,EU,EEA,EUCU,Schengen,€,Applicant,WTO,ICPO,CA,PfP,ICC,VWP
 Moldova,"5,460",443,UN,CoE,OSCE,CIS / Candidate,,,EU visa-free / CIS visa-free,MDL,GUAM,WTO,ICPO,,PfP,ICC,41.3
 Monaco,n/d,n/d,UN,CoE,OSCE,,,EUCU,Schengen 2,€,,,ICPO,,,sign,VWP
 Montenegro,"9,300",720,UN,CoE,OSCE,Candidate,,,EU visa-free,€,,WTO,ICPO,,NATO,ICC,27.5
 Netherlands,"56,370","2,834",UN,CoE,OSCE,EU,EEA,EUCU,Schengen,€,OECD,WTO,ICPO,ESA,NATO,ICC,VWP
 North Macedonia,"6,130",517,UN,CoE,OSCE,Candidate,,,EU visa-free,MKD,,WTO,ICPO,,NATO,ICC,21.5
 Norway,"83,880","3,595",UN,CoE,OSCE,,EEA,,Schengen,NOK,OECD,WTO,ICPO,ESA,NATO,ICC,VWP
 Portugal,"23,890","1,212",UN,CoE,OSCE,EU,EEA,EUCU,Schengen,€,OECD,WTO,ICPO,ESA,NATO,ICC,VWP
 Russia,"11,600",693,UN,,OSCE,CIS,EAEU,EACU,CIS visa-free,₽,,WTO,ICPO,RSA,CSTO,sign,4.9
 San Marino,n/d,n/d,UN,CoE,OSCE,,,EUCU,Schengen 2,€,,,ICPO,,,ICC,VWP
 Serbia,"8,440",665,UN,CoE,OSCE,Candidate,,,EU visa-free,RSD,,obs,ICPO,,PfP,ICC,11.0
 Slovakia,"20,250","1,067",UN,CoE,OSCE,EU,EEA,EUCU,Schengen,€,OECD,WTO,ICPO,CA,NATO,ICC,VWP
 Slovenia,"28,280","1,480",UN,CoE,OSCE,EU,EEA,EUCU,Schengen,€,OECD,WTO,ICPO,ECS,NATO,ICC,VWP
 Spain,"29,690","1,868",UN,CoE,OSCE,EU,EEA,EUCU,Schengen,€,OECD,WTO,ICPO,ESA,NATO,ICC,VWP
 Switzerland,"90,360","5,269",UN,CoE,OSCE,,bilat 3,,Schengen,CHF,OECD,WTO,ICPO,ESA,PfP,ICC,VWP
 Turkey,"9,830",362,UN,CoE,OSCE,suspended,,EUCU,,TRY,OECD,WTO,ICPO,CA,NATO,,9.0
 Ukraine,"4,120",305,UN,CoE,OSCE,Candidate,,,EU visa-free,UAH,GUAM / Applicant,WTO,ICPO,CA,PfP,sign,30.9
 United Kingdom,"45,380","2,786",UN,CoE,OSCE,,,,EU visa-free,£,OECD,WTO,ICPO,ESA,NATO,ICC,VWP
  Vatican City,n/d,n/d,obs,obs,OSCE,,,,Schengen 2,€,,obs,ICPO,,,,7.1
