0,1,2,3
Governor General's Award for English language fiction,2000,Margaret Atwood,The Blind Assassin
Governor General's Award for English language fiction,2000,Austin Clarke,The Question
Governor General's Award for English language fiction,2000,David Adams Richards,Mercy Among the Children
Governor General's Award for English language fiction,2000,Eden Robinson,Monkey Beach
Governor General's Award for English language fiction,2001,Yann Martel,Life of Pi
Governor General's Award for English language fiction,2001,Tessa McWatt,Dragons Cry
Governor General's Award for English language fiction,2001,Jane Urquhart,The Stone Carvers
Governor General's Award for English language fiction,2001,Thomas Wharton,Salamander
Governor General's Award for English language fiction,2002,Gloria Sawai,A Song for Nettie Johnson
Governor General's Award for English language fiction,2002,David Bergen,The Case of Lena S.
Governor General's Award for English language fiction,2002,Ann Ireland,Exile
Governor General's Award for English language fiction,2002,Wayne Johnston,The Navigator of New York
Governor General's Award for English language fiction,2002,Carol Shields,Unless
Governor General's Award for English language fiction,2003,Douglas Glover,Elle
Governor General's Award for English language fiction,2003,Margaret Atwood,Oryx and Crake
Governor General's Award for English language fiction,2003,Elizabeth Hay,Garbo Laughs
Governor General's Award for English language fiction,2003,Jean McNeil,Private View
Governor General's Award for English language fiction,2003,Edeet Ravel,Ten Thousand Lovers
Governor General's Award for English language fiction,2004,David Bezmozgis,Natasha and Other Stories
Governor General's Award for English language fiction,2004,Trevor Cole,"Norman Bray, In the Performance of His Life"
Governor General's Award for English language fiction,2004,Colin McAdam,Some Great Thing
Governor General's Award for English language fiction,2004,Alice Munro,Runaway
Governor General's Award for English language fiction,2005,Joseph Boyden,Three Day Road
Governor General's Award for English language fiction,2005,Golda Fried,Nellcott Is My Darling
Governor General's Award for English language fiction,2005,Charlotte Gill,Ladykiller
Governor General's Award for English language fiction,2005,Kathy Page,Alphabet
Governor General's Award for English language fiction,2006,Trevor Cole,The Fearsome Particles
Governor General's Award for English language fiction,2006,Bill Gaston,Gargoyles
Governor General's Award for English language fiction,2006,Paul Glennon,"The Dodecahedron, or A Frame for Frames"
Governor General's Award for English language fiction,2006,Rawi Hage,De Niro's Game
Governor General's Award for English language fiction,2007,David Chariandy,Soucouyant
Governor General's Award for English language fiction,2007,Barbara Gowdy,Helpless
Governor General's Award for English language fiction,2007,Heather O'Neill,Lullabies for Little Criminals
Governor General's Award for English language fiction,2007,M. G. Vassanji,The Assassin's Song
Governor General's Award for English language fiction,2008,Nino Ricci,The Origin of Species
Governor General's Award for English language fiction,2008,Rivka Galchen,Atmospheric Disturbances
Governor General's Award for English language fiction,2008,Rawi Hage,Cockroach
Governor General's Award for English language fiction,2008,David Adams Richards,The Lost Highway
Governor General's Award for English language fiction,2008,Fred Stenson,The Great Karoo
Governor General's Award for English language fiction,2009,Kate Pullinger,The Mistress of Nothing
Governor General's Award for English language fiction,2009,Michael Crummey,Galore
Governor General's Award for English language fiction,2009,Annabel Lyon,The Golden Mean
Governor General's Award for English language fiction,2009,Alice Munro,Too Much Happiness
Governor General's Award for English language fiction,2009,Deborah Willis,Vanishing and Other Stories
