0,1,2,3,4,5
DreamGirls (film),Academy Awards,2007,Best Original Song,"""Listen"" (Henry Krieger, Scott Cutler, Anne Preven)",Nominated
DreamGirls (film),Academy Awards,2007,Best Original Song,"""Love You I Do"" (Henry Krieger, Siedah Garrett)",Nominated
DreamGirls (film),Academy Awards,2007,Best Original Song,"""Patience"" (Henry Krieger, Willie Reale)",Nominated
DreamGirls (film),African-American Film Critics Association Awards,2006,Best Picture,,Won
DreamGirls (film),African-American Film Critics Association Awards,2006,Best Supporting Actor,Eddie Murphy,Won
DreamGirls (film),African-American Film Critics Association Awards,2006,Best Supporting Actress,Jennifer Hudson,Won
DreamGirls (film),African-American Film Critics Association Awards,2006,Best Director,Bill Condon,Won
DreamGirls (film),American Cinema Editors Awards,2007,Best Edited Comedy or Musical Feature,Virginia Katz,Won
DreamGirls (film),Art Directors Guild Awards,2006,Best Art Direction — Period Film,John Myhre,Nominated
DreamGirls (film),American Film Institute Awards,2006,Top Ten Movies of the Year,,Won
DreamGirls (film),Asian Excellence Awards,2006,Best Supporting Film Actress,Sharon Leal,Nominated
DreamGirls (film),Austin Film Critics Awards,2006,Breakthrough Artist,Jennifer Hudson,Won
DreamGirls (film),British Academy Film Awards,2007,Best Actress in a Supporting Role,Jennifer Hudson,Won
DreamGirls (film),British Academy Film Awards,2007,Best Film Music,Henry Krieger,Nominated
DreamGirls (film),BET Awards,2007,BET Award for Best Actor,Eddie Murphy,Nominated
DreamGirls (film),BET Awards,2007,BET Award for Best Actor,Jamie Foxx,Nominated
DreamGirls (film),BET Awards,2007,BET Award for Best Actress,Jennifer Hudson,Won
DreamGirls (film),Black Reel Awards,2006,Best Film,,Won
DreamGirls (film),Black Reel Awards,2006,Best Actor,Jamie Foxx,Nominated
DreamGirls (film),Black Reel Awards,2006,Best Actress,Beyoncé Knowles,Nominated
DreamGirls (film),Black Reel Awards,2006,Best Supporting Actor,Eddie Murphy,Nominated
DreamGirls (film),Black Reel Awards,2006,Best Supporting Actress,Jennifer Hudson,Won
DreamGirls (film),Black Reel Awards,2006,Best Breakthrough Performance,Jennifer Hudson,Won
DreamGirls (film),Black Reel Awards,2006,Best Original Score,"Harvey Mason, Jr. Damon Thomas",Won
DreamGirls (film),Black Reel Awards,2006,Best Original Soundtrack,Henry Krieger,Won
DreamGirls (film),Black Reel Awards,2006,Best Original Song,"""And I Am Telling You I'm Not Going"" (performed by Jennifer Hudson)",Won
DreamGirls (film),Black Reel Awards,2006,Best Original Song,"""Listen"" (performed by Beyoncé Knowles)",Nominated
DreamGirls (film),Black Reel Awards,2006,Best Original Song,"""One Night Only"" (performed by Jennifer Hudson)",Nominated
DreamGirls (film),Broadcast Film Critics Association,2007,Best Picture,,Nominated
DreamGirls (film),Broadcast Film Critics Association,2007,Best Supporting Actor,Eddie Murphy,Won
DreamGirls (film),Broadcast Film Critics Association,2007,Best Supporting Actress,Jennifer Hudson,Won
DreamGirls (film),Broadcast Film Critics Association,2007,Best Acting Ensemble,,Nominated
DreamGirls (film),Broadcast Film Critics Association,2007,Best Director,Bill Condon,Nominated
DreamGirls (film),Broadcast Film Critics Association,2007,Best Original Song,"""Listen"" (Henry Krieger, Anne Preven, Scott Cutler, Beyoncé)",Won
DreamGirls (film),Broadcast Film Critics Association,2007,Best Original Soundtrack,,Won
DreamGirls (film),Chicago Film Critics Circle,2006,Best Supporting Actor,Eddie Murphy,Nominated
DreamGirls (film),Chicago Film Critics Circle,2006,Best Supporting Actress,Jennifer Hudson,Nominated
DreamGirls (film),Costume Designers Guild Awards,2006,Best Costumes in a Period Film,Sharen Davis,Nominated
DreamGirls (film),Dallas-Fort Worth Film Critics Association Awards,2006,Best Picture,,Nominated
DreamGirls (film),Directors Guild of America,2006,Best Director,Bill Condon,Nominated
DreamGirls (film),Golden Globe Awards,2007,Best Motion Picture – Musical or Comedy,,Won
DreamGirls (film),Golden Globe Awards,2007,Best Actress – Motion Picture Musical or Comedy,Beyoncé Knowles,Nominated
DreamGirls (film),Golden Globe Awards,2007,Best Supporting Actor – Motion Picture,Eddie Murphy,Won
DreamGirls (film),Golden Globe Awards,2007,Best Supporting Actress – Motion Picture,Jennifer Hudson,Won
DreamGirls (film),Golden Globe Awards,2007,Best Original Song,"""Listen"" (Henry Krieger, Anne Preven, Scott Cutler, Beyoncé)",Nominated
DreamGirls (film),Grammy Awards,2008,Best Compilation Soundtrack Album for a Motion Picture or Television,,Nominated
DreamGirls (film),Grammy Awards,2008,Best Song Written for a Motion Picture or Television,"""Love You I Do"" (Henry Krieger, Siedah Garrett)",Won
DreamGirls (film),Los Angeles Film Critics Association Awards,2006,Best Supporting Actress (Runner-up),Jennifer Hudson,Won
DreamGirls (film),Las Vegas Film Critics Circle,2006,Best Picture,,Nominated
DreamGirls (film),Las Vegas Film Critics Circle,2006,Best Supporting Actress,Jennifer Hudson,Won
DreamGirls (film),MTV Movie Awards,2007,Best Performance,Jennifer Hudson,Nominated
DreamGirls (film),MTV Movie Awards,2007,Best Performance,Beyoncé Knowles,Nominated
DreamGirls (film),NAACP Image Awards,2007,Outstanding Motion Picture,,Nominated
DreamGirls (film),NAACP Image Awards,2007,Outstanding Actor in a Motion Picture,Jamie Foxx,Nominated
DreamGirls (film),NAACP Image Awards,2007,Outstanding Actress in a Motion Picture,Beyoncé Knowles,Nominated
DreamGirls (film),NAACP Image Awards,2007,Outstanding Supporting Actor in a Motion Picture,Danny Glover,Nominated
DreamGirls (film),NAACP Image Awards,2007,Outstanding Supporting Actor in a Motion Picture,Eddie Murphy,Nominated
DreamGirls (film),NAACP Image Awards,2007,Outstanding Supporting Actress in a Motion Picture,Jennifer Hudson,Won
DreamGirls (film),NAACP Image Awards,2007,Outstanding Supporting Actress in a Motion Picture,Anika Noni Rose,Nominated
DreamGirls (film),NAACP Image Awards,2007,Outstanding Album,,Won
DreamGirls (film),National Board of Review of Motion Pictures,2006,Breakthrough Performance by an Actress,Jennifer Hudson,Won
DreamGirls (film),National Society of Film Critics Awards,2006,Best Supporting Actress,Jennifer Hudson,Won
DreamGirls (film),New York Film Critics Online Awards,2006,Best Breakthrough Performance,Jennifer Hudson,Won
DreamGirls (film),New York Film Critics Online Awards,2006,Best Supporting Actress,Jennifer Hudson,Won
DreamGirls (film),New York Film Critics Circle,2006,Best Supporting Actor,Eddie Murphy,Runner-up
DreamGirls (film),New York Film Critics Circle,2006,Best Supporting Actress,Jennifer Hudson,Won
DreamGirls (film),Oklahoma Film Critics Circle Awards,2006,Breakout Performance,Jennifer Hudson,Won
DreamGirls (film),Online Film Critics Society Awards,2007,Best Supporting Actor,Eddie Murphy,Nominated
DreamGirls (film),Online Film Critics Society Awards,2007,Breakthrough Performance,Jennifer Hudson,Nominated
DreamGirls (film),Online Film Critics Society Awards,2007,Best Supporting Actress,Jennifer Hudson,Nominated
DreamGirls (film),Phoenix Film Critics Circle,2006,Best Use of Music,,Won
DreamGirls (film),Phoenix Film Critics Circle,2006,Breakout Performance of the Year — On Screen,Jennifer Hudson,Won
DreamGirls (film),Producers Guild of America Awards,2006,Best Theatrical Motion Picture,Laurence Mark,Nominated
DreamGirls (film),Satellite Awards,2006,Best Film – Musical or Comedy,,Won
DreamGirls (film),Satellite Awards,2006,Best Director,Bill Condon,Won
DreamGirls (film),Satellite Awards,2006,Best Actress – Motion Picture Musical or Comedy,Beyoncé Knowles,Nominated
DreamGirls (film),Satellite Awards,2006,Best Supporting Actress – Motion Picture,Jennifer Hudson,Won
DreamGirls (film),Satellite Awards,2006,Best Adapted Screenplay,Bill Condon,Nominated
DreamGirls (film),Satellite Awards,2006,Best Original Song,"""Love You I Do"" (Henry Krieger, Siedah Garrett)",Nominated
DreamGirls (film),Satellite Awards,2006,Best Original Song,"""Listen"" (Henry Krieger, Anne Preven, Scott Cutler, Beyoncé Knowles)",Nominated
DreamGirls (film),Satellite Awards,2006,Best Editing,Virginia Katz,Nominated
DreamGirls (film),Satellite Awards,2006,Best Sound (Editing and Mixing),Willie Burton  Michael Minkler  Bob Beemer  Richard E. Yawn,Won
DreamGirls (film),Satellite Awards,2006,Best Art Direction and Production Design,John Myhre  Tomas Voth  Nancy Haigh,Nominated
DreamGirls (film),Satellite Awards,2006,Best Costume Design,Sharen Davis,Nominated
DreamGirls (film),Screen Actors Guild Awards,2006,Outstanding Performance by a Cast in a Motion Picture,"Hinton Battle, Jamie Foxx, Danny Glover, Jennifer Hudson, Beyoncé Knowles, Sharon Leal, Eddie Murphy, Keith Robinson, Anika Noni Rose",Nominated
DreamGirls (film),Screen Actors Guild Awards,2006,Outstanding Performance by a Female Actor in a Supporting Role,Jennifer Hudson,Won
DreamGirls (film),Screen Actors Guild Awards,2006,Outstanding Performance by a Male Actor in a Supporting Role,Eddie Murphy,Won
DreamGirls (film),Southeastern Film Critics Association Awards,2006,Best Supporting Actress,Jennifer Hudson,Won
DreamGirls (film),Toronto Film Critics Circle,2006,Best Supporting Actress,Jennifer Hudson,Nominated
DreamGirls (film),Washington D.C. Area Film Critics Association Awards,2006,Best Supporting Actress,Jennifer Hudson,Won
DreamGirls (film),Women Film Critics Circle,2006,Best Music,,Won
