0,1,2,3
Academy award for best cinematography,2011(84th),War Horse,Janusz Kamiński
Academy award for best cinematography,2012(85th),Lincoln,Janusz Kamiński
Academy award for best cinematography,2015(88th),Mad Max: Fury Road,John Seale
Academy award for best cinematography,2017(90th),Blade Runner 2049,Roger Deakins
Academy award for best cinematography,2017(90th),Darkest Hour,Bruno Delbonnel
Academy award for best cinematography,2017(90th),Dunkirk,Hoyte van Hoytema
Academy award for best cinematography,2017(90th),Mudbound,Rachel Morrison
Academy award for best cinematography,2017(90th),The Shape of Water,Dan Laustsen
Academy award for best cinematography,2018(91st),Roma,Alfonso Cuarón
Academy award for best cinematography,2018(91st),Cold War,Łukasz Żal
Academy award for best cinematography,2018(91st),The Favourite,Robbie Ryan
Academy award for best cinematography,2018(91st),Never Look Away,Caleb Deschanel
Academy award for best cinematography,2018(91st),A Star Is Born,Matthew Libatique
Academy award for best cinematography,2019(92nd),1917,Roger Deakins
Academy award for best cinematography,2019(92nd),The Irishman,Rodrigo Prieto
Academy award for best cinematography,2019(92nd),Joker,Lawrence Sher
Academy award for best cinematography,2019(92nd),The Lighthouse,Jarin Blaschke
Academy award for best cinematography,2019(92nd),Once Upon a Time in Hollywood,Robert Richardson
