0,1,2,3
Magic Johnson*,Guard, United States,Los Angeles Lakers
Michael Jordan*,Guard, United States,Chicago Bulls
Charles Barkley*,Forward, United States,Philadelphia 76ers
Charles Barkley* (2),Forward, United States,Philadelphia 76ers (2)
Charles Barkley* (3),Forward, United States,Philadelphia 76ers (3)
Michael Jordan* (2),Guard, United States,Chicago Bulls (2)
Dennis Rodman*,Forward, United States,Detroit Pistons
Grant Hill*,Forward, United States,Detroit Pistons (2)
Karl Malone*,Forward, United States,Utah Jazz
Tim Duncan* a e ,Forward-Center, United States,San Antonio Spurs (6)
