0,1,2,3,4,5
All the President's Men (film),Academy Awards,Best Picture,Walter Coblenz,Nominated,  
All the President's Men (film),American Cinema Editors Awards,Best Edited Feature Film,Robert L. Wolfe,Nominated,
All the President's Men (film),British Academy Film Awards,Best Film,Best Film,Nominated,
All the President's Men (film),British Academy Film Awards,Best Direction,Alan J. Pakula,Nominated,
All the President's Men (film),British Academy Film Awards,Best Actor in a Leading Role,Dustin Hoffman,Nominated,
All the President's Men (film),British Academy Film Awards,Best Actor in a Supporting Role,Martin Balsam,Nominated,
All the President's Men (film),British Academy Film Awards,Best Actor in a Supporting Role,Jason Robards,Nominated,
All the President's Men (film),British Academy Film Awards,Best Screenplay,William Goldman,Nominated,
All the President's Men (film),British Academy Film Awards,Best Cinematography,Gordon Willis,Nominated,
All the President's Men (film),British Academy Film Awards,Best Editing,Robert L. Wolfe,Nominated,
All the President's Men (film),British Academy Film Awards,Best Production Design/Art Direction,George C. Jenkins,Nominated,
All the President's Men (film),British Academy Film Awards,Best Sound Track,"Milton Burrow, Jim Webb, Les Fresholtz, Arthur Piantadosi, and Dick Alexander",Nominated,
All the President's Men (film),Directors Guild of America Awards,Outstanding Directorial Achievement in Motion Pictures,Alan J. Pakula,Nominated,
All the President's Men (film),Golden Globe Awards,Best Motion Picture – Drama,Best Motion Picture – Drama,Nominated,
All the President's Men (film),Golden Globe Awards,Best Supporting Actor – Motion Picture,Jason Robards,Nominated,
All the President's Men (film),Golden Globe Awards,Best Director – Motion Picture,Alan J. Pakula,Nominated,
All the President's Men (film),Golden Globe Awards,Best Screenplay – Motion Picture,William Goldman,Nominated,
All the President's Men (film),Kansas City Film Critics Circle Awards,Best Supporting Actor,Jason Robards,Won,
All the President's Men (film),National Board of Review Awards,Top Ten Films,Top Ten Films,Won,
All the President's Men (film),National Board of Review Awards,Best Film,Best Film,Won,
All the President's Men (film),National Board of Review Awards,Best Director,Alan J. Pakula,Won,
All the President's Men (film),National Board of Review Awards,Best Supporting Actor,Jason Robards,Won,
All the President's Men (film),National Film Preservation Board,National Film Registry,National Film Registry,Inducted,
All the President's Men (film),National Society of Film Critics Awards,Best Film,Best Film,Won,
All the President's Men (film),National Society of Film Critics Awards,Best Director,Alan J. Pakula,2nd Place,
All the President's Men (film),National Society of Film Critics Awards,Best Supporting Actor,Jason Robards,Won,
All the President's Men (film),New York Film Critics Circle Awards,Best Film,Best Film,Won,
All the President's Men (film),New York Film Critics Circle Awards,Best Director,Alan J. Pakula,Won,
All the President's Men (film),New York Film Critics Circle Awards,Best Supporting Actor,Jason Robards,Won,
All the President's Men (film),Online Film & Television Association Awards,Hall of Fame – Motion Picture,Hall of Fame – Motion Picture,Inducted,
All the President's Men (film),Writers Guild of America Awards,Best Drama – Adapted from Another Medium,William Goldman,Won,
