0,1,2,3,4,5,6
Primetime Emmy Award for Outstanding Lead Actress in a Drama Series,1990(42nd),Jill Eikenberry,Ann Kelsey,L.A. Law,—,NBC
Primetime Emmy Award for Outstanding Lead Actress in a Drama Series,1990(42nd),Piper Laurie,Catherine Martell,Twin Peaks,—,ABC
Primetime Emmy Award for Outstanding Lead Actress in a Drama Series,1990(42nd),Angela Lansbury,Jessica Fletcher,"Murder, She Wrote",—,CBS
Primetime Emmy Award for Outstanding Lead Actress in a Drama Series,1991(43rd),Sharon Gless,Rosie O'Neill,The Trials of Rosie O'Neill,"""When I'm 44""",CBS
Primetime Emmy Award for Outstanding Lead Actress in a Drama Series,1991(43rd),Angela Lansbury,Jessica Fletcher,"Murder, She Wrote","""Thursday's Child""",CBS
Primetime Emmy Award for Outstanding Lead Actress in a Drama Series,1992(44th),Sharon Gless,Rosie O'Neill,The Trials of Rosie O'Neill,"""Heartbreak Hotel""",CBS
Primetime Emmy Award for Outstanding Lead Actress in a Drama Series,1992(44th),Angela Lansbury,Jessica Fletcher,"Murder, She Wrote","""Night Fears""",CBS
Primetime Emmy Award for Outstanding Lead Actress in a Drama Series,1992(44th),Shirley Knight §,Melanie Currants,Law & Order,"""The Wages of Love""",NBC
Primetime Emmy Award for Outstanding Lead Actress in a Drama Series,1992(44th),Regina Taylor,Lilly Harper,I'll Fly Away,"""Coming Home""",NBC
Primetime Emmy Award for Outstanding Lead Actress in a Drama Series,1992(44th),Kate Nelligan §,Sydney Carver,Road to Avonlea,"""After the Honeymoon""",Disney Channel
Primetime Emmy Award for Outstanding Lead Actress in a Drama Series,1993(45th),Swoosie Kurtz,Alex Reed,Sisters,"""Mirror, Mirror""",NBC
Primetime Emmy Award for Outstanding Lead Actress in a Drama Series,1993(45th),Regina Taylor,Lilly Harper,I'll Fly Away,"""Comfort and Joy""",NBC
Primetime Emmy Award for Outstanding Lead Actress in a Drama Series,1993(45th),Angela Lansbury,Jessica Fletcher,"Murder, She Wrote","""Night of the Coyote""",CBS
Primetime Emmy Award for Outstanding Lead Actress in a Drama Series,1993(45th),Janine Turner,Maggie O'Connell,Northern Exposure,"""Love's Labour Mislaid""",CBS
Primetime Emmy Award for Outstanding Lead Actress in a Drama Series,1994(46th),Angela Lansbury,Jessica Fletcher,"Murder, She Wrote","""A Killing in Cork""",CBS
Primetime Emmy Award for Outstanding Lead Actress in a Drama Series,1994(46th),Jane Seymour,Michaela Quinn,"Dr. Quinn, Medicine Woman","""Best Friends""",CBS
Primetime Emmy Award for Outstanding Lead Actress in a Drama Series,1994(46th),Swoosie Kurtz,Alex Reed,Sisters,"""Protective Measures""",NBC
Primetime Emmy Award for Outstanding Lead Actress in a Drama Series,1995(47th),Claire Danes,Angela Chase,My So-Called Life,"""Pilot""",ABC
Primetime Emmy Award for Outstanding Lead Actress in a Drama Series,1995(47th),Angela Lansbury,Jessica Fletcher,"Murder, She Wrote","""Dear Deadly""",CBS
Primetime Emmy Award for Outstanding Lead Actress in a Drama Series,1995(47th),Sherry Stringfield,Susan Lewis,ER,"""Motherhood""",NBC
Primetime Emmy Award for Outstanding Lead Actress in a Drama Series,1995(47th),Cicely Tyson,Carrie Grace Battle,Sweet Justice,"""In the Name of the Sun""",NBC
Primetime Emmy Award for Outstanding Lead Actress in a Drama Series,1996(48th),Angela Lansbury,Jessica Fletcher,"Murder, She Wrote","""Death by Demographics""",CBS
Primetime Emmy Award for Outstanding Lead Actress in a Drama Series,1996(48th),Sherry Stringfield,Susan Lewis,ER,"""Take These Broken Wings""",NBC
Primetime Emmy Award for Outstanding Lead Actress in a Drama Series,1997(49th),Roma Downey,Monica,Touched by an Angel,"""Missing in Action""",CBS
Primetime Emmy Award for Outstanding Lead Actress in a Drama Series,1997(49th),Julianna Margulies,Carol Hathaway,ER,"""The Long Way Around""",NBC
Primetime Emmy Award for Outstanding Lead Actress in a Drama Series,1997(49th),Sherry Stringfield,Susan Lewis,ER,"""Fear of Flying""",NBC
Primetime Emmy Award for Outstanding Lead Actress in a Drama Series,1998(50th),Roma Downey,Monica,Touched by an Angel,"""The Spirit of Liberty Moon""",CBS
Primetime Emmy Award for Outstanding Lead Actress in a Drama Series,1998(50th),Julianna Margulies,Carol Hathaway,ER,"""Carter's Choice""",NBC
Primetime Emmy Award for Outstanding Lead Actress in a Drama Series,1998(50th),Jane Seymour,Michaela Quinn,"Dr. Quinn, Medicine Woman","""Point Blank""",CBS
Primetime Emmy Award for Outstanding Lead Actress in a Drama Series,1999(51st),Lorraine Bracco,Jennifer Melfi,The Sopranos,"""The Legend of Tennessee Moltisanti""",HBO
Primetime Emmy Award for Outstanding Lead Actress in a Drama Series,1999(51st),Julianna Margulies,Carol Hathaway,ER,"""The Storm (Part II)""",NBC
