0,1,2,3,4,5
Directors Guild of America Award for Outstanding Directing - Drama Series,1971(24th),Birdbath,–,Lamont Johnson,PBS
Directors Guild of America Award for Outstanding Directing - Drama Series,1971(24th),Samuel Beckett's Beginning to End,–,Lewis Freedman,PBS
Directors Guild of America Award for Outstanding Directing - Drama Series,1972(25th),Hawaii Five-O,"""V for Fashion""",Charles S. Dubin,CBS
Directors Guild of America Award for Outstanding Directing - Drama Series,1972(25th),"Marcus Welby, M.D.","""Love is When They Say They Need You""",Marc Daniels,ABC
Directors Guild of America Award for Outstanding Directing - Drama Series,1973(26th),Kung Fu,"""Eye for an Eye""",Jerry Thorpe,ABC
Directors Guild of America Award for Outstanding Directing - Drama Series,1973(26th),The Waltons,"""The Journey""",Harry Harris,CBS
Directors Guild of America Award for Outstanding Directing - Drama Series,1974(27th),Kojak,"""Cross Your Heart, Hope to Die""",David Friedkin,CBS
Directors Guild of America Award for Outstanding Directing - Drama Series,1974(27th),The Streets of San Francisco,"""Cry Help""",Corey Allen,ABC
Directors Guild of America Award for Outstanding Directing - Drama Series,1974(27th),The Streets of San Francisco,"""Mask of Death""",Harry Falk,ABC
Directors Guild of America Award for Outstanding Directing - Drama Series,1975(28th),Jennie: Lady Randolph Churchill,,James Cellan Jones,PBS
Directors Guild of America Award for Outstanding Directing - Drama Series,1975(28th),Carl Sandburg's Lincoln,,George Schaefer,NBC
Directors Guild of America Award for Outstanding Directing - Drama Series,1975(28th),Kojak,"""How Cruel The Frost, How Bright The Stars""",David Friedkin,CBS
Directors Guild of America Award for Outstanding Directing - Drama Series,1976(29th),The Adams Chronicles,"""Chapter III: John Adams, Diplomat""",James Cellan Jones,PBS
Directors Guild of America Award for Outstanding Directing - Drama Series,1976(29th),"Rich Man, Poor Man Book II","""Chapter III""",Bill Bixby,ABC
Directors Guild of America Award for Outstanding Directing - Drama Series,1977(30th),Family,"""Acts of Love: Part 1"" & ""Acts of Love: Part 2""",E. W. Swackhamer,ABC
Directors Guild of America Award for Outstanding Directing - Drama Series,1977(30th),James at 15,"""Friends""",Joseph Hardy,NBC
Directors Guild of America Award for Outstanding Directing - Drama Series,1978(31st),Laurence Olivier Presents,"""The Collection""",Michael Apted,PBS
Directors Guild of America Award for Outstanding Directing - Drama Series,1978(31st),The Paper Chase,"""Pilot""",Joseph Hardy,CBS
Directors Guild of America Award for Outstanding Directing - Drama Series,1979(32nd),Lou Grant,"""Bomb""",Gene Reynolds,CBS
Directors Guild of America Award for Outstanding Directing - Drama Series,1979(32nd),The White Shadow,"""Pregnant Pause""",Jackie Cooper,CBS
