0,1,2,3
Academy of Canadian Cinema and Television Award for Best Performance by an Actress in a Continuing Leading Dramatic Role,1986  1st Gemini Awards,Jennifer Dale,Night Heat
Academy of Canadian Cinema and Television Award for Best Performance by an Actress in a Continuing Leading Dramatic Role,1986  1st Gemini Awards,Susan Walden,Danger Bay
Academy of Canadian Cinema and Television Award for Best Performance by an Actress in a Continuing Leading Dramatic Role,1987  2nd Gemini Awards,Nicole Stoffman,Degrassi Junior High
Academy of Canadian Cinema and Television Award for Best Performance by an Actress in a Continuing Leading Dramatic Role,1987  2nd Gemini Awards,Amber-Lea Weston,The Campbells
Academy of Canadian Cinema and Television Award for Best Performance by an Actress in a Continuing Leading Dramatic Role,1988  3rd Gemini Awards,Ocean Hellman,Danger Bay
Academy of Canadian Cinema and Television Award for Best Performance by an Actress in a Continuing Leading Dramatic Role,1988  3rd Gemini Awards,Sarah Polley,Ramona
Academy of Canadian Cinema and Television Award for Best Performance by an Actress in a Continuing Leading Dramatic Role,1988  3rd Gemini Awards,Jessica Steen,Captain Power and the Soldiers of the Future
Academy of Canadian Cinema and Television Award for Best Performance by an Actress in a Continuing Leading Dramatic Role,1989  4th Gemini Awards,Alex Amini,T. and T.
Academy of Canadian Cinema and Television Award for Best Performance by an Actress in a Continuing Leading Dramatic Role,1989  4th Gemini Awards,Janet-Laine Green,The Beachcombers
Academy of Canadian Cinema and Television Award for Best Performance by an Actress in a Continuing Leading Dramatic Role,1989  4th Gemini Awards,Joanne Vannicola,9B
