0,1,2,3
Zee Cine Award for Best Actor – Female,Aishwarya Rai Bachchan,Mansi Shankar,Taal
Zee Cine Award for Best Actor – Female,Kajol,Nandita Rai,Dil Kya Kare
Zee Cine Award for Best Actor – Female,Kajol,Megha,Hum Aapke Dil Mein Rehte Hain
Zee Cine Award for Best Actor – Female,Karisma Kapoor,Pooja Mehra (née Makhija),Biwi No.1
Zee Cine Award for Best Actor – Female,Aishwarya Rai Bachchan,Preeti Vyas,Hamara Dil Aapke Paas Hai
Zee Cine Award for Best Actor – Female,Karisma Kapoor,Fiza Ikramullah,Fiza
Zee Cine Award for Best Actor – Female,Madhuri Dixit,Anjali,Pukar
Zee Cine Award for Best Actor – Female,Preity Zinta,Priya Bakshi,Kya Kehna
Zee Cine Award for Best Actor – Female,Ameesha Patel,"Sakeena ""Sakku"" Tara Singh (née Ali)",Gadar: Ek Prem Katha
Zee Cine Award for Best Actor – Female,Kajol,Anjali Sharma Raichand,Kabhi Khushi Kabhie Gham...
Zee Cine Award for Best Actor – Female,Karisma Kapoor,Zubeidaa Suleiman Seth / Zubeidaa Mehboob Alam / Rani Meenakshi Devi,Zubeidaa
Zee Cine Award for Best Actor – Female,Nandita Das,Saanvri,Bawandar
Zee Cine Award for Best Actor – Female,Karisma Kapoor,Nandini,Shakti: The Power
Zee Cine Award for Best Actor – Female,Madhuri Dixit,Chandramukhi,Devdas
Zee Cine Award for Best Actor – Female,Rani Mukerji,Dr. Suhani Sehgal (née Sharma),Saathiya
Zee Cine Award for Best Actor – Female,Tabu,Rewa Singh,Filhaal...
Zee Cine Award for Best Actor – Female,Antara Mali,Chutki,Main Madhuri Dixit Banna Chahti Hoon
Zee Cine Award for Best Actor – Female,Hema Malini,Pooja Malhotra,Baghban
Zee Cine Award for Best Actor – Female,Preity Zinta,Naina Catherine Kapur,Kal Ho Naa Ho
Zee Cine Award for Best Actor – Female,Rani Mukerji,Priya Chopra Mathur,Chalte Chalte
Zee Cine Award for Best Actor – Female,Rani Mukerji ,Rhea Prakash,Hum Tum
Zee Cine Award for Best Actor – Female,Kareena Kapoor,Aaliya,Dev
Zee Cine Award for Best Actor – Female,Mallika Sherawat,Simran Sehgal,Murder
Zee Cine Award for Best Actor – Female,Preity Zinta,Zaara Hayaat Khan,Veer-Zaara
Zee Cine Award for Best Actor – Female,Shilpa Shetty,Tamanna Sahni,Phir Milenge
Zee Cine Award for Best Actor – Female,Urmila Matondkar,Sarika Vartak,Ek Hasina Thi
Zee Cine Award for Best Actor – Female,Konkona Sen Sharma,Madhavi Sharma,Page 3
Zee Cine Award for Best Actor – Female,Preity Zinta,"Ambar ""Amby"" Malhotra",Salaam Namaste
Zee Cine Award for Best Actor – Female,Rani Mukerji,"Vimmi ""Babli"" Saluja",Bunty Aur Babli
Zee Cine Award for Best Actor – Female,Urmila Matondkar,Trisha Chaudhary,Maine Gandhi Ko Nahin Mara
Zee Cine Award for Best Actor – Female,Vidya Balan,Lalita Roy,Parineeta
Zee Cine Award for Best Actor – Female,Aishwarya Rai Bachchan,Amiran (Umrao Jaan),Umrao Jaan
Zee Cine Award for Best Actor – Female,Ayesha Takia,Meera,Dor
Zee Cine Award for Best Actor – Female,Bipasha Basu,Nishigandha Dasgupta,Corporate
Zee Cine Award for Best Actor – Female,Kareena Kapoor,Dolly Mishra,Omkara
Zee Cine Award for Best Actor – Female,Rani Mukerji,Maya Talwar,Kabhi Alvida Naa Kehna
Zee Cine Award for Best Actor – Female,Aishwarya Rai Bachchan,"Sujata ""Suju"" Desai",Guru
Zee Cine Award for Best Actor – Female,Deepika Padukone,"Shantipriya aka Shanti & Sandhya ""Sandy"" Bansal",Om Shanti Om
Zee Cine Award for Best Actor – Female,Katrina Kaif,"Jasmeet ""Jazz"" Malhotra Singh",Namastey London
Zee Cine Award for Best Actor – Female,Tabu,Nina Verma,Cheeni Kum
Zee Cine Award for Best Actor – Female,Vidya Balan,Avni Chaturvedi / Manjulika,Bhool Bhulaiyaa
