0,1,2,3,4,5
Primetime Emmy Award for Outstanding Music and Lyrics,2000,Nickellennium,"""Up to You""",John Kimbrough (music & lyrics),Nickelodeon
Primetime Emmy Award for Outstanding Music and Lyrics,2000,The 14th Annual American Comedy Awards,"""My Bill Gates""","
Glen Roven & Bruce Vilanch (music & lyrics)
",ABC
Primetime Emmy Award for Outstanding Music and Lyrics,2000,AFI's 100 Years...100 Stars,"""Without You""","
Carole Bayer Sager (music)
Marvin Hamlisch (lyrics)
",CBS
Primetime Emmy Award for Outstanding Music and Lyrics,2000,"Family Guy(""Peter, Peter, Caviar Eater"")","""We Only Live to Kiss Your Ass""","
Ron Jones (music)
Chris Sheridan (lyrics)
",Fox
Primetime Emmy Award for Outstanding Music and Lyrics,2000,Freedom Song,"""Song of Freedom""",Carole King (music & lyrics),TNT
Primetime Emmy Award for Outstanding Music and Lyrics,2001,Yesterday's Children,"""A Dream That Only I Can Know""",Patrick Williams (music & lyrics),CBS
Primetime Emmy Award for Outstanding Music and Lyrics,2001,AFI Life Achievement Award: A Tribute to Barbra Streisand,"""On the Way to Becoming Me""","
Marvin Hamlisch (music)
Alan & Marilyn Bergman (lyrics)
",Fox
Primetime Emmy Award for Outstanding Music and Lyrics,2001,Dancing in September,"""Welcome Back (All My Soulmates)""","
Mark Sparks (music)
Sy Smith (lyrics)
",HBO
Primetime Emmy Award for Outstanding Music and Lyrics,2001,"Gary & Mike (""New York, New York"")","""Mole Folks Song""","
Greg O'Connor (music)
Fax Bahr, Howard Gewirtz & Adam Small (lyrics)
",UPN
Primetime Emmy Award for Outstanding Music and Lyrics,2001,Robert Klein: Child in His 50s,"""Colonoscopy""","
Robert Klein & Bob Stein (music & lyrics)
",HBO
Primetime Emmy Award for Outstanding Music and Lyrics,2002,The Carol Burnett Show: Show Stoppers,"""A Mackie Rag""","
Ken & Mitzie Welch (music & lyrics)",CBS
Primetime Emmy Award for Outstanding Music and Lyrics,2002,"The Fairly OddParents(""Christmas Every Day"")","""I Wish Every Day Could Be Christmas""","
Butch Hartman, Steve Marmel & Guy Moon (music & lyrics)
",Nickelodeon
Primetime Emmy Award for Outstanding Music and Lyrics,2002,"Judging Amy(""Beating the Bounds"")","""The Best Kind of Answer""",Peter Himmelman (music & lyrics),CBS
Primetime Emmy Award for Outstanding Music and Lyrics,2003,The Concert for World Children's Day,"""Aren't They All Our Children""","
David Foster (music)
Linda Thompson (lyrics)
",ABC
Primetime Emmy Award for Outstanding Music and Lyrics,2003,"The Fairly OddParents(""Love Struck!"")","""It's Great to Be a Guy""","
Guy Moon (music)
Butch Hartman & Steve Marmel (lyrics)
",Nickelodeon
Primetime Emmy Award for Outstanding Music and Lyrics,2003,"The Fairly OddParents(""Love Struck!"")","""What Girls Love""","
Moon (music)
Scott Fellows, Hartman & Marmel (lyrics)
",Nickelodeon
Primetime Emmy Award for Outstanding Music and Lyrics,2003,It's a Very Merry Muppet Christmas Movie,"""Everyone Matters""","
Desmond Child & Davitt Sigerson (music & lyrics)
",NBC
Primetime Emmy Award for Outstanding Music and Lyrics,2004,Until the Violence Stops,"""Because You Are Beautiful""","
Toni Childs, Eddy Free & David Ricketts (music)
Childs (lyrics)
",Lifetime
Primetime Emmy Award for Outstanding Music and Lyrics,2004,"The Fairly OddParents(""Abra-Catastrophe"")","""Wish Come True!""","
Guy Moon (music)
Butch Hartman & Steve Marmel (lyrics)
",Nickelodeon
Primetime Emmy Award for Outstanding Music and Lyrics,2004,"Futurama (""The Devil's Hands Are Idle Playthings"")","""I Want My Hands Back""",Ken Keeler (music & lyrics),Fox
Primetime Emmy Award for Outstanding Music and Lyrics,2004,Sesame Street Presents: The Street We Live On,"""The Street We Live On""","
Mike Renzi (music)
Lou Berger (lyrics)
",PBS
Primetime Emmy Award for Outstanding Music and Lyrics,2005,"Malcolm in the Middle (""Dewey's Opera"")","""The Marriage Bed""","
Charles Sydnor (music)
Eric Kaplan (lyrics)
",Fox
Primetime Emmy Award for Outstanding Music and Lyrics,2005,The Muppets' Wizard of Oz,"""I'm with You""","
Adam Cohen, Debra Frank, Michael Giacchino, Steve Hayes & Jeannie Lurie (music & lyrics)
",ABC
Primetime Emmy Award for Outstanding Music and Lyrics,2005,Terror at Home: Domestic Violence in America,"""The Tears of the Angels""",Michael Bolton (music & lyrics),Lifetime
Primetime Emmy Award for Outstanding Music and Lyrics,2006,Gideon's Daughter,"""Natasha's Song""","
Adrian Johnston (music)
Stephen Poliakoff (lyrics)
",BBC America
Primetime Emmy Award for Outstanding Music and Lyrics,2006,High School Musical,"""Breaking Free""",Jamie Houston (music & lyrics),Disney
Primetime Emmy Award for Outstanding Music and Lyrics,2006,High School Musical,"""Get'cha Head in the Game""","
Greg, Ray Cham & Drew Seeley (music & lyrics)
",Disney
Primetime Emmy Award for Outstanding Music and Lyrics,2006,Once Upon a Mattress,"""That Baby of Mine""","
Ken & Mitzie Welch (music & lyrics)
",ABC
Primetime Emmy Award for Outstanding Music and Lyrics,2007,"Scrubs  (""My Musical"")","""Everything Comes Down to Poo""","
Robert Lopez & Jeff Marx (music)
Debra Fordham, Lopez & Marx (lyrics)
",NBC
Primetime Emmy Award for Outstanding Music and Lyrics,2007,"Scrubs  (""My Musical"")","""Guy Love""","
Paul F. Perry (music)Fordham & Perry (lyrics)",NBC
Primetime Emmy Award for Outstanding Music and Lyrics,2008,"Flight of the Conchords (""Bret Gives Up the Dream"")","""Inner City Pressure""","
Flight of the Conchords (music)
James Bobin & Flight of the Conchords (lyrics)
",HBO
Primetime Emmy Award for Outstanding Music and Lyrics,2008,"Flight of the Conchords (""Sally"")","""The Most Beautiful Girl (In the Room)""","
Flight of the Conchords (music & lyrics)
",HBO
Primetime Emmy Award for Outstanding Music and Lyrics,2008,"Phineas and Ferb (""Dude, We're Gettin' the Band Back Together!"")","""I Ain't Got Rhythm""","
Danny Jacob (music)
Robert F. Hughes, Jeff ""Swampy"" Marsh, Martin Olson & Dan Povenmire (lyrics)
",Disney
Primetime Emmy Award for Outstanding Music and Lyrics,2009,The 81st Annual Academy Awards,"""Hugh Jackman Opening Number""","
John Kimbrough, William Ross & Rob Schrab (music)
Dan Harmon & Ben Schwartz (lyrics)
",ABC
Primetime Emmy Award for Outstanding Music and Lyrics,2009,A Colbert Christmas: The Greatest Gift of All!,"""There Are Much Worse Things to Believe In""","
Adam Schlesinger (music)
David Javerbaum (lyrics)
",Comedy Central
Primetime Emmy Award for Outstanding Music and Lyrics,2009,The 2008 ESPY Awards,"""I Love Sports""","
Katreese Barnes (music)
Alex Baze, Dave Drabik, Jonathan Drubner, Rachel Hamilton, Steve Higgins, Kevin Miller, Justin Timberlake (lyrics)
",ESPN
Primetime Emmy Award for Outstanding Music and Lyrics,2009,"Flight of the Conchords(""Unnatural Love"")","""Carol Brown""","
James Bobin & Flight of the Conchords (music & lyrics)
",HBO
Primetime Emmy Award for Outstanding Music and Lyrics,2009,A Muppets Christmas: Letters to Santa,"""I Wish I Could Be Santa Claus""",Paul Williams (music & lyrics),NBC
