0,1,2,3,4
Donau-Ries (electoral district),1949,Martin Loibl,CSU,36.2
Donau-Ries (electoral district),1953,Philipp Meyer,CSU,59.1
Donau-Ries (electoral district),1957,Philipp Meyer,CSU,69.2
Donau-Ries (electoral district),1961,Philipp Meyer,CSU,64.8
Donau-Ries (electoral district),1965,Karl Heinz Lemmrich,CSU,68.3
Donau-Ries (electoral district),1969,Karl Heinz Lemmrich,CSU,67.3
Donau-Ries (electoral district),1972,Karl Heinz Lemmrich,CSU,65.4
Donau-Ries (electoral district),1976,Karl Heinz Lemmrich,CSU,68.0
Donau-Ries (electoral district),1980,Karl Heinz Lemmrich,CSU,65.7
Donau-Ries (electoral district),1983,Karl Heinz Lemmrich,CSU,67.8
Donau-Ries (electoral district),1987,Karl Heinz Lemmrich,CSU,61.2
Donau-Ries (electoral district),1990,Hans Raidel,CSU,55.0
Donau-Ries (electoral district),1994,Hans Raidel,CSU,60.6
Donau-Ries (electoral district),1998,Hans Raidel,CSU,57.2
Donau-Ries (electoral district),2002,Hans Raidel,CSU,64.7
Donau-Ries (electoral district),2005,Hans Raidel,CSU,60.7
