0,1,2,3,4,5,6,7
Tohoku honsen,Higashi-Fukushima,東福島,278.8,●,Fukushima,Fukushima Prefecture,None
Tohoku honsen,Date,伊達,281.9,●,Date,Fukushima Prefecture,None
Tohoku honsen,Koori,桑折,285.9,●,Koori,Fukushima Prefecture,None
Tohoku honsen,Fujita,藤田,289.3,●,Kunimi,Fukushima Prefecture,None
Tohoku honsen,Kaida,貝田,294.9,|,Kunimi,Fukushima Prefecture,None
Tohoku honsen,Kosugō,越河,298.6,|,Shiroishi,Miyagi Prefecture,None
Tohoku honsen,Shiroishi,白石,306.8,●,Shiroishi,Miyagi Prefecture,None
Tohoku honsen,Higashi-Shiroishi,東白石,311.0,|,Shiroishi,Miyagi Prefecture,None
Tohoku honsen,Kita-Shirakawa,北白川,315.3,|,Shiroishi,Miyagi Prefecture,None
Tohoku honsen,Ōgawara,大河原,320.1,●,Ōgawara,Miyagi Prefecture,None
Tohoku honsen,Funaoka,船岡,323.1,●,Shibata,Miyagi Prefecture,None
Tohoku honsen,Iwanuma,岩沼,334.2,●,■ Jōban Line,Iwanuma,Miyagi Prefecture
Tohoku honsen,Tatekoshi,館腰,337.9,|,■ Jōban Line,Natori,Miyagi Prefecture
Tohoku honsen,Minami-Sendai,南仙台,344.1,●,■ Jōban Line,"Taihaku-ku, Sendai",Miyagi Prefecture
Tohoku honsen,Taishidō,太子堂,346.3,|,■ Jōban Line,"Taihaku-ku, Sendai",Miyagi Prefecture
Tohoku honsen,Nagamachi,長町,347.3,●,"
■ Jōban Line
■ Sendai Subway Namboku Line
","Taihaku-ku, Sendai",Miyagi Prefecture
