0,1,2,3,4,5,6
Primetime Emmy Award for Outstanding Lead Actress - Comedy Series,2010(62nd),Amy Poehler,Leslie Knope,Parks and Recreation,"""Telethon""",NBC
Primetime Emmy Award for Outstanding Lead Actress - Comedy Series,2010(62nd),Lea Michele,Rachel Berry,Glee,"""Sectionals""",Fox
Primetime Emmy Award for Outstanding Lead Actress - Comedy Series,2011(63rd),Melissa McCarthy,Molly Flynn,Mike & Molly,"""First Date""",CBS
Primetime Emmy Award for Outstanding Lead Actress - Comedy Series,2011(63rd),Laura Linney,Cathy Jamison,The Big C,"""Pilot""",Showtime
Primetime Emmy Award for Outstanding Lead Actress - Comedy Series,2011(63rd),Martha Plimpton,Virginia Chance,Raising Hope,"""Say Cheese""",Fox
Primetime Emmy Award for Outstanding Lead Actress - Comedy Series,2011(63rd),Amy Poehler,Leslie Knope,Parks and Recreation,"""Flu Season""",NBC
Primetime Emmy Award for Outstanding Lead Actress - Comedy Series,2012(64th),Zooey Deschanel,Jessica Day,New Girl,"""Bad in Bed""",Fox
Primetime Emmy Award for Outstanding Lead Actress - Comedy Series,2012(64th),Lena Dunham,Hannah Horvath,Girls,"""She Did""",HBO
Primetime Emmy Award for Outstanding Lead Actress - Comedy Series,2012(64th),Melissa McCarthy,Molly Flynn,Mike & Molly,"""The Dress""",CBS
Primetime Emmy Award for Outstanding Lead Actress - Comedy Series,2012(64th),Amy Poehler,Leslie Knope,Parks and Recreation,"""Win, Lose, or Draw""",NBC
Primetime Emmy Award for Outstanding Lead Actress - Comedy Series,2013(65th),Laura Dern,Amy Jellicoe,Enlightened,"""All I Ever Wanted""",HBO
Primetime Emmy Award for Outstanding Lead Actress - Comedy Series,2013(65th),Lena Dunham,Hannah Horvath,Girls,"""Bad Friend""",HBO
Primetime Emmy Award for Outstanding Lead Actress - Comedy Series,2013(65th),Tina Fey,Liz Lemon,30 Rock,"""Hogcock!"" + ""Last Lunch""",NBC
Primetime Emmy Award for Outstanding Lead Actress - Comedy Series,2013(65th),Amy Poehler,Leslie Knope,Parks and Recreation,"""Emergency Response"" + ""Leslie and Ben""",NBC
Primetime Emmy Award for Outstanding Lead Actress - Comedy Series,2014(66th),Lena Dunham,Hannah Horvath,Girls,"""Beach House""",HBO
Primetime Emmy Award for Outstanding Lead Actress - Comedy Series,2014(66th),Melissa McCarthy,Molly Flynn,Mike & Molly,"""Mind Over Molly""",CBS
Primetime Emmy Award for Outstanding Lead Actress - Comedy Series,2014(66th),Amy Poehler,Leslie Knope,Parks and Recreation,"""Recall Vote""",NBC
Primetime Emmy Award for Outstanding Lead Actress - Comedy Series,2014(66th),Taylor Schilling,Piper Chapman,Orange Is the New Black,"""The Chickening""",Netflix
Primetime Emmy Award for Outstanding Lead Actress - Comedy Series,2015(67th),Lisa Kudrow,Valerie Cherish,The Comeback,"""Valerie Is Taken Seriously""",HBO
Primetime Emmy Award for Outstanding Lead Actress - Comedy Series,2015(67th),Amy Poehler,Leslie Knope,Parks and Recreation,"""One Last Ride""",NBC
Primetime Emmy Award for Outstanding Lead Actress - Comedy Series,2015(67th),Amy Schumer,Various characters,Inside Amy Schumer,"""Cool With It""",Comedy Central
Primetime Emmy Award for Outstanding Lead Actress - Comedy Series,2015(67th),Lily Tomlin,Frankie Bergstein,Grace and Frankie,"""The Vows""",Netflix
Primetime Emmy Award for Outstanding Lead Actress - Comedy Series,2016(68th),Ellie Kemper,Kimmy Schmidt,Unbreakable Kimmy Schmidt,"""Kimmy Goes to a Hotel!""",Netflix
Primetime Emmy Award for Outstanding Lead Actress - Comedy Series,2016(68th),Laurie Metcalf,Dr. Jenna James,Getting On,"""Am I Still Me?""",HBO
Primetime Emmy Award for Outstanding Lead Actress - Comedy Series,2016(68th),Tracee Ellis Ross,Dr. Rainbow Johnson,Black-ish,"""Sink or Swim""",ABC
Primetime Emmy Award for Outstanding Lead Actress - Comedy Series,2016(68th),Amy Schumer,Various characters,Inside Amy Schumer,"""Welcome to the Gun Show""",Comedy Central
Primetime Emmy Award for Outstanding Lead Actress - Comedy Series,2016(68th),Lily Tomlin,Frankie Bergstein,Grace and Frankie,"""The Test""",Netflix
Primetime Emmy Award for Outstanding Lead Actress - Comedy Series,2017(69th),Pamela Adlon,Sam Fox,Better Things,"""Future Fever""",FX
Primetime Emmy Award for Outstanding Lead Actress - Comedy Series,2017(69th),Allison Janney,Bonnie Plunkett,Mom,"""Tush Push and Some Radishes""",CBS
Primetime Emmy Award for Outstanding Lead Actress - Comedy Series,2017(69th),Ellie Kemper,Kimmy Schmidt,Unbreakable Kimmy Schmidt,"""Kimmy Goes to College!""",Netflix
Primetime Emmy Award for Outstanding Lead Actress - Comedy Series,2017(69th),Jane Fonda,Grace Hanson,Grace and Frankie,"""The Pot""",Netflix
Primetime Emmy Award for Outstanding Lead Actress - Comedy Series,2017(69th),Tracee Ellis Ross,Dr. Rainbow Johnson,Black-ish,"""Being Bow-racial""",ABC
Primetime Emmy Award for Outstanding Lead Actress - Comedy Series,2017(69th),Lily Tomlin,Frankie Bergstein,Grace and Frankie,"""The Burglary""",Netflix
Primetime Emmy Award for Outstanding Lead Actress - Comedy Series,2018(70th),Pamela Adlon,Sam Fox,Better Things,"""Eulogy""",FX
Primetime Emmy Award for Outstanding Lead Actress - Comedy Series,2018(70th),Allison Janney,Bonnie Plunkett,Mom,"""Phone Confetti and a Wee Dingle""",CBS
Primetime Emmy Award for Outstanding Lead Actress - Comedy Series,2018(70th),Issa Rae,Issa Dee,Insecure,"""Hella Great""",HBO
Primetime Emmy Award for Outstanding Lead Actress - Comedy Series,2018(70th),Tracee Ellis Ross,Dr. Rainbow Johnson,Black-ish,"""Elder. Scam.""",ABC
Primetime Emmy Award for Outstanding Lead Actress - Comedy Series,2018(70th),Lily Tomlin,Frankie Bergstein,Grace and Frankie,"""The Home""",Netflix
Primetime Emmy Award for Outstanding Lead Actress - Comedy Series,2019(71st),Christina Applegate,Jen Harding,Dead to Me,"""I've Gotta Get Away""",Netflix
Primetime Emmy Award for Outstanding Lead Actress - Comedy Series,2019(71st),Natasha Lyonne,Nadia Vulvokov,Russian Doll,"""Nothing in This World Is Easy""",Netflix
