0,1,2,3,4,5,6,7
Bradford Central,"1951 general electionElectorate: 49,625Turnout: 41,558 (83.7%) −0.9","Labour  hold Majority: 8,872 (21.4%) −5.7 Swing: 2.8% from Lab to Con ",Arthur Tiley, Conservative,"16,343",39.3,+7.6
Bradford Central,"1950 general electionElectorate: 49,935Turnout: 42,260 (84.6%) +8.4","Labour  hold Majority: 11,447 (27.1%) −3.8 Swing: 2.0% from Lab to Con ",T. Boyce, Conservative,"13,375",31.7,+5.1
Bradford Central,"1950 general electionElectorate: 49,935Turnout: 42,260 (84.6%) +8.4","Labour  hold Majority: 11,447 (27.1%) −3.8 Swing: 2.0% from Lab to Con ",Charles Frederick Sarsby, Liberal,"4,063",9.6,−6.3
Bradford Central,"1945 general electionElectorate: 38,331Turnout: 29,205 (76.2%) +10.2","Labour  hold Majority: 8,988 (30.9%) +27.3 Swing: 14.2% from Con to Lab ",T. L. Dallas, Conservative,"7,776",26.6,−21.6
Bradford Central,"1945 general electionElectorate: 38,331Turnout: 29,205 (76.2%) +10.2","Labour  hold Majority: 8,988 (30.9%) +27.3 Swing: 14.2% from Con to Lab ",Peter Edward Trench, Liberal,"4,665",15.9,
Bradford Central,"1935 general electionElectorate: 47,906Turnout: 31,638 (66.0%) −12.2","Labour  gain from ConservativeMajority: 1,156 (3.6%)  Swing: 13.2% from Con to Lab ",George Eady, Conservative,"15,241",48.2,−13.2
Bradford Central,"1931 general electionElectorate: 51,996Turnout: 40,673 (78.2%) −1.8","Conservative  gain from LabourMajority: 9,289 (22.8%)  Swing: 20.4% from Lab to Con ",William Leach, Labour,"15,687",38.6,−20.4
Bradford Central,"1929 general electionElectorate: 52,674Turnout: 42,141 (80.0%) +3.5","Labour  gain from UnionistMajority: 7,611 (18.9%)  Swing: 10.7% from Unionist to Lab ",Anthony Gadie, Unionist,"17,265",41.0,−10.7
Bradford Central,"1924 general electionElectorate: 45,127Turnout: 34,506 (76.5%) +5.5","Unionist  gain from LabourMajority: 1,202 (3.4%)  Swing: 8.8% from Lab to Unionist ",William Leach, Labour,"16,652",48.3,+3.7
Bradford Central,"1923 general electionElectorate: 44,991Turnout: 31,939 (71.0%) −4.4","Labour  hold Majority: 4,516 (14.2%) +7.9 Swing: 3.7% from Unionist to Lab ",Jonas Pearson, Unionist,"9,725",30.4,−5.7
Bradford Central,"1923 general electionElectorate: 44,991Turnout: 31,939 (71.0%) −4.4","Labour  hold Majority: 4,516 (14.2%) +7.9 Swing: 3.7% from Unionist to Lab ",Rev. William Paxton, Liberal,"7,973",25.0,+3.5
Bradford Central,"1922 general electionElectorate: 44,689Turnout: 75.4% (+0.7)","Labour  gain from UnionistMajority: 2,125 (6.3%)  Swing: 13.0% from Unionist to Lab ",Fred Denby Moore, Unionist,"12,171",36.1,−14.9
Bradford Central,"1922 general electionElectorate: 44,689Turnout: 75.4% (+0.7)","Labour  gain from UnionistMajority: 2,125 (6.3%)  Swing: 13.0% from Unionist to Lab ",Rev. William Paxton, Liberal,"7,250",21.5,+3.8
Bradford Central,"1918 general electionElectorate: 44,549Turnout: 24,374 (54.7%) −27.1","Coalition Conservative  gain from LiberalMajority: 4,798 (19.7%)  Swing: 27.7% from Lib to Con ",William Leach, Labour,"7,636",31.3,
Bradford Central,"1918 general electionElectorate: 44,549Turnout: 24,374 (54.7%) −27.1","Coalition Conservative  gain from LiberalMajority: 4,798 (19.7%)  Swing: 27.7% from Lib to Con ","Sir James Hill, Bt", Liberal,"4,304",17.7,−40.3
Bradford Central,1916 by-electionDeath of Sir George Scott Robertson,Liberal  hold ,"Sir James Hill, Bt",Liberal,unopposed,unopposed,unopposed
Bradford Central,"December 1910 general electionElectorate: 9,848Turnout: 8,058 (81.8%) −8.1","Liberal  hold Majority: 1,296 (16.0%) −2.6 Swing: 1.3% from Lib to Con ",G. H. R. Pauling, Conservative,"3,381",42.0,+1.3
Bradford Central,"January 1910 general electionElectorate: 9,848Turnout: 8,857 (89.9%) +4.0","Liberal  hold Majority: 1,641 (18.6%) +3.0 Swing: 1.5% from LibU to Lib ",Viscount Howick, Liberal Unionist,"3,608",40.7,−1.5
Bradford Central,"1906 general electionElectorate: 9,978Turnout: 8,568 (85.9%) +3.1","Liberal  gain from Liberal UnionistMajority: 1,340 (15.6%) +8.4 Swing: 4.2% from LibU to Lib ",Vicary Gibbs, Conservative,"3,614",42.2,−4.2
Bradford Central,"1900 general electionElectorate: 10,442Turnout: 8,641 (82.8%) +5.2",Liberal Unionist  hold Majority: 627 (7.2%) +6.6 Swing: 3.3% from Lib to LibU ,A. Anderton, Liberal,"4,007",46.4,−3.3
Bradford Central,"1895 general electionElectorate: 10,316Turnout: 7,917 (77.6%) −0.7",Liberal Unionist  gain from LiberalMajority: 41 (0.6%)  Swing: 2.9% from Lib to LibU ,George Shaw-Lefevre, Liberal,"3,893",49.7,−2.9
Bradford Central,"By-election, 23 August 1892Sitting MP seeks re-election",Liberal  hold ,George Shaw-Lefevre,Liberal,unopposed,unopposed,unopposed
Bradford Central,"1892 general electionElectorate: 11,434Turnout: 8,955 (78.3%) +4.3",Liberal  hold Majority: 465 (5.2%) −0.2 Swing: 0.1% from Lib to LibU ,George Shaw-Lefevre,Liberal,"4,710",52.6,−0.1
Bradford Central,"1892 general electionElectorate: 11,434Turnout: 8,955 (78.3%) +4.3",Liberal  hold Majority: 465 (5.2%) −0.2 Swing: 0.1% from Lib to LibU ,Marquess of Lorne, Liberal Unionist,"4,245",47.4,+0.1
Bradford Central,"1886 general electionElectorate: 11,297Turnout: 8,361 (74.0%) +2.9",Liberal  hold Majority: 459 (5.4%) −4.4 Swing: 2.2% from Lib to LibU ,George Shaw-Lefevre,Liberal,"4,410",52.7,−2.2
Bradford Central,"1886 general electionElectorate: 11,297Turnout: 8,361 (74.0%) +2.9",Liberal  hold Majority: 459 (5.4%) −4.4 Swing: 2.2% from Lib to LibU ,Charles Norwood, Liberal Unionist,"3,951",47.3,+2.2
Bradford Central,"By-election 21 April 1886Death of William Edward ForsterElectorate: 11,297Turnout: 8,032 (71.1%) −8.6",Liberal  hold Majority: 780 (9.8%) −4.4 Swing: 3.7% from Lib to Con ,George Shaw-Lefevre,Liberal,"4,407",54.9,−3.7
Bradford Central,"By-election 21 April 1886Death of William Edward ForsterElectorate: 11,297Turnout: 8,032 (71.1%) −8.6",Liberal  hold Majority: 780 (9.8%) −4.4 Swing: 3.7% from Lib to Con ,Edward Hoare, Conservative,"3,627",45.1,+3.7
Bradford Central,"1885 general electionNew constituencyElectorate: 11,297Turnout: 9,007 (79.7%)","Liberal  win Majority: 1,543 (17.2%)  ",George Motley Waud, Conservative,"3,732",41.4,
