0,1,2,3,4
Academy Awards/Music Original Song,1940(13th) ,Pinocchio,"""When You Wish Upon a Star""",Leigh Harline (music); Ned Washington (lyrics)
Academy Awards/Music Original Song,1940(13th) ,Down Argentine Way,"""Down Argentine Way""",Harry Warren (music); Mack Gordon (lyrics)
Academy Awards/Music Original Song,1940(13th) ,Hit Parade of 1941,"""Who Am I?""",Jule Styne (music); Walter Bullock (lyrics)
Academy Awards/Music Original Song,1940(13th) ,Music in My Heart,"""It's a Blue World""",Chet Forrest & Bob Wright (music & lyrics)
Academy Awards/Music Original Song,1940(13th) ,Rhythm on the River,"""Only Forever""",James V. Monaco (music); John Burke (lyrics)
Academy Awards/Music Original Song,1940(13th) ,Second Chorus,"""Love of My Life""",Artie Shaw (music); Johnny Mercer (lyrics)
Academy Awards/Music Original Song,1940(13th) ,Spring Parade,"""Waltzing in the Clouds""",Robert Stolz (music); Gus Kahn (lyrics)
Academy Awards/Music Original Song,1940(13th) ,Strike Up the Band,"""Our Love Affair""",Roger Edens & Arthur Freed (music & lyrics)
Academy Awards/Music Original Song,1940(13th) ,You'll Find Out,"""I'd Know You Anywhere""",Jimmy McHugh (music); Johnny Mercer (lyrics)
Academy Awards/Music Original Song,1941(14th) ,All-American Co-ed,"""Out of the Silence""",Lloyd B. Norlin (music and lyrics)
Academy Awards/Music Original Song,1941(14th) ,Blues in the Night,"""Blues in the Night""",Harold Arlen (music); Johnny Mercer (lyrics)
Academy Awards/Music Original Song,1941(14th) ,Buck Privates,"""Boogie Woogie Bugle Boy""",Hughie Prince (music); Don Raye (lyrics)
Academy Awards/Music Original Song,1941(14th) ,Dumbo,"""Baby Mine""",Frank Churchill (music); Ned Washington (lyrics)
Academy Awards/Music Original Song,1941(14th) ,Las Vegas Nights,"""Dolores""",Louis Alter (music); Frank Loesser (lyrics)
Academy Awards/Music Original Song,1941(14th) ,Ridin' on a Rainbow,"""Be Honest with Me""",Gene Autry & Fred Rose (music & lyrics)
Academy Awards/Music Original Song,1941(14th) ,Sun Valley Serenade,"""Chattanooga Choo Choo""",Harry Warren (music); Mack Gordon (lyrics)
Academy Awards/Music Original Song,1941(14th) ,You'll Never Get Rich,"""Since I Kissed My Baby Goodbye""",Cole Porter (music & lyrics)
Academy Awards/Music Original Song,1942(15th) ,Holiday Inn,"""White Christmas""",Irving Berlin (music & lyrics)
Academy Awards/Music Original Song,1942(15th) ,Always in My Heart,"""Always in My Heart""",Ernesto Lecuona (music); Kim Gannon (lyrics)
Academy Awards/Music Original Song,1942(15th) ,Babes on Broadway,"""How About You?""",Burton Lane (music); Ralph Freed (lyrics)
Academy Awards/Music Original Song,1942(15th) ,Bambi,"""Love Is a Song""",Frank Churchill (p.n.) (music); Larry Morey (lyrics)
Academy Awards/Music Original Song,1942(15th) ,Flying with Music,"""Pennies for Peppino""",Edward Ward (music); Chet Forrest & Bob Wright (lyrics)
Academy Awards/Music Original Song,1942(15th) ,Hellzapoppin' ,"""Pig Foot Pete""",Gene de Paul (music); Don Raye (lyrics)
Academy Awards/Music Original Song,1942(15th) ,The Mayor of 44th Street,"""There's a Breeze on Lake Louise""",Harry Revel (music); Mort Greene (lyrics)
Academy Awards/Music Original Song,1942(15th) ,Orchestra Wives,"""(I've Got a Gal in) Kalamazoo""",Harry Warren (music); Mack Gordon (lyrics)
Academy Awards/Music Original Song,1942(15th) ,You Were Never Lovelier,"""Dearly Beloved""",Jerome Kern (music); Johnny Mercer (lyrics)
Academy Awards/Music Original Song,1942(15th) ,Youth on Parade,"""I've Heard That Song Before""",Jule Styne (music); Sammy Cahn (lyrics)
Academy Awards/Music Original Song,1943(16th) ,Cabin in the Sky,"""Happiness Is a Thing Called Joe""",Harold Arlen (music); Yip Harburg (lyrics)
Academy Awards/Music Original Song,1943(16th) ,Hers to Hold,"""Say a Pray'r for the Boys Over There""",Jimmy McHugh (music); Herb Magidson (lyrics)
Academy Awards/Music Original Song,1943(16th) ,Hit Parade of 1943,"""Change of Heart""",Jule Styne (music); Harold Adamson (lyrics)
Academy Awards/Music Original Song,1943(16th) ,Saludos Amigos,"""Saludos Amigos""",Charles Wolcott (music); Ned Washington (lyrics)
Academy Awards/Music Original Song,1943(16th) ,The Sky's the Limit,"""My Shining Hour""",Arlen (music); Johnny Mercer (lyrics)
Academy Awards/Music Original Song,1943(16th) ,Something to Shout About,"""You'd Be So Nice to Come Home To""",Cole Porter (music & lyrics)
Academy Awards/Music Original Song,1943(16th) ,Stage Door Canteen,"""We Mustn't Say Goodbye""",James V. Monaco (music); Al Dubin (lyrics)
Academy Awards/Music Original Song,1943(16th) ,Star Spangled Rhythm,"""That Old Black Magic"" ",Harold Arlen (music); Johnny Mercer (lyrics)
Academy Awards/Music Original Song,1943(16th) ,Thank Your Lucky Stars,"""They're Either Too Young or Too Old""",Arthur Schwartz (music); Frank Loesser (lyrics)
Academy Awards/Music Original Song,1944(17th) ,Brazil,"""Rio de Janeiro""",Ary Barroso (music); Ned Washington (lyrics)
Academy Awards/Music Original Song,1944(17th) ,Cover Girl,"""Long Ago (and Far Away)""",Jerome Kern (music); Ira Gershwin (lyrics)
Academy Awards/Music Original Song,1944(17th) ,Follow the Boys,"""I'll Walk Alone""",Jule Styne (music); Sammy Cahn (lyrics)
Academy Awards/Music Original Song,1944(17th) ,Higher and Higher,"""I Couldn't Sleep a Wink Last Night""",Jimmy McHugh (music); Harold Adamson (lyrics)
Academy Awards/Music Original Song,1944(17th) ,Hollywood Canteen,"""Sweet Dreams, Sweetheart""",M. K. Jerome (music); Ted Koehler (lyrics)
Academy Awards/Music Original Song,1944(17th) ,"Lady, Let's Dance","""Silver Shadows and Golden Dreams""",Lew Pollack (music); Charles Newman (lyrics)
Academy Awards/Music Original Song,1944(17th) ,Meet Me in St. Louis,"""The Trolley Song""",Ralph Blane & Hugh Martin (music & lyrics)
Academy Awards/Music Original Song,1944(17th) ,Minstrel Man,"""Remember Me to Carolina""",Harry Revel (music); Paul Francis Webster (lyrics)
Academy Awards/Music Original Song,1944(17th) ,Song of the Open Road,"""Too Much in Love""",Walter Kent (music); Kim Gannon (lyrics)
Academy Awards/Music Original Song,1944(17th) ,Sweet and Low-Down,"""I'm Making Believe""",James V. Monaco (music); Mack Gordon (lyrics)
Academy Awards/Music Original Song,1944(17th) ,Up in Arms,"""Now I Know""",Harold Arlen (music); Ted Koehler (lyrics)
Academy Awards/Music Original Song,1945(18th) ,Anchors Aweigh,"""I Fall in Love Too Easily""",Jule Styne (music); Sammy Cahn (lyrics)
Academy Awards/Music Original Song,1945(18th) ,Belle of the Yukon,"""Sleighride in July""",Jimmy Van Heusen (music); Johnny Burke (lyrics)
Academy Awards/Music Original Song,1945(18th) ,The Bells of St. Mary's,"""Aren't You Glad You're You?""",Jimmy Van Heusen (music); Johnny Burke (lyrics)
Academy Awards/Music Original Song,1945(18th) ,Can't Help Singing,"""More and More""",Jerome Kern (p.n.) (music); Yip Harburg (lyrics)
Academy Awards/Music Original Song,1945(18th) ,Earl Carroll Vanities,"""Endlessly""",Walter Kent (music); Kim Gannon (lyrics)
Academy Awards/Music Original Song,1945(18th) ,Here Come the Waves,"""Ac-Cent-Tchu-Ate the Positive""",Harold Arlen (music); Johnny Mercer (lyrics)
Academy Awards/Music Original Song,1945(18th) ,Love Letters,"""Love Letters""",Victor Young (music); Edward Heyman (lyrics)
Academy Awards/Music Original Song,1945(18th) ,San Antonio,"""Some Sunday Morning""",Ray Heindorf & M. K. Jerome (music); Ted Koehler (lyrics)
Academy Awards/Music Original Song,1945(18th) ,Sing Your Way Home,"""I'll Buy That Dream""",Allie Wrubel (music); Herb Magidson (lyrics)
Academy Awards/Music Original Song,1945(18th) ,The Story of G.I. Joe,"""Linda""",Ann Ronell (music & lyrics)
Academy Awards/Music Original Song,1945(18th) ,Tonight and Every Night,"""Anywhere""",Jule Styne (music); Sammy Cahn (lyrics)
Academy Awards/Music Original Song,1945(18th) ,Why Girls Leave Home,"""The Cat and the Canary""",Jay Livingston (music); Ray Evans (lyrics)
Academy Awards/Music Original Song,1945(18th) ,Wonder Man,"""So in Love""",David Rose (music); Leo Robin (lyrics)
Academy Awards/Music Original Song,1946(19th) ,The Harvey Girls,"""On the Atchison, Topeka and the Santa Fe""",Harry Warren (music); Johnny Mercer (lyrics)
Academy Awards/Music Original Song,1946(19th) ,Blue Skies,"""You Keep Coming Back Like a Song""",Irving Berlin (music & lyrics)
Academy Awards/Music Original Song,1946(19th) ,Canyon Passage,"""Ole Buttermilk Sky""",Hoagy Carmichael (music); Jack Brooks (lyrics)
Academy Awards/Music Original Song,1946(19th) ,Centennial Summer,"""All Through the Day""",Jerome Kern (p.n.) (music); Oscar Hammerstein II (lyrics)
Academy Awards/Music Original Song,1946(19th) ,The Dolly Sisters,"""I Can't Begin to Tell You""",James V. Monaco (p.n.) (music); Mack Gordon (lyrics)
Academy Awards/Music Original Song,1947(20th) ,Good News,"""Pass That Peace Pipe""","Ralph Blane, Roger Edens & Hugh Martin (music & lyrics)"
Academy Awards/Music Original Song,1947(20th) ,Mother Wore Tights,"""You Do""",Josef Myrow (music); Mack Gordon (lyrics)
Academy Awards/Music Original Song,1947(20th) ,The Perils of Pauline,"""I Wish I Didn't Love You So""",Frank Loesser (music & lyrics)
Academy Awards/Music Original Song,1947(20th) ,"The Time, the Place and the Girl","""A Gal in Calico""",Arthur Schwartz (music); Leo Robin (lyrics)
Academy Awards/Music Original Song,1948(21st) ,The Paleface,"""Buttons and Bows""",Ray Evans & Jay Livingston (music & lyrics)
Academy Awards/Music Original Song,1948(21st) ,Casbah,"""For Every Man There's a Woman""",Harold Arlen (music); Leo Robin (lyrics)
Academy Awards/Music Original Song,1948(21st) ,Romance on the High Seas,"""It's Magic""",Jule Styne (music); Sammy Cahn (lyrics)
Academy Awards/Music Original Song,1948(21st) ,That Lady in Ermine,"""This Is the Moment""",Friedrich Hollaender (music); Leo Robin (lyrics)
Academy Awards/Music Original Song,1948(21st) ,Wet Blanket Policy,"""The Woody Woodpecker Song""",Ramey Idriss & George Tibbles (music & lyrics)
Academy Awards/Music Original Song,1949(22nd) ,Neptune's Daughter,"""Baby, It's Cold Outside""",Frank Loesser (music & lyrics)
Academy Awards/Music Original Song,1949(22nd) ,Come to the Stable,"""Through a Long and Sleepless Night""",Alfred Newman (music); Mack Gordon (lyrics)
Academy Awards/Music Original Song,1949(22nd) ,It's a Great Feeling,"""It's a Great Feeling""",Jule Styne (music); Sammy Cahn (lyrics)
Academy Awards/Music Original Song,1949(22nd) ,My Foolish Heart,"""My Foolish Heart""",Victor Young (music); Ned Washington (lyrics)
Academy Awards/Music Original Song,1949(22nd) ,So Dear to My Heart,"""Lavender Blue""",Eliot Daniel (music); Larry Morey (lyrics)
