0,1,2,3
176th Massachusetts General Court (1989-1990),Lawrence R. Alexander,1950,8th Essex
176th Massachusetts General Court (1989-1990),Robert B. Ambler,1927,4th Norfolk
176th Massachusetts General Court (1989-1990),John C. Bartley,"March 25, 1956",32nd Middlesex
176th Massachusetts General Court (1989-1990),Geoffrey C. Beckwith,1958,21st Middlesex
176th Massachusetts General Court (1989-1990),Kevin Blanchette,1954,16th Essex
176th Massachusetts General Court (1989-1990),Robert Joseph Bohigian,"July 24, 1922",14th Worcester
176th Massachusetts General Court (1989-1990),George Bourque,1913,3rd Worcester
176th Massachusetts General Court (1989-1990),Carmen Buell,"February 3, 1945",2nd Franklin
176th Massachusetts General Court (1989-1990),"Edward S. Burgess, Jr.",1950,10th Plymouth
176th Massachusetts General Court (1989-1990),Thomas Cahir,"September 19, 1952",3rd Barnstable
176th Massachusetts General Court (1989-1990),"Howard C. Cahoon, Jr","December 31, 1944",4th Barnstable
176th Massachusetts General Court (1989-1990),Paul Caron,"November 15, 1955",11th Hampden
176th Massachusetts General Court (1989-1990),Paul Casey,"February 26, 1961",34th Middlesex
176th Massachusetts General Court (1989-1990),Athan Catjakis,1931,9th Hampden
176th Massachusetts General Court (1989-1990),Vincent P. Ciampa,"April 15, 1945",37th Middlesex
176th Massachusetts General Court (1989-1990),Carol Cleven,"November 2, 1928",16th Middlesex
176th Massachusetts General Court (1989-1990),Andrew Collaro,"March 21, 1910",15th Worcester
176th Massachusetts General Court (1989-1990),Walter DeFilippi,"October 3, 1926",6th Hampden
176th Massachusetts General Court (1989-1990),"William J. Flynn, Jr.",1933,5th Plymouth
176th Massachusetts General Court (1989-1990),Barbara Gardner,"January 19, 1941",8th Middlesex
176th Massachusetts General Court (1989-1990),Mary Jane Gibson,"February 7, 1933",26th Middlesex
176th Massachusetts General Court (1989-1990),Anthony Giglio,"January 28, 1941",38th Middlesex
176th Massachusetts General Court (1989-1990),Larry F. Giordano,1944,15th Essex
176th Massachusetts General Court (1989-1990),William Glodis,"April 6, 1934",16th Worcester
176th Massachusetts General Court (1989-1990),Barbara Gray,"October 11, 1926",6th Middlesex
176th Massachusetts General Court (1989-1990),Sherwood Guernsey,1946,2nd Berkshire
176th Massachusetts General Court (1989-1990),Robert Emmet Hayes,1951,7th Plymouth
176th Massachusetts General Court (1989-1990),Jonathan Healy,"October 10, 1945",1st Franklin
176th Massachusetts General Court (1989-1990),Lucile Hicks,"May 11, 1938",13th Middlesex
176th Massachusetts General Court (1989-1990),Shirley Owens Hicks,"April 22, 1942",6th Suffolk
176th Massachusetts General Court (1989-1990),Robert L. Howarth,1942,13th Hampden
176th Massachusetts General Court (1989-1990),Frank Hynes,"December 23, 1940",4th Plymouth
176th Massachusetts General Court (1989-1990),Robert F. Jakubowicz,1932,3rd Berkshire
176th Massachusetts General Court (1989-1990),Raymond A. Jordan Jr.,"May 5, 1943",12th Hampden
176th Massachusetts General Court (1989-1990),Stephen Karol,1948,2nd Bristol
176th Massachusetts General Court (1989-1990),Paul Kollios,"February 24, 1936",7th Worcester
176th Massachusetts General Court (1989-1990),Robert Kraus,"March 20, 1957",12th Plymouth
176th Massachusetts General Court (1989-1990),Denis Lawrence,1940,13th Bristol
176th Massachusetts General Court (1989-1990),Edward LeLacheur,"June 1, 1925",18th Middlesex
176th Massachusetts General Court (1989-1990),Kenneth M. Lemanski,"January 27, 1954",8th Hampden
176th Massachusetts General Court (1989-1990),Jacqueline Lewis,"May 3, 1945",8th Plymouth
176th Massachusetts General Court (1989-1990),John Loring,1926,14th Middlesex
176th Massachusetts General Court (1989-1990),Joseph Mackey,1951,30th Middlesex
176th Massachusetts General Court (1989-1990),David P. Magnani,"May 24, 1944",7th Middlesex
176th Massachusetts General Court (1989-1990),Charles Mann,"April 27, 1935",6th Plymouth
176th Massachusetts General Court (1989-1990),Francis Mara,1950,11th Plymouth
176th Massachusetts General Court (1989-1990),Joseph B. McIntyre,"April 11, 1957",12th Bristol
176th Massachusetts General Court (1989-1990),Mary Jane McKenna,"October 23, 1939",1st Worcester
176th Massachusetts General Court (1989-1990),John C. McNeil,"June 8, 1945",36th Middlesex
176th Massachusetts General Court (1989-1990),Mary Jeanette Murray,"December 24, 1924",3rd Plymouth
176th Massachusetts General Court (1989-1990),Eleanor Myerson,"May 9, 1922",11th Suffolk
176th Massachusetts General Court (1989-1990),Timothy F. O'Leary,1944,35th Middlesex
176th Massachusetts General Court (1989-1990),Daniel Ranieri,1951,10th Norfolk
176th Massachusetts General Court (1989-1990),"Michael J. Rea, Jr","July 23, 1940",24th Middlesex
176th Massachusetts General Court (1989-1990),Robert J. Rohan,"August 15, 1921",5th Hampden
176th Massachusetts General Court (1989-1990),Susan Rourke,"March 7, 1954",19th Middlesex
176th Massachusetts General Court (1989-1990),Alfred E. Saggese Jr.,"November 21, 1946",20th Suffolk
176th Massachusetts General Court (1989-1990),Susan Schur,"February 27, 1940",12th Middlesex
176th Massachusetts General Court (1989-1990),Emanuel Serra,"June 12, 1945",1st Suffolk
176th Massachusetts General Court (1989-1990),Chester Suhoski,"March 26, 1941",2nd Worcester
176th Massachusetts General Court (1989-1990),Gregory W. Sullivan,"January 29, 1952",12th Norfolk
176th Massachusetts General Court (1989-1990),Alvin Thompson,"May 15, 1939",28th Middlesex
176th Massachusetts General Court (1989-1990),A. Stephen Tobin,"July 3, 1956",2nd Norfolk
176th Massachusetts General Court (1989-1990),Roger Tougas,"January 9, 1927",9th Bristol
176th Massachusetts General Court (1989-1990),Marilyn Travinski,"June 1, 1947",6th Worcester
176th Massachusetts General Court (1989-1990),Peter Trombley,"September 16, 1948",9th Middlesex
176th Massachusetts General Court (1989-1990),Eric Turkington,"August 12, 1947","Barnstable, Dukes & Nantucket"
176th Massachusetts General Court (1989-1990),William B. Vernon,"April 17, 1951",1st Bristol
176th Massachusetts General Court (1989-1990),Richard Voke,"December 2, 1947",2nd Suffolk
176th Massachusetts General Court (1989-1990),Michael P. Walsh,,3rd Hampden
