0,1,2,3,4,5,6,7
Silver Line (Tokyo),H01,Naka-meguro,中目黒,-,0.0,TY Tōyoko Line,Meguro
Silver Line (Tokyo),H02,Ebisu,恵比寿,1.0,1.0,"
JY Yamanote Line
JA Saikyō Line
JS Shōnan-Shinjuku Line
",Shibuya
Silver Line (Tokyo),H03,Hiro-o,広尾,1.5,2.5, ,Minato
Silver Line (Tokyo),H04,Roppongi,六本木,1.7,4.2,E Ōedo Line (E-23),Minato
Silver Line (Tokyo),H05,Kamiyacho,神谷町,1.5,5.7, ,Minato
Silver Line (Tokyo),H06,Toranomon Hills,虎ノ門ヒルズ,0.8,6.5,"
G Ginza Line (Toranomon: G-07)
Tokyo BRT
",Minato
Silver Line (Tokyo),H07,Kasumigaseki,霞ケ関,0.5,7.0,"
M Marunouchi Line (M-15)
C Chiyoda Line (C-08)
",Chiyoda
Silver Line (Tokyo),H10,Higashi-ginza,東銀座,0.4,9.0,A Asakusa Line (A-11),Chūō
Silver Line (Tokyo),H11,Tsukiji,築地,0.6,9.6,Y Yūrakuchō Line (Shintomicho: Y-20),Chūō
Silver Line (Tokyo),H12,Hatchobori,八丁堀,1.0,10.6,JE Keiyō Line,Chūō
Silver Line (Tokyo),H15,Kodemmacho,小伝馬町,0.6,12.6, ,Chūō
Silver Line (Tokyo),H17,Naka-okachimachi,仲御徒町,1.0,14.5,"
E Ōedo Line (Ueno-okachimachi: E-09)
JY Yamanote Line (Okachimachi)
JK Keihin-Tōhoku Line (Okachimachi)
G Ginza Line (Ueno-hirokoji: G-15)
",Taitō
Silver Line (Tokyo),H19,Iriya,入谷,1.2,16.2, ,Taitō
Silver Line (Tokyo),H20,Minowa,三ノ輪,1.2,17.4, ,Taitō
Silver Line (Tokyo),H21,Minami-senju,南千住,0.8,18.2,"
JJ Jōban Line (Rapid)
 Tsukuba Express (04)
",Arakawa
