0,1,2,3,4,5
Primetime Emmy Award for Outstanding Supporting Actor in a Comedy Series,1954(6th),Ben Alexander,Officer Frank Smith,Dragnet,NBC
Primetime Emmy Award for Outstanding Supporting Actor in a Comedy Series,1954(6th),William Frawley,Fred Mertz,I Love Lucy,CBS
Primetime Emmy Award for Outstanding Supporting Actor in a Comedy Series,1954(6th),Tony Randall,Harvey Weskitt,Mister Peepers,NBC
Primetime Emmy Award for Outstanding Supporting Actor in a Comedy Series,1954(6th),Carl Reiner,Various characters,Your Show of Shows,NBC
Primetime Emmy Award for Outstanding Supporting Actor in a Comedy Series,1955(7th),Ben Alexander,Officer Frank Smith,Dragnet,NBC
Primetime Emmy Award for Outstanding Supporting Actor in a Comedy Series,1955(7th),Don DeFore,Thorny,The Adventures of Ozzie & Harriet,ABC
Primetime Emmy Award for Outstanding Supporting Actor in a Comedy Series,1955(7th),William Frawley,Fred Mertz,I Love Lucy,CBS
Primetime Emmy Award for Outstanding Supporting Actor in a Comedy Series,1955(7th),Gale Gordon,Osgood Conklin,Our Miss Brooks,CBS
Primetime Emmy Award for Outstanding Supporting Actor in a Comedy Series,1956(8th),Ed Begley #,Andy Sloane,Patterns,NBC
Primetime Emmy Award for Outstanding Supporting Actor in a Comedy Series,1956(8th),William Frawley,Fred Mertz,I Love Lucy,CBS
Primetime Emmy Award for Outstanding Supporting Actor in a Comedy Series,1956(8th),Cyril Ritchard #,Mr. Darling / Captain Hook,Peter Pan,NBC
Primetime Emmy Award for Outstanding Supporting Actor in a Comedy Series,1957(9th),Paul Ford,Col. John T. Hall,The Phil Silvers Show,CBS
Primetime Emmy Award for Outstanding Supporting Actor in a Comedy Series,1957(9th),William Frawley,Fred Mertz,I Love Lucy,CBS
Primetime Emmy Award for Outstanding Supporting Actor in a Comedy Series,1957(9th),Ed Wynn #,Army,Requiem for a Heavyweight,CBS
Primetime Emmy Award for Outstanding Supporting Actor in a Comedy Series,1958(10th),Paul Ford,Col. John T. Hall,The Phil Silvers Show,CBS
Primetime Emmy Award for Outstanding Supporting Actor in a Comedy Series,1958(10th),William Frawley,Fred Mertz,I Love Lucy,CBS
Primetime Emmy Award for Outstanding Supporting Actor in a Comedy Series,1958(10th),Louis Nye,Various characters,The Steve Allen Show,NBC
Primetime Emmy Award for Outstanding Supporting Actor in a Comedy Series,1958(10th),Dennis Weaver,Chester Goode,Gunsmoke,CBS
Primetime Emmy Award for Outstanding Supporting Actor in a Comedy Series,1959(11th),Richard Crenna,Luke McCoy,The Real McCoys,ABC
Primetime Emmy Award for Outstanding Supporting Actor in a Comedy Series,1959(11th),Paul Ford,Col. John T. Hall,The Phil Silvers Show,CBS
Primetime Emmy Award for Outstanding Supporting Actor in a Comedy Series,1959(11th),Maurice Gosfield,Pvt. Duane Doberman,The Phil Silvers Show,CBS
Primetime Emmy Award for Outstanding Supporting Actor in a Comedy Series,1959(11th),Billy Gray,Bud Anderson,Father Knows Best,CBS & NBC
Primetime Emmy Award for Outstanding Supporting Actor in a Comedy Series,1959(11th),Harry Morgan,Pete Porter,December Bride,CBS
