0,1,2,3
Golden Globe Award for Best Screenplay,1970,Five Easy Pieces,Carole Eastman and Bob Rafelson
Golden Globe Award for Best Screenplay,1970,Husbands,John Cassavetes
Golden Globe Award for Best Screenplay,1970,M*A*S*H,Ring Lardner Jr.
Golden Globe Award for Best Screenplay,1970,Scrooge,Leslie Bricusse
Golden Globe Award for Best Screenplay,1971,The French Connection,Ernest Tidyman
Golden Globe Award for Best Screenplay,1971,Klute,Andy and Dave Lewis
Golden Globe Award for Best Screenplay,1971,Kotch,John Paxton
Golden Globe Award for Best Screenplay,1971,"Mary, Queen of Scots",John Hale
Golden Globe Award for Best Screenplay,1972,Avanti!,Billy Wilder and I. A. L. Diamond
Golden Globe Award for Best Screenplay,1972,Cabaret,Jay Presson Allen
Golden Globe Award for Best Screenplay,1972,Deliverance,James Dickey
Golden Globe Award for Best Screenplay,1972,Frenzy,Anthony Shaffer
Golden Globe Award for Best Screenplay,1972,The Heartbreak Kid,Neil Simon
Golden Globe Award for Best Screenplay,1973,The Exorcist,William Peter Blatty 
Golden Globe Award for Best Screenplay,1973,Cinderella Liberty,Darryl Ponicsan
Golden Globe Award for Best Screenplay,1973,The Day of the Jackal,Kenneth Ross
Golden Globe Award for Best Screenplay,1973,The Sting,David S. Ward
Golden Globe Award for Best Screenplay,1973,A Touch of Class,Melvin Frank and Jack Rose
Golden Globe Award for Best Screenplay,1974,The Conversation,Francis Ford Coppola
Golden Globe Award for Best Screenplay,1974,The Godfather Part II,Francis Ford Coppola and Mario Puzo
Golden Globe Award for Best Screenplay,1974,The Towering Inferno,Stirling Silliphant
Golden Globe Award for Best Screenplay,1974,A Woman Under the Influence,John Cassavetes
Golden Globe Award for Best Screenplay,1975,Dog Day Afternoon,Frank Pierson
Golden Globe Award for Best Screenplay,1975,Jaws,Peter Benchley and Carl Gottlieb
Golden Globe Award for Best Screenplay,1975,Nashville,Joan Tewkesbury
Golden Globe Award for Best Screenplay,1975,The Sunshine Boys,Neil Simon
Golden Globe Award for Best Screenplay,1976,All the President's Men,William Goldman
Golden Globe Award for Best Screenplay,1976,Marathon Man,William Goldman
Golden Globe Award for Best Screenplay,1976,Rocky,Sylvester Stallone
Golden Globe Award for Best Screenplay,1976,Taxi Driver,Paul Schrader
Golden Globe Award for Best Screenplay,1976,Voyage of the Damned,David Butler and Steve Shagan
Golden Globe Award for Best Screenplay,1977,Annie Hall,Woody Allen and Marshall Brickman
Golden Globe Award for Best Screenplay,1977,Close Encounters of the Third Kind,Steven Spielberg
Golden Globe Award for Best Screenplay,1977,Julia,Alvin Sargent
Golden Globe Award for Best Screenplay,1977,The Turning Point,Arthur Laurents
Golden Globe Award for Best Screenplay,1978,Coming Home,Robert C. Jones and Waldo Salt
Golden Globe Award for Best Screenplay,1978,The Deer Hunter,Deric Washburn
Golden Globe Award for Best Screenplay,1978,Foul Play,Colin Higgins
Golden Globe Award for Best Screenplay,1978,Interiors,Woody Allen
Golden Globe Award for Best Screenplay,1978,An Unmarried Woman,Paul Mazursky
Golden Globe Award for Best Screenplay,1979,Being There,Jerzy Kosinski
Golden Globe Award for Best Screenplay,1979,Breaking Away,Steve Tesich
Golden Globe Award for Best Screenplay,1979,The China Syndrome,"James Bridges, T. S. Cook, and Mike Gray"
Golden Globe Award for Best Screenplay,1979,Norma Rae,"Harriet Frank, Jr. and Irving Ravetch"
