0,1,2,3,4,5,6,7,8,9
2015 Monte Carlo Rally,1, Sébastien Ogier, Julien Ingrassia, Volkswagen Motorsport,Volkswagen Polo R WRC,WRC,3:36:40.2,0.0,25
2015 Monte Carlo Rally,12, Mads Østberg, Jonas Andersson, Citroën Total Abu Dhabi WRT,Citroën DS3 WRC,WRC,3:39:23.8,+2:43.6,12
2015 Monte Carlo Rally,4, Sébastien Loeb, Daniel Elena, Citroën Total Abu Dhabi WRT,Citroën DS3 WRC,WRC,3:45:14.9,+8:34.7,6
2015 Monte Carlo Rally,3, Kris Meeke, Paul Nagle, Citroën Total Abu Dhabi WRT,Citroën DS3 WRC,WRC,3:47:35.8,+10:55.6,3
2015 Monte Carlo Rally,32, Stéphane Lefebvre, Stéphane Prévot, PH Sport,Citroën DS3 R5,WRC-2,3:49:36.7,0.0,25
2015 Monte Carlo Rally,41, Armin Kramer, Klaus Wicha, BRR Baumschlager Rallye & Racing Team,Škoda Fabia S2000,WRC-2,3:52:03.7,+2:27.0,15
2015 Monte Carlo Rally,33, Quentin Giordano, Valentin Sarreaud, Quentin Giordano,Citroën DS3 R5,WRC-2,4:06:43.7,+17:17.0,8
2015 Monte Carlo Rally,78, Alain Foulon, Gilles Delarche, Alain Foulon,Mitsubishi Lancer Evolution X,WRC-2,4:52:15.9,+1:02:39.2,6
2015 Monte Carlo Rally,38, Marco Vallario, Manuela di Lorenzo, Marco Vallario,Mitsubishi Lancer Evolution X,WRC-2,5:14:44.3,+1:25:07.6,4
2015 Monte Carlo Rally,60, Quentin Gilbert, Renaud Jamoul, Quentin Gilbert,Citroën DS3 R3T Max,WRC-3,4:08:32.7,0.0,25
2015 Monte Carlo Rally,61, Christian Riedemann, Michael Wenzel, ADAC Weser-Ems,Citroën DS3 R3T Max,WRC-3,4:10:56.4,+2:23.7,18
2015 Monte Carlo Rally,53, Ole Christian Veiby, Anders Jæger, Printsport,Citroën DS3 R3T Max,WRC-3,4:12:04.1,+3:31.4,15
2015 Monte Carlo Rally,52, Simone Tempestini, Matteo Chiarcossi, Simone Tempestini,Citroën DS3 R3T Max,WRC-3,4:14:01.1,+5:28.4,12
2015 Monte Carlo Rally,84, Stéphane Consani, Maxime Vilmot, Stéphane Consani,Renault Clio R3T,WRC-3,4:17:57.6,+9:24.9,10
2015 Monte Carlo Rally,57, Yohan Rossel, Benoît Fulcrand, Équipe de France FFSA,Citroën DS3 R3T Max,WRC-3,4:20:00.4,+11:27.7,8
2015 Monte Carlo Rally,56, Alessandro Re, Giacomo Ciucci, Alessandro Re,Citroën DS3 R3T Max,WRC-3,4:20:37.2,+12:04.5,6
2015 Monte Carlo Rally,59, Kornél Lukács, Márk Mesterházi, Kornél Lukács,Citroën DS3 R3T Max,WRC-3,4:28:35.1,+20:02.4,4
2015 Monte Carlo Rally,51, Charlotte Dalmasso, Marine Delon, Charlotte Dalmasso,Citroën DS3 R3T Max,WRC-3,4:47:43.1,+39:10.4,2
2015 Monte Carlo Rally,60, Quentin Gilbert, Renaud Jamoul, Quentin Gilbert,Citroën DS3 R3T Max,JWRC,4:08:32.7,0.0,25
2015 Monte Carlo Rally,61, Christian Riedemann, Michael Wenzel, ADAC Weser-Ems,Citroën DS3 R3T Max,JWRC,4:10:56.4,+2:23.7,18
2015 Monte Carlo Rally,53, Ole Christian Veiby, Anders Jæger, Printsport,Citroën DS3 R3T Max,JWRC,4:12:04.1,+3:31.4,15
2015 Monte Carlo Rally,52, Simone Tempestini, Matteo Chiarcossi, Simone Tempestini,Citroën DS3 R3T Max,JWRC,4:14:01.1,+5:28.4,12
2015 Monte Carlo Rally,57, Yohan Rossel, Benoît Fulcrand, Équipe de France FFSA,Citroën DS3 R3T Max,JWRC,4:20:00.4,+11:27.7,8
2015 Monte Carlo Rally,56, Alessandro Re, Giacomo Ciucci, Alessandro Re,Citroën DS3 R3T Max,JWRC,4:20:37.2,+12:04.5,6
2015 Monte Carlo Rally,59, Kornél Lukács, Márk Mesterházi, Kornél Lukács,Citroën DS3 R3T Max,JWRC,4:28:35.1,+20:02.4,4
2015 Monte Carlo Rally,51, Charlotte Dalmasso, Marine Delon, Charlotte Dalmasso,Citroën DS3 R3T Max,JWRC,4:47:43.1,+39:10.4,2
