0,1,2,3,4
Grammy Award for Album of the Year,1980,Minute by Minute,The Doobie Brothers,"Ted Templeman, producer"
Grammy Award for Album of the Year,1980,The Gambler,Kenny Rogers,"Larry Butler, producer"
Grammy Award for Album of the Year,1980,Bad Girls,Donna Summer,"Giorgio Moroder & Pete Bellotte, producers"
Grammy Award for Album of the Year,1980,Breakfast in America,Supertramp,"Peter Henderson & Supertramp, producers"
Grammy Award for Album of the Year,1981,The Wall,Pink Floyd,"Bob Ezrin, David Gilmour, James Guthrie & Roger Waters, producers"
Grammy Award for Album of the Year,1981,Trilogy: Past Present Future,Frank Sinatra,"Sonny Burke, producer"
Grammy Award for Album of the Year,1981,Guilty,Barbra Streisand,"Barry Gibb, Albhy Galuten & Karl Richardson, producers"
Grammy Award for Album of the Year,1982,Double Fantasy,John Lennon & Yoko Ono,"Jack Douglas, John Lennon & Yoko Ono, producers "
Grammy Award for Album of the Year,1982,Mistaken Identity,Kim Carnes,"Val Garay, producer"
Grammy Award for Album of the Year,1982,Breakin' Away,Al Jarreau,"Jay Graydon, producer"
Grammy Award for Album of the Year,1982,The Dude,Quincy Jones,"Quincy Jones, producer"
Grammy Award for Album of the Year,1982,Gaucho,Steely Dan,"Gary Katz, producer"
Grammy Award for Album of the Year,1983,Toto IV,Toto,"Toto, producers"
Grammy Award for Album of the Year,1983,American Fool,John Cougar,"John Mellencamp & Don Gehman, producers "
Grammy Award for Album of the Year,1983,The Nightfly,Donald Fagen,"Gary Katz, producer"
Grammy Award for Album of the Year,1983,Tug of War,Paul McCartney,"George Martin, producer"
Grammy Award for Album of the Year,1984,Thriller,Michael Jackson,"Michael Jackson & Quincy Jones, producers"
Grammy Award for Album of the Year,1984,Let's Dance,David Bowie,"David Bowie & Nile Rodgers, producers"
Grammy Award for Album of the Year,1984,Synchronicity,The Police,"The Police & Hugh Padgham, producers"
Grammy Award for Album of the Year,1984,Flashdance: Original Soundtrack from the Motion Picture,Various Artists,"Irene Cara, Shandi Sinnamon, Helen St. John, Karen Kamon, Joe Esposito, Laura Branigan, Donna Summer, Cycle V, Kim Carnes & Michael Sembello, featured artists; Giorgio Moroder, producer"
Grammy Award for Album of the Year,1985,Can't Slow Down,Lionel Richie,"James Anthony Carmichael & Lionel Richie, producers"
Grammy Award for Album of the Year,1985,She's So Unusual,Cyndi Lauper,"Rick Chertoff, producer"
Grammy Award for Album of the Year,1985,Purple Rain,Prince & The Revolution,"Prince & The Revolution, producers"
Grammy Award for Album of the Year,1985,Born in the U.S.A.,Bruce Springsteen,"Jon Landau, Steven Van Zandt, Chuck Plotkin & Bruce Springsteen, producers"
Grammy Award for Album of the Year,1985,Private Dancer,Tina Turner,
Grammy Award for Album of the Year,1986,No Jacket Required,Phil Collins,"Hugh Padgham & Phil Collins, producers"
Grammy Award for Album of the Year,1986,Brothers in Arms,Dire Straits,"Neil Dorfsman & Mark Knopfler, producers"
Grammy Award for Album of the Year,1986,Whitney Houston,Whitney Houston,"Clive Davis, producer "
Grammy Award for Album of the Year,1986,The Dream of the Blue Turtles,Sting,"Sting & Rick Chertoff, producers"
Grammy Award for Album of the Year,1986,We Are the World,USA for Africa,"Quincy Jones, producer"
Grammy Award for Album of the Year,1987,Graceland,Paul Simon,"Paul Simon, producer"
Grammy Award for Album of the Year,1987,So,Peter Gabriel,"Peter Gabriel & Daniel Lanois, producers"
Grammy Award for Album of the Year,1987,Control,Janet Jackson,"Janet Jackson, Jimmy Jam & Terry Lewis producers"
Grammy Award for Album of the Year,1987,The Broadway Album,Barbra Streisand,"Peter Matz, producer"
Grammy Award for Album of the Year,1987,Back in the High Life,Steve Winwood,"Russ Titelman & Steve Winwood, producers"
Grammy Award for Album of the Year,1988,The Joshua Tree,U2,"Brian Eno & Daniel Lanois, producers"
Grammy Award for Album of the Year,1988,Whitney,Whitney Houston,"Narada Michael Walden, producer"
Grammy Award for Album of the Year,1988,Bad,Michael Jackson,"Michael Jackson & Quincy Jones, producers"
Grammy Award for Album of the Year,1988,Trio,"Dolly Parton, Linda Ronstadt & Emmylou Harris","George Massenburg, producer"
Grammy Award for Album of the Year,1988,Sign o' the Times,Prince,"Prince, producer"
Grammy Award for Album of the Year,1989,Faith,George Michael,"George Michael, producer"
Grammy Award for Album of the Year,1989,Tracy Chapman,Tracy Chapman,"David Kershenbaum, producer"
Grammy Award for Album of the Year,1989,Simple Pleasures,Bobby McFerrin,"Linda Goldstein, producer"
Grammy Award for Album of the Year,1989,...Nothing Like the Sun,Sting,"Sting & Neil Dorfsman, producers"
Grammy Award for Album of the Year,1989,Roll with It,Steve Winwood,"Steve Winwood & Tom Lord-Alge, producers"
