0,1,2,3,4
Cesar Award for Most Promising Actor,2000(25th),Éric Caravaca,C'est quoi la vie?,
Cesar Award for Most Promising Actor,2000(25th),Clovis Cornillac,Karnaval,
Cesar Award for Most Promising Actor,2000(25th),Romain Duris,Peut-être,
Cesar Award for Most Promising Actor,2000(25th),Laurent Lucas,Haut les cœurs!,
Cesar Award for Most Promising Actor,2000(25th),Robinson Stévenin,Bad Company,Mauvaises Fréquentations
Cesar Award for Most Promising Actor,2001(26th),Jean-Pierre Lorit,A Question of Taste,Une affaire de goût
Cesar Award for Most Promising Actor,2001(26th),Boris Terral,The King Is Dancing,Le roi danse
Cesar Award for Most Promising Actor,2001(26th),Cyrille Thouvenin,Confusion of Genders,La confusion des Genres
Cesar Award for Most Promising Actor,2001(26th),Malik Zidi,Water Drops on Burning Rocks,Gouttes d'eau sur pierres brûlantes
Cesar Award for Most Promising Actor,2002(27th),Robinson Stévenin,Transfixed,Mauvais genres
Cesar Award for Most Promising Actor,2002(27th),Éric Berger,Tanguy,Tanguy
Cesar Award for Most Promising Actor,2002(27th),Stefano Cassetti,Roberto Succo,Roberto Succo
Cesar Award for Most Promising Actor,2002(27th),Grégori Derangère,The Officers' Ward,La chambre des officiers
Cesar Award for Most Promising Actor,2002(27th),Jean-Michel Portal,The Officers' Ward,La chambre des officiers
Cesar Award for Most Promising Actor,2003(28th),Lorànt Deutsch,Shooting Stars,3 zéros
Cesar Award for Most Promising Actor,2003(28th),Morgan Marinne,The Son,Le fils
Cesar Award for Most Promising Actor,2003(28th),Gaspard Ulliel,Summer Things,Embrassez qui vous voudrez
Cesar Award for Most Promising Actor,2003(28th),Malik Zidi,Un moment de bonheur,Un moment de bonheur
Cesar Award for Most Promising Actor,2004(29th),Grégori Derangère,Bon voyage,Bon voyage
Cesar Award for Most Promising Actor,2004(29th),Nicolas Duvauchelle,Eager Bodies,Les corps impatients
Cesar Award for Most Promising Actor,2004(29th),Pascal Elbé,Father and Sons,Père et fils
Cesar Award for Most Promising Actor,2004(29th),Grégoire Leprince-Ringuet,Strayed,Les égarés
Cesar Award for Most Promising Actor,2004(29th),Gaspard Ulliel,Strayed,Les égarés
Cesar Award for Most Promising Actor,2005(30th),Osman Elkharraz,Games of Love and Chance,L'esquive
Cesar Award for Most Promising Actor,2005(30th),Damien Jouillerot,Bad Spelling,Les fautes d'orthographe
Cesar Award for Most Promising Actor,2005(30th),Jérémie Renier,"Work Hard, Play Hard",Violence des échanges en milieu tempéré
Cesar Award for Most Promising Actor,2005(30th),Malik Zidi,Changing Times,Les temps qui changent
Cesar Award for Most Promising Actor,2006(31st),Walid Afkir,Hidden,Caché
Cesar Award for Most Promising Actor,2006(31st),Adrien Jolivet,Zim and Co.,Zim and Co.
Cesar Award for Most Promising Actor,2006(31st),Gilles Lellouche,Love Is in the Air,Ma vie en l'air
Cesar Award for Most Promising Actor,2006(31st),Aymen Saïdi,Saint-Jacques… La Mecque,Saint-Jacques… La Mecque
Cesar Award for Most Promising Actor,2007(32nd),Georges Babluani,13 Tzameti,13 Tzameti
Cesar Award for Most Promising Actor,2007(32nd),Rasha Bukvic,French California,La Californie
Cesar Award for Most Promising Actor,2007(32nd),Arié Elmaleh,The School for All,L'école pour tous
Cesar Award for Most Promising Actor,2007(32nd),Vincent Rottiers,The Passenger,Le Passager
Cesar Award for Most Promising Actor,2007(32nd),James Thiérrée,Twice Upon a Time,Désaccord parfait
Cesar Award for Most Promising Actor,2008(33rd),Nicolas Cazalé,The Grocer's Son,Le fils de l'épicier
Cesar Award for Most Promising Actor,2008(33rd),Grégoire Leprince-Ringuet,Love Songs,Les chansons d'amour
Cesar Award for Most Promising Actor,2008(33rd),Johan Libéreau,The Witnesses,Les témoins
Cesar Award for Most Promising Actor,2008(33rd),Jocelyn Quivrin,99 francs,99 francs
Cesar Award for Most Promising Actor,2009(34th),Marc-André Grondin,The First Day of the Rest of Your Life,Le Premier Jour du reste de ta vie
Cesar Award for Most Promising Actor,2009(34th),Ralph Amoussou,With a Little Help from Myself,"Aide-toi, le ciel t'aidera"
Cesar Award for Most Promising Actor,2009(34th),Laurent Capelluto,A Christmas Tale,Un conte de Noël
Cesar Award for Most Promising Actor,2009(34th),Grégoire Leprince-Ringuet,The Beautiful Person,La Belle Personne
Cesar Award for Most Promising Actor,2009(34th),Pio Marmaï,The First Day of the Rest of Your Life,Le Premier Jour du reste de ta vie
