0,1,2,3,4,5
Ruth Gordon,1965,Golden Globe Awards,Best Supporting Actress – Motion Picture,Inside Daisy Clover,Won
Ruth Gordon,1968,Golden Globe Awards,Best Supporting Actress – Motion Picture,Rosemary's Baby,Won
Ruth Gordon,1971,Golden Globe Awards,Best Actress in a Motion Picture – Musical or Comedy,Harold & Maude,Nominated
Ruth Gordon,1976,Primetime Emmy Awards,Outstanding Single Performance by a Supporting Actress in a Comedy or Drama Series,Rhoda,Nominated
Ruth Gordon,1977,Primetime Emmy Awards,Outstanding Performance by a Supporting Actress in a Comedy or Drama Special,The Great Houdini,Nominated
Ruth Gordon,1979,Primetime Emmy Awards,Outstanding Lead Actress in a Comedy Series,Taxi,Won
Ruth Gordon,1985,Primetime Emmy Awards,Outstanding Individual Achievement – Informational Programming – Performing,The Secret World of the Very Young,Nominated
Ruth Gordon,1956,Tony Awards,Best Leading Actress in a Play,The Matchmaker,Nominated
Ruth Gordon,1949,Writers Guild of America Awards,Best Written Comedy,Adam's Rib,Nominated
Ruth Gordon,1950,Writers Guild of America Awards,Best Written Comedy,Adam's Rib,Nominated
Ruth Gordon,1952,Writers Guild of America Awards,Best Written Comedy,Pat and Mike,Nominated
Ruth Gordon,1952,The Marrying Kind,Writers Guild of America Awards,Best Written Comedy,Nominated
Ruth Gordon,1953,Writers Guild of America Awards,Best Written Comedy,The Actress,Nominated
