0,1,2,3
Independent Spirit Award for Best Director,2010,Danny Boyle,127 Hours
Independent Spirit Award for Best Director,2010,Lisa Cholodenko,The Kids Are All Right
Independent Spirit Award for Best Director,2010,Debra Granik,Winter's Bone
Independent Spirit Award for Best Director,2010,John Cameron Mitchell,Rabbit Hole
Independent Spirit Award for Best Director,2011,Mike Mills,Beginners
Independent Spirit Award for Best Director,2011,Jeff Nichols,Take Shelter
Independent Spirit Award for Best Director,2011,Alexander Payne,The Descendants
Independent Spirit Award for Best Director,2011,Nicolas Winding Refn,Drive
Independent Spirit Award for Best Director,2012,Wes Anderson,Moonrise Kingdom
Independent Spirit Award for Best Director,2012,Julia Loktev,The Loneliest Planet
Independent Spirit Award for Best Director,2012,Ira Sachs,Keep the Lights On
Independent Spirit Award for Best Director,2012,Benh Zeitlin,Beasts of the Southern Wild
Independent Spirit Award for Best Director,2013,Shane Carruth,Upstream Color
Independent Spirit Award for Best Director,2013,J. C. Chandor,All Is Lost
Independent Spirit Award for Best Director,2013,Jeff Nichols,Mud
Independent Spirit Award for Best Director,2013,Alexander Payne,Nebraska
Independent Spirit Award for Best Director,2014,Damien Chazelle,Whiplash
Independent Spirit Award for Best Director,2014,Ava DuVernay,Selma
Independent Spirit Award for Best Director,2014,Alejandro G. Iñárritu,Birdman or (The Unexpected Virtue of Ignorance)
Independent Spirit Award for Best Director,2014,David Zellner,"Kumiko, the Treasure Hunter"
Independent Spirit Award for Best Director,2015,Sean Baker,Tangerine
Independent Spirit Award for Best Director,2015,Cary Joji Fukunaga,Beasts of No Nation
Independent Spirit Award for Best Director,2015,Todd Haynes,Carol
Independent Spirit Award for Best Director,2015,Charlie Kaufman and Duke Johnson,Anomalisa
Independent Spirit Award for Best Director,2015,David Robert Mitchell,It Follows
Independent Spirit Award for Best Director,2016,Andrea Arnold,American Honey
Independent Spirit Award for Best Director,2016,Pablo Larraín,Jackie
Independent Spirit Award for Best Director,2016,Jeff Nichols,Loving
Independent Spirit Award for Best Director,2016,Kelly Reichardt,Certain Women
Independent Spirit Award for Best Director,2017,Sean Baker,The Florida Project
Independent Spirit Award for Best Director,2017,Jonas Carpignano,A Ciambra
Independent Spirit Award for Best Director,2017,Luca Guadagnino,Call Me by Your Name
Independent Spirit Award for Best Director,2017,Safdie Brothers,Good Time
Independent Spirit Award for Best Director,2017,Chloé Zhao,The Rider
Independent Spirit Award for Best Director,2018,Barry Jenkins,If Beale Street Could Talk
Independent Spirit Award for Best Director,2018,Debra Granik,Leave No Trace
Independent Spirit Award for Best Director,2018,Tamara Jenkins,Private Life
Independent Spirit Award for Best Director,2018,Lynne Ramsay,You Were Never Really Here
Independent Spirit Award for Best Director,2018,Paul Schrader,First Reformed
Independent Spirit Award for Best Director,2019,Safdie Brothers,Uncut Gems
Independent Spirit Award for Best Director,2019,Robert Eggers,The Lighthouse
Independent Spirit Award for Best Director,2019,Alma Har'el,Honey Boy
Independent Spirit Award for Best Director,2019,Julius Onah,Luce
Independent Spirit Award for Best Director,2019,Lorene Scafaria,Hustlers
