0,1,2,3
Janet Heidiger Kafka Prize,Jessamyn West,The Massacre at Fall Creek,"Harcourt, Brace, Jovanovich"
Janet Heidiger Kafka Prize,Mary Gordon,Final Payments,Random House
Janet Heidiger Kafka Prize,Barbara Chase-Riboud,Sally Hemings,Viking Press
Janet Heidiger Kafka Prize,Mary Lee Settle,The Killing Ground,"Farrar, Straus and Giroux"
Janet Heidiger Kafka Prize,Joan Chase,During the Reign of the Queen of Persia,Harper & Row
Janet Heidiger Kafka Prize,Rosellen Brown,Civil Wars,Alfred A. Knopf
Janet Heidiger Kafka Prize,Hortense Calisher,The Bobby Soxer,Doubleday
Janet Heidiger Kafka Prize,Gail Godwin,A Southern Family,William Morrow and Company
Janet Heidiger Kafka Prize,Kathryn Davis,Labrador,"Farrar, Straus and Giroux"
Janet Heidiger Kafka Prize,Marianne Wiggins,John Dollar,Harper & Row
Janet Heidiger Kafka Prize,Sherri Szeman,The Kommandant’s Mistress,HarperCollins
Janet Heidiger Kafka Prize,Ann Patchett,Taft,Houghton Mifflin Harcourt
Janet Heidiger Kafka Prize,Melissa Pritchard,The Instinct for Bliss,Zoland Books
Janet Heidiger Kafka Prize,Cristina García,The Agüero Sisters,Alfred A. Knopf
Janet Heidiger Kafka Prize,Nicole Mones,Lost in Translation,Dell Publishing
Janet Heidiger Kafka Prize,Susan Hubbard,Blue Money,University of Missouri Press
Janet Heidiger Kafka Prize,Carrie Brown,The Hatbox Baby,Workman Publishing Company
Janet Heidiger Kafka Prize,Edie Meidav,The Far Field: A Novel of Ceylon,Houghton Mifflin Harcourt
Janet Heidiger Kafka Prize,Joyce Hackett,Disturbance of the Inner Ear,Carroll & Graf
Janet Heidiger Kafka Prize,Kate Moses,Wintering,St. Martin's Press
Janet Heidiger Kafka Prize,Sarah Shun-lien Bynum,Madeleine Is Sleeping,Harcourt
Janet Heidiger Kafka Prize,Jill Ciment,The Tattoo Artist,Pantheon Books
Janet Heidiger Kafka Prize,Nell Freudenberger,The Dissident,Ecco Press
Janet Heidiger Kafka Prize,Miranda Beverly-Whittemore,Set Me Free,Warner Books
Janet Heidiger Kafka Prize,Saher Alam,The Groom to Have Been,Spiegel & Grau
Janet Heidiger Kafka Prize,Isla Morley,Come Sunday,"Farrar, Straus and Giroux"
Janet Heidiger Kafka Prize,Linda LeGarde Grover,The Dance Boots,University of Georgia Press
Janet Heidiger Kafka Prize,Amy Waldman,The Submission,"Farrar, Straus and Giroux"
Janet Heidiger Kafka Prize,Anna Keesey,Little Century,"Farrar, Straus and Giroux"
Janet Heidiger Kafka Prize,Ru Freeman,On Sal Mal Lane,Graywolf Press
Janet Heidiger Kafka Prize,Jacinda Townsend,Saint Monkey,W. W. Norton & Company
Janet Heidiger Kafka Prize,Mia Alvar,In the Country,Alfred A. Knopf
Janet Heidiger Kafka Prize,Elizabeth Poliner,As Close to Us as Breathing,Lee Boudreaux Books
Janet Heidiger Kafka Prize,Marian Crotty,What Counts as Love,University of Iowa Press
Janet Heidiger Kafka Prize,Tiffany Quay Tyson,The Past Is Never,Simon & Schuster
Janet Heidiger Kafka Prize,Margaret Wilkerson Sexton,The Revisioners,Counterpoint
Janet Heidiger Kafka Prize,Danielle Evans,The Office of Historical Corrections,Riverhead Books
Janet Heidiger Kafka Prize,Rebecca Sacks,City of a Thousand Gates,HarperCollins
