0,1,2,3,4
Paper Moon (movie),David di Donatello Awards,Best Foreign Actress,Tatum O'Neal,Won
Paper Moon (movie),Golden Globe Awards,Best Motion Picture – Musical or Comedy,Best Motion Picture – Musical or Comedy,Nominated
Paper Moon (movie),Golden Globe Awards,Best Actor in a Motion Picture – Musical or Comedy,Ryan O'Neal,Nominated
Paper Moon (movie),Golden Globe Awards,Best Actress in a Motion Picture – Musical or Comedy,Tatum O'Neal,Nominated
Paper Moon (movie),Golden Globe Awards,Best Supporting Actress – Motion Picture,Madeline Kahn,Nominated
Paper Moon (movie),Golden Globe Awards,Best Director – Motion Picture,Peter Bogdanovich,Nominated
Paper Moon (movie),Golden Globe Awards,Most Promising Newcomer – Female,Tatum O'Neal,Won
Paper Moon (movie),Kansas City Film Critics Circle Awards,Best Supporting Actress,Madeline Kahn,Won
Paper Moon (movie),Nastro d'Argento,Best Foreign Director,Peter Bogdanovich,Nominated
Paper Moon (movie),National Board of Review Awards,Top Ten Films,Top Ten Films,2nd Place
Paper Moon (movie),National Society of Film Critics Awards,Best Supporting Actress,P.J. Johnson,Nominated
Paper Moon (movie),San Sebastián International Film Festival,Silver Seashell,Peter Bogdanovich,Won
Paper Moon (movie),San Sebastián International Film Festival,Special Prize of the Jury,Peter Bogdanovich,Won
Paper Moon (movie),Writers Guild of America Awards,Best Comedy Adapted from Another Medium,Alvin Sargent,Won
