0,1,2,3,4,5,6,7
1916,New York,Republican,American,Charles Evans Hughes,Charles W. Fairbanks,"10,172",0.60 / 100
1936,New York,Democratic,American Labor,Franklin D. Roosevelt,John Nance Garner,"274,924",4.91 / 100
1940,New York,Democratic,American Labor,Franklin D. Roosevelt,Henry A. Wallace,"417,418",6.62 / 100
1940,South Carolina,Republican,Jeffersonian Democratic,Wendell Willkie,Charles L. McNary,"2,496",2.50 / 100
1944,New York,Democratic,American Labor,Franklin D. Roosevelt,Harry S. Truman,"496,405",7.86 / 100
1944,New York,Democratic,Liberal,Franklin D. Roosevelt,Harry S. Truman,"329,235",5.21 / 100
1948,Mississippi,Democratic,National Democratic,Harry S. Truman,Alben W. Barkley,"19,384",10.09 / 100
1948,New York,Democratic,Liberal,Harry S. Truman,Alben W. Barkley,"222,562",3.60 / 100
1948,Mississippi,Republican,Independent Republican,Thomas E. Dewey,Earl Warren,"2,448",1.27 / 100
1952,New York,Democratic,Liberal,Adlai Stevenson II,John Sparkman,"416,711",5.85 / 100
1952,South Carolina,Republican,Independent,Dwight D. Eisenhower,Richard Nixon,"158,289",46.41 / 100
1956,New York,Democratic,Liberal,Adlai Stevenson II,Estes Kefauver,"292,557",4.12 / 100
1956,Mississippi,Republican,Black & Tan Republican,Dwight D. Eisenhower,Richard Nixon,"4,313",1.74 / 100
1960,New York,Democratic,Liberal,John F. Kennedy,Lyndon B. Johnson,"406,176",5.57 / 100
1964,New York,Democratic,Liberal,Lyndon B. Johnson,Hubert Humphrey,"342,432",4.78 / 100
1968,Alabama,Democratic,Independent Democrat,Hubert Humphrey,Edmund Muskie,"142,435",13.57 / 100
1968,Alabama,Democratic,National Democratic,Hubert Humphrey,Edmund Muskie,"54,144",5.16 / 100
1968,New York,Democratic,Liberal,Hubert Humphrey,Edmund Muskie,"311,622",4.59 / 100
1972,Alabama,Democratic,National Democratic,George McGovern,Sargent Shriver,"183,128",3.76 / 100
1972,New York,Democratic,Liberal,George McGovern,Sargent Shriver,"183,128",2.56 / 100
1972,New York,Republican,Conservative,Richard Nixon,Spiro Agnew,"368,136",5.14 / 100
1976,New York,Democratic,Liberal,Jimmy Carter,Walter Mondale,"145,393",2.23 / 100
1976,New York,Republican,Conservative,Gerald Ford,Bob Dole,"274,878",4.21 / 100
1980,New York,Republican,Conservative,Ronald Reagan,George H. W. Bush,"256,131",4.13 / 100
1984,New York,Democratic,Liberal,Walter Mondale,Geraldine Ferraro,"118,324",1.74 / 100
1984,New York,Republican,Conservative,Ronald Reagan,George H. W. Bush,"288,244",4.23 / 100
1988,New York,Democratic,Liberal,Michael Dukakis,Lloyd Bentsen,"92,395",1.42 / 100
1988,New York,Republican,Conservative,George H. W. Bush,Dan Quayle,"243,457",3.75 / 100
1992,New York,Democratic,Liberal,Bill Clinton,Al Gore,"97,556",1.41 / 100
1992,New York,Republican,Conservative,George H. W. Bush,Dan Quayle,"177,000",2.56 / 100
1992,New York,Republican,Right to Life,George H. W. Bush,Dan Quayle,"127,959",1.85 / 100
1996,New York,Democratic,Liberal,Bill Clinton,Al Gore,"106,547",1.69 / 100
1996,New York,Republican,Conservative,Bob Dole,Jack Kemp,"183,392",2.90 / 100
1996,New York,Republican,Freedom,Bob Dole,Jack Kemp,"11,393",0.18 / 100
2000,New York,Democratic,Working Families,Al Gore,Joe Lieberman,"88,395",1.30 / 100
2000,New York,Democratic,Liberal,Al Gore,Joe Lieberman,"77,087",1.13 / 100
2000,New York,Republican,Conservative,George W. Bush,Dick Cheney,"144,797",2.12 / 100
2004,New York,Democratic,Working Families,John Kerry,John Edwards,"133,525",1.81 / 100
2004,New York,Republican,Conservative,George W. Bush,Dick Cheney,"155,574",2.10 / 100
2008,New York,Democratic,Working Families,Barack Obama,Joe Biden,"159,613",2.09 / 100
2008,New York,Republican,Conservative,John McCain,Sarah Palin,"170,475",2.23 / 100
2008,New York,Republican,Independence,John McCain,Sarah Palin,"163,973",2.15 / 100
2012,New York,Democratic,Working Families,Barack Obama,Joe Biden,"148,119",2.09 / 100
2012,New York,Republican,Conservative,Mitt Romney,Paul Ryan,"262,371",3.71 / 100
2016,New York,Democratic,Working Families,Hillary Clinton,Tim Kaine,"138,843",1.80 / 100
2016,New York,Democratic,Women's Equality,Hillary Clinton,Tim Kaine,"35,706",0.46 / 100
2016,New York,Republican,Conservative,Donald Trump,Mike Pence,"288,873",3.75 / 100
2020,New York,Democratic,Working Families,Joe Biden,Kamala Harris,"386,010",4.49 / 100
2020,New York,Republican,Conservative,Donald Trump,Mike Pence,"295,657",3.44 / 100
