0,1,2,3
Saturn Award for Best Direction,1977(5th),Nicolas Gessner,The Little Girl Who Lives Down the Lane
Saturn Award for Best Direction,1977(5th),Carl Reiner,"Oh, God!"
Saturn Award for Best Direction,1977(5th),Don Taylor,The Island of Dr. Moreau
Saturn Award for Best Direction,1978(6th),Warren Beatty and Buck Henry,Heaven Can Wait
Saturn Award for Best Direction,1978(6th),Richard Donner,Superman
Saturn Award for Best Direction,1978(6th),Robin Hardy,The Wicker Man
Saturn Award for Best Direction,1978(6th),Franklin J. Schaffner,The Boys from Brazil
Saturn Award for Best Direction,1979(7th),John Badham,Dracula
Saturn Award for Best Direction,1979(7th),Nicholas Meyer,Time After Time
Saturn Award for Best Direction,1979(7th),Peter Weir,The Last Wave
Saturn Award for Best Direction,1979(7th),Robert Wise,Star Trek: The Motion Picture
