0,1,2,3
American Sniper (film) controversies,Best Actor,Bradley Cooper,Nominated
American Sniper (film) controversies,Excellence in Production Design for a Contemporary Film,"James J. Murakami, Charisse Cardenas",Nominated
American Sniper (film) controversies,Best Edited Feature Film – Dramatic,Joel Cox and Gary D. Roach,Nominated
American Sniper (film) controversies,Top Ten Films of the Year,,Won
American Sniper (film) controversies,Best Adapted Screenplay,Jason Hall,Nominated
American Sniper (film) controversies,Best Sound,"Walt Martin, John Reitz, Gregg Rudloff, Alan Robert Murray, Bub Asman",Nominated
American Sniper (film) controversies,Outstanding Achievement in Sound Mixing for a Motion Picture – Live Action,"Walt Martin, Gregg Rudloff, John Reitz, Robert Fernandez, Thomas J. O'Connell, James Ashwell",Nominated
American Sniper (film) controversies,Best Action Movie,American Sniper,Nominated
American Sniper (film) controversies,Best Actor in an Action Movie,Bradley Cooper,Won
American Sniper (film) controversies,Best Picture,American Sniper,Won
American Sniper (film) controversies,Best Director,Clint Eastwood,Nominated
American Sniper (film) controversies,Best Actor,Bradley Cooper (tied with Ralph Fiennes in The Grand Budapest Hotel),Won
American Sniper (film) controversies,Best Supporting Actress,Sienna Miller,Nominated
American Sniper (film) controversies,Best Adapted Screenplay,Jason Hall,Nominated
American Sniper (film) controversies,Best Cinematography,Tom Stern,Nominated
American Sniper (film) controversies,Outstanding Directing – Feature Film,Clint Eastwood,Nominated
American Sniper (film) controversies,Best Actor,Bradley Cooper,Nominated
American Sniper (film) controversies,Best Movie Yet to Open in Iowa,American Sniper (tied with A Most Violent Year),Won
American Sniper (film) controversies,Feature English Language - Effects/Foley,"Bub Asman, Alan Robert Murray",Won
American Sniper (film) controversies,Movie of the Year,American Sniper,Nominated
American Sniper (film) controversies,Best Male Performance,Bradley Cooper,Won
American Sniper (film) controversies,Top Ten Film,,Won
American Sniper (film) controversies,Best Director,Clint Eastwood,Won
American Sniper (film) controversies,Best Theatrical Motion Picture,"Bradley Cooper, Clint Eastwood, Andrew Lazar, Robert Lorenz, Peter Morgan",Nominated
American Sniper (film) controversies,Best Adapted Screenplay,Jason Hall,Nominated
American Sniper (film) controversies,Best Editing,Gary Roach and Joel Cox,Nominated
American Sniper (film) controversies,Best Thriller Film,American Sniper,Nominated
American Sniper (film) controversies,Best Adapted Screenplay,Jason Hall,Nominated
