0,1,2,3,4
L'ultimo imperatore,Academy Awards,Best Screenplay – Based on Material from Another Medium,Mark Peploe and Bernardo Bertolucci,Won
L'ultimo imperatore,American Cinema Editors Awards,Best Edited Feature Film,Gabriella Cristiani,Won
L'ultimo imperatore,American Society of Cinematographers Awards,Outstanding Achievement in Cinematography in Theatrical Releases,Vittorio Storaro,Nominated
L'ultimo imperatore,Artios Awards,Best Casting for Feature Film – Drama,Joanna Merlin,Won
L'ultimo imperatore,ASECAN Awards,Best Foreign Film,Bernardo Bertolucci,Won
L'ultimo imperatore,Association of Polish Filmmakers Critics Awards,Best Foreign Film,Bernardo Bertolucci,Won
L'ultimo imperatore,Boston Society of Film Critics Awards,Best Cinematography,Vittorio Storaro,Won
L'ultimo imperatore,British Academy Film Awards,Best Film,Jeremy Thomas and Bernardo Bertolucci,Won
L'ultimo imperatore,British Academy Film Awards,Best Direction,Bernardo Bertolucci,Nominated
L'ultimo imperatore,British Academy Film Awards,Best Actor in a Supporting Role,Peter O'Toole,Nominated
L'ultimo imperatore,British Academy Film Awards,Best Cinematography,Vittorio Storaro,Nominated
L'ultimo imperatore,British Academy Film Awards,Best Costume Design,James Acheson,Won
L'ultimo imperatore,British Academy Film Awards,Best Editing,Gabriella Cristiani,Nominated
L'ultimo imperatore,British Academy Film Awards,Best Make Up Artist,Fabrizio Sforza,Won
L'ultimo imperatore,British Academy Film Awards,Best Original Score,"Ryuichi Sakamoto, David Byrne and Cong Su",Nominated
L'ultimo imperatore,British Academy Film Awards,Best Production Design,Ferdinando Scarfiotti,Nominated
L'ultimo imperatore,British Academy Film Awards,Best Sound,"Ivan Sharrock, Bill Rowe and Les Wiggins",Nominated
L'ultimo imperatore,British Academy Film Awards,Best Special Effects,Giannetto De Rossi and Fabrizio Martinelli,Nominated
L'ultimo imperatore,British Society of Cinematographers,Best Cinematography in a Theatrical Feature Film,Vittorio Storaro,Won
L'ultimo imperatore,Cahiers du Cinéma,Best Film,Bernardo Bertolucci,5th Place
L'ultimo imperatore,César Awards,Best Foreign Film,Bernardo Bertolucci,Won
L'ultimo imperatore,César Awards,Best Poster,Philippe Lemoine,Nominated
L'ultimo imperatore,David di Donatello Awards,Best Film,Best Film,Won
L'ultimo imperatore,David di Donatello Awards,Best Director,Bernardo Bertolucci,Won
L'ultimo imperatore,David di Donatello Awards,Best Producer,"Jeremy Thomas, Franco Giovale and Joyce Herlihy",Won
L'ultimo imperatore,David di Donatello Awards,Best Supporting Actor,Peter O'Toole,Won
L'ultimo imperatore,David di Donatello Awards,Best Supporting Actress,Vivian Wu,Nominated
L'ultimo imperatore,David di Donatello Awards,Best Screenplay,Mark Peploe and Bernardo Bertolucci,Won
L'ultimo imperatore,David di Donatello Awards,Best Cinematography,Vittorio Storaro,Won
L'ultimo imperatore,David di Donatello Awards,Best Costume Design,James Acheson and Ugo Pericoli,Won
L'ultimo imperatore,David di Donatello Awards,Best Editing,Gabriella Cristiani,Won
L'ultimo imperatore,David di Donatello Awards,Best Production Design,"Ferdinando Scarfiotti, Bruno Cesari and Osvaldo Desideri",Won
L'ultimo imperatore,Directors Guild of America Awards,Outstanding Directorial Achievement in Motion Pictures,Bernardo Bertolucci,Won
L'ultimo imperatore,European Film Awards,Special Jury Award,Bernardo Bertolucci,Won
L'ultimo imperatore,Faro Island Film Festival,Best Film (Audience Award),Best Film (Audience Award),Won
L'ultimo imperatore,Faro Island Film Festival,Best Film (Golden Train Award),Bernardo Bertolucci,Nominated
L'ultimo imperatore,Faro Island Film Festival,Grand Jury Prize (Golden Train Award),Bernardo Bertolucci,Won
L'ultimo imperatore,Faro Island Film Festival,Best Actor,John Lone,Won
L'ultimo imperatore,Faro Island Film Festival,Best Actress,Joan Chen,Won
L'ultimo imperatore,Golden Ciak Awards,Best Film,Bernardo Bertolucci,Won
L'ultimo imperatore,Golden Ciak Awards,Best Director,Bernardo Bertolucci,Won
L'ultimo imperatore,Golden Ciak Awards,Best Screenplay,Mark Peploe and Bernardo Bertolucci,Nominated
L'ultimo imperatore,Golden Ciak Awards,Best Cinematography,Vittorio Storaro,Won
L'ultimo imperatore,Golden Ciak Awards,Best Production Design,"Ferdinando Scarfiotti, Bruno Cesari and Osvaldo Desideri",Won
L'ultimo imperatore,Golden Globe Awards,Best Motion Picture – Drama,Best Motion Picture – Drama,Won
L'ultimo imperatore,Golden Globe Awards,Best Actor in a Motion Picture – Drama,John Lone,Nominated
L'ultimo imperatore,Golden Globe Awards,Best Director – Motion Picture,Bernardo Bertolucci,Won
L'ultimo imperatore,Golden Globe Awards,Best Screenplay – Motion Picture,"Bernardo Bertolucci, Mark Peploe and Enzo Ungari",Won
L'ultimo imperatore,Golden Globe Awards,Best Original Score – Motion Picture,"Ryuichi Sakamoto, David Byrne and Cong Su",Won
L'ultimo imperatore,Golden Rooster Awards,Best Property,Yang Guozhi/Cui Tian,Nominated
L'ultimo imperatore,Goldene Kamera,Golden Screen,Golden Screen,Nominated
L'ultimo imperatore,Grammy Awards,Best Album of Original Instrumental Background Score Written for a Motion Picture or Television,"Ryuichi Sakamoto, David Byrne and Cong Su",Won
L'ultimo imperatore,Guild of German Art House Cinemas,Best Foreign Film,Bernardo Bertolucci,Won
L'ultimo imperatore,Hochi Film Awards,Best Foreign Language Film,Bernardo Bertolucci,Won
L'ultimo imperatore,Japan Academy Film Prize,Outstanding Foreign Language Film,Outstanding Foreign Language Film,Won
L'ultimo imperatore,Joseph Plateau Awards,Best Foreign Film,Best Foreign Film,Won
L'ultimo imperatore,Kinema Junpo Awards,Best Foreign Language Film,Bernardo Bertolucci,Won
L'ultimo imperatore,Los Angeles Film Critics Association Awards,Best Film,Best Film,Runner-up
L'ultimo imperatore,Los Angeles Film Critics Association Awards,Best Cinematography,Vittorio Storaro,Won
L'ultimo imperatore,Los Angeles Film Critics Association Awards,Best Music,"Ryuichi Sakamoto, David Byrne and Cong Su",Won
L'ultimo imperatore,Nastro d'Argento,Best Director,Bernardo Bertolucci,Won
L'ultimo imperatore,Nastro d'Argento,Best Cinematography,Vittorio Storaro,Won
L'ultimo imperatore,Nastro d'Argento,Best Production Design,Ferdinando Scarfiotti,Won
L'ultimo imperatore,Nastro d'Argento,Best Technical Qualities,Gabriella Cristiani,Won
L'ultimo imperatore,Nastro d'Argento,Best Male Dubbing,Giuseppe Rinaldi (for dubbing Peter O'Toole),Won
L'ultimo imperatore,National Board of Review Awards (1987),Top Ten Films,Top Ten Films,2nd Place
L'ultimo imperatore,National Board of Review Awards (1998),Freedom of Expression,Bernardo Bertolucci,Won
L'ultimo imperatore,National Society of Film Critics Awards,Best Film,Best Film,3rd Place
L'ultimo imperatore,New York Film Critics Circle Awards,Best Cinematographer,Vittorio Storaro,Won
L'ultimo imperatore,Nikkan Sports Film Awards,Best Foreign Film,Best Foreign Film,Won
L'ultimo imperatore,Sant Jordi Awards,Best Foreign Film,Bernardo Bertolucci,Won
L'ultimo imperatore,SESC Film Festival,Best Foreign Film,Bernardo Bertolucci,Won
L'ultimo imperatore,Turkish Film Critics Association Awards,Best Foreign Film,Best Foreign Film,4th Place
L'ultimo imperatore,Writers Guild of America Awards,Best Screenplay – Written Directly for the Screen,Mark Peploe and Bernardo Bertolucci,Nominated
