0,1,2,3,4
Cesar Award for Best Director,1990(15th),Alain Corneau,Indian Nocturne,Nocturne indien
Cesar Award for Best Director,1990(15th),Miloš Forman,Valmont,Valmont
Cesar Award for Best Director,1990(15th),Patrice Leconte,Mr. Hire,Monsieur Hire
Cesar Award for Best Director,1990(15th),Bertrand Tavernier,Life and Nothing But,La Vie et rien d'autre
Cesar Award for Best Director,1991(16th),Claude Berri,Uranus,Uranus
Cesar Award for Best Director,1991(16th),Luc Besson,La Femme Nikita,Nikita
Cesar Award for Best Director,1991(16th),Jacques Doillon,The Little Gangster,Le Petit Criminel
Cesar Award for Best Director,1991(16th),Patrice Leconte,The Hairdresser's Husband,Le Mari de la coiffeuse
Cesar Award for Best Director,1992(17th),Bertrand Blier,Thank You Life,Merci la vie
Cesar Award for Best Director,1992(17th),Maurice Pialat,Van Gogh,Van Gogh
Cesar Award for Best Director,1992(17th),Jacques Rivette,The Beautiful Troublemaker,La Belle Noiseuse
Cesar Award for Best Director,1992(17th),André Téchiné,I Don't Kiss,J'embrasse pas
Cesar Award for Best Director,1993(18th),Cyril Collard,Savage Nights,Les Nuits fauves
Cesar Award for Best Director,1993(18th),Christine Pascal,And the Little Prince Said,Le Petit Prince a dit
Cesar Award for Best Director,1993(18th),Bertrand Tavernier,L.627,L.627
Cesar Award for Best Director,1993(18th),Régis Wargnier,Indochine,Indochine
Cesar Award for Best Director,1994(19th),Claude Berri,Germinal,Germinal
Cesar Award for Best Director,1994(19th),Bertrand Blier,"1, 2, 3, Sun","Un, deux, trois, soleil"
Cesar Award for Best Director,1994(19th),Krzysztof Kieślowski,Three Colours: Blue,Trois couleurs: Bleu
Cesar Award for Best Director,1994(19th),Jean-Marie Poiré,The Visitors,Les Visiteurs
Cesar Award for Best Director,1994(19th),André Téchiné,My Favourite Season,Ma saison préférée
Cesar Award for Best Director,1995(20th),André Téchiné,Wild Reeds,Les Roseaux sauvages
Cesar Award for Best Director,1995(20th),Luc Besson,Léon,Léon
Cesar Award for Best Director,1995(20th),Patrice Chéreau,Queen Margot,La Reine Margot
Cesar Award for Best Director,1995(20th),Nicole Garcia,The Favourite Son,Le Fils préféré
Cesar Award for Best Director,1995(20th),Krzysztof Kieślowski(nominated for the Academy Award),Three Colours: Red,Trois couleurs: Rouge
Cesar Award for Best Director,1996(21st),Étienne Chatiliez,Happiness Is in the Field,Le Bonheur est dans le pré
Cesar Award for Best Director,1996(21st),Claude Chabrol,The Ceremony,La Cérémonie
Cesar Award for Best Director,1996(21st),Josiane Balasko,French Twist,Gazon maudit
Cesar Award for Best Director,1996(21st),Mathieu Kassovitz,Hate,La Haine
Cesar Award for Best Director,1996(21st),Jean-Paul Rappeneau,The Horseman on the Roof,Le Hussard sur le toit
Cesar Award for Best Director,1997(22nd),Jacques Audiard,A Self Made Hero,Un héros très discret
Cesar Award for Best Director,1997(22nd),Cédric Klapisch,Family Resemblances,Un air de famille
Cesar Award for Best Director,1997(22nd),André Téchiné,Thieves,Les Voleurs
Cesar Award for Best Director,1998(23rd),Alain Corneau,The Cousin,Le Cousin
Cesar Award for Best Director,1998(23rd),Robert Guédiguian,Marius and Jeannette,Marius et Jeannette
Cesar Award for Best Director,1998(23rd),Manuel Poirier,Western,Western
Cesar Award for Best Director,1998(23rd),Alain Resnais,Same Old Song,On connaît la chanson
Cesar Award for Best Director,1999(24th),Patrice Chéreau,Those Who Love Me Can Take the Train,Ceux qui m'aiment prendront le train
Cesar Award for Best Director,1999(24th),Nicole Garcia,Place Vendôme,None
Cesar Award for Best Director,1999(24th),Gérard Pirès,Taxi,Taxi
Cesar Award for Best Director,1999(24th),Francis Veber,The Dinner Game,Le Dîner de cons
Cesar Award for Best Director,1999(24th),Erick Zonca,The Dreamlife of Angels,La Vie rêvée des anges
