0,1,2,3
Outstanding Game Show Host,Tom Bergeron ,Hollywood Squares,Syndicated
Outstanding Game Show Host,Regis Philbin,Who Wants to Be a Millionaire,ABC
Outstanding Game Show Host,Pat Sajak,Wheel of Fortune,Syndicated
Outstanding Game Show Host,Alex Trebek,Jeopardy!,Syndicated
Outstanding Game Show Host,Regis Philbin ,Who Wants to Be a Millionaire,ABC
Outstanding Game Show Host,Tom Bergeron,Hollywood Squares,Syndicated
Outstanding Game Show Host,Ben Stein & Jimmy Kimmel,Win Ben Stein's Money,Comedy Central
Outstanding Game Show Host,Alex Trebek,Jeopardy!,Syndicated
Outstanding Game Show Host,Pat Sajak,Wheel of Fortune,Syndicated
Outstanding Game Show Host,Ben Stein & Nancy Pimental,Win Ben Stein's Money,Comedy Central
Outstanding Game Show Host,Alex Trebek,Jeopardy!,Syndicated
Outstanding Game Show Host,Alex Trebek ,Jeopardy!,Syndicated
Outstanding Game Show Host,Tom Bergeron,Hollywood Squares,Syndicated
Outstanding Game Show Host,Donny Osmond,Pyramid,Syndicated
Outstanding Game Show Host,Pat Sajak,Wheel of Fortune,Syndicated
Outstanding Game Show Host,Ben Stein & Sal Iacono,Win Ben Stein's Money,Comedy Central
Outstanding Game Show Host,Alex Trebek,Jeopardy!,Syndicated
Outstanding Game Show Host,Meredith Vieira,Who Wants to Be a Millionaire,Syndicated
Outstanding Game Show Host,Meredith Vieira ,Who Wants to Be a Millionaire,Syndicated
Outstanding Game Show Host,Alex Trebek,Jeopardy!,Syndicated
Outstanding Game Show Host,Alex Trebek ,Jeopardy!,Syndicated
Outstanding Game Show Host,Meredith Vieira,Who Wants to Be a Millionaire,Syndicated
Outstanding Game Show Host,Ben Bailey,Cash Cab,Discovery Channel
Outstanding Game Show Host,Pat Sajak,Wheel of Fortune,Syndicated
Outstanding Game Show Host,Alex Trebek,Jeopardy!,Syndicated
Outstanding Game Show Host,Meredith Vieira,Who Wants to Be a Millionaire,Syndicated
Outstanding Game Show Host,Alex Trebek ,Jeopardy!,Syndicated
Outstanding Game Show Host,Ben Bailey,Cash Cab,Discovery Channel
Outstanding Game Show Host,Pat Sajak,Wheel of Fortune,Syndicated
Outstanding Game Show Host,Meredith Vieira ,Who Wants to Be a Millionaire,Syndicated
Outstanding Game Show Host,Ben Bailey,Cash Cab,Discovery Channel
Outstanding Game Show Host,Howie Mandel,Deal or No Deal,NBC
Outstanding Game Show Host,Alex Trebek,Jeopardy!,Syndicated
