0,1,2,3,4,5
Lauren Ambrose,2002,Primetime Emmy Awards,Outstanding Supporting Actress in a Drama Series,Six Feet Under,Nominated
Lauren Ambrose,2002,Teen Choice Awards,Choice TV Drama Actress,Six Feet Under,Nominated
Lauren Ambrose,2003,Primetime Emmy Awards,Outstanding Supporting Actress in a Drama Series,Six Feet Under,Nominated
Lauren Ambrose,2009,Satellite Awards,Best Actress – Miniseries or Television Film,Loving Leah,Nominated
Lauren Ambrose,2012,Independent Spirit Awards,Best Female Lead,Think of Me,Nominated
Lauren Ambrose,2012,Saturn Awards,Best Supporting Actress on Television,Torchwood: Miracle Day,Nominated
Lauren Ambrose,2018,Tony Award,Best Actress in a Musical,My Fair Lady,Nominated
Lauren Ambrose,2018,Drama League Award,Distinguished Performance,My Fair Lady,Nominated
Lauren Ambrose,2018,Outer Critics Circle Award,Outstanding Actress in a Musical,My Fair Lady,Won
Lauren Ambrose,2019,Grammy Award,Best Musical Theater Album,My Fair Lady,Nominated
Lauren Ambrose,2021,SEC Awards,Best Actress in a Thriller Series,Servant,Nominated
Lauren Ambrose,2022,Critics' Choice Super Award,Best Actress in a Horror Series,Servant,Nominated
