0,1,2,3
2020,I Still Believe,Jeremy Camp,KJ Apa
2020,Chhapaak,Laxmi Agarwal,Deepika Padukone
2020,Misbehaviour,Sally Alexander,Keira Knightley
2020,Misbehaviour,Jennifer Hosten - Miss Grenada,Gugu Mbatha-Raw
2020,Capone,Al Capone,Tom Hardy
2020,Roe v. Wade,Bernard Nathanson,Nick Loeb
2020,Gunjan Saxena: The Kargil Girl,Gunjan Saxena,Janhvi Kapoor
2020,Leap,Lang Ping,Gong Li
2020,Leave 'em Laughing,Dick Shawn,Matthew Glave
2020,Escape from Pretoria,Tim Jenkin,Daniel Radcliffe
2020,Escape from Pretoria,Stephen Lee,Daniel Webber
2020,Escape from Pretoria,Denis Goldberg,Ian Hart
2020,Escape from Pretoria,Leonard Fontaine,Mark Leonard Winter
2020,Dream Horse,Jan Vokes,Toni Collette
2020,Dream Horse,Philip Hobbs,Nicholas Farrell
2020,Suarez: The Healing Priest,Fernando Suarez,John Arcilla (older)Jin Macapagal (young)
2020,The Clark Sisters: First Ladies of Gospel,Twinkie Clark,Christina Bell
2020,The Clark Sisters: First Ladies of Gospel,Karen Clark Sheard,Kierra Sheard
2020,The Clark Sisters: First Ladies of Gospel,Dorinda Clark-Cole,Sheléa Frazier
2020,The Clark Sisters: First Ladies of Gospel,Denise Clark-Bradford,Raven Goodwin
2020,The Clark Sisters: First Ladies of Gospel,Jacky Clark Chisholm,Angela Birchett
2020,Joe Bell,Joe Bell,Mark Wahlberg
2020,Joe Bell,Jadin Bell,Reid Miller
2020,Enfant Terrible,Rainer Werner Fassbinder,Oliver Masucci
2020,Streltsov,Eduard Streltsov,Alexander Petrov
2020,Tigers,Martin Bengtsson,Erik Enge
2020,The Glorias,Gloria Steinem,"Julianne Moore (older), Alicia Vikander (adult)Lulu Wilson (teen), Ryan Kira Armstrong (young)"
2020,Taanaji: The Unsung Warrior,Tanaji Malusare,Ajay Devgn
2020,Ammonite,Mary Anning,Kate Winslet
2020,Ammonite,Charlotte Murchison,Saoirse Ronan
2020,Mrs. America,Phyllis Schlafly,Cate Blanchett
2020,Mrs. America,Gloria Steinem,Rose Byrne
2020,Mrs. America,Shirley Chisholm,Uzo Aduba
2020,Mrs. America,Jill Ruckelshaus,Elizabeth Banks
2020,Mrs. America,Bella Abzug,Margo Martindale
2020,Mrs. America,Betty Friedan,Tracey Ullman
2020,Mrs. America,Fred Schlafly,John Slattery
2020,Worth,Kenneth Feinberg,Michael Keaton
2020,Adventures of a Mathematician,Stanislaw Ulam,Philippe Tlokinski
2020,De Gaulle,Charles de Gaulle,Lambert Wilson
2020,De Gaulle,Yvonne de Gaulle,Isabelle Carré
2020,Son of the South,Bob Zellner,Lucas Till
2020,Safety,Ray McElrathbey,Jay Reeves (older)Javien Jackson (young)
2020,Shirley,Shirley Jackson,Elisabeth Moss
2020,Shirley,Stanley Edgar Hyman,Michael Stuhlbarg
2020,Sergio,Sérgio Vieira de Mello,Wagner Moura
2020,Hamilton,Alexander Hamilton,Lin-Manuel Miranda
2020,Tesla,Nikola Tesla,Ethan Hawke
2020,AK-47,Mikhail Kalashnikov,Yuri Borisov
2020,The Courier,Greville Wynne,Benedict Cumberbatch
2020,Street Survivors: The True Story of the Lynyrd Skynyrd Plane Crash,Members of Lynyrd Skynyrd,Various Actors
2020,Josep,Josep Bartolí,Sergi López (voice)
2020,Self Made,Madam C. J. Walker,Octavia Spencer
2020,Mogul,Gulshan Kumar,Aamir Khan
2020,Selena: The Series,Selena Quintanilla,Christian Serratos (older)Madison Taylor Baez (young)
2020,Selena: The Series,A.B. Quintanilla,Gabriel Chavarria (older)Juan Martinez (young)
2020,Selena: The Series,Abraham Quintanilla,Ricardo Antonio Chavira (older)Brandol Ruiz (young)
2020,Selena: The Series,Suzette Quintanilla,Noemi Gonzalez (older)Daniela Estrada (young)
2020,Selena: The Series,Marcella Quintanilla,Seidy López (older)Aneasa Yacoub (young)
2020,Stardust,David Bowie,Johnny Flynn
2020,Critical Thinking,Mario Martinez,John Leguizamo
2020,Ma Rainey's Black Bottom,Ma Rainey,Viola Davis
2020,Beyond That Mountain,Stephen Kim Sou-hwan,Lee Kyung-hoon
2020,Tove,Tove Jansson,Alma Pöysti
2021,King Richard,Richard Williams,Will Smith
2021,Wendy Williams: The Movie,Wendy Williams,Ciera Payton
2021,Bhuj: The Pride of India,Vijay Karnik,Ajay Devgn
2021,Bhuj: The Pride of India,Ranchordas Pagi,Sanjay Dutt
2021,"Tick, Tick... Boom!",Jonathan Larson,Andrew Garfield
2021,Ted K,Ted Kaczynski,Sharlto Copley
2021,Ted Bundy: American Boogeyman,Ted Bundy,Chad Michael Murray
2021,Aileen Wuornos: American Boogeywoman,Aileen Wuornos,Peyton List
2021,Methagu,Velupillai Prabhakaran,Kutti Manni
2021,Main Mulayam Singh Yadav,Mulayam Singh Yadav,Amyth Sethi
2021,God of Cricket,Sachin Tendulkar,Sangram Singh
2021,Lansky,Meyer Lansky,Harvey Keitel (older)John Magaro (young)
2021,Nitram,Martin Bryant,Caleb Landry Jones
2021,Break Every Chain,Jonathan Hickory,Ignacyo Matynia
2021,Fear and Loathing in Aspen,Hunter S. Thompson,Jay Bulger
2021,The Woman Who Robbed the Stagecoach,Pearl Hart,Cat Roberts
2021,Ayinla,Ayinla Omowura,Lateef Adedimeji
2021,Man of God,Nectarios of Aegina,Aris Servetalis
2021,Margrete: Queen of the North,Margaret I of Denmark,Trine Dyrholm
2021,Zátopek,Emil Zátopek,Václav Neužil
2021,Zátopek,Dana Zátopková,Martha Issová
2021,Marakkar: Arabikadalinte Simham,Kunjali Marakkar IV,Mohanlal
2021,BMF,"Demetrius ""Big Meech"" Flenory",Demetrius Flenory Jr.
2021,BMF,Charles Flenory,Russell Hornsby
2021,BMF,Terry “Southwest T” Flenory,Da'Vinchi
2021,BMF,Lucille Flenory,Michole Briana White
2021,Dear Thomas,Thomas Brasch,Albrecht Schuch
2021,The Conjuring: The Devil Made Me Do It,Lorraine Warren,Vera Farmiga
2021,The Conjuring: The Devil Made Me Do It,Ed Warren,Patrick Wilson
2021,Spencer,"Diana, Princess of Wales",Kristen Stewart
2021,Badamasi,Ibrahim Babangida,Enyinna Nwigwe
2021,Munich – The Edge of War,Neville Chamberlain,Jeremy Irons
2021,Passport to Freedom,Aracy de Carvalho,Sophie Charlotte
2021,Passport to Freedom,João Guimarães Rosa,Rodrigo Lombardi
2021,The King of Laughter,Eduardo Scarpetta,Toni Servillo
2021,No Man of God,Bill Hagmaier,Elijah Wood
2021,No Man of God,Ted Bundy,Luke Kirby
2021,Toma,Toma Zdravković,Milan Marić
2021,Toma,Silvana Armenulić,Tamara Dragičević
2021,Eiffel,Gustave Eiffel,Romain Duris
2021,Benediction,Siegfried Sassoon,Jack Lowden (young)Peter Capaldi (older)
2021,Baggio: The Divine Ponytail,Roberto Baggio,Andrea Arcangeli
2021,The Harder They Fall,Nat Love,Jonathan Majors (older)Chase Dillon (young)
2021,The Harder They Fall,Rufus Buck,Idris Elba
2021,The Harder They Fall,Stagecoach Mary,Zazie Beetz
2021,The Harder They Fall,Trudy Smith,Regina King
2021,The Harder They Fall,Bass Reeves,Delroy Lindo
2021,The Harder They Fall,Cherokee Bill,Lakeith Stanfield
2021,The Harder They Fall,Jim Beckwourth,RJ Cyler
2021,The Harder They Fall,Cuffee,Danielle Deadwyler
2021,The Harder They Fall,Bill Pickett,Edi Gathegi
2021,The Harder They Fall,Wiley Escoe,Deon Cole
2021,Nyaay: The Justice,Sushant Singh Rajput,Zuber K. Khan
2021,Nyaay: The Justice,Rhea Chakraborty,Shreya Shukla
2021,Grace and Grit,Treya Wilber,Mena Suvari
2021,Grace and Grit,Ken Wilber,Stuart Townsend
2021,The Most Reluctant Convert,C. S. Lewis,Max McLean (older)Nicholas Ralph (adult)Eddie Ray Martin (young)
2021,Colin in Black & White,Colin Kaepernick,Jaden Michael
2021,Thalaivi,J. Jayalalithaa,Kangana Ranaut
2021,The Last Duel,Marguerite de Carrouges,Jodie Comer
2021,Left for Dead: The Ashley Reeves Story,Ashley Reeves,Anwen O'Driscoll
2021,Saina,Saina Nehwal,Parineeti Chopra
2021,Creation Stories,Alan McGee,Ewen Bremner
2021,The Mauritanian,Mohamedou Ould Salahi,Tahar Rahim
2021,Maradona: Blessed Dream,Diego Maradona,Juan Palomino (older)Nazareno Casero (teen)Nicolás Goldschmidt (young)
2021,Last Testament,Ricky Rodriguez,Dominick Alesia
2021,Sardar Udham Singh,Udham Singh,Vicky Kaushal
2021,Impeachment: American Crime Story,"Linda Tripp, Monica Lewinsky, Paula Jones, Bill Clinton, Hillary Clinton and Lucianne Goldberg","Sarah Paulson, Beanie Feldstein, Annaleigh Ashford, Clive Owen, Edie Falco and Margo Martindale"
2021,The Eyes of Tammy Faye,Tammy Faye Messner,Jessica Chastain
2021,The Eyes of Tammy Faye,Jim Bakker,Andrew Garfield
2021,Judas and the Black Messiah,Fred Hampton,Daniel Kaluuya
2021,Judas and the Black Messiah,William O'Neal,Lakeith Stanfield
2021,Benedetta,Benedetta Carlini,Virginie Efira
2021,Zero to Hero,So Wa Wai,Louis Cheung
2021,Anita,Anita Mui,Louise Wong
2021,83,Members of the India National Cricket Team,Various actors
2021,Secrets of a Gold Digger Killer,Celeste Beard,Julie Benz
2021,Being the Ricardos,Lucille Ball,Nicole Kidman
2021,Being the Ricardos,Desi Arnaz,Javier Bardem
2021,Madame Claude,Madame Claude,Karole Rocher
2021,American Underdog,Kurt Warner,Zachary Levi (older)Beau Hart (young)
2021,A Journal for Jordan,Charles Monroe King,Michael B. Jordan
2021,A Journal for Jordan,Dana Canedy,Chanté Adams
2022,Elvis,Elvis Presley,Austin Butler
2022,Rise,Giannis Antetokounmpo,Uche Agada
2022,Rise,Thanasis Antetokounmpo,Ral Agada
2022,Dharmaveer,Anand Dighe,Prasad Oak ((older)Shivraj Waichal (young)
2022,Super Pumped,Travis Kalanick,Joseph Gordon-Levitt
2022,The Thing About Pam,Pam Hupp,Renée Zellweger
2022,Angelyne,Angelyne,Emmy Rossum
2022,Father Stu,Fr. Stuart Long,Mark Wahlberg
2022,I'm Charlie Walker,Charlie Walker,Mike Colter
2022,Gierek,Edward Gierek,Michał Koterski
2022,Winning Time: The Rise of the Lakers Dynasty,Jerry Buss,John C. Reilly
2022,Chiara,Chiara,Margherita Mazzucco
2022,Pam & Tommy,Pamela Anderson,Lily James
2022,Pam & Tommy,Tommy Lee,Sebastian Stan
2022,Bergen,Bergen,Farah Zeynep Abdullah
2022,Pistol,Steve Jones,Toby Wallace
2022,Whina,Whina Cooper,Rena Owen (older)Miriama McDowell (young)
2022,Prorok,Stefan Wyszyński,Sławomir Grzymkowski
2022,WeCrashed,Adam Neumann,Jared Leto
2022,WeCrashed,Rebekah Neumann,Anne Hathaway
2022,The Lost King,Philippa Langley,Sally Hawkins
2022,The Lost King,John Langley,Steve Coogan
2022,The Lost King,King Richard III,Harry Lloyd
2022,The Offer,Albert S. Ruddy,Miles Teller
2022,The Offer,Robert Evans,Matthew Goode
2022,The Offer,Francis Ford Coppola,Dan Fogler
2022,The Offer,Charles Bluhdorn,Burn Gorman
2022,The Offer,Joseph Colombo,Giovanni Ribisi
2022,The Offer,Bettye McCartt,Juno Temple
2022,Candy,Candy Montgomery,Jessica Biel
2022,Candy,Betty Gore,Melanie Lynskey
2022,Candy,Allan Gore,Pablo Schreiber
2022,Candy,Pat Montgomery,Timothy Simons
2022,Candy,Don Crowder,Raúl Esparza
2022,Rescued by Ruby,Daniel O'Neil,Grant Gustin
2022,Rescued by Ruby,Ruby,Bear
2022,Khudiram Bose,Khudiram Bose,Rakesh Jagarlamudi
2022,Oussekine,Georges Kiejman,Kad Merad
2022,Oussekine,Malik Oussekine,Sayyid El Alami
2022,Methagu 2,Velupillai Prabhakaran,Gowrishankar
2022,The First Lady,Michelle Obama,Viola Davis (older)Jayme Lawson (young)
2022,The First Lady,Betty Ford,Michelle Pfeiffer (older)Kristine Froseth (young)
2022,The First Lady,Eleanor Roosevelt,Gillian Anderson (older)Eliza Scanlen (young)
2022,RRR,Komaram Bheem,N. T. Rama Rao Jr.
2022,RRR,Alluri Sitarama Raju,Ram Charan
2022,Shabaash Mithu,Mithali Raj,Taapsee Pannu
2022,Mat Kilau,Mat Kilau,Adi Putra
2022,Nayika Devi: The Warrior Queen,Naikiya Devi,Khushi Shah
2022,Medieval,Jan Žižka,Ben Foster
2022,Nika,Nika Turbina,Elizaveta Yankovskaya (older)Vitaliya Korniyenko (young)
2022,Hithumathe Jeewithe,Hithumathe Jeewithe,Dineth de Silva
2022,The Silent Twins,June Gibbons,Letitia Wright (older)Leah Mondesir-Simmonds (young)
2022,The Silent Twins,Jennifer Gibbons,Tamara Lawrance (older)Eva-Arianna Baxter (young)
2022,The Dropout,Elizabeth Holmes,Amanda Seyfried
2022,The Dropout,Sunny Balwani,Naveen Andrews
2022,Yorme: The Isko Domagoso Story,Isko Moreno,Raikko Mateo (teen)McCoy de Leon (adult)Xian Lim (older)
2022,Remember Me: The Mahalia Jackson Story,Mahalia Jackson,Ledisi
2022,The Staircase,Michael Peterson,Colin Firth
2022,The Staircase,Kathleen Peterson,Toni Collette
2022,Jerry & Marge Go Large,Jerry Selbee,Bryan Cranston
2022,Jerry & Marge Go Large,Marge Selbee,Annette Bening
2022,Dreamin' Wild,Donnie Emerson,Casey Affleck (older)Noah Jupe (young)
2022,Dreamin' Wild,Joe Emerson,Walton Goggins (older)Jack Dylan Grazer (young)
2022,Autumn Girl,Kalina Jędrusik,Maria Dębska
2022,Women of the Movement,Mamie Till,Adrienne Warren
2022,Samrat Prithviraj,Prithviraj Chauhan,Akshay Kumar
2022,Rogue Agent,Robert Hendy-Freegard,James Norton
2022,Tchaikovsky's Wife,Antonina Miliukova,Alyona Mikhaylova
2022,Tchaikovsky's Wife,Pyotr Ilyich Tchaikovsky,Odin Biron
2022,The Girl from Plainville,Michelle Carter,Elle Fanning
2022,The Girl from Plainville,Conrad Roy,Colton Ryan
2022,Mister Knockout,Valeri Popenchenko,Viktor Khorinyak (older)Oleg Chugunov (teen)Andrey Titchenko (young)
2022,Joe vs. Carole,Joe Exotic,John Cameron Mitchell
2022,Joe vs. Carole,Carole Baskin,Kate McKinnon
2022,Reign Supreme,Kool Shen,Anthony Bajon
2022,Reign Supreme,JoeyStarr,Melvin Boomer
2022,Reign Supreme,Dee Nasty,Andranic Manet
2022,Reign Supreme,DJ S,Victor Bonnel
2022,Reign Supreme,Lady V,Laïka Blanc-Francard
2022,Devotion,Ensign Jesse Brown,Jonathan Majors
2022,Devotion,Lieutenant Junior Grade Tom Hudner,Glen Powell
2022,The Royal,Willie Aikens,Amin Joseph (older)Dallas Dupree Young (young)
2022,Ponniyin Selvan: I,Aditya Chola II,Vikram
2022,Julia,Julia Child,Sarah Lancashire
2022,Julia,Paul Child,David Hyde Pierce
2022,Julia,Avis DeVoto,Bebe Neuwirth
2022,Julia,Russell Morash,Fran Kranz
2022,Julia,Judith Jones,Fiona Glascott
2022,"El rey, Vicente Fernández",Vicente Fernández,"Jaime Camil (older), Sebastian Dante (adult)Sebastian García (teen), Kaled Acab (young)"
2022,The Fight for Justice: Paolo Guerrero,Paolo Guerrero,Nico Ponce
2022,O Rei da TV,Silvio Santos,José Rubens Chachá (older)Mariano Mattos (young)
2022,Santa Evita,Eva Perón,Natalia Oreiro
2022,Johnny,Jan Kaczkowski,Dawid Ogrodnik
2022,Rocketry: The Nambi Effect,Nambi Narayanan,R. Madhavan
2022,This England,Boris Johnson,Kenneth Branagh
2022,This England,Carrie Johnson,Ophelia Lovibond
2022,Till,Mamie Till-Mobley,Danielle Deadwyler
2022,The Swimmers,Yusra Mardini,Nathalie Issa
2022,The Swimmers,Sarah Mardini,Manal Issa
2022,"Argentina, 1985",Julio César Strassera,Ricardo Darín
2022,"Argentina, 1985",Luis Moreno Ocampo,Juan Pedro Lanzani
2022,Babylon,John Gilbert,Brad Pitt
2022,Babylon,Clara Bow,Margot Robbie
2022,The Playlist,Daniel Ek,Edvin Endre
2022,The Playlist,Martin Lorentzon,Christian Hillborg
2022,The Playlist,Andreas Ehn,Joel Lützow
2022,The Playlist,Petra Hansson,Gizem Erdogan
2022,The Playlist,Per Sundin,Ulf Stenberg
2022,The Playlist,Bobbi Thomasson,Janice Kavander
2022,A Friend of the Family,Robert Berchtold,Jake Lacy
2022,A Friend of the Family,Jan Broberg,Mckenna Grace (teen)Hendrix Yancey (young)
2022,A Friend of the Family,Mary Ann Broberg,Anna Paquin
2022,A Friend of the Family,Bob Broberg,Colin Hanks
2022,A Friend of the Family,Gail Berchtold,Lio Tipton
2022,Hilma,Hilma af Klint,Lena Olin (older)Tora Hallström (young)
2022,Marie Antoinette,Marie Antoinette,Emilia Schüle
2022,Thirteen Lives,Rick Stanton,Viggo Mortensen
2022,Thirteen Lives,John Volanthen,Colin Farrell
2022,Thirteen Lives,Richard Harris,Joel Edgerton
2022,Broad Peak,Maciej Berbeka,Ireneusz Czop
2022,My Son Hunter,Hunter Biden,Laurence Fox
2022,Hero of Nation Chandra Shekhar Azad,Chandra Shekhar Azad,Ahmad Kabir Shadan
2022,She Said,Jodi Kantor,Zoe Kazan
2022,She Said,Megan Twohey,Carey Mulligan
2022,Welcome to Chippendales,"Somen ""Steve"" Banerjee",Kumail Nanjiani
2022,Gaslit,Martha Mitchell,Julia Roberts
2022,Gaslit,John N. Mitchell,Sean Penn
2022,Gaslit,John Dean,Dan Stevens
2022,Gaslit,Mo Dean,Betty Gilpin
2022,Gaslit,G. Gordon Liddy,Shea Whigham
2022,Gaslit,Marty Mitchell,Darby Camp
2022,Prizefighter: The Life of Jem Belcher,James Belcher,Matt Hookings
2022,Chevalier,Chevalier de Saint-Georges,Kelvin Harrison Jr.
2022,Corsage,Empress Elisabeth of Austria,Vicky Krieps
2022,The Final Game,Manuel Estiarte,Álvaro Cervantes
2022,The Final Game,Pedro García Aguado,Jaime Lorente
2022,Major,Major Sandeep Unnikrishnan,Adivi Sesh
2022,Where the Wind Blows,Lui Lok,Aaron Kwok
2022,Where the Wind Blows,Nam Kong,Tony Leung Chiu-wai
2022,American Murderer,Jason Derek Brown,Tom Pelphrey
2022,Rheingold,Giwar Hajabi,Emilio Sakraya (older)Ilyes Moutaoukkil (teen)
2022,Mike,Mike Tyson,Trevante Rhodes
2022,Mike,Don King,Russell Hornsby
2022,I Wanna Dance with Somebody,Whitney Houston,Naomi Ackie
2022,Dalíland,Salvador Dalí,Ben Kingsley (older)Ezra Miller (young)
2022,Dalíland,Gala Dalí,Barbara Sukowa (older)Avital Lvova (young)
2022,Spoiler Alert,Michael Ausiello,Jim Parsons
2022,Lord of the Ants,Aldo Braibanti,Luigi Lo Cascio
2022,A Man of Action,Lucio Urtubia,Juan José Ballesta
2022,The Good Nurse,Amy Loughren,Jessica Chastain
2022,The Good Nurse,Charles Cullen,Eddie Redmayne
2022,Weird: The Al Yankovic Story,"""Weird Al"" Yankovic",Daniel Radcliffe (older)David Bloom (teen)Richard Aaron Anderson (young)
2022,Emancipation,Peter,Will Smith
2022,George & Tammy,Tammy Wynette,Jessica Chastain
2022,George & Tammy,George Jones,Michael Shannon
2022,Pathonpatham Noottandu,Arattupuzha Velayudha Panicker,Siju Wilson
2022,Dahmer – Monster: The Jeffrey Dahmer Story,Jeffrey Dahmer,Evan Peters (older)Nick A. Fisher (young)
2022,Emily,Emily Brontë,Emma Mackey
2022,Lamborghini,Ferruccio Lamborghini,Frank Grillo
2023,The Way of the Wind,Jesus Christ,Géza Röhrig
2023,Sisi & I,Empress Elisabeth of Austria,Susanne Wolff
2023,Sisi & I,Irma Sztáray,Sandra Hüller
2023,Reagan,Ronald Reagan,Dennis Quaid (older)David Henrie (adult)Tommy Ragen (young)
2023,Oppenheimer,J. Robert Oppenheimer,Cillian Murphy
2023,Mujib: The Making of a Nation,Sheikh Mujibur Rahman,Arifin Shuvoo
2023,Maidaan,Syed Abdul Rahim,Ajay Devgn
2023,Jeanne du Barry,Louis XV,Johnny Depp
2023,Jeanne du Barry,Madame du Barry,Maïwenn
2023,Stonehouse,John Stonehouse,Matthew Macfadyen
2023,Dog Gone,John Marshall,Rob Lowe
2023,Dog Gone,Fielding Marshall,Johnny Berchtold
2023,The Hill,James Hill,Dennis Quaid
2023,The Hill,Rickey Hill,Colin Ford (older)Jesse Berry (young)
2023,Love and Death,Candy Montgomery,Elizabeth Olsen
2023,Love and Death,Allan Gore,Jesse Plemons
2023,Love and Death,Pat Montgomery,Patrick Fugit
2023,Love and Death,Betty Gore,Lily Rabe
2023,Bank of Dave,David Fishwick,Rory Kinnear
2023,"Angola 1,2 & 3",Robert Hillary King,Master P
2023,Midas Man,Brian Epstein,Jacob Fortune-Lloyd
2023,The Boys in the Boat,Joe Rantz,Callum Turner
2023,One Life,Nicholas Winton,Anthony Hopkins (older)Johnny Flynn (young)
2023,Anna,Anna Politkovskaya,Maxine Peake
2023,Anna,Dmitry Muratov,Ciarán Hinds
2023,Anna,Alexander Politkovsky,Jason Isaacs
2023,Spinning Gold,Neil Bogart,Jeremy Jordan
2023,Vindication Swim,Mercedes Gleitze,Kirsten Callaghan
2023,Napoleon,Napoleon,Joaquin Phoenix
2023,Napoleon,Empress Joséphine,Vanessa Kirby
2023,The Battle of Bhima Koregaon,Sidhnak Mahar Inamdar,Arjun Rampal
2023,The Iron Claw,Kevin Von Erich,Zac Efron
2023,The Iron Claw,Pam Adkisson,Lily James
2023,The Iron Claw,David Von Erich,Harris Dickinson
2023,The Iron Claw,Doris Von Erich,Maura Tierney
2023,The Iron Claw,Fritz Von Erich,Holt McCallany
2023,The Iron Claw,Kerry Von Erich,Jeremy Allen White
2023,The Iron Claw,Mike Von Erich,Stanley Simons
2023,The Iron Claw,Lance Von Erich,Maxwell Jacob Friedman
2023,Bad Blood,Elizabeth Holmes,Jennifer Lawrence
2023,The Godmother,Griselda Blanco,Catalina Sandino Moreno (older)Alexa Demie (young)
2023,The Devil in the White City,H. H. Holmes,Leonardo DiCaprio
2023,The Devil in the White City,Benjamin Pitezel,Keanu Reeves
2023,Bukowski,Charles Bukowski,Josh Peck
2023,Takht,Emperor Shah Jahan,Anil Kapoor
2023,Rise,Willie Davis,Sterling K. Brown
2023,Baba Sathya Sai,Sathya Sai Baba,Dileep
2023,Secrets of Love,Osho,Ravi Kishan
2023,Dance First,Samuel Beckett,Gabriel Byrne (older)Fionn O'Shea (young)
2023,Dance First,James Joyce,Aidan Gillen
2023,"Simone Veil, A Woman of the Century",Simone Veil,Elsa Zylberstein
2023,Sound of Freedom,Timothy Ballard,Jim Caviezel
2023,Tetris,Henk Rogers,Taron Egerton
2023,Flamin' Hot,Richard Montañez,Jesse Garcia
2023,Malvar: Tuloy ang Laban,Miguel Malvar,Manny Pacquiao
2023,Walking to Paris,Constantin Brâncuși,Emun Elliott
2023,Pep,Willie Pep,James Madio
2023,Little Sparrow,Madonna,Julia Garner
2023,Untitled Hulk Hogan Biopic,Hulk Hogan,Chris Hemsworth
2023,Next Goal Wins,Thomas Rongen,Michael Fassbender
2023,The Good Maharaja,Digvijaysinhji Ranjitsinhji Jadeja,Sanjay Dutt
2023,Flint Strong,Claressa Shields,Ryan Destiny
2023,Evel,Evel Knievel,Milo Ventimiglia
2023,Untitled Joe Exotic Series,Joe Exotic,Nicolas Cage
2023,The Law According to Lidia Poët,Lidia Poët,Matilda De Angelis
2023,Back to Black,Amy Winehouse,Marisa Abela
2023,True Spirit,Jessica Watson,Teagan Croft
2023,Ingeborg Bachmann – Journey into the Desert,Ingeborg Bachmann,Vicky Krieps
2023,Sweetwater,"Nat ""Sweetwater"" Clifton",Everett Osborne
2023,Big George Foreman,George Foreman,Khris Davis
2023,Ringo: Glory and Death,Oscar Bonavena,Jerónimo Bosia
