0,1,2,3
Eisner Award for Best Lettering,Tom Orzechowski,Spawn (Image Comics),None
Eisner Award for Best Lettering,Stan Sakai,"Groo the Wanderer (Marvel Comics/Epic Comics), Usagi Yojimbo (Fantagraphics Books)",None
Eisner Award for Best Lettering,Dave Sim,Cerebus (Aardvark-Vanaheim),None
Eisner Award for Best Lettering,John Workman,"The Legion of Superheroes (DC Comics), RoboCop Versus The Terminator (Dark Horse Comics)",None
Eisner Award for Best Lettering,Ken Bruzenak,"Batman/Grendel (Comico/DC Comics), Batman/Houdini: The Devil's Workshop (DC Comics)",None
Eisner Award for Best Lettering,Bob Lappan,Understanding Comics (Kitchen Sink Press),None
Eisner Award for Best Lettering,Dave Sim,Cerebus (Aardvark-Vanaheim),None
Eisner Award for Best Lettering,Stan Sakai,"Groo the Wanderer/Groo (Epic Comics/Image Comics), Usagi Yojimbo (Mirage Studios)",None
Eisner Award for Best Lettering,Dave Sim,Cerebus (Aardvark-Vanaheim),None
Eisner Award for Best Lettering,Chris Ware,The Acme Novelty Library (Fantagraphics Books),None
Eisner Award for Best Lettering,Stan Sakai,"Groo (Image Comics), Usagi Yojimbo (Mirage Studios)",None
Eisner Award for Best Lettering,Dan Clowes,Eightball (Fantagraphics Books),None
Eisner Award for Best Lettering,Richard Sala,"""The Chuckling Whatsit"" in Zero Zero (Fantagraphics Books)",None
Eisner Award for Best Lettering,Bill Splicer,The Big Guy and Rusty the Boy Robot (Dark Horse Comics/Legend),None
Eisner Award for Best Lettering,Bill Yoshida,various Archie titles (Archie Comics),None
Eisner Award for Best Lettering,Stan Sakai,"Usagi Yojimbo (Dark Horse Comics), Space Usagi (Dark Horse Comics)",None
Eisner Award for Best Lettering,Dave Sim,Cerebus (Aardvark-Vanaheim),None
Eisner Award for Best Lettering,Richard Starkings and Comicraft,"Batman: The Long Halloween (DC Comics), Generation X (Marvel Comics)",None
Eisner Award for Best Lettering,Chris Ware,Acme Novelty Library (Fantagraphics Books),None
Eisner Award for Best Lettering,Todd Klein,"Batman (DC Comics), Batman: Poison Ivy (DC Comics), The Dreaming (DC Comics/Vertigo Comics), House of Secrets (DC Comics/Vertigo Comics), The Invisibles (DC Comics/Vertigo Comics), Uncle Sam (DC Comics/Vertigo Comics), Uncle Scrooge Adventures (Gladstone Publishing); Castle Waiting (Olio Press)",None
Eisner Award for Best Lettering,Dan Clowes,Eightball (Fantagraphics Books),None
Eisner Award for Best Lettering,Tim Harkins,"Roswell, Little Green Man (Bongo Comics), Adventures in the DC Universe (DC Comics)",None
Eisner Award for Best Lettering,Archer Prewitt,Sof' Boy and Friends (Drawn & Quarterly),None
Eisner Award for Best Lettering,Chris Ware,Acme Novelty Library (Fantagraphics Books),None
Eisner Award for Best Lettering,Todd Klein,"Castle Waiting (Olio Press), House of Secrets (DC Comics/Vertigo Comics), The Invisibles (DC Comics/Vertigo Comics), The Dreaming (DC Comics/Vertigo Comics), etc.",None
Eisner Award for Best Lettering,Sean Konot,"Grendel: Black, White, and Red (Dark Horse Comics), Star Wars: Crimson Empire (Dark Horse Comics), Nobody (Oni Press)",None
Eisner Award for Best Lettering,Stan Sakai,"Usagi Yojimbo (Dark Horse Comics), Sergio Aragones' Groo (Dark Horse Comics), Sergio Aragones' Boogeyman, (Dark Horse Comics), Sergio Aragones' Dia de los Muertos (Dark Horse Comics)",None
Eisner Award for Best Lettering,Chris Ware,Acme Novelty Library (Fantagraphics Books),None
Eisner Award for Best Lettering,Bill Yoshida,"Archie (Archie Comics), Betty (Archie Comics), Veronica (Archie Comics), Jughead (Archie Comics), etc. (Archie Comics)",None
Eisner Award for Best Lettering,Todd Klein,"Promethea (America's Best Comics), Tom Strong (America's Best Comics), Tomorrow Stories (America's Best Comics), Top 10 (America's Best Comics), The Dreaming (DC Comics/Vertigo Comics), Gifts of the Night (DC Comics/Vertigo Comics), The Invisibles (DC Comics/Vertigo Comics), Sandman Presents: Lucifer (DC Comics/Vertigo Comics)",None
Eisner Award for Best Lettering,Dan Clowes,Eightball (Fantagraphics Books),None
Eisner Award for Best Lettering,John Roshell,Kurt Busiek's Astro City (DC Comics/WildStorm/Homage Comics),None
Eisner Award for Best Lettering,Stan Sakai,"Usagi Yojimbo (Dark Horse Comics/Maverick), Sergio Aragones' Groo and Rufferto (Dark Horse Comics/Maverick)",None
Eisner Award for Best Lettering,Richard Starkings/Comicraft,"Avengers (Marvel Comics), Avengers Forever (Marvel Comics), Avengers #1 1/2 (Marvel Comics), Daredevil (Marvel Comics), Inhumans (Marvel Comics), Witching Hour (DC Comics/Vertigo Comics)",None
Eisner Award for Best Lettering,Todd Klein,"Promethea (America's Best Comics), Tom Strong (America's Best Comics), Tomorrow Stories (America's Best Comics), Top 10 (America's Best Comics), The Invisibles (Vertigo Comics/DC Comics), The Dreaming (Vertigo Comics/DC Comics), Castle Waiting (Cartoon Books)",None
Eisner Award for Best Lettering,Galen Showman,The Ring of the Nibelung (Dark Horse Comics/Maverick),None
Eisner Award for Best Lettering,Dave Sim,Cerebus (Aardvark-Vanaheim),None
Eisner Award for Best Lettering,Chris Ware,Acme Novelty Library (Fantagraphics Books),None
Eisner Award for Best Lettering,Todd Klein,"Promethea (America's Best Comics), Tom Strong's Terrific Tales (America's Best Comics), Tomorrow Stories (America's Best Comics), Top 10 (America's Best Comics), Greyshirt (America's Best Comics), The Sandman Presents: Everything You Always Wanted to Know About Dreams But Were Afraid to Ask (DC Comics/Vertigo Comics), Detective Comics (DC Comics), The Dark Knight Strikes Again (DC Comics), Castle Waiting (Olio Press), Universe X (Marvel Comics)",None
Eisner Award for Best Lettering,Dan Clowes,Eightball #22 (Fantagraphics Books),None
Eisner Award for Best Lettering,Stan Sakai,"Usagi Yojimbo (Dark Horse Comics/Maverick), Groo: Death & Taxes (Dark Horse Comics/Maverick)",None
Eisner Award for Best Lettering,Dave Sim,Cerebus (Aardvark-Vanaheim),None
Eisner Award for Best Lettering,Chris Ware,Acme Novelty Library #15 (Fantagraphics Books),None
Eisner Award for Best Lettering,Todd Klein,"The Dark Knight Strikes Again (DC Comics), Detective Comics (DC Comics), Wonder Woman: The Hiketeia (DC Comics), Fables (DC Comics/Vertigo Comics), Human Target: Final Cut (DC Comics/Vertigo Comics), Promethea (America's Best Comics), Tom Strong (America's Best Comics), Castle Waiting (Olio Press)",None
Eisner Award for Best Lettering,Richard Starkings/Comicraft,"Action Comics (DC Comics), Adventures of Superman (DC Comics), Batman (DC Comics), Legion (DC Comics), Power Company (DC Comics), Supergirl (DC Comics), Superman (DC Comics), Wonder Woman (DC Comics), The Crusades (DC Comics/Vertigo Comics), Hunter: The Age of Magic (DC Comics/Vertigo Comics), Lucifer (DC Comics/Vertigo Comics), Vertigo Pop: Tokyo (DC Comics/Vertigo Comics), Wildcats Version 3.0 (WildStorm), Decoy (Penny-Farthing Press), The Victorian (Penny-Farthing Press), Hip Flask: Unnatural Selection (Comicraft)",None
Eisner Award for Best Lettering,John Workman,"Batman Family (DC Comics), Detective Comics (DC Comics), Orion (DC Comics), Superman: Day of Doom (DC Comics), 100% (DC Comics/Vertigo Comics)",None
Eisner Award for Best Lettering,Todd Klein,"Detective Comics (DC Comics), Fables (Vertigo Comics/DC Comics), The Sandman: Endless Nights (Vertigo Comics/DC Comics), Tom Strong (America's Best Comics), Promethea (America's Best Comics), 1602 (Marvel Comics)",None
Eisner Award for Best Lettering,Bill Oakley,"Hawkman (DC Comics), JSA (DC Comics), The League of Extraordinary Gentlemen, Volume II (America's Best Comics), Sleeper (WildStorm/DC Comics)",None
Eisner Award for Best Lettering,Dave Sim,Cerebus (Aardvark-Vanaheim),None
Eisner Award for Best Lettering,Richard Starkings,"Batman (DC Comics), Planetary (WildStorm/DC Comics), Hulk: Gray (Marvel Comics), Hip Flask: Elephantmen (Comicraft)",None
Eisner Award for Best Lettering,Todd Klein,"Promethea (America's Best Comics), Tom Strong (America's Best Comics), Tom Strong's Terrific Tales (America's Best Comics), Wonder Woman (DC Comics), Books of Magick: Life During Wartime (Vertigo Comics/DC Comics), Fables (Vertigo Comics/DC Comics), We3 (Vertigo Comics/DC Comics), Creatures of the Night (Dark Horse Comics)",None
Eisner Award for Best Lettering,Stan Sakai,Usagi Yojimbo (Dark Horse Comics),None
Eisner Award for Best Lettering,Dave Sim,Cerebus (Aardvark-Vanaheim),None
Eisner Award for Best Lettering,Craig Thompson,"Carnet de Voyage (Top Shelf Productions), ""Eve O' Twins"" in Rosetta 2 (Alternative Comics)",None
Eisner Award for Best Lettering,Todd Klein,"Wonder Woman (DC Comics), Justice (DC Comics, Seven Soldiers #0 (DC Comics), Desolation Jones (WildStorm/DC Comics), Promethea (America's Best Comics), Top 10: The Forty-Niners (America's Best Comics), Tomorrow Stories Special #1 (America's Best Comics), Fables (Vertigo Comics/DC Comics), 1602: New World (Marvel Comics)",None
Eisner Award for Best Lettering,Chris Eliopoulos,"Ultimate Iron Man (Marvel Comics), Astonishing X-Men (Marvel Comics), The Ultimates 2 (Marvel Comics), House of M (Marvel Comics), Franklin Richards (Marvel Comics), Fell (Image Comics)",None
Eisner Award for Best Lettering,Richard Starkings,"Conan (Dark Horse Comics), Revelations (Dark Horse Comics), Gødland (Image Comics), Gunpowder Girl and the Outlaw Squaw (Active Images), Hip Flask: Mystery City (Active Images)",None
Eisner Award for Best Lettering,Chris Ware,Acme Novelty Library #16 (The ACME Novelty Library),None
Eisner Award for Best Lettering,Todd Klein,"Fables (Vertigo Comics/DC Comics), Jack of Fables (Vertigo Comics/DC Comics), Fables: 1001 Nights of Snowfall (Vertigo Comics/DC Comics), Pride of Baghdad (Vertigo Comics/DC Comics), Testament (Vertigo Comics/DC Comics), 1602: Fantastick Four (Marvel Comics), Eternals (Marvel Comics), Lost Girls (Top Shelf Productions)",None
Eisner Award for Best Lettering,Ivan Brunetti,Schizo (Fantagraphics Books),None
Eisner Award for Best Lettering,Clem Robins,"BPRD (Dark Horse Comics), The Dark Horse Book of Monsters (Dark Horse Comics), Hellboy (Dark Horse Comics), Loveless (Vertigo Comics/DC Comics), 100 Bullets (Vertigo Comics/DC Comics), Y: The Last Man (Vertigo Comics/DC Comics)",None
Eisner Award for Best Lettering,Richard Sala,"The Grave Robber's Daughter (Fantagraphics Books), Delphine (Fantagraphics Books)",None
Eisner Award for Best Lettering,Chris Ware,Acme Novelty Library #17 (Acme Novelty Library),None
Eisner Award for Best Lettering,Todd Klein,"Justice (DC Comics), Simon Dark (DC Comics), Fables (Vertigo Comics/DC Comics), Jack of Fables (Vertigo Comics/DC Comics), Crossing Midnight (Vertigo Comics/DC Comics), The League of Extraordinary Gentlemen: Black Dossier (WildStorm/DC Comics), Nexus (Rude Dude Productions)",None
Eisner Award for Best Lettering,Jared K. Fletcher,"Catwoman (DC Comics), The Spirit (DC Comics), Sentences: The Life of MF Grimm (Vertigo Comics/DC Comics)",None
Eisner Award for Best Lettering,Jimmy Gownley,Amelia Rules! (Renaissance Press),None
Eisner Award for Best Lettering,Lewis Trondheim,"At Loose Ends (Fantagraphics Books), Mome #7 & 8 (Fantagraphics Books)",None
Eisner Award for Best Lettering,Chris Ware,Acme Novelty Library #18 (Acme Novelty Library),None
Eisner Award for Best Lettering,Chris Ware,Acme Novelty Library #18 (Acme Novelty Library),None
Eisner Award for Best Lettering,Farel Dalrymple,Omega: The Unknown (Marvel Comics),None
Eisner Award for Best Lettering,Jimmy Gownley,Amelia Rules! (Renaissance Press),None
Eisner Award for Best Lettering,Scott Morse,Tiger!Tiger!Tiger! (Red Window),None
Eisner Award for Best Lettering,Nate Powell,Swallow Me Whole (Top Shelf Productions),None
Eisner Award for Best Lettering,David Mazzucchelli,Asterios Polyp (Pantheon Books),None
Eisner Award for Best Lettering,Brian Fies,Whatever Happened to the World of Tomorrow? (Abrams ComicArts),None
Eisner Award for Best Lettering,Tom Orzechowski,"Savage Dragon (Image Comics), X-Men Forever (Marvel Comics)",None
Eisner Award for Best Lettering,Richard Sala,"Cat Burgler Black (First Second Books), Delphine (Fantagraphics Books)",None
Eisner Award for Best Lettering,Adrian Tomine,A Drifting Life (Drawn & Quarterly),None
Eisner Award for Best Lettering,Todd Klein,"Fables (Vertigo Comics/DC Comics), The Unwritten (Vertigo Comics/DC Comics), Joe the Barbarian (Vertigo Comics/DC Comics), iZOMBIE (Vertigo Comics/DC Comics), Tom Strong and the Robots of Doom (WildStorm/DC Comics), SHIELD (Marvel Comics), Driver for the Dead (Radical Publishing)",None
Eisner Award for Best Lettering,Darwyn Cooke,Richard Stark's Parker: The Outfit (IDW Publishing),None
Eisner Award for Best Lettering,Dan Clowes,Wilson (Drawn & Quarterly),None
Eisner Award for Best Lettering,Jimmy Gownley,"Amelia Rules!: True Things (Adults Don’t Want Kids to Know) (Atheneum Books/Simon & Schuster), Amelia Rules!: The Tweenage Guide to Not Being Unpopular (Atheneum Books/Simon & Schuster)",None
Eisner Award for Best Lettering,Doug TenNapel,Ghostopolis (Scholastic Graphix),None
Eisner Award for Best Lettering,Chris Ware,Acme Novelty Library #20: Lint (Drawn & Quarterly),None
Eisner Award for Best Lettering,Stan Sakai,Usagi Yojimbo (Dark Horse Comics),None
Eisner Award for Best Lettering,Deron Bennett,"Billy Fog (Archaia Entertainment), Jim Henson's Dark Crystal (Archaia Entertainment), Jim Henson's Tale of Sand (Archaia Entertainment), Mr. Murder Is Dead (Archaia Entertainment), Helldorado (Ape Entertainment), Puss in Boots (Ape Entertainment), Richie Rich (Ape Entertainment)",None
Eisner Award for Best Lettering,Jimmy Gownley,Amelia Rules!: The Meaning of Life ... And Other Stuff (Atheneum Books),None
Eisner Award for Best Lettering,Laura Lee Gulledge,Page by Paige (Amulet Books),None
Eisner Award for Best Lettering,Tom Orzechowski,"The Manara Library (with L. Lois Buhalis) (Dark Horse Comics), Mangaman (Houghton Mifflin Harcourt), Savage Dragon (Image Comics)",None
Eisner Award for Best Lettering,Chris Ware,Building Stories (Pantheon Books),None
Eisner Award for Best Lettering,Paul Grist,Mudman (Image Comics),None
Eisner Award for Best Lettering,Troy Little,Angora Napkin 2: Harvest of Revenge (IDW Publishing),None
Eisner Award for Best Lettering,Joseph Remnant,Harvey Pekar's Cleveland (ZIP Comics/Top Shelf Productions),None
Eisner Award for Best Lettering,C. Tyler,"You'll Never Know, Book 3: A Soldier's Heart (Fantagraphics Books)",None
Eisner Award for Best Lettering,Darwyn Cooke,Richard Stark's Parker: Slayground (IDW Publishing),None
Eisner Award for Best Lettering,Carla Speed McNeil,"Bad Houses (Dark Horse Comics), ""Finder"" in Dark Horse Presents (Dark Horse Comics)",None
Eisner Award for Best Lettering,Terry Moore,Rachel Rising (Abstract Studio),None
Eisner Award for Best Lettering,Ed Piskor,Hip Hop Family Tree (Fantagraphics Books),None
Eisner Award for Best Lettering,Britt Wilson,Adventure Time with Fionna and Cake (kaBOOM!),None
Eisner Award for Best Lettering,Stan Sakai,"Usagi Yojimbo: Senso (Dark Horse Comics), Usagi Yojimbo Color Special: The Artist (Dark Horse Comics)",None
Eisner Award for Best Lettering,Joe Caramagna,"Ms. Marvel (Marvel Comics), Daredevil (Marvel Comics)",None
Eisner Award for Best Lettering,Todd Klein,"Fables (Vertigo Comics/DC Comics), The Sandman: Overture (Vertigo Comics/DC Comics), The Unwritten (Vertigo Comics/DC Comics), Nemo: The Roses of Berlin (Top Shelf Productions)",None
Eisner Award for Best Lettering,Max,Vapor (Fantagraphics Books),None
Eisner Award for Best Lettering,Jack Morelli,"Afterlife with Archie (Archie Comics),  Archie (Archie Comics), Betty and Veronica (Archie Comics), etc. (Archie Comics)",None
Eisner Award for Best Lettering,Derf Backderf,Trashed (Abrams Books),None
Eisner Award for Best Lettering,Steve Dutro,"Blood-C (Dark Horse Comics), Midnight Society (Dark Horse Comics), Plants vs. Zombies (Dark Horse Comics)",None
Eisner Award for Best Lettering,Lucy Knisley,Displacement (Fantagraphics Books),None
Eisner Award for Best Lettering,Troy Little,Hunter S. Thompson's Fear and Loathing in Las Vegas (Top Shelf Productions/IDW Publishing),None
Eisner Award for Best Lettering,Kevin McCloskey,We Dig Worms! (Toon Books),None
Eisner Award for Best Lettering,Todd Klein,"Clean Room (Vertigo Comics/DC Comics), Dark Night: A True Batman Story (Vertigo Comics/DC Comics), Lucifer (Vertigo Comics/DC Comics), Black Hammer (Dark Horse Comics)",None
Eisner Award for Best Lettering,Dan Clowes,Patience (Fantagraphics Books),None
Eisner Award for Best Lettering,Brecht Evens,Panther (Drawn & Quarterly),None
Eisner Award for Best Lettering,Tom Gauld,Mooncop (Drawn & Quarterly),None
Eisner Award for Best Lettering,Sonny Liew,The Art of Charlie Chan Hock Chye (Pantheon Books),None
Eisner Award for Best Lettering,Stan Sakai,"Usagi Yojimbo (Dark Horse Comics), Groo: Play of the Gods (Dark Horse Comics)",None
Eisner Award for Best Lettering,Isabelle Arsenault,Louis Undercover (Groundwood Books/House of Anansi Press),None
Eisner Award for Best Lettering,Clayton Cowles,"Bitch Planet: Triple Feature (Image Comics), Redlands (Image Comics), The Wicked + The Divine (Image Comics), Black Bolt (Marvel Comics), Spider-Gwen (Marvel Comics), Astonishing X-Men (Marvel Comics), Star Wars (Marvel Comics)",None
Eisner Award for Best Lettering,Emil Ferris,My Favorite Thing Is Monsters (Fantagraphics Books),None
Eisner Award for Best Lettering,John Workman,"Mother Panic (DC's Young Animal), Ragnarok (IDW Publishing)",None
Eisner Award for Best Lettering,Todd Klein,"Black Hammer: Age of Doom (Dark Horse Comics), Neil Gaiman’s A Study in Emerald (Dark Horse Comics), Batman: White Knight (DC Comics), Eternity Girl (DC's Young Animal), Books of Magic (Vertigo Comics/DC Comics), The League of Extraordinary Gentlemen: The Tempest (Top Shelf Productions/IDW Publishing)",None
Eisner Award for Best Lettering,David Aja,The Seeds (Berger Books/Dark Horse Comics),None
Eisner Award for Best Lettering,Jim Campbell,"Breathless (Black Mask Studios), Calexit (Black Mask Studios), Gravetrancers (Black Mask Studios), Snap Flash Hustle (Black Mask Studios), Survival Fetish (Black Mask Studios), The Wilds (Black Mask Studios), Abbott (Boom! Studios), Alice: From Dream to Dream (Boom! Studios), Black Badge (Boom! Studios), Clueless (Boom! Studios), Coda (Boom! Studios), Fence (Boom! Studios), Firefly (Boom! Studios), Giant Days (Boom! Studios), Grass Kings (Boom! Studios), Lumberjanes: The Infernal Compass (Boom! Studios), Low Road West (Boom! Studios), Sparrowhawk (Boom! Studios), Angelic (Image Comics), Wasted Space (Vault Comics)",None
Eisner Award for Best Lettering,Alex de Campi,"Bad Girls (Gallery 13), Twisted Romance (Image Comics)",None
Eisner Award for Best Lettering,Jared K. Fletcher,"Batman: Damned (DC Comics), The Gravediggers Union (Image Comics), Moonshine (Image Comics), Paper Girls (Image Comics), Southern Bastards (Image Comics)",None
Eisner Award for Best Lettering,Stan Sakai,Usagi Yojimbo (IDW Publishing),None
Eisner Award for Best Lettering,Deron Bennett,"Batgirl (DC Comics), Green Arrow (DC Comics), Justice League (DC Comics), Martian Manhunter (DC Comics), Canto (IDW Publishing), Assassin Nation (Skybound Entertainment/Image Comics), Excellence (Skybound Entertainment/Image Comics), To Drink and To Eat, vol. 1 (Lion Forge Comics), Resonant (Vault Comics)",None
Eisner Award for Best Lettering,Jim Campbell,"Black Badge (Boom! Studios), Coda (Boom! Studios), Giant Days (Boom! Box), Lumberjanes: The Shape of Friendship (Boom! Box), Rocko’s Modern Afterlife (KaBOOM!), At the End of Your Tether (Lion Forge Comics), Blade Runner 2019 (Titan), The Mall (Scout Comics), The Plot (Vault Comics), Wasted Space (Vault Comics)",None
Eisner Award for Best Lettering,Clayton Cowles,"Aquaman (DC Comics), Batman (DC Comics), Batman and the Outsiders (DC Comics), Heroes in Crisis (DC Comics), Superman: Up in the Sky (DC Comics), Superman's Pal Jimmy Olsen (DC Comics), Bitter Root (Image Comics), Pretty Deadly (Image Comics), Moonstruck (Image Comics), Redlands (Image Comics), The Wicked + The Divine (Image Comics), Reaver (Skybound Entertainment/Image Comics), Daredevil (Marvel Comics), Ghost-Spider (Marvel Comics), Silver Surfer Black (Marvel Comics), The Superior Spider-Man (Marvel Comics), Venom (Marvel Comics)",None
Eisner Award for Best Lettering,Emile Plateau,Colored: The Unsung Life of Claudette Colvin (Europe Comics),None
Eisner Award for Best Lettering,Tillie Walden,Are You Listening? (First Second Books/Macmillan Publishers),None
Eisner Award for Best Lettering,Stan Sakai,Usagi Yojimbo (IDW Publishing),None
Eisner Award for Best Lettering,Mike Allred,"Bowie: Stardust, Rayguns & Moonage Daydreams (Insight Editions)",None
Eisner Award for Best Lettering,Deron Bennett,"Bear (Archaia Entertainment), The Sacrifice of Darkness (Archaia Entertainment); King of Nowhere (Boom! Studios), Something Is Killing the Children (Boom! Studios), We Only Find Them When They’re Dead (Boom! Studios); Far Sector (DC Comics), Harley Quinn: Black + White + Red (DC Comics), Martian Manhunter (DC Comics); Excellence (Image Comics/Skybound Entertainment); A Dark Interlude (Vault Comics), Dark One (Vault Comics), Relics of Youth (Vault Comics), Resonant (Vault Comics), Shadow Service (Vault Comics), Vampire: The Masquerade: Winter’s Teeth (Vault Comics); Ping Pong (Viz Media)",None
Eisner Award for Best Lettering,Aditya Bidikar,"Barbalien: Red Planet (Dark Horse Comics), Grafity’s Wall Expanded Edition (Dark Horse Comics); John Constantine, Hellblazer (DC Comics); A Map to the Sun (First Second Books); The Department of Truth (Image Comics), Lost Soldiers (Image Comics); Giga (Vault Comics), The Picture of Everything Else (Vault Comics)",None
Eisner Award for Best Lettering,Clayton Cowles,"Aquaman (DC Comics), Batman (DC Comics), Batman and the Outsiders (DC Comics), Strange Adventures (DC Comics), Superman: Man of Tomorrow (DC Comics), Superman's Pal Jimmy Olsen (DC Comics); Adventureman (Image Comics), Bitter Root (Image Comics), Bog Bodies (Image Comics), Die (Image Comics); Reaver (Image Comics/Skybound Entertainment); Morbius (Marvel Comics), X of Swords (Marvel Comics)",None
Eisner Award for Best Lettering,Rus Wooton,"Wonder Woman: Dead Earth (DC Comics); Decorum (Image Comics), Monstress (Image Comics); Die!Die!Die! (Image Comics/Skybound Entertainment), Fire Power (Image Comics/Skybound Entertainment), Oblivion Song (Image Comics/Skybound Entertainment), Outcast (Image Comics/Skybound Entertainment), Stillwater (Image Comics/Skybound Entertainment)",None
