0,1,2,3,4
César Award for Best Costume Design,1990(15th),Valmont(nominated for the Academy Award),Valmont(nominated for the Academy Award),Theodor Pistek
César Award for Best Costume Design,1990(15th),La Révolution française,,Catherine Leterrier
César Award for Best Costume Design,1990(15th),"for the segments ""Les années lumières"" and ""Les années terribles""","for the segments ""Les années lumières"" and ""Les années terribles""","for the segments ""Les années lumières"" and ""Les années terribles"""
César Award for Best Costume Design,1990(15th),Life and Nothing But,La vie et rien d'autre,Jacqueline Moreau
César Award for Best Costume Design,1991(16th),Lacenaire,Lacenaire,Yvonne Sassinot de Nesle
César Award for Best Costume Design,1991(16th),My Father's GloryMy Mother's Castle,La gloire de mon pèreLe château de ma mère,Agnès Nègre
César Award for Best Costume Design,1992(17th),Delicatessen,Delicatessen,Valérie Pozzo di Borgo
César Award for Best Costume Design,1992(17th),Van Gogh,Van Gogh,Édith Vesperini
César Award for Best Costume Design,1993(18th),The Supper,Le souper,Sylvie de Segonzac
César Award for Best Costume Design,1993(18th),Indochine,Indochine,Pierre-Yves Gayraud and Gabriella Pescucci
César Award for Best Costume Design,1993(18th),The Lover,L'amant,Yvonne Sassinot de Nesle
César Award for Best Costume Design,1994(19th),"Louis, the Child King","Louis, enfant roi",Franca Squarciapino
César Award for Best Costume Design,1994(19th),The Visitors,Les visiteurs,Catherine Leterrier
César Award for Best Costume Design,1995(20th),Colonel Chabert,Le colonel Chabert,Franca Squarciapino
César Award for Best Costume Design,1995(20th),Farinelli,Farinelli,Olga Berluti and Anne de Laugardière
César Award for Best Costume Design,1996(21st),Madame Butterfly,Madame Butterfly,Christian Gasc
César Award for Best Costume Design,1996(21st),The City of Lost Children,La cité des enfants perdus,Jean-Paul Gaultier
César Award for Best Costume Design,1996(21st),The Horseman on the Roof,Le hussard sur le toit,Franca Squarciapino
César Award for Best Costume Design,1997(22nd),Beaumarchais the Scoundrel,"Beaumarchais, l'insolent",Sylvie de Segonzac
César Award for Best Costume Design,1997(22nd),Captain Conan,Capitaine Conan,Agnès Evein and Jacqueline Moreau
César Award for Best Costume Design,1998(23rd),Artemisia,Artemisia,Dominique Borg
César Award for Best Costume Design,1998(23rd),The Fifth Element,The Fifth Element,Jean-Paul Gaultier
César Award for Best Costume Design,1999(24th),Lautrec,Lautrec,Pierre-Jean Larroque
César Award for Best Costume Design,1999(24th),Don Juan,Don Juan,Sylvie de Segonzac
César Award for Best Costume Design,1999(24th),Place Vendôme,Place Vendôme,Nathalie du Roscoat and Elisabeth Tavernier
