0,1,2,3,4,5,6,7
Beijing Subway line 7,,,,,,,
Beijing Subway line 7,Beijing West railway station,北京西站, 9   Sub-Central   BXP,3 9 21 40 42 50 52 53 62 65 67 89 96 109 122 129 142 143 144 309 320 339 349 374 387 394 410 414 616 663 694 820 836 890 917 917快 941 941快 968 982 997 夜5 夜8 夜14 夜15 夜22 夜23 夜36 专138 专191,0.0,0.0,Fengtai
Beijing Subway line 7,Wanzi,湾子,,6 38 42 45 46 53 57 69 76 85 89 109 122 133 137 390 410 414 477 夜7 夜22 专138,0.935,0.935,Xicheng
Beijing Subway line 7,Daguanying,达官营, 16 ,6 38 42 45 46 53 57 69 76 80 85 109 122 133 137 390 410 477 夜7 夜22 专27 专138 专154 专191,0.734,1.669,Xicheng
Beijing Subway line 7,Guang'anmennei,广安门内, 19  (Out-of-system interchange via Niujie),5 6 19 38 40 50 57 76 78 109 133 381 676 夜7,1.874,3.543,Xicheng
Beijing Subway line 7,Hufangqiao,虎坊桥,,5 6 7 14 15 23 34 48 57 66 70 102 105 夜7 夜10 夜18,0.885,5.802,Xicheng
Beijing Subway line 7,Qiaowan,桥湾,,23 57 137 夜7 夜10,0.869,7.876,Dongcheng
Beijing Subway line 7,Guangqumennei,广渠门内,,8 12 23 57 夜7,1.138,10.03,Dongcheng
Beijing Subway line 7,Guangqumenwai,广渠门外,,23 57 312 637 夜7 夜29 专87 专165,1.332,11.362,Dongcheng / Chaoyang
Beijing Subway line 7,Dajiaoting,大郊亭,,11 23 31 35 138 312 348 400 400快 439 455 513 561 657 669 810快 865 夜29 夜34,0.781,14.695,Chaoyang
Beijing Subway line 7,Baiziwan,百子湾,,11 23 31 35 138 312 439 455 513 561 669 810快 夜29 专71,0.865,15.56,Chaoyang
Beijing Subway line 7,Huagong,化工,,561,0.903,16.463,Chaoyang
Beijing Subway line 7,Nanlouzizhuang,南楼梓庄,,31 34 41 348 457 486 535 561 637 657 夜19 夜34,1.464,17.927,Chaoyang
Beijing Subway line 7,Happy Valley,欢乐谷景区,,31 41 561 夜34 专166,0.906,18.833,Chaoyang
Beijing Subway line 7,Fatou,垡头,,348 457 486 561 637 夜19 专166,1.679,20.512,Chaoyang
Beijing Subway line 7,Shuanghe,双合,,348 457 486 561 637 夜19,1.304,21.816,Chaoyang
Beijing Subway line 7,Jiaohuachang,焦化厂,,348 457 486 637 638 夜19,1.021,22.837,Chaoyang
Beijing Subway line 7,Huangchang,黄厂,,348 457 专170,1.678,24.515,Chaoyang
Beijing Subway line 7,Langxinzhuang,郎辛庄,,411 657 专171,1.752,26.267,Chaoyang
Beijing Subway line 7,Heizhuanghu,黑庄户,,397 532,2.517,28.784,Chaoyang
Beijing Subway line 7,Wanshengxi,万盛西,,552 通11 通12 T15 T25 通68 通87 专172,2.961,31.745,Tongzhou
Beijing Subway line 7,Wanshengdong,万盛东,,372 566 647 913 T7 通10 通10区 T18 通65 T109 T116 T118 专173,2.11,33.855,Tongzhou
Beijing Subway line 7,Qunfang,群芳,,T121 专173,1.16,35.015,Tongzhou
Beijing Subway line 7,Gaoloujin,高楼金,,589 通4 通62 通68区 T102 T112 T121 专173,1.195,36.21,Tongzhou
Beijing Subway line 7,Universal Resort,环球度假区, Batong ,589 T116,1.769,39.404,Tongzhou
Beijing Subway line 7,,,,,,,
