0,1,2,3,4
Urmila Nimbalkar,2012,Best Actress In A Supporting Role(Critics),Neelu Vaghela,Won
Urmila Nimbalkar,2012,Best Actress In A Negative Role(Popular),Kanika Maheshwari,Won
Urmila Nimbalkar,2012,Gold Debut In A Lead Role(Female),Deepika Singh,Won
Urmila Nimbalkar,2012,Best Television Show(Fiction),Diya Aur Baati Hum,Won
Urmila Nimbalkar,2012,Best Actor In A Lead Role(Male),Anas Rashid,Nominated
Urmila Nimbalkar,2012,Best Actor In A Supporting Role(Popular),Ashok Lokhande,Nominated
Urmila Nimbalkar,2012,Best Actress In A Supporting Role(Popular),Neelu Vaghela,Nominated
Urmila Nimbalkar,2012,Best Actor In A Negative Role(Popular),Gautam Gulati,Nominated
Urmila Nimbalkar,2012,Best Celebrity Jodi,Anas Rashid & Deepika Singh,Nominated
Urmila Nimbalkar,2012,Best TV Show For A Social Change,Diya Aur Baati Hum,Nominated
Urmila Nimbalkar,2013,Best Actress (Popular),Deepika Singh,Won
Urmila Nimbalkar,2013,Best Supporting Actress (Popular),Neelu Vaghela,Won
Urmila Nimbalkar,2013,Best Negative Actress (Popular),Kanika Maheshwari,Won
Urmila Nimbalkar,2013,Best TV Show (Fiction),Shashi Sumeet Productions,Won
Urmila Nimbalkar,2013,Best Comic Actor (Popular),Gautam Gulati,Nominated
Urmila Nimbalkar,2013,Best Supporting Actor (Popular),Ashok Lokhande,Nominated
Urmila Nimbalkar,2013,Best Actor Male,Anas Rashid,Nominated
Urmila Nimbalkar,2014,Best Actress (Popular),Deepika Singh,Won
Urmila Nimbalkar,2014,Best Supporting Actress (Popular),Neelu Vaghela,Won
Urmila Nimbalkar,2014,Best TV Show (Fiction),Shashi Sumeet Productions,Won
Urmila Nimbalkar,2014,Best Negative Actor (Popular),Gautam Gulati,Nominated
Urmila Nimbalkar,2014,Best Actor (Male),Anas Rashid,Nominated
Urmila Nimbalkar,2014,Best Supporting Actor (Popular),Ashok Lokhande,Nominated
Urmila Nimbalkar,2014,Best Celebrity Jodi,Anas Rashid & Deepika Singh,Nominated
Urmila Nimbalkar,2015,Best Actor (Female),Deepika Singh,Nominated
Urmila Nimbalkar,2015,Best Actor (Male),Anas Rashid,Nominated
Urmila Nimbalkar,2015,Best Supporting Actor (Female),Neelu Vaghela,Nominated
Urmila Nimbalkar,2015,Best Television Show (Fiction),Shashi Sumeet Productions,Nominated
Urmila Nimbalkar,2016,Best Actress,Deepika Singh,Nominated
Urmila Nimbalkar,2016,Best Supporting Actor (Male),Ashok Lokhande,Nominated
Urmila Nimbalkar,2016,Best Supporting Actor (Female),Neelu Vaghela,Nominated
Urmila Nimbalkar,2012,Best Title Singer for a TV Show,Shubha Mudgal & Kailash Kher,Won
Urmila Nimbalkar,2012,Best Daily Serial,Shashi Sumeet Productions,Won
Urmila Nimbalkar,2012,Best Actress in a Negative Role,Kanika Maheshwari,Won
Urmila Nimbalkar,2012,Best Makeup Artist,Krishna Gopal Rajput,Nominated
Urmila Nimbalkar,2012,Best Programme with a Social Message,Shashi Sumeet Productions,Nominated
Urmila Nimbalkar,2012,Best Fresh New Face (Female),Deepika Singh,Nominated
Urmila Nimbalkar,2012,Best Child Actor,Aryan Sharma,Nominated
Urmila Nimbalkar,2012,Best Actress in a Supporting Role,Neelu Vaghela,Nominated
Urmila Nimbalkar,2012,Best Onscreen Couple,Anas Rashid & Deepika Singh,Nominated
Urmila Nimbalkar,2013,Best Actress in a Lead Role,Deepika Singh,Won
Urmila Nimbalkar,2013,Best Actress in a Supporting Role (Jury),Neelu Vaghela,Won
Urmila Nimbalkar,2013,Best Daily Serial,Shashi Sumeet Productions,Won
Urmila Nimbalkar,2013,Best Makeup Artist,Krishna Gopal Rajput,Won
Urmila Nimbalkar,2013,Best Actress in a Supporting Role (Popular),Neelu Vaghela,Nominated
Urmila Nimbalkar,2013,Best Actress in a Comic Role (Popular),Kanika Maheshwari,Nominated
Urmila Nimbalkar,2013,Best Actress in a Comic Role (Jury),Kanika Maheshwari,Nominated
Urmila Nimbalkar,2013,Best Actress in a Negative Role,Kanika Maheshwari,Nominated
Urmila Nimbalkar,2013,Best Drama Series,Shashi Sumeet Productions,Nominated
Urmila Nimbalkar,2013,Best Onscreen Couple,Anas Rashid & Deepika Singh,Nominated
Urmila Nimbalkar,2013,Best Programme with a Social Message,Shashi Sumeet Productions,Nominated
Urmila Nimbalkar,2013,Indian Telly Award for Best Ensemble,Shashi Sumeet Productions,Nominated
Urmila Nimbalkar,2013,Indian Telly Jury Award for Best Story Writer,Shashi Mittal & Seema Mantri,Nominated
Urmila Nimbalkar,2014,Best Daily Serial,Shashi Sumeet Productions,Won
Urmila Nimbalkar,2014,Best Actress in a Lead Role,Deepika Singh,Nominated
Urmila Nimbalkar,2014,Indian Telly Award for Best Actress in a Supporting Role (Drama),Neelu Vaghela,Nominated
Urmila Nimbalkar,2014,Indian Telly Award for Best Actor in a Supporting Role (Comedy),Gautam Gulati,Nominated
Urmila Nimbalkar,2014,Indian Telly Award for Best Actress in a Supporting Role (Comedy),Kanika Maheshwari,Nominated
Urmila Nimbalkar,2015,Best Actress in a Lead Role,Deepika Singh,Nominated
Urmila Nimbalkar,2015,Best Actress in a Supporting Role (Jury),Neelu Vaghela,Nominated
Urmila Nimbalkar,2015,Best Onscreen Couple,Anas Rashid & Deepika Singh,Nominated
Urmila Nimbalkar,2015,Best Programme with a Social Message,Shashi Sumeet Productions,Nominated
Urmila Nimbalkar,2015,Best Daily Serial,Shashi Sumeet Productions,Nominated
Urmila Nimbalkar,2012,Best Singer,Shubha Mudgal & Kailash Kher,Won
Urmila Nimbalkar,2012,Best Serial (Popular),Shashi Sumeet Productions,Won
Urmila Nimbalkar,2012,Best Actor (Jury),Anas Rashid,Nominated
Urmila Nimbalkar,2012,Best Title Song,Adil,Nominated
Urmila Nimbalkar,2013,Best Actor (Drama),Anas Rashid,Won
Urmila Nimbalkar,2013,Best Supporting Actress,Neelu Vaghela,Won
Urmila Nimbalkar,2013,Best Dialogues,Raghuvir Shekhawat,Won
Urmila Nimbalkar,2013,Best Teleplay,Seema Mantri,Won
Urmila Nimbalkar,2013,Best Director (Drama),Rohit Raj Goyal,Won
Urmila Nimbalkar,2014,Best Actress (Popular),Deepika Singh,Won
Urmila Nimbalkar,2014,Best Supporting Actress,Neelu Vaghela,Won
Urmila Nimbalkar,2014,Best Serial,Shashi Sumeet Productions,Won
Urmila Nimbalkar,2014,Best Drama Actress,Deepika Singh,Nominated
Urmila Nimbalkar,2014,Best Drama Actor,Anas Rashid,Nominated
Urmila Nimbalkar,2014,Desh Ka Sitara – Best Actor (Popular),Anas Rashid,Nominated
Urmila Nimbalkar,2014,Best Serial,Shashi Sumeet Productions,Nominated
Urmila Nimbalkar,2014,Best Dialogues,Raghuvir Shekhawat,Nominated
Urmila Nimbalkar,2016,Best Actress,Deepika Singh,Nominated
Urmila Nimbalkar,2016,Best Serial,Shashi Sumeet Productions,Nominated
