0,1,2,3,4
Cesar Award for Best Cinematography,1980(5th),The Brontë Sisters,Les Sœurs Brontë,Bruno Nuytten
Cesar Award for Best Cinematography,1980(5th),Cold Cuts,Buffet froid,Jean Penzer
Cesar Award for Best Cinematography,1980(5th),Perceval le Gallois,Perceval le Gallois,Néstor Almendros
Cesar Award for Best Cinematography,1981(6th),The Last Metro,Le Dernier Métro,Néstor Almendros
Cesar Award for Best Cinematography,1981(6th),Death Watch,La Mort en direct,Pierre-William Glenn
Cesar Award for Best Cinematography,1981(6th),My American Uncle,Mon oncle d'Amérique,Sacha Vierny
Cesar Award for Best Cinematography,1981(6th),The Woman Banker,La Banquière,Bernard Zitzermann
Cesar Award for Best Cinematography,1982(7th),Malevil,Malevil,Jean Penzer
Cesar Award for Best Cinematography,1982(7th),Quest for Fire,La Guerre du feu,Claude Agostini
Cesar Award for Best Cinematography,1982(7th),Under Suspicion,Garde à vue,Bruno Nuytten
Cesar Award for Best Cinematography,1983(8th),Les Misérables,Les Misérables,Edmond Richard
Cesar Award for Best Cinematography,1983(8th),Passion,Passion,Raoul Coutard
Cesar Award for Best Cinematography,1983(8th),A Room in Town,Une chambre en ville,Jean Penzer
Cesar Award for Best Cinematography,1984(9th),"So Long, Stooge",Tchao Pantin,Bruno Nuytten
Cesar Award for Best Cinematography,1984(9th),The Ball,Le bal,Ricardo Aronovich
Cesar Award for Best Cinematography,1984(9th),Deadly Run,Mortelle randonnée,Pierre Lhomme
Cesar Award for Best Cinematography,1984(9th),Moon in the Gutter,La Lune dans le caniveau,Philippe Rousselot
Cesar Award for Best Cinematography,1985(10th),Carmen,Carmen,Pasqualino De Santis
Cesar Award for Best Cinematography,1985(10th),Fort Saganne,Fort Saganne,Bruno Nuytten
Cesar Award for Best Cinematography,1985(10th),Love Unto Death,L'Amour à mort,Sacha Vierny
Cesar Award for Best Cinematography,1986(11th),Harem,Harem,Pasqualino De Santis
Cesar Award for Best Cinematography,1986(11th),Rendez-vous,Rendez-vous,Renato Berta
Cesar Award for Best Cinematography,1986(11th),Subway,Subway,Carlo Varini
Cesar Award for Best Cinematography,1987(12th),Thérèse,Thérèse,Philippe Rousselot
Cesar Award for Best Cinematography,1987(12th),Bad Blood,Mauvais sang,Jean-Yves Escoffier
Cesar Award for Best Cinematography,1987(12th),Jean de Florette,Jean de Florette,Bruno Nuytten
Cesar Award for Best Cinematography,1987(12th),Mélo,Mélo,Charles Van Damme
Cesar Award for Best Cinematography,1988(13th),"Goodbye, Children","Au revoir, les enfants",Renato Berta
Cesar Award for Best Cinematography,1988(13th),Miss Mona,Miss Mona,Patrick Blossier
Cesar Award for Best Cinematography,1988(13th),Under the Sun of Satan,Sous le soleil de Satan,Willy Kurant
Cesar Award for Best Cinematography,1989(14th),The Bear,L'Ours,Philippe Rousselot
Cesar Award for Best Cinematography,1989(14th),The Big Blue,Le Grand Bleu,Carlo Varini
