0,1,2,3,4
Cristine Rose,1984,Kate & Allie,Rosie,"Television debutEpisode: ""Candidate"""
Cristine Rose,1985,Spenser: For Hire,Unknown role,"Episode: ""Children of a Tempest Storm"""
Cristine Rose,1987,Matlock,Lacey St. John,"Episode: ""The Nurse"""
Cristine Rose,1987,Growing Pains,Roseanne Flagg,"Episode: ""A Reason to Live"""
Cristine Rose,1988,Mr. President,Agent Bell,"Episode: ""Insecurity"""
Cristine Rose,1988,Moonlighting,Lauren Baxter,"Episode: ""Eek! A Spouse!"""
Cristine Rose,1988,Just the Ten of Us,Kate Dibie,"Episode: ""Close Encounters"""
Cristine Rose,1988,St. Elsewhere,Unknown role,"Episode: ""The Abby Singer Show""credited as Christine Rose"
Cristine Rose,1988,Dear John,Gloria,"Episode: ""Pilot"""
Cristine Rose,1988,My Sister Sam,Phyllis,"Episode: ""The Good, the Bad and the Auditor"""
Cristine Rose,1988,L.A. Law,Gay Halloran,"Episode: ""Hand Roll Express"""
Cristine Rose,1988-1989,TV 101,Mary Alice Peevey,Recurring role; 4 episodes
Cristine Rose,1989,"Murder, She Wrote",Miss Hayes,"Episode: ""From Russia...with Blood"""
Cristine Rose,1989,Valerie,Rita Traeger,2 episodes
Cristine Rose,1989,Newhart,Debbie,"Episode: ""Cupcake in a Cage"""
Cristine Rose,1990,Murphy Brown,Beth,"Episode: ""Subpoena Envy"""
Cristine Rose,1990,Life Goes On,Ms. Dougherty,"Episode: ""Corky's Crush"""
Cristine Rose,1990,The Famous Teddy Z,Unknown role,"Episode: ""Pitching the Net"""
Cristine Rose,1990-1991,Ferris Bueller,Barbara Bueller,Series regular; 13 episodes
Cristine Rose,1991,The Wonder Years,Dr. Ferleger,"Episode: ""Buster"""
Cristine Rose,1991,CBS Schoolbreak Special,Marilyn Millers,"Episode: ""Dedicated to the One I Love"""
Cristine Rose,1991,Growing Pains,Lucy Snyder,"Episode: ""The Big Fix"""
Cristine Rose,1991,Civil Wars,Doris Stipes,"Episode: ""Daveja-Vu All Over Again"""
Cristine Rose,1991,Anything But Love,Unknown role,"Episode: ""Salmonella Is Coming to Town"""
Cristine Rose,1991,Davis Rules,Unknown role,"Episode: ""They're Writing Songs of Love, But Nun for Me"""
Cristine Rose,1991,Uncle Buck,Gwen,"Episode: ""The Music Man"""
Cristine Rose,1991,Palace Guard,Unknown role,"Episode: ""House Arrest"""
Cristine Rose,1992,Night Court,Dr. Weeks,2 episodes
Cristine Rose,1992,Down the Shore,Wilma Shryer,"Episode: ""Schwing Time"""
Cristine Rose,1992-1993,Flying Blind,Ellen Barash,Series regular; 12 episodes
Cristine Rose,1992-1996,Picket Fences,Lydia Brock,Recurring role; 5 episodes
Cristine Rose,1993,Star Trek: The Next Generation,Gi'ral,2 episodes
Cristine Rose,1993,Almost Home,The Director,"Episode: ""You Ought to Be in Pictures""credited as Christine Rose"
Cristine Rose,1993,The Nanny,Dr. Bort,"Episode: ""Imaginary Friend""credited as Christine Rose"
Cristine Rose,1993,L.A. Law,Attorney for Nat's Son,"Episode: ""Rhyme and Punishment"""
Cristine Rose,1993,The Elvira Show,Lindsay,Unknown episode
Cristine Rose,1993-1996,Grace Under Fire,Barbara Norton,Recurring role; 4 episodes
Cristine Rose,1994,Models Inc.,Dr. Townsend,2 episodes
Cristine Rose,1994,Empty Nest,Nan,"Episode: ""The Courtship of Carol's Father"""
Cristine Rose,1994,The Boys Are Back,Dina,"Episode: ""Fred Runs Away"""
Cristine Rose,1994,Ellen,Susan,Recurring role; 3 episodes
Cristine Rose,1996,Chicago Hope,Judy Beckman,"Episode: ""Liar, Liar"""
Cristine Rose,1996,The Jeff Foxworthy Show,Katherine Blosier,"Episode: ""Puppy Love Triangle"""
Cristine Rose,1996,Nash Bridges,Desk Sergeant,"Episode: ""25 Hours of Christmas"""
Cristine Rose,1997,Ellen,Emily,"Episode: ""Alone Again...Naturally"""
Cristine Rose,1997,Moloney,Andrea Yates,"Episode: ""Ball & Chain"""
Cristine Rose,1997,The Jamie Foxx Show,Marsha Darden,"Episode: ""I've Fallen and I Won't Get Up"""
Cristine Rose,1997,Men Behaving Badly,Dorothy Halverson,"Episode: ""The Box"""
Cristine Rose,1997,Party of Five,Jenny Selby,2 episodes
Cristine Rose,1997,Cracker: Mind Over Murder,Mrs. Lang,"Episode: ""Lemmings Will Fly"""
Cristine Rose,1997,George & Leo,Ronnie,"Episode: ""The Review"""
Cristine Rose,1997,Ally McBeal,Marci Hatfield,"Episode: ""Drawing the Lines"""
Cristine Rose,1997,413 Hope St.,Mrs. Jefferson,"Episode: ""Quentin Goes Home"""
Cristine Rose,1997-1998,Clueless,Mrs. Mumford,Recurring role; 3 episodes
Cristine Rose,1998,"Sabrina, the Teenage Witch",Mrs. Chessler,"Episode: ""Five Easy Pieces of Libby"""
Cristine Rose,1998,ER,Mrs. Martinez,"Episode: ""Shades of Gray"""
Cristine Rose,1998,C-16: FBI,Leslie Dreyfuss,"Episode: ""Green Card"""
Cristine Rose,1998,Prey,Sandra Cook,"Episode: ""Collaboration"""
Cristine Rose,1998,Buddy Faro,Unknown role,"Episode: ""Touched by an Amnesiac"""
Cristine Rose,1998,Dharma & Greg,Autumn,"Episode: ""Unarmed and Dangerous"""
Cristine Rose,1998,The King of Queens,Helen,"Episode: ""Supermarket Story"""
Cristine Rose,1999,"Beverly Hills, 90210",Judge Mary Addison,"Episode: ""Trials and Tribulations"""
Cristine Rose,1999,"Zoe, Duncan Jack & Jane",Lilian Gottlieb/Johnny's Mother,"Episode: ""When Zoe Met Johnny"""
Cristine Rose,1999,"It's Like, You Know...",Zoe,"Episode: ""Welcome to L.A., Part 1"""
Cristine Rose,1999,Charmed,Claire Pryce,Recurring role; 5 episodescredited as Christine Rose
Cristine Rose,1999,"Honey, I Shrunk the Kids: The TV Show",Madame Curie,"Episode: ""Honey, It's a Blunderful Life"""
Cristine Rose,1999-2000,Providence,Cynthia Blake,Recurring role; 7 episodes
Cristine Rose,2000,Diagnosis Murder,Sarah Prince,"Episode: ""Jake's Women"""
Cristine Rose,2000,Days of Our Lives,Dawn Larson,"Episode: ""#1.8849"""
Cristine Rose,2000,Bull,Mrs. Spencer,"Episode: ""Love's Labors Lost"""
Cristine Rose,2001,Six Feet Under,Hannah,"Episode: ""An Open Book"""
Cristine Rose,2001,The Agency,Margaret Callan,"Episode: ""Closure"""
Cristine Rose,2001,Malcolm in the Middle,Mrs. Demarco,"Episode: ""Malcolm's Girlfriend"""
Cristine Rose,2001,Philly,Dr. Ellen Kovell,"Episode: ""Loving Sons"""
Cristine Rose,2001-2003,Gilmore Girls,Francine Hayden,2 episodes
Cristine Rose,2002,Any Day Now,Barbara Hoffman,"Episode: ""In Too Deep"""
Cristine Rose,2002,Life with Bonnie,Shelly,"Episode: ""Pilot"""
Cristine Rose,2002,The Practice,Bernice White,2 episodes
Cristine Rose,2002,Presidio Med,Unknown role,"Episode: ""When Approaching a Let-Go"""
Cristine Rose,2002-2004,Friends,Bitsy Hannigan,2 episodes
Cristine Rose,2003,7th Heaven,Mrs. Iglitz,"Episode: ""Dick"""
Cristine Rose,2003,The Lyon's Den,Ms. Conningham,"Episode: ""Beach House"""
Cristine Rose,2003,Two and a Half Men,Lenore,"Episode: ""Merry Thanksgiving"""
Cristine Rose,2004,NCIS,Pat Stone,"Episode: ""Dead Man Talking"""
Cristine Rose,2004,CSI: Crime Scene Investigation,Grandma Giles,"Episode: ""Down the Drain"""
Cristine Rose,2004,Without a Trace,Irene Shaw,"Episode: ""American Goddess"""
Cristine Rose,2005,Boston Legal,Meredith Waters,"Episode: ""Men to Boys"""
Cristine Rose,2006,Crossing Jordan,Dr. Wasserman,"Episode: ""Dreamland""credited as Christine Rose"
Cristine Rose,2006,Commander in Chief,Alice Marlow,"Episode: ""The Elephant in the Room"""
Cristine Rose,2006,Lovespring International,Alice,"Episode: ""Lydia's Perfect Man"""
Cristine Rose,2006,Saved,Amanda Alden,"Episode: ""Secrets and Lies"""
Cristine Rose,2006-2011,Big Love,Evelyn Linton,2 episodes
Cristine Rose,2006-2014,How I Met Your Mother,Virginia Mosby,Recurring role; 7 episodes
Cristine Rose,2007,State of Mind,"Rosalind Warren, MD",2 episodes
Cristine Rose,2010,The Mentalist,Pauline,"Episode: ""Pink Chanel Suite"""
Cristine Rose,2010-2011,Brothers & Sisters,Dean Danielle Whitley,2 episodes
Cristine Rose,2011,Private Practice,Mrs. Freedman,"Episode: ""Something Old, Something New"""
Cristine Rose,2011,Mad Love,Penny,"Episode: ""After the Fireworks"""
Cristine Rose,2011,NCIS: Los Angeles,Alexa Comescu,2 episodes
Cristine Rose,2012,Longmire,Donna Craig,"Episode: ""The Worst Kind of Hunter"""
Cristine Rose,2014,NCIS: New Orleans,Hannah Tarlow,"Episode: ""Chasing Ghosts"""
Cristine Rose,2015,Aquarius,Grace's Mother,"Episode: ""A Whiter Shade of Pale"""
Cristine Rose,2016-2017,How to Get Away with Murder,Judge Wenona Sansbury,2 episodes
Cristine Rose,2017,Trial & Error,Josie Davis,Recurring role; 8 episodes
Cristine Rose,2018,Sharp Objects,Nurse Beverly,"Television miniseries; episode: ""Falling"""
