0,1,2
Anthony awards,Willetta L. Heising,"Detecting Women, 3rd edition"
Anthony awards,Agatha Christie,Hercule Poirot series
Anthony awards,Meg Chittenden,"""Noir Lite"" from Ellery Queen's Mystery Magazine, January 1999"
Anthony awards,Agatha Christie,
Anthony awards,Jane Langton,
Anthony awards,Lawrence Block,Master's Choice II
Anthony awards,Jim Huang,100 Favorite Mysteries Of The Century
Anthony awards,Chris Aldrich and Lynn Kaczmarek,Mystery News
Anthony awards,Kate Grilley,Death Dances to a Reggae Beat
Anthony awards,Edward D. Hoch,"""The Problem of the Potting Shed"" from Ellery Queen's Mystery Magazine, July 2000"
Anthony awards,Edward D. Hoch,
Anthony awards,Michael Storrings,"""Reflecting the Sky,"" from photograph by Josef Beck"
Anthony awards,Tony Hillerman,Seldom Disappointed
Anthony awards,C. J. Box,Open Season
Anthony awards,Bill Crider and Judy Crider,"""Chocolate Moose"" from Death Dines at 8:30"
Anthony awards,Penny Warner,The Mystery of the Haunted Caves
Anthony awards,Doris Ann Norris,
Anthony awards,Michael Kellner,"""Measures of Poison"" from photograph by Christopher Voelker"
Anthony awards,Jim Huang,"They Died in Vain: Overlooked, Underappreciated and Forgotten Mystery Novels"
Anthony awards,Robin Burcell,Fatal Truth
Anthony awards,Marcia Talley,"""Too Many Cooks"" from Much Ado About Murder"
Anthony awards,Gary Warren Niebuhr,Make Mine a Mystery: A Reader's Guide to Mystery and Detective Fiction
Anthony awards,Robin Burcell,Deadly Legacy
Anthony awards,Rhys Bowen,"""Doppelganger"" from Blood on Their Hands"
Anthony awards,Sohrab Habibion,Brooklyn Noir
Anthony awards,Max Allan Collins et al.,Men's Adventure Magazines
Anthony awards,Elaine Viets,"""Wedding Knife"" from Chesapeake Crimes"
Anthony awards,Bill Pronzini and Marcia Muller,
Anthony awards,Marcia Muller,
Anthony awards,Marv Lachman,The Heirs of Anthony Boucher
Anthony awards,Jon and Ruth Jordan,Crimespree Magazine
Anthony awards,Reed Farrel Coleman,The James Deans
Anthony awards,Barbara Seranella,"""Misdirection"" from Greatest Hits"
Anthony awards,Robert B. Parker,
Anthony awards,Janet Rudolph,Mystery Readers International
Anthony awards,Jim Huang and Austin Lugar,Mystery Muses
Anthony awards,Louise Penny,Still Life
Anthony awards,Simon Wood,"""My Father's Secret"" from Crimespree Magazine"
Anthony awards,James Sallis,
Anthony awards,Jim Huang,
Anthony awards,Crum Creek Press,
Anthony awards,The Mystery Company,
Anthony awards,"Jon Lellenberg, Daniel Stashower, and Charles Foley",Arthur Conan Doyle: A Life in Letters
Anthony awards,Tana French,In the Woods
Anthony awards,Laura Lippman,"""Hardly Knew Her"" from Dead Man's Hand"
Anthony awards,Lucinda Surber and Stan Ulrich,"Stop, You're Killing Me!"
Anthony awards,Robert Rosenwald,
Anthony awards,Barbara G. Peters,
Anthony awards,Jon and Ruth Jordan,Crimespree magazine
Anthony awards,Chris Grabenstein,The Crossroads
Anthony awards,Peter Mendelsund,The Girl with the Dragon Tattoo
Anthony awards,Jeffrey Marks,Anthony Boucher: A Biobibliography
Anthony awards,Sean Chercover,"""A Sleep Not Unlike Death"" from Hardcore Hardboiled"
Anthony awards,Allen J. Hubin,
Anthony awards,Jon and Ruth Jordan,Crimespree magazine
