0,1,2,3,4
Heidelberg (electoral district),1949,Eduard Wahl,CDU,36.7
Heidelberg (electoral district),1953,Eduard Wahl,CDU,48.3
Heidelberg (electoral district),1957,Eduard Wahl,CDU,52.6
Heidelberg (electoral district),1961,Eduard Wahl,CDU,45.4
Heidelberg (electoral district),1965,Eduard Wahl,CDU,47.3
Heidelberg (electoral district),1969,Alex Möller,SPD,45.8
Heidelberg (electoral district),1972,Alex Möller,SPD,49.6
Heidelberg (electoral district),1976,Karl Weber,CDU,48.4
Heidelberg (electoral district),1980,Hartmut Soell,SPD,44.9
Heidelberg (electoral district),1983,Udo Ehrbar,CDU,48.9
Heidelberg (electoral district),1987,Udo Ehrbar,CDU,43.9
Heidelberg (electoral district),1990,Udo Ehrbar,CDU,42.8
Heidelberg (electoral district),1998,Lothar Binding,SPD,44.5
Heidelberg (electoral district),2002,Lothar Binding,SPD,42.9
Heidelberg (electoral district),2021,Franziska Brantner,GRÜNE,30.2
