0,1,2,3,4
Dick Tracy Special,Academy Awards,Best Original Song,"""Sooner or Later (I Always Get My Man)""  Music and Lyrics by Stephen Sondheim",Won
Dick Tracy Special,American Comedy Awards,Funniest Supporting Actor in a Motion Picture,Al Pacino,Won
Dick Tracy Special,American Society of Cinematographers Awards,Outstanding Achievement in Cinematography in Theatrical Releases,Vittorio Storaro,Nominated
Dick Tracy Special,Artios Awards,Outstanding Achievement in Feature Film Casting – Comedy,Jackie Burch,Nominated
Dick Tracy Special,BMI Film & TV Awards,BMI Film Music Award,Danny Elfman,Won
Dick Tracy Special,Boston Society of Film Critics Awards,Best Cinematography,Vittorio Storaro (also for The Sheltering Sky),Won
Dick Tracy Special,British Academy Film Awards,Best Actor in a Supporting Role,Al Pacino,Nominated
Dick Tracy Special,British Academy Film Awards,Best Costume Design,Milena Canonero,Nominated
Dick Tracy Special,British Academy Film Awards,Best Editing,Richard Marks,Nominated
Dick Tracy Special,British Academy Film Awards,Best Make Up Artist,John Caglione Jr. and Doug Drexler,Won
Dick Tracy Special,British Academy Film Awards,Best Production Design,Richard Sylbert,Won
Dick Tracy Special,British Academy Film Awards,Best Sound,"Dennis Drummond, Thomas Causey, Chris Jenkins,  David E. Campbell, and Doug Hemphill",Nominated
Dick Tracy Special,British Academy Film Awards,Best Special Visual Effects,Best Special Visual Effects,Nominated
Dick Tracy Special,British Society of Cinematographers,Best Cinematography in a Theatrical Feature Film,Vittorio Storaro,Nominated
Dick Tracy Special,Chicago Film Critics Association Awards,Best Supporting Actor,Al Pacino,Nominated
Dick Tracy Special,Dallas–Fort Worth Film Critics Association Awards,Best Supporting Actor,Al Pacino,Nominated
Dick Tracy Special,Dallas–Fort Worth Film Critics Association Awards,Best Cinematography,Vittorio Storaro,Nominated
Dick Tracy Special,Golden Globe Awards,Best Motion Picture – Musical or Comedy,Best Motion Picture – Musical or Comedy,Nominated
Dick Tracy Special,Golden Globe Awards,Best Supporting Actor – Motion Picture,Al Pacino,Nominated
Dick Tracy Special,Golden Globe Awards,Best Original Song – Motion Picture,"""Sooner or Later (I Always Get My Man)""  Music and Lyrics by Stephen Sondheim",Nominated
Dick Tracy Special,Golden Globe Awards,Best Original Song – Motion Picture,"""What Can You Lose?""  Music and Lyrics by Stephen Sondheim",Nominated
Dick Tracy Special,Grammy Awards,Best Instrumental Composition Written for a Motion Picture or for Television,Dick Tracy – Danny Elfman,Nominated
Dick Tracy Special,Grammy Awards,Best Song Written Specifically for a Motion Picture or Television,"""More"" – Stephen Sondheim",Nominated
Dick Tracy Special,Grammy Awards,Best Song Written Specifically for a Motion Picture or Television,"""Sooner or Later (I Always Get My Man)"" – Stephen Sondheim",Nominated
Dick Tracy Special,Nastro d'Argento,Best Foreign Director,Warren Beatty,Nominated
Dick Tracy Special,National Society of Film Critics Awards,Best Supporting Actor,Al Pacino,3rd Place
Dick Tracy Special,Saturn Awards,Best Fantasy Film,Best Fantasy Film,Won
Dick Tracy Special,Saturn Awards,Best Actor,Warren Beatty,Nominated
Dick Tracy Special,Saturn Awards,Best Actress,Madonna,Nominated
Dick Tracy Special,Saturn Awards,Best Supporting Actor,Al Pacino,Nominated
Dick Tracy Special,Saturn Awards,Best Performance by a Younger Actor,Charlie Korsmo,Nominated
Dick Tracy Special,Saturn Awards,Best Costumes,Milena Canonero,Nominated
Dick Tracy Special,Saturn Awards,Best Make-Up,"John Caglione Jr., Doug Drexler, and Cheri Minns",Won
Dick Tracy Special,Young Artist Awards,Most Entertaining Family Youth Motion Picture – Comedy/Horror,Most Entertaining Family Youth Motion Picture – Comedy/Horror,Nominated
Dick Tracy Special,Young Artist Awards,Best Young Actor Starring in a Motion Picture,Charlie Korsmo,Nominated
