0,1,2,3,4
1943(16th),Saludos Amigos,Best Scoring of a Musical Picture,"Edward H. Plumb, Paul J. Smith and Charles Wolcott",Nominated
1943(16th),Saludos Amigos,Best Song,"""Saludos Amigos"" Charles Wolcott (Music), Ned Washington (Lyric) ",Nominated
1943(16th),Victory Through Air Power,Best Music Score of a Dramatic or Comedy Picture,"Edward H. Plumb, Paul J. Smith and Oliver Wallace",Nominated
1945(18th),Anchors Aweigh,Best Motion Picture,Joe Pasternak,Nominated
1945(18th),Anchors Aweigh,"Best Cinematography, Color",Robert Planck and Charles P. Boyle,Nominated
1945(18th),Anchors Aweigh,Best Scoring of a Musical Picture,Georgie Stoll,Won
1945(18th),Anchors Aweigh,Best Song,"""I Fall in Love Too Easily"" Jule Styne (Music), Sammy Cahn (Lyric) ",Nominated
1945(18th),The Three Caballeros,Best Scoring of a Musical Picture,"Edward H. Plumb, Paul J. Smith and Charles Wolcott",Nominated
1947(20th),Song of the South,Best Scoring of a Musical Picture,"Daniele Amfitheatrof, Paul J. Smith and Charles Wolcott",Nominated
1947(20th),Song of the South,Best Song,"""Zip-a-Dee-Doo-Dah""Allie Wrubel (Music), Ray Gilbert (Lyric)",Won
1948(22nd),So Dear to My Heart,Best Song,"""Lavender Blue (Dilly Dilly)"" Eliot Daniel (Music), Larry Morey (Lyric)",Nominated
1964(37th),Mary Poppins,"Best Art Direction, Color","Carroll Clark and William H. Tuntke (Art Direction), Emile Kuri and Hal Gausman (Set Decoration)",Nominated
1964(37th),Mary Poppins,"Best Cinematography, Color",Edward Colman,Nominated
1964(37th),Mary Poppins,"Best Costume Design, Color",Tony Walton,Nominated
1964(37th),Mary Poppins,Best Original Song,"""Chim Chim Cher-ee"" Richard M. Sherman and Robert B. Sherman (Music and Lyric) ",Won
1964(37th),Mary Poppins,Best Music Score - Substantially Original,Richard M. Sherman and Robert B. Sherman,Won
1964(37th),Mary Poppins,Best Scoring of Music - Adaptation or Treatment,Irwin Kostal,Nominated
1971(44th),Bedknobs and Broomsticks,Best Scoring: Adaptation and Original Song Score,Richard M. Sherman and Robert B. Sherman (songs) Irwin Kostal (adaptation score),Nominated
1971(44th),Bedknobs and Broomsticks,Best Original Song,"""The Age of Not Believing"" Richard M. Sherman and Robert B. Sherman (Music and Lyric) ",Nominated
1971(44th),Bedknobs and Broomsticks,Best Special Visual Effects,"Alan Maley, Eustace Lycett, Danny Lee",Won
1977(50th),Pete's Dragon,Best Original Song Score and Its Adaptation or Adaptation Score,"Joel Hirschhorn and Al Kasha (songs), Irwin Kostal (adaptation score)",Nominated
1977(50th),Pete's Dragon,Best Original Song,"""Candle on the Water"" Joel Hirschhorn and Al Kasha (Music and Lyric)",Nominated
2007  (80th),Enchanted,Best Original Song,"""Happy Working Song"" Alan Menken (Music), Stephen Schwartz (Lyric) ",Nominated
2007  (80th),Enchanted,Best Original Song,"""So Close"" Alan Menken (Music),  Stephen Schwartz (Lyric) ",Nominated
2007  (80th),Enchanted,Best Original Song,"""That's How You Know"" Alan Menken (Music), Stephen Schwartz (Lyrics) ",Nominated
2018(91st),Mary Poppins Returns,Best Costume Design,Sandy Powell,Nominated
2018(91st),Mary Poppins Returns,Best Original Score,Marc Shaiman,Nominated
2018(91st),Mary Poppins Returns,Best Original Song,"""The Place Where Lost Things Go"" Marc Shaiman (Music and Lyric), Scott Wittman (Lyric) ",Nominated
2018(91st),Mary Poppins Returns,Best Production Design,"John Myhre (Production Design), Gordon Sim (Set Decoration)",Nominated
