0,1,2,3,4,5,6,7
Acting Governor of Massachusetts, ,Thomas Cushing(1725–1788),"February 18, 1785–May 27, 1785(lost election)",None,Lieutenantgovernoracting, ,Acting as governor
Acting Governor of Massachusetts, ,James Bowdoin(1726–1790),"May 27, 1785–June 1, 1787(lost election)",None,1785, ,Thomas Cushing
Acting Governor of Massachusetts,1786,James Bowdoin(1726–1790),"May 27, 1785–June 1, 1787(lost election)",None, , ,Thomas Cushing
Acting Governor of Massachusetts,1788,John Hancock(1737–1893),"June 1, 1787–October 8, 1793(died in office)",None,Benjamin Lincoln, , 
Acting Governor of Massachusetts,1789,John Hancock(1737–1893),"June 1, 1787–October 8, 1793(died in office)",None,Samuel Adams, , 
Acting Governor of Massachusetts,1790,John Hancock(1737–1893),"June 1, 1787–October 8, 1793(died in office)",None,Samuel Adams, , 
Acting Governor of Massachusetts,1791,John Hancock(1737–1893),"June 1, 1787–October 8, 1793(died in office)",None,Samuel Adams, , 
Acting Governor of Massachusetts,1792,John Hancock(1737–1893),"June 1, 1787–October 8, 1793(died in office)",None,Samuel Adams, , 
Acting Governor of Massachusetts,1793,John Hancock(1737–1893),"June 1, 1787–October 8, 1793(died in office)",None,Samuel Adams, , 
Acting Governor of Massachusetts, ,Samuel Adams(1722–1803),"October 8, 1793–June 2, 1797(did not run)",None,Lieutenantgovernoracting, ,Acting as governor
Acting Governor of Massachusetts,1794,Samuel Adams(1722–1803),"October 8, 1793–June 2, 1797(did not run)",None,Moses Gill, , 
Acting Governor of Massachusetts,1795,Samuel Adams(1722–1803),"October 8, 1793–June 2, 1797(did not run)",None,Moses Gill, , 
Acting Governor of Massachusetts,1796,Samuel Adams(1722–1803),"October 8, 1793–June 2, 1797(did not run)",None,Moses Gill, , 
Acting Governor of Massachusetts,,Increase Sumner(1746–1799),"June 2, 1797–June 7, 1799(died in office)",Federalist,Moses Gill,1797, 
Acting Governor of Massachusetts,,Moses Gill(1733–1800),"June 7, 1799–May 20, 1800(died in office)",None,Lieutenantgovernoracting, ,Acting as governor
Acting Governor of Massachusetts,,Governor's Councilchaired by Thomas Dawes,"May 20, 1800–May 30, 1800",—,Governor'sCouncilacting,Vacant,Vacant
Acting Governor of Massachusetts,,Caleb Strong(1745–1819),"May 30, 1800–May 29, 1807(lost election)",Federalist,1800,Vacant,None
Acting Governor of Massachusetts,,Caleb Strong(1745–1819),"May 30, 1800–May 29, 1807(lost election)",Federalist,1801,,Samuel Phillips Jr.
Acting Governor of Massachusetts,,Caleb Strong(1745–1819),"May 30, 1800–May 29, 1807(lost election)",Federalist,1802,,Edward Robbins
Acting Governor of Massachusetts,,Caleb Strong(1745–1819),"May 30, 1800–May 29, 1807(lost election)",Federalist,1803,,Edward Robbins
Acting Governor of Massachusetts,,Caleb Strong(1745–1819),"May 30, 1800–May 29, 1807(lost election)",Federalist,1804,,Edward Robbins
Acting Governor of Massachusetts,,Caleb Strong(1745–1819),"May 30, 1800–May 29, 1807(lost election)",Federalist,1805,,Edward Robbins
Acting Governor of Massachusetts,,Caleb Strong(1745–1819),"May 30, 1800–May 29, 1807(lost election)",Federalist,1806,,Edward Robbins
Acting Governor of Massachusetts,,Levi Lincoln Sr.(1749–1820),"December 10, 1808–June 3, 1809(lost election)",Democratic-Republican,Lieutenantgovernoracting,Acting as governor,
Acting Governor of Massachusetts,,Christopher Gore(1758–1827),"June 3, 1809–June 2, 1810(lost election)",Federalist,1810,,David Cobb
Acting Governor of Massachusetts,,Elbridge Gerry(1744–1814),"June 2, 1810–May 30, 1812(lost election)",Democratic-Republican,1810,,William Gray
Acting Governor of Massachusetts,,Elbridge Gerry(1744–1814),"June 2, 1810–May 30, 1812(lost election)",Democratic-Republican,1811,,William Gray
Acting Governor of Massachusetts,,Caleb Strong(1745–1819),"May 30, 1812–June 1, 1816(did not run)",Federalist,1812,,William Phillips Jr.
Acting Governor of Massachusetts,,Caleb Strong(1745–1819),"May 30, 1812–June 1, 1816(did not run)",Federalist,1813,,William Phillips Jr.
Acting Governor of Massachusetts,,Caleb Strong(1745–1819),"May 30, 1812–June 1, 1816(did not run)",Federalist,1814,,William Phillips Jr.
Acting Governor of Massachusetts,,Caleb Strong(1745–1819),"May 30, 1812–June 1, 1816(did not run)",Federalist,1815,,William Phillips Jr.
Acting Governor of Massachusetts,,John Brooks(1752–1825),"June 1, 1816–May 30, 1823(did not run)",Federalist,1816,,William Phillips Jr.
Acting Governor of Massachusetts,1817,John Brooks(1752–1825),"June 1, 1816–May 30, 1823(did not run)",Federalist,,,William Phillips Jr.
Acting Governor of Massachusetts,1818,John Brooks(1752–1825),"June 1, 1816–May 30, 1823(did not run)",Federalist,,,William Phillips Jr.
Acting Governor of Massachusetts,1819,John Brooks(1752–1825),"June 1, 1816–May 30, 1823(did not run)",Federalist,,,William Phillips Jr.
Acting Governor of Massachusetts,1820,John Brooks(1752–1825),"June 1, 1816–May 30, 1823(did not run)",Federalist,,,William Phillips Jr.
Acting Governor of Massachusetts,1821,John Brooks(1752–1825),"June 1, 1816–May 30, 1823(did not run)",Federalist,,,William Phillips Jr.
Acting Governor of Massachusetts,1822,John Brooks(1752–1825),"June 1, 1816–May 30, 1823(did not run)",Federalist,,,William Phillips Jr.
Acting Governor of Massachusetts,,Marcus Morton(1784–1864),"February 6, 1825–May 27, 1825(did not run)",Democratic-Republican,Lieutenantgovernoracting,Acting as governor,
Acting Governor of Massachusetts,,Levi Lincoln Jr.(1782–1868),"May 27, 1825–January 21, 1834(did not run)",NationalRepublican,1825,,Thomas L. Winthrop
Acting Governor of Massachusetts,,Levi Lincoln Jr.(1782–1868),"May 27, 1825–January 21, 1834(did not run)",NationalRepublican,1826,,Thomas L. Winthrop
Acting Governor of Massachusetts,,Levi Lincoln Jr.(1782–1868),"May 27, 1825–January 21, 1834(did not run)",NationalRepublican,1827,,Thomas L. Winthrop
Acting Governor of Massachusetts,,Levi Lincoln Jr.(1782–1868),"May 27, 1825–January 21, 1834(did not run)",NationalRepublican,1828,,Thomas L. Winthrop
Acting Governor of Massachusetts,,Levi Lincoln Jr.(1782–1868),"May 27, 1825–January 21, 1834(did not run)",NationalRepublican,1829,,Thomas L. Winthrop
Acting Governor of Massachusetts,,Levi Lincoln Jr.(1782–1868),"May 27, 1825–January 21, 1834(did not run)",NationalRepublican,1830,,Thomas L. Winthrop
Acting Governor of Massachusetts,,Levi Lincoln Jr.(1782–1868),"May 27, 1825–January 21, 1834(did not run)",NationalRepublican,Apr. 1831,,Thomas L. Winthrop
Acting Governor of Massachusetts,,Levi Lincoln Jr.(1782–1868),"May 27, 1825–January 21, 1834(did not run)",NationalRepublican,Nov. 1831,,Thomas L. Winthrop
Acting Governor of Massachusetts,,Levi Lincoln Jr.(1782–1868),"May 27, 1825–January 21, 1834(did not run)",NationalRepublican,1832,,Thomas L. Winthrop
Acting Governor of Massachusetts,,Samuel Turell Armstrong(1784–1850),"March 3, 1835–January 13, 1836(lost election)",Whig,Lieutenantgovernoracting,,Acting as governor
Acting Governor of Massachusetts,,Edward Everett(1794–1865),"January 13, 1836–January 18, 1840(lost election)",Whig,1835,George Hull,
Acting Governor of Massachusetts,1836,Edward Everett(1794–1865),"January 13, 1836–January 18, 1840(lost election)",Whig,,George Hull,
Acting Governor of Massachusetts,1837,Edward Everett(1794–1865),"January 13, 1836–January 18, 1840(lost election)",Whig,,George Hull,
Acting Governor of Massachusetts,1838,Edward Everett(1794–1865),"January 13, 1836–January 18, 1840(lost election)",Whig,,George Hull,
Acting Governor of Massachusetts,,Marcus Morton(1784–1864),"January 18, 1840–January 9, 1841(lost election)",Democratic,1839,George Hull,
Acting Governor of Massachusetts,,John Davis(1787–1854),"January 9, 1841–January 18, 1843(lost election)",Whig,1840,George Hull,
Acting Governor of Massachusetts,,John Davis(1787–1854),"January 9, 1841–January 18, 1843(lost election)",Whig,1841,,George Hull
Acting Governor of Massachusetts,,Marcus Morton(1784–1864),"January 18, 1843–January 9, 1844(lost election)",Democratic,1842,,Henry H. Childs
Acting Governor of Massachusetts,,George N. Briggs(1796–1861),"January 9, 1844–January 13, 1851(lost election)",Whig,1843,,Henry W. Cushman
Acting Governor of Massachusetts,,George N. Briggs(1796–1861),"January 9, 1844–January 13, 1851(lost election)",Whig,1844,,Henry W. Cushman
Acting Governor of Massachusetts,,George N. Briggs(1796–1861),"January 9, 1844–January 13, 1851(lost election)",Whig,1845,,Henry W. Cushman
Acting Governor of Massachusetts,,George N. Briggs(1796–1861),"January 9, 1844–January 13, 1851(lost election)",Whig,1846,,Henry W. Cushman
Acting Governor of Massachusetts,,George N. Briggs(1796–1861),"January 9, 1844–January 13, 1851(lost election)",Whig,1847,,Henry W. Cushman
Acting Governor of Massachusetts,,George N. Briggs(1796–1861),"January 9, 1844–January 13, 1851(lost election)",Whig,1848,,Henry W. Cushman
Acting Governor of Massachusetts,,George N. Briggs(1796–1861),"January 9, 1844–January 13, 1851(lost election)",Whig,1849,,Henry W. Cushman
Acting Governor of Massachusetts,,George S. Boutwell(1818–1905),"January 13, 1851–January 14, 1853(did not run)",Democratic,1850,,Henry W. Cushman
Acting Governor of Massachusetts,,George S. Boutwell(1818–1905),"January 13, 1851–January 14, 1853(did not run)",Democratic,1851,,Henry W. Cushman
Acting Governor of Massachusetts,,John H. Clifford(1809–1876),"January 14, 1853–January 12, 1854(did not run)",Whig,1853,,William C. Plunkett
Acting Governor of Massachusetts,,Emory Washburn(1800–1877),"January 12, 1854–January 4, 1855(lost election)",Whig,1853,,William C. Plunkett
Acting Governor of Massachusetts,,Henry Gardner(1819–1892),"January 9, 1855–January 7, 1858(lost election)",Know Nothing,1854,,Simon Brown
Acting Governor of Massachusetts,,Henry Gardner(1819–1892),"January 9, 1855–January 7, 1858(lost election)",Know Nothing,1855,,Henry Wetherby Benchley
Acting Governor of Massachusetts,,Henry Gardner(1819–1892),"January 9, 1855–January 7, 1858(lost election)",Know Nothing,1856,,Henry Wetherby Benchley
Acting Governor of Massachusetts,,Nathaniel P. Banks(1816–1894),"January 2, 1858–January 3, 1861(did not run)",Republican,1857,,Eliphalet Trask
Acting Governor of Massachusetts,,Nathaniel P. Banks(1816–1894),"January 2, 1858–January 3, 1861(did not run)",Republican,1858,,Eliphalet Trask
Acting Governor of Massachusetts,,Nathaniel P. Banks(1816–1894),"January 2, 1858–January 3, 1861(did not run)",Republican,1859,,Eliphalet Trask
Acting Governor of Massachusetts,,John Albion Andrew(1818–1867),"January 2, 1861–January 6, 1866(did not run)",Republican,1860,John Z. Goodrich,
Acting Governor of Massachusetts,1861,John Albion Andrew(1818–1867),"January 2, 1861–January 6, 1866(did not run)",Republican,John Nesmith,,
Acting Governor of Massachusetts,1862,John Albion Andrew(1818–1867),"January 2, 1861–January 6, 1866(did not run)",Republican,Joel Hayden,,
Acting Governor of Massachusetts,1863,John Albion Andrew(1818–1867),"January 2, 1861–January 6, 1866(did not run)",Republican,Joel Hayden,,
Acting Governor of Massachusetts,1864,John Albion Andrew(1818–1867),"January 2, 1861–January 6, 1866(did not run)",Republican,Joel Hayden,,
Acting Governor of Massachusetts,,Alexander Bullock(1816–1882),"January 6, 1866–January 9, 1869(did not run)",Republican,1865,William Claflin,
Acting Governor of Massachusetts,1866,Alexander Bullock(1816–1882),"January 6, 1866–January 9, 1869(did not run)",Republican,,William Claflin,
Acting Governor of Massachusetts,1867,Alexander Bullock(1816–1882),"January 6, 1866–January 9, 1869(did not run)",Republican,,William Claflin,
Acting Governor of Massachusetts,,William Claflin(1818–1905),"January 9, 1869–January 5, 1872(did not run)",Republican,1868,Joseph Tucker,
Acting Governor of Massachusetts,1869,William Claflin(1818–1905),"January 9, 1869–January 5, 1872(did not run)",Republican,,Joseph Tucker,
Acting Governor of Massachusetts,1870,William Claflin(1818–1905),"January 9, 1869–January 5, 1872(did not run)",Republican,,Joseph Tucker,
Acting Governor of Massachusetts,,William B. Washburn(1820–1887),"January 5, 1872–April 30, 1874(resigned)",Republican,1871,Joseph Tucker,
Acting Governor of Massachusetts,1872,William B. Washburn(1820–1887),"January 5, 1872–April 30, 1874(resigned)",Republican,Thomas Talbot,,
Acting Governor of Massachusetts,1873,William B. Washburn(1820–1887),"January 5, 1872–April 30, 1874(resigned)",Republican,Thomas Talbot,,
Acting Governor of Massachusetts,,Thomas Talbot(1818–1885),"April 30, 1874–January 7, 1875(lost election)",Republican,Lieutenantgovernoracting,Acting as governor,
Acting Governor of Massachusetts,,William Gaston(1820–1894),"January 7, 1875–January 6, 1876(lost election)",Democratic,1874,,Horatio G. Knight
Acting Governor of Massachusetts,,Alexander H. Rice(1818–1895),"January 6, 1876–January 2, 1879(did not run)",Republican,1875,,Horatio G. Knight
Acting Governor of Massachusetts,,Alexander H. Rice(1818–1895),"January 6, 1876–January 2, 1879(did not run)",Republican,1876,,Horatio G. Knight
Acting Governor of Massachusetts,,Alexander H. Rice(1818–1895),"January 6, 1876–January 2, 1879(did not run)",Republican,1877,,Horatio G. Knight
Acting Governor of Massachusetts,,Thomas Talbot(1818–1885),"January 2, 1879–January 8, 1880(did not run)",Republican,1879,John Davis Long,
Acting Governor of Massachusetts,,John Davis Long(1838–1915),"January 8, 1880–January 4, 1883(did not run)",Republican,1879,Byron Weston,
Acting Governor of Massachusetts,1880,John Davis Long(1838–1915),"January 8, 1880–January 4, 1883(did not run)",Republican,,Byron Weston,
Acting Governor of Massachusetts,1881,John Davis Long(1838–1915),"January 8, 1880–January 4, 1883(did not run)",Republican,,Byron Weston,
Acting Governor of Massachusetts,,Benjamin Butler(1818–1893),"January 4, 1883–January 3, 1884(lost election)",Democratic,1882,,Oliver Ames
Acting Governor of Massachusetts,,Oliver Ames(1831–1895),"January 6, 1887–January 2, 1890(did not run)",Republican,1886,John Q. A. Brackett,
Acting Governor of Massachusetts,1887,Oliver Ames(1831–1895),"January 6, 1887–January 2, 1890(did not run)",Republican,,John Q. A. Brackett,
Acting Governor of Massachusetts,1888,Oliver Ames(1831–1895),"January 6, 1887–January 2, 1890(did not run)",Republican,,John Q. A. Brackett,
Acting Governor of Massachusetts,,John Q. A. Brackett(1842–1918),"January 2, 1890–January 8, 1891(lost election)",Republican,1889,William H. Haile,
Acting Governor of Massachusetts,,William E. Russell(1857–1896),"January 8, 1891–January 4, 1894(did not run)",Democratic,1890,William H. Haile,
Acting Governor of Massachusetts,,William E. Russell(1857–1896),"January 8, 1891–January 4, 1894(did not run)",Democratic,1891,,William H. Haile
Acting Governor of Massachusetts,,William E. Russell(1857–1896),"January 8, 1891–January 4, 1894(did not run)",Democratic,1892,Roger Wolcott,
Acting Governor of Massachusetts,,Frederic T. Greenhalge(1842–1896),"January 4, 1894–March 5, 1896(died in office)",Republican,1893,Roger Wolcott,
Acting Governor of Massachusetts,,Roger Wolcott(1847–1900),"March 5, 1896–January 4, 1900(did not run)",Republican,Lieutenantgovernoracting,Acting as governor,
Acting Governor of Massachusetts,1896,Roger Wolcott(1847–1900),"March 5, 1896–January 4, 1900(did not run)",Republican,Winthrop M. Crane,,
Acting Governor of Massachusetts,1897,Roger Wolcott(1847–1900),"March 5, 1896–January 4, 1900(did not run)",Republican,Winthrop M. Crane,,
Acting Governor of Massachusetts,1898,Roger Wolcott(1847–1900),"March 5, 1896–January 4, 1900(did not run)",Republican,Winthrop M. Crane,,
Acting Governor of Massachusetts,,Winthrop M. Crane(1853–1920),"January 4, 1900–January 8, 1903(did not run)",Republican,1899,John L. Bates,
Acting Governor of Massachusetts,1900,Winthrop M. Crane(1853–1920),"January 4, 1900–January 8, 1903(did not run)",Republican,,John L. Bates,
Acting Governor of Massachusetts,1901,Winthrop M. Crane(1853–1920),"January 4, 1900–January 8, 1903(did not run)",Republican,,John L. Bates,
Acting Governor of Massachusetts,,John L. Bates(1859–1946),"January 8, 1903–January 5, 1905(did not run)",Republican,1902,Curtis Guild Jr.,
Acting Governor of Massachusetts,1903,John L. Bates(1859–1946),"January 8, 1903–January 5, 1905(did not run)",Republican,,Curtis Guild Jr.,
Acting Governor of Massachusetts,,William Lewis Douglas(1845–1924),"January 5, 1905–January 4, 1906(did not run)",Democratic,1904,Curtis Guild Jr.,
Acting Governor of Massachusetts,,Eben Sumner Draper(1858–1914),"January 7, 1909–January 6, 1911(lost election)",Republican,1908,Louis A. Frothingham,
Acting Governor of Massachusetts,1909,Eben Sumner Draper(1858–1914),"January 7, 1909–January 6, 1911(lost election)",Republican,,Louis A. Frothingham,
Acting Governor of Massachusetts,,Eugene Foss(1858–1939),"January 5, 1911–January 8, 1914(lost election)",Democratic,1910,Louis A. Frothingham,
Acting Governor of Massachusetts,,Eugene Foss(1858–1939),"January 5, 1911–January 8, 1914(lost election)",Democratic,1912,Robert Luce,
Acting Governor of Massachusetts,,David I. Walsh(1872–1947),"January 8, 1914–January 6, 1916(lost election)",Democratic,1913,,Edward P. Barry
Acting Governor of Massachusetts,1914,David I. Walsh(1872–1947),"January 8, 1914–January 6, 1916(lost election)",Democratic,,,Grafton D. Cushing
Acting Governor of Massachusetts,,Frank G. Allen(1874–1950),"January 3, 1929–January 8, 1931(lost election)",Republican,1928,,William S. Youngman
Acting Governor of Massachusetts,,Joseph B. Ely(1881–1956),"January 8, 1931–January 3, 1935(did not run)",Democratic,,1930,William S. Youngman
Acting Governor of Massachusetts,,Joseph B. Ely(1881–1956),"January 8, 1931–January 3, 1935(did not run)",Democratic,1932,Gaspar G. Bacon,
Acting Governor of Massachusetts,,James Michael Curley(1874–1958),"January 3, 1935–January 7, 1937(did not run)",Democratic,1936,,Joseph L. Hurley
Acting Governor of Massachusetts,,Charles F. Hurley(1893–1946),"January 7, 1937–January 5, 1939(lost nomination)",Democratic,1936,,Francis E. Kelly
Acting Governor of Massachusetts,,Leverett Saltonstall(1892–1979),"January 5, 1939–January 4, 1945(did not run)",Republican,1938,,Horace T. Cahill
Acting Governor of Massachusetts,,Leverett Saltonstall(1892–1979),"January 5, 1939–January 4, 1945(did not run)",Republican,1940,,Horace T. Cahill
Acting Governor of Massachusetts,,Leverett Saltonstall(1892–1979),"January 5, 1939–January 4, 1945(did not run)",Republican,1942,,Horace T. Cahill
Acting Governor of Massachusetts,,Robert F. Bradford(1902–1983),"January 2, 1947–January 6, 1949(lost election)",Republican,1946,,Arthur W. Coolidge
Acting Governor of Massachusetts,,Paul A. Dever(1903–1958),"January 6, 1949–January 8, 1953(lost election)",Democratic,1948,,Charles F. Sullivan
Acting Governor of Massachusetts,,Paul A. Dever(1903–1958),"January 6, 1949–January 8, 1953(lost election)",Democratic,1950,,Charles F. Sullivan
Acting Governor of Massachusetts,,Christian Herter(1895–1966),"January 8, 1953–January 3, 1957(did not run)",Republican,1952,,Sumner G. Whittier
Acting Governor of Massachusetts,,Christian Herter(1895–1966),"January 8, 1953–January 3, 1957(did not run)",Republican,1954,,Sumner G. Whittier
Acting Governor of Massachusetts,,Foster Furcolo(1911–1995),"January 3, 1957–January 5, 1961(did not run)",Democratic,1956,,Robert F. Murphy
Acting Governor of Massachusetts,,Foster Furcolo(1911–1995),"January 3, 1957–January 5, 1961(did not run)",Democratic,1958,,Robert F. Murphy
Acting Governor of Massachusetts,,Foster Furcolo(1911–1995),"January 3, 1957–January 5, 1961(did not run)",Democratic,1958,Vacant,Vacant
Acting Governor of Massachusetts,,John A. Volpe(1908–1994),"January 5, 1961–January 3, 1963(lost election)",Republican,1960,,Edward F. McLaughlin Jr.
Acting Governor of Massachusetts,,Endicott Peabody(1920–1997) ,"January 3, 1963–January 7, 1965(lost nomination)",Democratic,1962,,Francis Bellotti
Acting Governor of Massachusetts,,John A. Volpe(1908–1994),"January 7, 1965–January 22, 1969(resigned)",Republican,1964,,Elliot Richardson
Acting Governor of Massachusetts,,John A. Volpe(1908–1994),"January 7, 1965–January 22, 1969(resigned)",Republican,1966,,Francis Sargent
Acting Governor of Massachusetts,,Francis Sargent(1915–1998),"January 22, 1969–January 2, 1975(lost election)",Republican,Lieutenantgovernoracting,,Acting as governor
Acting Governor of Massachusetts,1970,Francis Sargent(1915–1998),"January 22, 1969–January 2, 1975(lost election)",Republican,Donald Dwight,,
Acting Governor of Massachusetts,,Michael Dukakis(b. 1933),"January 2, 1975–January 4, 1979(lost nomination)",Democratic,1974,,Thomas P. O'Neill III
Acting Governor of Massachusetts,,Edward J. King(1925–2006),"January 4, 1979–January 6, 1983(lost nomination)",Democratic,1978,,Thomas P. O'Neill III
Acting Governor of Massachusetts,,Michael Dukakis(b. 1933),"January 6, 1983–January 3, 1991(did not run)",Democratic,1982,,John Kerry
Acting Governor of Massachusetts,Vacant,Michael Dukakis(b. 1933),"January 6, 1983–January 3, 1991(did not run)",Democratic,1982,Vacant,
Acting Governor of Massachusetts,1986,Michael Dukakis(b. 1933),"January 6, 1983–January 3, 1991(did not run)",Democratic,,,Evelyn Murphy
Acting Governor of Massachusetts,,Paul Cellucci(1948–2013),"July 28, 1997–April 10, 2001(resigned)",Republican,Lieutenantgovernoracting,,Acting as governor
Acting Governor of Massachusetts,1998,Paul Cellucci(1948–2013),"July 28, 1997–April 10, 2001(resigned)",Republican,Jane Swift,,
Acting Governor of Massachusetts,,Jane Swift(b. 1965),"April 10, 2001–January 2, 2003(did not run)",Republican,Lieutenantgovernoracting,,Acting as governor
Acting Governor of Massachusetts,,Mitt Romney(b. 1947),"January 2, 2003–January 4, 2007(did not run)",Republican,2002,,Kerry Healey
Acting Governor of Massachusetts,,Deval Patrick(b. 1956),"January 4, 2007–January 8, 2015(did not run)",Democratic,2006,,Tim Murray
Acting Governor of Massachusetts,,Deval Patrick(b. 1956),"January 4, 2007–January 8, 2015(did not run)",Democratic,2010,,Tim Murray
Acting Governor of Massachusetts,,Deval Patrick(b. 1956),"January 4, 2007–January 8, 2015(did not run)",Democratic,2010,Vacant,Vacant
Acting Governor of Massachusetts,,Charlie Baker(b. 1956),"January 8, 2015–January 5, 2023(did not run)",Republican,2014,,Karyn Polito
Acting Governor of Massachusetts,,Charlie Baker(b. 1956),"January 8, 2015–January 5, 2023(did not run)",Republican,2018,,Karyn Polito
Acting Governor of Massachusetts,,Maura Healey(b. 1971),"January 5, 2023–Incumbent",Democratic,2022,,Kim Driscoll
