0,1,2,3
List of Best Supporting Actor nominees (films),Peter Falk,"Abe ""Kid Twist"" Reles","Murder, Inc."
List of Best Supporting Actor nominees (films),Jack Kruschen,Dr. David Dreyfuss,The Apartment
List of Best Supporting Actor nominees (films),Sal Mineo,Dov Landau,Exodus
List of Best Supporting Actor nominees (films),Chill Wills,Beekeeper,The Alamo
List of Best Supporting Actor nominees (films),Montgomery Clift,Rudolph Petersen,Judgment at Nuremberg
List of Best Supporting Actor nominees (films),Peter Falk,Joy Boy,Pocketful of Miracles
List of Best Supporting Actor nominees (films),Jackie Gleason,Minnesota Fats,The Hustler
List of Best Supporting Actor nominees (films),George C. Scott,Bert Gordon,The Hustler
List of Best Supporting Actor nominees (films),Victor Buono,Edwin Flagg,What Ever Happened to Baby Jane?
List of Best Supporting Actor nominees (films),Telly Savalas,Feto Gomez,Birdman of Alcatraz
List of Best Supporting Actor nominees (films),Omar Sharif,Sherif Ali ibn el Kharish,Lawrence of Arabia
List of Best Supporting Actor nominees (films),Terence Stamp,Billy Budd,Billy Budd
List of Best Supporting Actor nominees (films),Nick Adams,Ben Brown,Twilight of Honor
List of Best Supporting Actor nominees (films),Bobby Darin,Corporal Jim Tompkins,"Captain Newman, M.D."
List of Best Supporting Actor nominees (films),Hugh Griffith,Squire Western,Tom Jones
List of Best Supporting Actor nominees (films),John Huston,Cardinal Glennon,The Cardinal
List of Best Supporting Actor nominees (films),Peter Ustinov ,Arthur Simon Simpson,Topkapi
List of Best Supporting Actor nominees (films),John Gielgud,King Louis VII,Becket
List of Best Supporting Actor nominees (films),Stanley Holloway,Alfred Doolittle,My Fair Lady
List of Best Supporting Actor nominees (films),Edmond O'Brien,Senator Raymond Clark,Seven Days in May
List of Best Supporting Actor nominees (films),Lee Tracy,President Art Hockstader,The Best Man
List of Best Supporting Actor nominees (films),Ian Bannen,"""Ratbags"" Crow",The Flight of the Phoenix
List of Best Supporting Actor nominees (films),Tom Courtenay,"Pavel ""Pasha"" Antipov / Strelnikov",Doctor Zhivago
List of Best Supporting Actor nominees (films),Michael Dunn,Carl Glocken,Ship of Fools
List of Best Supporting Actor nominees (films),Frank Finlay,Iago,Othello
List of Best Supporting Actor nominees (films),Mako,Po-han,The Sand Pebbles
List of Best Supporting Actor nominees (films),James Mason,James Leamington,Georgy Girl
List of Best Supporting Actor nominees (films),George Segal,Nick,Who's Afraid of Virginia Woolf?
List of Best Supporting Actor nominees (films),Robert Shaw,King Henry VIII,A Man for All Seasons
List of Best Supporting Actor nominees (films),John Cassavetes,Victor R. Franko,The Dirty Dozen
List of Best Supporting Actor nominees (films),Gene Hackman,Buck Barrow,Bonnie and Clyde
List of Best Supporting Actor nominees (films),Cecil Kellaway,Monsignor Mike Ryan,Guess Who's Coming to Dinner
List of Best Supporting Actor nominees (films),Michael J. Pollard,C.W. Moss,Bonnie and Clyde
List of Best Supporting Actor nominees (films),Seymour Cassel,Chet,Faces
List of Best Supporting Actor nominees (films),Daniel Massey,Noël Coward,Star!
List of Best Supporting Actor nominees (films),Jack Wild,The Artful Dodger,Oliver!
List of Best Supporting Actor nominees (films),Gene Wilder,Leo Bloom,The Producers
List of Best Supporting Actor nominees (films),Gig Young ,Rocky Graver,"They Shoot Horses, Don't They?"
List of Best Supporting Actor nominees (films),Rupert Crosse,Ned McCaslin,The Reivers
List of Best Supporting Actor nominees (films),Elliott Gould,Ted Henderson,Bob & Carol & Ted & Alice
List of Best Supporting Actor nominees (films),Jack Nicholson,George Hanson,Easy Rider
List of Best Supporting Actor nominees (films),Anthony Quayle,Cardinal Thomas Wolsey,Anne of the Thousand Days
