0,1,2,3
Academy of Canadian Cinema and Television Award for Best Performance by an Actress in a Continuing Leading Dramatic Role,1990  5th Gemini Awards,Angela Deiseach,Degrassi High
Academy of Canadian Cinema and Television Award for Best Performance by an Actress in a Continuing Leading Dramatic Role,1990  5th Gemini Awards,Stacie Mistysyn,Degrassi High
Academy of Canadian Cinema and Television Award for Best Performance by an Actress in a Continuing Leading Dramatic Role,1990  5th Gemini Awards,Marsha Moreau,My Secret Identity
Academy of Canadian Cinema and Television Award for Best Performance by an Actress in a Continuing Leading Dramatic Role,1990  5th Gemini Awards,Sarah Polley,Road to Avonlea
Academy of Canadian Cinema and Television Award for Best Performance by an Actress in a Continuing Leading Dramatic Role,1991  6th Gemini Awards,Cynthia Dale,Street Legal
Academy of Canadian Cinema and Television Award for Best Performance by an Actress in a Continuing Leading Dramatic Role,1991  6th Gemini Awards,Jennifer Dale,No Place Like Home
Academy of Canadian Cinema and Television Award for Best Performance by an Actress in a Continuing Leading Dramatic Role,1991  6th Gemini Awards,Amanda Stepto,Degrassi High
Academy of Canadian Cinema and Television Award for Best Performance by an Actress in a Continuing Leading Dramatic Role,1992  7th Gemini Awards,Cynthia Dale,Street Legal
Academy of Canadian Cinema and Television Award for Best Performance by an Actress in a Continuing Leading Dramatic Role,1992  7th Gemini Awards,Sarah Polley,Road to Avonlea
Academy of Canadian Cinema and Television Award for Best Performance by an Actress in a Continuing Leading Dramatic Role,1993  8th Gemini Awards,Catherine Disher,Forever Knight
Academy of Canadian Cinema and Television Award for Best Performance by an Actress in a Continuing Leading Dramatic Role,1993  8th Gemini Awards,Sophie Michaud,Counterstrike
Academy of Canadian Cinema and Television Award for Best Performance by an Actress in a Continuing Leading Dramatic Role,1993  8th Gemini Awards,Sarah Polley,Road to Avonlea
Academy of Canadian Cinema and Television Award for Best Performance by an Actress in a Continuing Leading Dramatic Role,1994  9th Gemini Awards,Tracey Cook,North of 60
Academy of Canadian Cinema and Television Award for Best Performance by an Actress in a Continuing Leading Dramatic Role,1994  9th Gemini Awards,Cynthia Dale,Street Legal
Academy of Canadian Cinema and Television Award for Best Performance by an Actress in a Continuing Leading Dramatic Role,1995  10th Gemini Awards,Tracey Cook,North of 60
Academy of Canadian Cinema and Television Award for Best Performance by an Actress in a Continuing Leading Dramatic Role,1995  10th Gemini Awards,Catherine Disher,Forever Knight
Academy of Canadian Cinema and Television Award for Best Performance by an Actress in a Continuing Leading Dramatic Role,1995  10th Gemini Awards,Enuka Okuma,Madison
Academy of Canadian Cinema and Television Award for Best Performance by an Actress in a Continuing Leading Dramatic Role,1995  10th Gemini Awards,Sarah Strange,Madison
Academy of Canadian Cinema and Television Award for Best Performance by an Actress in a Continuing Leading Dramatic Role,1996  11th Gemini Awards,Stacy Grant,Madison
Academy of Canadian Cinema and Television Award for Best Performance by an Actress in a Continuing Leading Dramatic Role,1996  11th Gemini Awards,Barbara Eve Harris,Side Effects
Academy of Canadian Cinema and Television Award for Best Performance by an Actress in a Continuing Leading Dramatic Role,1996  11th Gemini Awards,Jennifer Podemski,The Rez
Academy of Canadian Cinema and Television Award for Best Performance by an Actress in a Continuing Leading Dramatic Role,1996  11th Gemini Awards,Sarah Strange,Madison
Academy of Canadian Cinema and Television Award for Best Performance by an Actress in a Continuing Leading Dramatic Role,1996  11th Gemini Awards,Gema Zamprogna,Road to Avonlea
Academy of Canadian Cinema and Television Award for Best Performance by an Actress in a Continuing Leading Dramatic Role,1997  12th Gemini Awards,Patricia Harras,Jake and the Kid
Academy of Canadian Cinema and Television Award for Best Performance by an Actress in a Continuing Leading Dramatic Role,1997  12th Gemini Awards,Cynthia Belliveau,Wind at My Back
Academy of Canadian Cinema and Television Award for Best Performance by an Actress in a Continuing Leading Dramatic Role,1997  12th Gemini Awards,Sarah Strange,Madison
Academy of Canadian Cinema and Television Award for Best Performance by an Actress in a Continuing Leading Dramatic Role,1997  12th Gemini Awards,Peta Wilson,Nikita
Academy of Canadian Cinema and Television Award for Best Performance by an Actress in a Continuing Leading Dramatic Role,1998  13th Gemini Awards,Christina Cox,F/X: The Series
Academy of Canadian Cinema and Television Award for Best Performance by an Actress in a Continuing Leading Dramatic Role,1998  13th Gemini Awards,Shirley Douglas,Wind at My Back
Academy of Canadian Cinema and Television Award for Best Performance by an Actress in a Continuing Leading Dramatic Role,1998  13th Gemini Awards,Rebecca Jenkins,Black Harbour
Academy of Canadian Cinema and Television Award for Best Performance by an Actress in a Continuing Leading Dramatic Role,1999  14th Gemini Awards,Arsinée Khanjian,Foolish Heart
Academy of Canadian Cinema and Television Award for Best Performance by an Actress in a Continuing Leading Dramatic Role,1999  14th Gemini Awards,Kathryn Greenwood,Wind at My Back
Academy of Canadian Cinema and Television Award for Best Performance by an Actress in a Continuing Leading Dramatic Role,1999  14th Gemini Awards,Rebecca Jenkins,Black Harbour
Academy of Canadian Cinema and Television Award for Best Performance by an Actress in a Continuing Leading Dramatic Role,1999  14th Gemini Awards,Sonja Smits,Traders
Academy of Canadian Cinema and Television Award for Best Performance by an Actress in a Continuing Leading Dramatic Role,1999  14th Gemini Awards,Peta Wilson,Nikita
