0,1,2,3
Polish Academy Award for Best European Film,The Return,Andrey Zvyaginstev,Russia
Polish Academy Award for Best European Film,Bad Education,Pedro Almodóvar,Spain
Polish Academy Award for Best European Film,My Summer of Love,Paweł Pawlikowski,United Kingdom
Polish Academy Award for Best European Film,Buttoners,Petr Zelenka,Czech Republic
Polish Academy Award for Best European Film,Control,Nimród Antal,Hungary
Polish Academy Award for Best European Film,Volver,Pedro Almodóvar,Spain
Polish Academy Award for Best European Film,Copying Beethoven,Agnieszka Holland,Germany / United States
Polish Academy Award for Best European Film,The Wind That Shakes the Barley,Ken Loach,Germany / Italy / Spain / France / Republic of Ireland / United Kingdom
Polish Academy Award for Best European Film,The Queen,Stephen Frears,United Kingdom / France / Italy
Polish Academy Award for Best European Film,"4 Months, 3 Weeks and 2 Days",Cristian Mungiu,Romania
Polish Academy Award for Best European Film,Mamma mia!,Phyllida Lloyd,United Kingdom / Germany / United States
Polish Academy Award for Best European Film,Empties,Jan Svěrák,Czech Republic / United Kingdom
Polish Academy Award for Best European Film,Slumdog Millionaire,Danny Boyle,United Kingdom
Polish Academy Award for Best European Film,Vicky Cristina Barcelona,Woody Allen,Spain / United States
Polish Academy Award for Best European Film,A Prophet,Jacques Audiard,France / Italy
Polish Academy Award for Best European Film,Death in Venice,Luchino Visconti,Italy / France
Polish Academy Award for Best European Film,Melancholia,Lars von Trier,Denmark / Sweden / France / Germany
Polish Academy Award for Best European Film,Tinker Tailor Soldier Spy,Tomas Alfredson,France / United Kingdom / Germany
Polish Academy Award for Best European Film,The Artist,Michel Hazanavicius,France / United States
Polish Academy Award for Best European Film,Intouchables,"Olivier Nakache, Éric Toledano",France
Polish Academy Award for Best European Film,Blue Is the Warmest Colour,Abdellatif Kechiche,France / Belgium / Spain
Polish Academy Award for Best European Film,The Best Offer,Giuseppe Tornatore,Italy
Polish Academy Award for Best European Film,Leviathan,Andrey Zvyagintsev,Russia
Polish Academy Award for Best European Film,The Great Beauty,Paolo Sorrentino,Italy / France
Polish Academy Award for Best European Film,Nymphomaniac,Lars von Trier,Denmark / Belgium / France / Germany
Polish Academy Award for Best European Film,Youth,Paolo Sorrentino,Italy / France / Switzerland / United Kingdom
Polish Academy Award for Best European Film,Mr.Turner,Mike Leigh,United Kingdom / Germany / France
Polish Academy Award for Best European Film,A Pigeon Sat on a Branch Reflecting on Existence,Roy Andersson,Sweden / Norway / France / Germany / Denmark
Polish Academy Award for Best European Film,Son of Saul,László Nemes,Hungary
Polish Academy Award for Best European Film,Florence Foster Jenkins,Stephen Frears,United Kingdom / France
Polish Academy Award for Best European Film,"I, Daniel Blake",Ken Loach,United Kingdom / France
Polish Academy Award for Best European Film,'The Square,Ruben Östlund,Sweden / Germany / France / Denmark
Polish Academy Award for Best European Film,Perfect Strangers,Paolo Genovese,Italy
Polish Academy Award for Best European Film,Toni Erdmann,Maren Ade,Germany / Austria
Polish Academy Award for Best European Film,"Three Billboards Outside Ebbing, Missouri",Martin McDonagh,United States / United Kingdom
Polish Academy Award for Best European Film,Dogman,Matteo Garrone,Italy
Polish Academy Award for Best European Film,Loveless,Andrey Zvyagintsev,Russia / France / Belgium / Germany
Polish Academy Award for Best European Film,The Favourite,Yorgos Lanthimos,United Kingdom / Ireland / United States
Polish Academy Award for Best European Film,Pain and Glory,Pedro Almodóvar,Spain
Polish Academy Award for Best European Film,An Officer and a Spy,Roman Polański,France / Italy
Polish Academy Award for Best European Film,Honeyland,"Tamara Kotevska
Ljubomir Stefanov",North Macedonia
Polish Academy Award for Best European Film,Beanpole,Kantemir Balagov,Russia
Polish Academy Award for Best European Film,Les Misérables,Ladj Ly,France
Polish Academy Award for Best European Film,The County,Grímur Hákonarson,Iceland
Polish Academy Award for Best European Film,Judy,Rupert Goold,United Kingdom / United States / France
Polish Academy Award for Best European Film,Emma,Autumn de Wilde,United Kingdom / United States
Polish Academy Award for Best European Film,The Traitor,Marco Bellocchio,Italy / Brazil / France / Germany
Polish Academy Award for Best European Film,Another Round,Thomas Vinterberg,Denmark / Netherlands / Sweden
Polish Academy Award for Best European Film,Annette,Leos Carax,France / Germany / Belgium / United States / Japan / Mexico / Switzerland
Polish Academy Award for Best European Film,The Father,Florian Zeller,France / United Kingdom
Polish Academy Award for Best European Film,Berlin Alexanderplatz,Burhan Qurbani,Germany / Netherlands / Canada
Polish Academy Award for Best European Film,Titane,Julia Ducournau,France / Belgium
Polish Academy Award for Best European Film,Ennio,Giuseppe Tornatore,Italy / Belgium / Japan / Netherlands
Polish Academy Award for Best European Film,Parallel Mothers,Pedro Almodóvar,Spain
Polish Academy Award for Best European Film,"Paris, 13th District",Jacques Audiard,France
Polish Academy Award for Best European Film,The Worst Person in the World,Joachim Trier,Norway / France / Denmark / Sweden
Polish Academy Award for Best European Film,Vortex,Gaspar Noé,France / Belgium / Monaco
