0,1,2,3
David di Donnatello for Best Director,1999/00(45th),Marco Bechis,Olympic Garage
David di Donnatello for Best Director,1999/00(45th),Ricky Tognazzi,Canone inverso
David di Donnatello for Best Director,2000/01(46th),Marco Tullio Giordana,One Hundred Steps
David di Donnatello for Best Director,2000/01(46th),Nanni Moretti,The Son's Room
David di Donnatello for Best Director,2001/02(47th),Giuseppe Piccioni,Light of My Eyes
David di Donnatello for Best Director,2001/02(47th),Silvio Soldini,Burning in the Wind
David di Donnatello for Best Director,2002/03(48th),Marco Bellocchio,My Mother's Smile
David di Donnatello for Best Director,2002/03(48th),Matteo Garrone,The Embalmer
David di Donnatello for Best Director,2002/03(48th),Gabriele Muccino,"Remember Me, My Love"
David di Donnatello for Best Director,2002/03(48th),Ferzan Özpetek,Facing Windows
David di Donnatello for Best Director,2003/04(49th),Pupi Avati,Christmas Rematch
David di Donnatello for Best Director,2003/04(49th),Marco Bellocchio,"Good Morning, Night"
David di Donnatello for Best Director,2003/04(49th),Sergio Castellitto,Don't Move
David di Donnatello for Best Director,2003/04(49th),Matteo Garrone,First Love
David di Donnatello for Best Director,2004/05(50th),Gianni Amelio,The Keys to the House
David di Donnatello for Best Director,2004/05(50th),Davide Ferrario,After Midnight
David di Donnatello for Best Director,2004/05(50th),Andrea and Antonio Frazzi,A Children's Story
David di Donnatello for Best Director,2004/05(50th),Ferzan Özpetek,Cuore Sacro
David di Donnatello for Best Director,2005/06(51st),Antonio Capuano,Mario's War
David di Donnatello for Best Director,2005/06(51st),Michele Placido,Romanzo Criminale
David di Donnatello for Best Director,2005/06(51st),Sergio Rubini,Our Land
David di Donnatello for Best Director,2005/06(51st),Carlo Verdone,My Best Enemy
David di Donnatello for Best Director,2006/07(52nd),Marco Bellocchio,The Wedding Director
David di Donnatello for Best Director,2006/07(52nd),Emanuele Crialese,Nuovomondo
David di Donnatello for Best Director,2006/07(52nd),Daniele Luchetti,My Brother is an Only Child
David di Donnatello for Best Director,2006/07(52nd),Ermanno Olmi,One Hundred Nails
David di Donnatello for Best Director,2007/08(53rd),Cristina Comencini,Black and White
David di Donnatello for Best Director,2007/08(53rd),Antonello Grimaldi,Quiet Chaos
David di Donnatello for Best Director,2007/08(53rd),Carlo Mazzacurati,The Right Distance
David di Donnatello for Best Director,2007/08(53rd),Silvio Soldini,Days and Clouds
David di Donnatello for Best Director,2008/09(54th),Pupi Avati,Giovanna's Father
David di Donnatello for Best Director,2008/09(54th),Fausto Brizzi,Many Kisses Later
David di Donnatello for Best Director,2008/09(54th),Giulio Manfredonia,Si può fare
David di Donnatello for Best Director,2008/09(54th),Paolo Sorrentino,Il Divo
