0,1,2,3,4
"2010
(17th) ",Betty White,Hot in Cleveland,Elka Ostrovsky,TV Land
"2010
(17th) ",Edie Falco,Nurse Jackie,Jackie Peyton,Showtime
"2010
(17th) ",Sofía Vergara,Modern Family,Gloria Delgado-Pritchett,ABC
"2011
(18th) ",Betty White,Hot in Cleveland,Elka Ostrovsky,TV Land
"2011
(18th) ",Julie Bowen,Modern Family,Claire Dunphy,ABC
"2011
(18th) ",Edie Falco,Nurse Jackie,Jackie Peyton,Showtime
"2011
(18th) ",Sofía Vergara,Modern Family,Gloria Delgado-Pritchett,ABC
"2012
(19th) ",Edie Falco,Nurse Jackie,Jackie Peyton,Showtime
"2012
(19th) ",Sofía Vergara,Modern Family,Gloria Delgado-Pritchett,ABC
"2012
(19th) ",Betty White,Hot in Cleveland,Elka Ostrovsky,TV Land
"2013
(20th) ",Julia Louis-Dreyfus,Veep,Selina Meyer,HBO
"2013
(20th) ",Mayim Bialik,The Big Bang Theory,Amy Farrah Fowler,CBS
"2013
(20th) ",Julie Bowen,Modern Family,Claire Dunphy,ABC
"2013
(20th) ",Edie Falco,Nurse Jackie,Jackie Peyton,Showtime
"2014
(21st) ",Julie Bowen,Modern Family,Claire Dunphy,ABC
"2014
(21st) ",Edie Falco,Nurse Jackie,Jackie Peyton,Showtime
"2014
(21st) ",Julia Louis-Dreyfus,Veep,Selina Meyer,HBO
"2015
(22nd) ",Edie Falco,Nurse Jackie,Jackie Peyton,Showtime
"2015
(22nd) ",Julia Louis-Dreyfus,Veep,Selina Meyer,HBO
"2016
(23rd) ",Julia Louis-Dreyfus,Veep,Selina Meyer,HBO
"2016
(23rd) ",Jane Fonda,Grace and Frankie,Grace Hanson,Netflix
"2016
(23rd) ",Lily Tomlin,Grace and Frankie,Frankie Bergstein,Netflix
"2017
(24th) ",Julia Louis-Dreyfus,Veep,Selina Meyer,HBO
"2017
(24th) ",Alison Brie,GLOW,Ruth Wilder,Netflix
"2017
(24th) ",Jane Fonda,Grace and Frankie,Grace Hanson,Netflix
"2017
(24th) ",Lily Tomlin,Grace and Frankie,Frankie Bergstein,Netflix
"2018
(25th) ",Rachel Brosnahan,The Marvelous Mrs. Maisel,"Miriam ""Midge"" Maisel",Prime Video
"2018
(25th) ",Alex Borstein,The Marvelous Mrs. Maisel,Susie Myerson,Prime Video
"2018
(25th) ",Alison Brie,GLOW,Ruth Wilder,Netflix
"2018
(25th) ",Jane Fonda,Grace and Frankie,Grace Hanson,Netflix
"2018
(25th) ",Lily Tomlin,Grace and Frankie,Frankie Bergstein,Netflix
"2019
(26th) ",Phoebe Waller-Bridge,Fleabag,Fleabag,Prime Video
"2019
(26th) ",Alex Borstein,The Marvelous Mrs. Maisel,Susie Myerson,Prime Video
"2019
(26th) ",Rachel Brosnahan,The Marvelous Mrs. Maisel,"Miriam ""Midge"" Maisel",Prime Video
"2019
(26th) ",Christina Applegate,Dead to Me,Jen Harding,Netflix
"2019
(26th) ",Catherine O'Hara,Schitt's Creek,Moira Rose,Pop TV
