0,1,2,3,4
Traunstein (electoral district),1949,Sepp Parzinger,BP,33.6
Traunstein (electoral district),1953,Wolfgang Klausner,CSU,44.1
Traunstein (electoral district),1957,Wolfgang Klausner,CSU,55.8
Traunstein (electoral district),1961,Heinz Brenck,CSU,55.8
Traunstein (electoral district),1965,Heinz Brenck,CSU,60.5
Traunstein (electoral district),1969,Matthias Engelsberger,CSU,59.2
Traunstein (electoral district),1972,Matthias Engelsberger,CSU,63.6
Traunstein (electoral district),1976,Matthias Engelsberger,CSU,68.4
Traunstein (electoral district),1980,Matthias Engelsberger,CSU,66.7
Traunstein (electoral district),1983,Matthias Engelsberger,CSU,68.6
Traunstein (electoral district),1987,Matthias Engelsberger,CSU,63.3
