0,1,2
Amsterdam International Airport,Aegean Airlines,"Athens
"
Amsterdam International Airport,Aer Lingus,"Cork, Dublin
"
Amsterdam International Airport,Aeroméxico,"Mexico City
"
Amsterdam International Airport,Air Arabia,"Fès, Nador, Tangier
"
Amsterdam International Airport,Air Astana,"Atyrau
"
Amsterdam International Airport,Air Cairo,"Seasonal charter: Hurghada
"
Amsterdam International Airport,Air Canada,"Toronto–Pearson Seasonal: Montréal–Trudeau (begins 2 June 2023)
"
Amsterdam International Airport,Air Europa,"Madrid
"
Amsterdam International Airport,Air France,"Paris–Charles de Gaulle Seasonal: Marseille
"
Amsterdam International Airport,Air Malta,"Malta
"
Amsterdam International Airport,Air Serbia,"Belgrade
"
Amsterdam International Airport,Air Transat,"Seasonal: Montréal–Trudeau, Toronto–Pearson
"
Amsterdam International Airport,airBaltic,"Riga, Tallinn, Tampere, Vilnius
"
Amsterdam International Airport, Amelia International ," Strasbourg
"
Amsterdam International Airport,American Airlines,"Philadelphia Seasonal: Dallas/Fort Worth
"
Amsterdam International Airport,AnadoluJet,"Ankara, Istanbul–Sabiha Gökçen
"
Amsterdam International Airport,Arkia,"Tel Aviv
"
Amsterdam International Airport,Austrian Airlines,"Vienna
"
Amsterdam International Airport,British Airways,"London–City, London–Gatwick, London–Heathrow
"
Amsterdam International Airport,Bulgaria Air,"Sofia
"
Amsterdam International Airport,Cathay Pacific,"Hong Kong
"
Amsterdam International Airport,China Airlines,"Taipei–Taoyuan
"
Amsterdam International Airport,China Eastern Airlines,"Shanghai–Pudong
"
Amsterdam International Airport,China Southern Airlines,"Beijing–Daxing, Guangzhou, Shenzhen
"
Amsterdam International Airport,Corendon Dutch Airlines,"Antalya, Fuerteventura, Funchal, Gran Canaria, Hurghada, Lanzarote, Tenerife–SouthSeasonal: Alghero, Alicante, Banjul, Bodrum, Burgas, Catania, Corfu, Dalaman, Enfidha, Ercan, Faro, Gazipaşa (begins 23 April 2023), Heraklion, Ibiza, İzmir, Kos, Málaga, Mytilene, Natal, Ohrid, Palma de Mallorca, Preveza, Rhodes, Sal, Trapani, Zakynthos  Seasonal charter: Kittilä, Rovaniemi
"
Amsterdam International Airport,Croatia Airlines,"Zagreb Seasonal: Split
"
Amsterdam International Airport,easyJet,"Alicante, Basel/Mulhouse, Belfast–International, Bergamo, Berlin, Birmingham, Bristol, Copenhagen, Edinburgh, Faro, Fuerteventura, Geneva, Glasgow, Gran Canaria, Lisbon, Liverpool, London–Gatwick, London–Luton, London–Stansted, Málaga, Manchester, Milan–Linate, Milan–Malpensa, Naples, Nice, Prague, Tel Aviv, Venice Seasonal: Catania, Corfu, Dubrovnik, Hurghada, Ibiza, Innsbruck, Jersey, Kefalonia, Lanzarote, London–Southend (begins 24 May 2023), Marrakech, Mykonos (begins 28 June 2023), Olbia, Palermo, Palma de Mallorca, Pisa, Pula, Rhodes, Salzburg, Sharm El Sheikh, Split, Tenerife–South, Zadar
"
Amsterdam International Airport,Egyptair,"Cairo
"
Amsterdam International Airport,El Al,"Tel Aviv
"
Amsterdam International Airport,Etihad Airways,"Abu Dhabi
"
Amsterdam International Airport,Eurowings,"Hamburg, Stuttgart
"
Amsterdam International Airport,EVA Air,"Bangkok–Suvarnabhumi, Taipei–Taoyuan
"
Amsterdam International Airport,Finnair,"Helsinki
"
Amsterdam International Airport,FlyErbil," Erbil
"
Amsterdam International Airport,FlyOne," Chișinău
"
Amsterdam International Airport,Garuda Indonesia,"Jakarta–Soekarno-Hatta
"
Amsterdam International Airport,Georgian Airways,"Tbilisi
"
Amsterdam International Airport,Iberia Express,"Madrid
"
Amsterdam International Airport,Icelandair,"Reykjavík–Keflavík
"
Amsterdam International Airport,ITA Airways,"Milan–Linate, Rome–Fiumicino
"
Amsterdam International Airport,Kenya Airways,"Nairobi–Jomo Kenyatta
"
Amsterdam International Airport,KLM,"Aalborg, Aarhus, Aberdeen, Abu Dhabi, Accra, Ålesund, Alicante, Aruba, Athens, Atlanta, Austin, Bahrain, Bangalore, Bangkok–Suvarnabhumi, Barcelona, Basel/Mulhouse, Beijing–Capital, Belfast–City, Belgrade, Bergen, Berlin, Bilbao, Billund, Birmingham, Bogotá, Bologna, Bonaire, Bordeaux, Boston, Bremen, Bristol, Brussels, Bucharest, Budapest, Buenos Aires–Ezeiza, Cagliari, Calgary, Cape Town, Cardiff, Cartagena, Catania, Chicago–O'Hare, Copenhagen, Cork, Curaçao, Dammam, Dar es Salaam, Delhi, Denpasar, Dresden, Dubai–International, Dublin, Düsseldorf, Edinburgh, Edmonton, Entebbe, Florence, Fortaleza, Frankfurt, Gdańsk, Geneva, Genoa, Glasgow, Gothenburg, Graz, Guayaquil, Hamburg, Hanover, Helsinki, Hong Kong, Houston–Intercontinental, Humberside, Inverness, Istanbul, Jakarta–Soekarno-Hatta, Johannesburg–O.R. Tambo, Katowice, Kigali, Kilimanjaro, Kraków, Kristiansand, Kuala Lumpur–International, Kuwait, Kyiv–Boryspil (suspended), Lagos, Las Vegas, Leeds/Bradford, Lima, Linköping, Lisbon, London–City, London–Heathrow, Los Angeles, Luxembourg, Lyon, Madrid, Málaga, Manchester, Manila, Marseille, Mexico City, Milan–Linate, Milan–Malpensa, Minneapolis/St. Paul, Montpellier, Montréal–Trudeau, Mumbai, Munich, Muscat, Nairobi–Jomo Kenyatta, Nantes, Naples, Newcastle upon Tyne, New York–JFK, Nice, Norwich, Nuremberg, Osaka–Kansai, Oslo, Panama City–Tocumen, Paramaribo, Paris–Charles de Gaulle, Port of Spain, Porto, Poznań, Prague, Quito, Rennes, Rio de Janeiro–Galeão, Riyadh, Rome–Fiumicino, Sandefjord, San Francisco, Santiago de Chile, São Paulo–Guarulhos, Seoul–Incheon, Shanghai–Pudong, Singapore, Sint Maarten, Southampton, Split, Stavanger, Stockholm–Arlanda, Stuttgart, Taipei–Taoyuan, Teesside, Tel Aviv, Tokyo–Narita, Toronto–Pearson, Toulouse, Trondheim, Turin, Valencia, Vancouver, Venice, Vienna, Warsaw–Chopin, Washington–Dulles,  Wrocław, Zagreb, Zanzibar, ZürichSeasonal: Barbados, Cancún, Dubrovnik, Ibiza, Liberia (CR), Miami, Palma de Mallorca, Rovaniemi, Salt Lake City, San José de Costa Rica–Juan Santamaría
"
Amsterdam International Airport,Korean Air,"Seoul–Incheon
"
Amsterdam International Airport,Kuwait Airways,"Kuwait
"
Amsterdam International Airport,LOT Polish Airlines,"Warsaw–Chopin
"
Amsterdam International Airport,Lufthansa,"Frankfurt, Munich
"
Amsterdam International Airport,Middle East Airlines,"Beirut
"
Amsterdam International Airport,Norwegian Air Shuttle,"Copenhagen, Oslo, Stockholm–Arlanda
"
Amsterdam International Airport,Play ," Seasonal: Reykjavík–Keflavík (resumes 5 June 2023)
"
Amsterdam International Airport,Pegasus Airlines,"Antalya, Istanbul–Sabiha Gökçen Seasonal: Bodrum, İzmir, Kayseri, Konya
"
Amsterdam International Airport,Qatar Airways,"Doha
"
Amsterdam International Airport,Royal Air Maroc,"Casablanca, Nador, TangierSeasonal: Al Hoceima, Fez, Oujda
"
Amsterdam International Airport,Royal Jordanian,"Amman–Queen Alia
"
Amsterdam International Airport,Ryanair,"Dublin, Málaga
"
Amsterdam International Airport,Saudia,"Jeddah Seasonal: Riyadh
"
Amsterdam International Airport,Scandinavian Airlines,"Copenhagen, Oslo, Stockholm–Arlanda
"
Amsterdam International Airport,Singapore Airlines,"Singapore
"
Amsterdam International Airport,Sky Express,"Seasonal: Heraklion, Kos, Zakynthos
"
Amsterdam International Airport,Sun d'Or,"Seasonal: Tel Aviv
"
Amsterdam International Airport,SunExpress,"İzmirSeasonal: Adana, Ankara, Antalya, Dalaman, Kayseri, Konya
"
Amsterdam International Airport,Swiss International Air Lines ,"Zürich
"
Amsterdam International Airport,TAP Air Portugal,"Lisbon
"
Amsterdam International Airport,TAROM,"Bucharest
"
Amsterdam International Airport,Transavia,"Agadir, Alicante, Almería, Amman–Queen Alia, Athens, Barcelona, Bari, Beirut, Casablanca, Catania, Dubai–International, Faro, Fuerteventura, Funchal, Gran Canaria, Heraklion, Ibiza, Innsbruck, Lanzarote, La Palma, Larnaca, Lisbon, Ljubljana, Málaga, Marrakesh, Naples, Nice, Paris–Orly, Pisa, Porto, Reykjavík–Keflavík, Riga, Salzburg, Seville, Tel Aviv, Tenerife–South, Thessaloniki, ValenciaSeasonal: Ajaccio, Antalya, Bodrum, Chambéry, Chania, Chios, Corfu, Dalaman, Dubrovnik, Eilat, Girona, Hurghada, İzmir, Kalamata, Kefalonia, Kos, Menorca, Mykonos, Olbia, Palermo, Palma de Mallorca, Paphos, Ponta Delgada, Preveza, Rhodes, Sal, Samos, Santorini, Sharm El Sheikh, Split, Varna, Verona, Zakynthos Seasonal charter: Akureyri, Ivalo, Kittilä, Kuusamo, Rovaniemi, Skellefteå
"
Amsterdam International Airport,TUI fly Netherlands,"Alicante, Aruba, Banjul, Boa Vista, Bonaire, Cancún, Curaçao, Fuerteventura, Gran Canaria, Holguín, Hurghada, Lanzarote, Málaga, Montego Bay, Paramaribo, Praia, Punta Cana, Sal, São Vicente, Tenerife–South, VaraderoSeasonal: Antalya, Bodrum, Burgas, Catania, Corfu, Dakar–Diass, Dalaman, Djerba, Enfidha, Faro, Funchal, Heraklion, Ibiza, Ivalo, İzmir, Karpathos, Kavala, Kefalonia, Kittilä, Kos, La Palma, Marsa Alam, Mombasa, Mytilene, Ohrid, Olbia, Palma de Mallorca, Ponta Delgada, Preveza, Rhodes, Samos, Skiathos, Terceira, Zakynthos, Zanzibar
"
Amsterdam International Airport,Turkish Airlines,"Istanbul
"
Amsterdam International Airport,Vueling,"Alicante, Asturias, Barcelona, Bilbao, Florence, Lisbon, Málaga, Prague, Rome–Fiumicino, Santiago de Compostela, Valencia Seasonal: Copenhagen, Gran Canaria, Ibiza, Lanzarote, Palma de Mallorca, Tenerife–South
"
Amsterdam International Airport,XiamenAir,"Xiamen
"
