0,1,2,3,4
2011,Mireille Enos,The Killing,Sarah Linden,AMC
2012,Connie Britton,Nashville,Rayna Jaymes,AMC
2012,Hayden Panettiere,Nashville,Juliette Barnes,AMC
2012,Michelle Dockery,Downton Abbey,Lady Mary Josephine Crawley,ITV
2012,Chloë Sevigny,Hit & Miss,Mia,Sky Atlantic
2013,Lizzy Caplan,Masters of Sex,Virginia Johnson,Showtime
2013,Olivia Colman,Broadchurch,Detective Sergeant Ellie Miller,ITV
2013,Tatiana Maslany,Orphan Black,Various Characters,BBC America
2013,Anne Reid,Last Tango in Halifax,Celia Dawson,BBC One
2013,Abigail Spencer,Rectify,Amantha Holden,SundanceTV
2014,Lizzy Caplan,Masters of Sex,Virginia Johnson,Showtime
2014,Ruth Wilson,The Affair,Alison Lockhart,Showtime
2014,Eva Green,Penny Dreadful,Vanessa Ives,Showtime
2014,Tatiana Maslany,Orphan Black,Various Characters,BBC America
2015,Kirsten Dunst,Fargo,Peggy Blumquist,FX
2015,Lady Gaga,American Horror Story: Hotel,Elizabeth Johnson / The Countess,FX
2015,Taraji P. Henson,Empire,Cookie Lyon,Fox
2015,Felicity Huffman,American Crime,"Barbara ""Barb"" Hanlon",ABC
2015,Tatiana Maslany,Orphan Black,Various Characters,BBC America
2016,Evan Rachel Wood,Westworld,Dolores Abernathy / Wyatt,HBO
2016,Felicity Huffman,American Crime,Leslie Graham,ABC
2016,Sarah Lancashire,Happy Valley,Sgt. Catherine Cawood,BBC One
2016,Tatiana Maslany,Orphan Black,Various Characters,BBC America
2016,Winona Ryder,Stranger Things,Joyce Byers,Netflix
2016,Ruth Wilson,The Affair,Alison Lockhart,Showtime
2017,Elisabeth Moss,The Handmaid's Tale,Offred / June Osborne,Hulu
2017,Caitriona Balfe,Outlander,Claire Fraser,Starz
2017,Carrie Coon,The Leftovers,Nora Durst,HBO
2017,Maggie Gyllenhaal,The Deuce,"Eileen ""Candy"" Merell",HBO
2017,Ruth Wilson,The Affair,Alison Lockhart,Showtime
2018,Julia Roberts,Homecoming,Heidi Bergman,Prime Video
2018,Elisabeth Moss,The Handmaid's Tale,Offred / June Osborne,Hulu
2018,Keri Russell,The Americans,Elizabeth Jennings,FX
2018,Jodie Whittaker,Doctor Who,The Doctor,BBC One
2019,Zendaya,Euphoria,Rue Bennett,HBO
2019,Olivia Colman,The Crown,Queen Elizabeth II,Netflix
2019,Jodie Comer,Killing Eve,Villanelle,BBC America
2019,Regina King,Watchmen,Angela Abar / Sister Night,HBO
2019,Maggie Siff,Billions,Wendy Rhoades,Showtime
