0,1,2,3,4,5,6,7,8,9,10,11,12
Tōkyū Tōyoko Line,TY02,Daikan-yama,代官山,1.5,O,|,|,|,|, ,"Shibuya, Tokyo",None
Tōkyū Tōyoko Line,TY04,Yūtenji,祐天寺,3.2,O,|,|,|,|, ,"Meguro, Tokyo",None
Tōkyū Tōyoko Line,TY05,Gakugei-daigaku,学芸大学,4.2,O,O,|,|,|, ,"Meguro, Tokyo",None
Tōkyū Tōyoko Line,TY06,Toritsu-daigaku,都立大学,5.6,O,|,|,|,|, ,"Meguro, Tokyo",None
Tōkyū Tōyoko Line,TY07,Jiyūgaoka,自由が丘,7.0,O,O,O,O,O,OM Tokyu Oimachi Line,"Meguro, Tokyo",None
Tōkyū Tōyoko Line,TY08,Den-en-chōfu,田園調布,8.2,O,O,|,|,|,MG Tokyu Meguro Line,"Ōta, Tokyo","Ōta, Tokyo"
Tōkyū Tōyoko Line,TY09,Tamagawa,多摩川,9.0,O,O,|,|,|,"
MG Tokyu Meguro Line
TM Tokyu Tamagawa Line
","Ōta, Tokyo",None
Tōkyū Tōyoko Line,TY10,Shin-maruko,新丸子,10.3,O,|,|,|,|,MG Tokyu Meguro Line,"Nakahara-ku, Kawasaki",Kanagawa Prefecture
Tōkyū Tōyoko Line,TY11,Musashi-kosugi,武蔵小杉,10.8,O,O,O,O,※,"
MG Tokyu Meguro Line
JN Nambu Line
JO Yokosuka Line
JS Shōnan-Shinjuku Line
","Nakahara-ku, Kawasaki",Kanagawa Prefecture
Tōkyū Tōyoko Line,TY12,Motosumiyoshi,元住吉,12.1,O,|,|,|,|,MG Tokyu Meguro Line,"Nakahara-ku, Kawasaki",Kanagawa Prefecture
Tōkyū Tōyoko Line,"↓ Through-running of some express trains to/from Shōnandai or Ebina via SH Tōkyū Shin-yokohama Line,  Sōtetsu Shin-yokohama Line, Sōtetsu Main Line and Sōtetsu Izumino Line ↓","↓ Through-running of some express trains to/from Shōnandai or Ebina via SH Tōkyū Shin-yokohama Line,  Sōtetsu Shin-yokohama Line, Sōtetsu Main Line and Sōtetsu Izumino Line ↓","↓ Through-running of some express trains to/from Shōnandai or Ebina via SH Tōkyū Shin-yokohama Line,  Sōtetsu Shin-yokohama Line, Sōtetsu Main Line and Sōtetsu Izumino Line ↓","↓ Through-running of some express trains to/from Shōnandai or Ebina via SH Tōkyū Shin-yokohama Line,  Sōtetsu Shin-yokohama Line, Sōtetsu Main Line and Sōtetsu Izumino Line ↓","↓ Through-running of some express trains to/from Shōnandai or Ebina via SH Tōkyū Shin-yokohama Line,  Sōtetsu Shin-yokohama Line, Sōtetsu Main Line and Sōtetsu Izumino Line ↓","↓ Through-running of some express trains to/from Shōnandai or Ebina via SH Tōkyū Shin-yokohama Line,  Sōtetsu Shin-yokohama Line, Sōtetsu Main Line and Sōtetsu Izumino Line ↓","↓ Through-running of some express trains to/from Shōnandai or Ebina via SH Tōkyū Shin-yokohama Line,  Sōtetsu Shin-yokohama Line, Sōtetsu Main Line and Sōtetsu Izumino Line ↓","↓ Through-running of some express trains to/from Shōnandai or Ebina via SH Tōkyū Shin-yokohama Line,  Sōtetsu Shin-yokohama Line, Sōtetsu Main Line and Sōtetsu Izumino Line ↓","↓ Through-running of some express trains to/from Shōnandai or Ebina via SH Tōkyū Shin-yokohama Line,  Sōtetsu Shin-yokohama Line, Sōtetsu Main Line and Sōtetsu Izumino Line ↓","↓ Through-running of some express trains to/from Shōnandai or Ebina via SH Tōkyū Shin-yokohama Line,  Sōtetsu Shin-yokohama Line, Sōtetsu Main Line and Sōtetsu Izumino Line ↓","Kōhoku-ku, Yokohama",Kanagawa Prefecture
Tōkyū Tōyoko Line,TY14,Tsunashima,綱島,15.8,O,O,|,|,|, ,"Kōhoku-ku, Yokohama",Kanagawa Prefecture
Tōkyū Tōyoko Line,TY15,Ōkurayama,大倉山,17.5,O,|,|,|,|, ,"Kōhoku-ku, Yokohama",Kanagawa Prefecture
Tōkyū Tōyoko Line,TY16,Kikuna,菊名,18.8,O,O,O,O,※,JH Yokohama Line,"Kōhoku-ku, Yokohama",Kanagawa Prefecture
Tōkyū Tōyoko Line,TY17,Myōrenji,妙蓮寺,20.2,O,|,|,|,|, ,Kanagawa Prefecture,None
Tōkyū Tōyoko Line,TY18,Hakuraku,白楽,21.4,O,|,|,|,|, ,"Kanagawa-ku, Yokohama",Kanagawa Prefecture
Tōkyū Tōyoko Line,TY19,Higashi-hakuraku,東白楽,22.1,O,|,|,|,|, ,"Kanagawa-ku, Yokohama",Kanagawa Prefecture
Tōkyū Tōyoko Line,TY20,Tammachi,反町,23.2,O,|,|,|,|, ,"Kanagawa-ku, Yokohama",Kanagawa Prefecture
