0,1,2,3,4,5
Dana Delaney,1989,Viewers for Quality Television Award,Best Actress in a Quality Drama Series,China Beach,Won
Dana Delaney,1990,Golden Globe Award,Best Actress in a Television Series – Drama,China Beach,Nominated
Dana Delaney,1990,Viewers for Quality Television Award,Best Actress in a Quality Drama Series,China Beach,Won
Dana Delaney,1991,Golden Globe Award,Best Actress in a Television Series – Drama,China Beach,Nominated
Dana Delaney,1991,Viewers for Quality Television Award,Best Actress in a Quality Drama Series,China Beach,Won
Dana Delaney,1998,Lone Star Film & Television,Best TV Actress,True Women,Won
Dana Delaney,2001,Primetime Emmy Award,Outstanding Guest Actress in a Drama Series,Family Law,Nominated
Dana Delaney,2007,TV Land Award,Lady You Love to Watch Fight for Her Life in a Movie of the Week,Movie of the Week,Nominated
Dana Delaney,2008,Screen Actors Guild Award,Outstanding Performance by an Ensemble in a Comedy Series,Desperate Housewives,Nominated
Dana Delaney,2009,PRISM Award,Best Performance in a Comedy Series,Desperate Housewives,Won
Dana Delaney,2009,Screen Actors Guild Award,Outstanding Performance by an Ensemble in a Comedy Series,Desperate Housewives,Nominated
Dana Delaney,2014,Los Angeles Drama Critics Circle Award,Outstanding Lead Performance,The Parisian Woman,Nominated
