0,1,2,3,4
Bimal Roy,1943,Bengal Famine,,English
Bimal Roy,1944,Udayer Pathey,,"Bengali Director, Writer and cinematographer"
Bimal Roy,1945,Hamrahi,New Theatres,Writer and cinematographer
Bimal Roy,1948,Anjangarh,,
Bimal Roy,1949,Mantramugdhu,,
Bimal Roy,1950,Pehla Aadmi,,
Bimal Roy,1952,Maa,,
Bimal Roy,1955,Naukari,Bimal Roy Productions,
Bimal Roy,1954,Baap Beti,,
Bimal Roy,1955,Devdas,Self,
Bimal Roy,1958,Madhumati,Bimal Roy Productions,"Highest-grossing film of 1958. It garnered 9 Filmfare Awards, a record held for 37 years. 
Its story was written by Rwitwick Ghatak"
Bimal Roy,1958,Yahudi,Savak B. Vacha,
Bimal Roy,1959,Sujata,Bimal Roy,Filmfare Award for Best Director
Bimal Roy,1960,Parakh,Self,Filmfare Award for Best Director
Bimal Roy,1960,Nader Nimai,,Bengali
Bimal Roy,1961,Immortal Stupa,,
Bimal Roy,1962,Prem Patra,Self,
Bimal Roy,1964,Life and Message of Swami Vivekananda,,English on Swami Vivekananda
Bimal Roy,1941,Tins for India,,
