0,1,2,3,4,5
Ellenor Frutt,2001,American Society of Cinematographers Award,Outstanding Achievement in Cinematography in Regular Series,"Dennis Smith (For episode ""The Deal"")",Nominated
Ellenor Frutt,2001,ASCAP Film and Television Music Awards,Top TV Series,Marco Beltrami and Jon Hassell,Won
Ellenor Frutt,2002,ASCAP Film and Television Music Awards,Top TV Series,Marco Beltrami and Jon Hassell,Won
Ellenor Frutt,2003,ASCAP Film and Television Music Awards,Top TV Series,Marco Beltrami and Jon Hassell,Won
Ellenor Frutt,2000,BMI Film & TV Awards,BMI TV Music Award,Peter Scaturro,Won
Ellenor Frutt,2001,BMI Film & TV Awards,BMI TV Music Award,Tom Hiel and Peter Scaturro,Won
Ellenor Frutt,2002,BMI Film & TV Awards,BMI TV Music Award,Tom Hiel and Peter Scaturro,Won
Ellenor Frutt,2001,Casting Society of America's Artios Award,"Best Casting for TV, Dramatic Episodic",Janet Gilmore and Megan McConnell,Nominated
Ellenor Frutt,1998,Edgar Allan Poe Award,Best Episode in a TV Series,"Michael R. Perry, Stephen Gaghan and David E. Kelley (For episode ""First Degree"")",Nominated
Ellenor Frutt,2002,Edgar Allan Poe Award,Best Episode in a TV Series,"Jonathan Shapiro, Lukas Reiter, Peter Blake and David E. Kelley (For episode ""Killing Time"")",Nominated
Ellenor Frutt,2004,Edgar Allan Poe Award,Best Episode in a TV Series,"Peter Blake and David E. Kelley (For episode ""Goodbye"")",Won
Ellenor Frutt,1999,Genesis Award,Television - Dramatic Series,"""The Food Chain""",Won
Ellenor Frutt,2003,Genesis Award,Television - Dramatic Series,"""Small Sacrifices""",Won
Ellenor Frutt,1998,GLAAD Media Award,Outstanding TV - Individual Episode,"""Civil Rights""",Nominated
Ellenor Frutt,1999,Golden Globe Award,Best Television Series – Drama,,Won
Ellenor Frutt,1999,Golden Globe Award,Best Actor – Television Series Drama,Dylan McDermott,Won
Ellenor Frutt,1999,Golden Globe Award,"Best Supporting Actress – Series, Miniseries or Television Film",Camryn Manheim,Won
Ellenor Frutt,2000,Golden Globe Award,Best Television Series – Drama,,Nominated
Ellenor Frutt,2000,Best Actor – Television Series Drama,Golden Globe Award,Dylan McDermott,Nominated
Ellenor Frutt,2001,Golden Globe Award,Best Television Series – Drama,,Nominated
Ellenor Frutt,2001,Best Actor – Television Series Drama,Golden Globe Award,Dylan McDermott,Nominated
Ellenor Frutt,2002,Humanitas Prize,60 Minute Category,"Lukas Reiter and David E. Kelley (For episode ""Honor Code"")",Won
Ellenor Frutt,2003,Humanitas Prize,60 Minute Category,"David E. Kelley (For episode ""Final Judgment"")",Won
Ellenor Frutt,1998,Motion Picture Sound Editors' Golden Reel Award,Best Sound Editing - Television Episodic - Dialogue & ADR,,Nominated
Ellenor Frutt,2000,Motion Picture Sound Editors' Golden Reel Award,Best Sound Editing - Television Episodic - Dialogue & ADR,"T.W. Davis, Donna Beltz, Ken Gladden, H. Jay Levine and Debby Ruby-Winsberg",Nominated
Ellenor Frutt,2000,NAACP Image Award,Outstanding Drama Series,,Nominated
Ellenor Frutt,2000,Outstanding Actor in a Drama Series,NAACP Image Award,Steve Harris,Nominated
Ellenor Frutt,2000,Outstanding Supporting Actress in a Drama Series,NAACP Image Award,LisaGay Hamilton,Nominated
Ellenor Frutt,2001,NAACP Image Award,Outstanding Drama Series,,Nominated
Ellenor Frutt,2001,Outstanding Actor in a Drama Series,NAACP Image Award,Steve Harris,Nominated
Ellenor Frutt,2001,Outstanding Supporting Actress in a Drama Series,NAACP Image Award,Beah Richards,Nominated
Ellenor Frutt,2002,NAACP Image Award,Outstanding Drama Series,,Nominated
Ellenor Frutt,2002,Outstanding Actor in a Drama Series,NAACP Image Award,Steve Harris,Nominated
Ellenor Frutt,2004,Outstanding Actor in a Drama Series,NAACP Image Award,Steve Harris,Won
Ellenor Frutt,2005,Outstanding Actor in a Drama Series,NAACP Image Award,Steve Harris,Nominated
Ellenor Frutt,1999,Peabody Award,,ABC and David E. Kelley Productions,Won
Ellenor Frutt,1999,PGA Award,Outstanding Producer of Episodic Television,"David E. Kelley, Robert Breech, Jeffrey Kramer, Christina Musrey, Gary M. Strangis and Pamela J. Wisne",Won
Ellenor Frutt,2001,PGA Award,"Outstanding Producer of Episodic Television, Drama",,Nominated
Ellenor Frutt,1998,Primetime Emmy Award,Outstanding Writing for a Drama Series,"David E. Kelley (For episode ""Betrayal"")",Nominated
Ellenor Frutt,1999,Primetime Emmy Award,Outstanding Drama Series,"David E. Kelley, Jeffrey Kramer, Robert Breech, Gary M. Strangis, Christina Musrey and Pamela J. Wisne",Won
Ellenor Frutt,1999,Outstanding Lead Actor in a Drama Series,Primetime Emmy Award,Dylan McDermott,Nominated
Ellenor Frutt,1999,Outstanding Supporting Actor in a Drama Series,Primetime Emmy Award,Michael Badalucco,Won
Ellenor Frutt,1999,Outstanding Supporting Actor in a Drama Series,Steve Harris,Primetime Emmy Award,Nominated
Ellenor Frutt,1999,Outstanding Supporting Actress in a Drama Series,Primetime Emmy Award,Lara Flynn Boyle,Nominated
Ellenor Frutt,1999,Outstanding Supporting Actress in a Drama Series,Camryn Manheim,Primetime Emmy Award,Nominated
Ellenor Frutt,1999,Outstanding Supporting Actress in a Drama Series,Holland Taylor,Primetime Emmy Award,Won
Ellenor Frutt,1999,Outstanding Guest Actor in a Drama Series,Primetime Emmy Award,Tony Danza,Nominated
Ellenor Frutt,1999,Outstanding Guest Actor in a Drama Series,Edward Herrmann,Primetime Emmy Award,Won
Ellenor Frutt,1999,Outstanding Casting for a Series,Primetime Emmy Award,Janet Gilmore and Megan McConnell,Nominated
Ellenor Frutt,1999,Outstanding Cinematography for a Series,Primetime Emmy Award,"Dennis Smith (For episode ""Happily Ever After"")",Nominated
Ellenor Frutt,1999,Outstanding Costuming for a Series,Primetime Emmy Award,"Shelly Levine and Loree Parral (For episode ""Of Human Bondage"")",Nominated
Ellenor Frutt,1999,Outstanding Sound Mixing for a Drama Series,Primetime Emmy Award,"Clark King, Harry Andronis, David John West and Kurt Kassulke (For episode ""Happily Ever After"")",Nominated
Ellenor Frutt,2000,Primetime Emmy Award,Outstanding Drama Series,"David E. Kelley, Jeffrey Kramer, Robert Breech, Gary M. Strangis, Christina Musrey and Pamela J. Wisne",Nominated
Ellenor Frutt,2000,Outstanding Supporting Actor in a Drama Series,Primetime Emmy Award,Michael Badalucco,Nominated
Ellenor Frutt,2000,Outstanding Supporting Actor in a Drama Series,Steve Harris,Primetime Emmy Award,Nominated
Ellenor Frutt,2000,Outstanding Supporting Actress in a Drama Series,Primetime Emmy Award,Holland Taylor,Nominated
Ellenor Frutt,2000,Outstanding Guest Actor in a Drama Series,Primetime Emmy Award,Paul Dooley,Nominated
Ellenor Frutt,2000,Outstanding Guest Actor in a Drama Series,James Whitmore,Primetime Emmy Award,Won
Ellenor Frutt,2000,Outstanding Guest Actor in a Drama Series,Henry Winkler,Primetime Emmy Award,Nominated
Ellenor Frutt,2000,Outstanding Guest Actress in a Drama Series,Primetime Emmy Award,Marlee Matlin,Nominated
Ellenor Frutt,2000,Outstanding Guest Actress in a Drama Series,Beah Richards,Primetime Emmy Award,Won
Ellenor Frutt,2000,Outstanding Casting for a Drama Series,Primetime Emmy Award,Janet Gilmore and Megan McConnell,Nominated
Ellenor Frutt,2001,Primetime Emmy Award,Outstanding Drama Series,"David E. Kelley, Robert Breech, Christina Musrey, Gary M. Strangis, Pamela J. Wisne, Joseph Berger-Davis and Todd Ellis Kessler",Nominated
Ellenor Frutt,2001,Outstanding Guest Actor in a Drama Series,Primetime Emmy Award,René Auberjonois,Nominated
Ellenor Frutt,2001,Outstanding Guest Actor in a Drama Series,Michael Emerson,Primetime Emmy Award,Won
Ellenor Frutt,2001,Outstanding Casting for a Drama Series,Primetime Emmy Award,Janet Gilmore and Megan McConnell,Nominated
Ellenor Frutt,2001,Outstanding Cinematography for a Single-Camera Series,Primetime Emmy Award,"Dennis Smith (For episode ""The Deal"")",Nominated
Ellenor Frutt,2001,Outstanding Single Camera Picture Editing for a Series,Primetime Emmy Award,"Susanne Malles (For episode ""The Day After"")",Nominated
Ellenor Frutt,2001,Outstanding Single Camera Sound Mixing for a Series,Primetime Emmy Award,"Clark King, David John West, Eric Clopein and David Dondorf  (For episode ""The Day After"")",Nominated
Ellenor Frutt,2002,Primetime Emmy Award,Outstanding Guest Actor in a Drama Series,Charles S. Dutton,Won
Ellenor Frutt,2002,John Larroquette,Outstanding Guest Actor in a Drama Series,Primetime Emmy Award,Nominated
Ellenor Frutt,2003,Primetime Emmy Award,Outstanding Guest Actress in a Drama Series,Alfre Woodard,Won
Ellenor Frutt,2004,Primetime Emmy Award,Outstanding Lead Actor in a Drama Series,James Spader,Won
Ellenor Frutt,2004,Outstanding Guest Actor in a Drama Series,Primetime Emmy Award,William Shatner,Won
Ellenor Frutt,2004,Outstanding Guest Actress in a Drama Series,Primetime Emmy Award,Sharon Stone,Won
Ellenor Frutt,2004,Outstanding Guest Actress in a Drama Series,Betty White,Primetime Emmy Award,Nominated
Ellenor Frutt,2004,Prism Award,Performance in a Drama Series Episode,Steve Harris,Nominated
Ellenor Frutt,1999,Satellite Award,Best Actor – Television Series Drama,Dylan McDermott,Nominated
Ellenor Frutt,2000,Satellite Award,Best Television Series – Drama,,Nominated
Ellenor Frutt,2000,Best Actor – Television Series Drama,Satellite Award,Dylan McDermott,Nominated
Ellenor Frutt,2000,Best Actress – Television Series Drama,Satellite Award,Camryn Manheim,Won
Ellenor Frutt,2000,Best Actress – Television Series Drama,Kelli Williams,Satellite Award,Nominated
Ellenor Frutt,2001,Satellite Award,Best Television Series – Drama,,Nominated
Ellenor Frutt,1999,Screen Actors Guild Award,Outstanding Performance by an Ensemble in a Drama Series,,Nominated
Ellenor Frutt,2000,Screen Actors Guild Award,Outstanding Performance by an Ensemble in a Drama Series,,Nominated
Ellenor Frutt,2001,Screen Actors Guild Award,Outstanding Performance by an Ensemble in a Drama Series,,Nominated
Ellenor Frutt,1998,Television Critics Association Award,Outstanding Achievement in Drama,,Nominated
Ellenor Frutt,1999,Television Critics Association Award,Program of the Year,,Nominated
Ellenor Frutt,1999,Outstanding Achievement in Drama,Television Critics Association Award,Nominated,
Ellenor Frutt,1999,Individual Achievement in Drama,Television Critics Association Award,David E. Kelley,Won
Ellenor Frutt,1999,Individual Achievement in Drama,Camryn Manheim,Television Critics Association Award,Nominated
Ellenor Frutt,1999,Individual Achievement in Drama,Dylan McDermott,Television Critics Association Award,Nominated
Ellenor Frutt,2000,Television Critics Association Award,Outstanding Achievement in Drama,,Nominated
Ellenor Frutt,2000,TV Guide Award,Favorite Drama Series,,Nominated
Ellenor Frutt,1998,Viewers for Quality Television Award,Best Quality Drama Series,,Won
Ellenor Frutt,1998,Viewers for Quality Television Award,Best Actor in a Quality Drama Series,Dylan McDermott,Nominated
Ellenor Frutt,1998,Viewers for Quality Television Award,Best Supporting Actor in a Quality Drama Series,Michael Badalucco,Nominated
Ellenor Frutt,1998,Viewers for Quality Television Award,Best Supporting Actor in a Quality Drama Series,Steve Harris,Won
Ellenor Frutt,1998,Viewers for Quality Television Award,Best Supporting Actress in a Quality Drama Series,Camryn Manheim,Nominated
Ellenor Frutt,1998,Viewers for Quality Television Award,Best Supporting Actress in a Quality Drama Series,Kelli Williams,Nominated
Ellenor Frutt,1998,Viewers for Quality Television Award,Best Recurring Player,Linda Hunt,Nominated
Ellenor Frutt,1998,Viewers for Quality Television Award,Best Recurring Player,John Larroquette,Won
Ellenor Frutt,1999,Viewers for Quality Television Award,Best Quality Drama Series,,Won
Ellenor Frutt,1999,Best Actor in a Quality Drama Series,Viewers for Quality Television Award,Dylan McDermott,Nominated
Ellenor Frutt,1999,Best Supporting Actor in a Quality Drama Series,Viewers for Quality Television Award,Michael Badalucco,Nominated
Ellenor Frutt,1999,Best Supporting Actor in a Quality Drama Series,Steve Harris,Viewers for Quality Television Award,Won
Ellenor Frutt,1999,Best Supporting Actress in a Quality Drama Series,Viewers for Quality Television Award,Camryn Manheim,Won
Ellenor Frutt,1999,Best Supporting Actress in a Quality Drama Series,Kelli Williams,Viewers for Quality Television Award,Nominated
Ellenor Frutt,2000,Viewers for Quality Television Award,Best Quality Drama Series,,Nominated
Ellenor Frutt,2000,Best Actor in a Quality Drama Series,Viewers for Quality Television Award,Dylan McDermott,Nominated
Ellenor Frutt,2000,Best Supporting Actor in a Quality Drama Series,Viewers for Quality Television Award,Michael Badalucco,Nominated
Ellenor Frutt,2000,Best Supporting Actor in a Quality Drama Series,Steve Harris,Viewers for Quality Television Award,Nominated
Ellenor Frutt,2000,Best Supporting Actress in a Quality Drama Series,Viewers for Quality Television Award,Camryn Manheim,Nominated
Ellenor Frutt,1999,Writers Guild of America Award,Episodic Drama,"David E. Kelley (For episode ""Betrayal"")",Nominated
Ellenor Frutt,1999,Young Artist Award,Best Performance in a TV Drama Series - Guest Starring Young Actor,Billie Thomas,Nominated
Ellenor Frutt,2002,Young Artist Award,Best Performance in a TV Drama Series - Guest Starring Young Actor,Marc John Jefferies,Nominated
Ellenor Frutt,2002,Best Performance in a TV Drama Series - Guest Starring Young Actress,Young Artist Award,Jamie Lauren,Nominated
Ellenor Frutt,2003,Young Artist Award,Best Performance in a TV Drama Series - Guest Starring Young Actress,Jamie Lauren,Nominated
