0,1,2,3,4,5
Japan Academy Film Prize for Picture of the Year,3,1979,Vengeance Is Mine,復讐するは我にあり,Shōhei Imamura
Japan Academy Film Prize for Picture of the Year,7,1983,The Ballad of Narayama,楢山節考,Shōhei Imamura
Japan Academy Film Prize for Picture of the Year,10,1986,House on Fire,火宅の人,Kinji Fukasaku
Japan Academy Film Prize for Picture of the Year,11,1987,A Taxing Woman,マルサの女,Juzo Itami
Japan Academy Film Prize for Picture of the Year,13,1989,Black Rain,黒い雨,Shōhei Imamura
Japan Academy Film Prize for Picture of the Year,15,1991,My Sons,息子,Yoji Yamada
Japan Academy Film Prize for Picture of the Year,16,1992,"Sumo Do, Sumo Don't",シコふんじゃった。,Masayuki Suo
Japan Academy Film Prize for Picture of the Year,17,1993,A Class to Remember,学校,Yoji Yamada
Japan Academy Film Prize for Picture of the Year,18,1994,Crest of Betrayal,忠臣蔵外伝 四谷怪談,Kinji Fukasaku
Japan Academy Film Prize for Picture of the Year,20,1996,Shall We Dance?,Shall we ダンス?,Masayuki Suo
Japan Academy Film Prize for Picture of the Year,25,2001,Spirited Away,千と千尋の神隠し,Hayao Miyazaki
Japan Academy Film Prize for Picture of the Year,26,2002,The Twilight Samurai,たそがれ清兵衛,Yoji Yamada
Japan Academy Film Prize for Picture of the Year,27,2003,When the Last Sword Is Drawn,壬生義士伝,Yōjirō Takita
Japan Academy Film Prize for Picture of the Year,29,2005,Always Sanchōme no Yūhi,ALWAYS 三丁目の夕日,Takashi Yamazaki
Japan Academy Film Prize for Picture of the Year,31,2007,"Tokyo Tower: Mom and Me, and Sometimes Dad",東京タワー 〜オカンとボクと、時々、オトン〜,Jōji Matsuoka
Japan Academy Film Prize for Picture of the Year,32,2008,Departures,おくりびと,Yōjirō Takita
Japan Academy Film Prize for Picture of the Year,33,2009,The Unbroken,沈まぬ太陽,Setsuro Wakamatsu
Japan Academy Film Prize for Picture of the Year,39,2015,Our Little Sister,海街diary,Hirokazu Kore-eda
Japan Academy Film Prize for Picture of the Year,40,2016,Shin Godzilla,シン・ゴジラ,Hideaki Anno and Shinji Higuchi
Japan Academy Film Prize for Picture of the Year,41,2017,The Third Murder,三度目の殺人,Hirokazu Kore-eda
Japan Academy Film Prize for Picture of the Year,42,2018,Shoplifters,万引き家族,Hirokazu Kore-eda
Japan Academy Film Prize for Picture of the Year,43,2019,The Journalist,新聞記者,Michihito Fujii
Japan Academy Film Prize for Picture of the Year,44,2020,Midnight Swan,ミッドナイトスワン,Eiji Uchida
Japan Academy Film Prize for Picture of the Year,45,2021,Drive My Car,ドライブ・マイ・カー,Ryusuke Hamaguchi
Japan Academy Film Prize for Picture of the Year,46,2022,A Man,ある男,Kei Ishikawa
