0,1,2,3
Broadcast Film Critics Association Award for Best Composer,2000,Hans Zimmer,"Gladiator, Mission: Impossible 2, and The Road to El Dorado"
Broadcast Film Critics Association Award for Best Composer,2001,Howard Shore,The Lord of the Rings: The Fellowship of the Ring
Broadcast Film Critics Association Award for Best Composer,2001,John Williams,A.I. Artificial Intelligence and Harry Potter and the Sorcerer's Stone
Broadcast Film Critics Association Award for Best Composer,2001,Christopher Young,The Shipping News
Broadcast Film Critics Association Award for Best Composer,2002,Philip Glass,The Hours
Broadcast Film Critics Association Award for Best Composer,2002,Howard Shore,The Lord of the Rings: The Two Towers
Broadcast Film Critics Association Award for Best Composer,2003,Howard Shore,The Lord of the Rings: The Return of the King
Broadcast Film Critics Association Award for Best Composer,2003,Clint Eastwood,Mystic River
Broadcast Film Critics Association Award for Best Composer,2003,Danny Elfman,Big Fish
Broadcast Film Critics Association Award for Best Composer,2003,Gabriel Yared,Cold Mountain
Broadcast Film Critics Association Award for Best Composer,2003,Hans Zimmer,The Last Samurai
Broadcast Film Critics Association Award for Best Composer,2004,Michael Giacchino,The Incredibles
Broadcast Film Critics Association Award for Best Composer,2004,Rolfe Kent,Sideways
Broadcast Film Critics Association Award for Best Composer,2005,James Horner,The New World
Broadcast Film Critics Association Award for Best Composer,2005,Gustavo Santaolalla,Brokeback Mountain
Broadcast Film Critics Association Award for Best Composer,2005,Nancy Wilson,Elizabethtown
Broadcast Film Critics Association Award for Best Composer,2006,Clint Mansell,The Fountain
Broadcast Film Critics Association Award for Best Composer,2006,Thomas Newman,The Good German
Broadcast Film Critics Association Award for Best Composer,2006,Gustavo Santaolalla,Babel
Broadcast Film Critics Association Award for Best Composer,2006,Howard Shore,The Departed
Broadcast Film Critics Association Award for Best Composer,2006,Hans Zimmer,The Da Vinci Code
Broadcast Film Critics Association Award for Best Composer,2007,Marco Beltrami,3:10 to Yuma
Broadcast Film Critics Association Award for Best Composer,2007,Alexandre Desplat,"Lust, Caution (Se, jie)"
Broadcast Film Critics Association Award for Best Composer,2007,Clint Eastwood,Grace Is Gone
Broadcast Film Critics Association Award for Best Composer,2007,Dario Marianelli,Atonement
Broadcast Film Critics Association Award for Best Composer,2007,Alan Menken,Enchanted
Broadcast Film Critics Association Award for Best Composer,2008,Alexandre Desplat,The Curious Case of Benjamin Button
Broadcast Film Critics Association Award for Best Composer,2008,Clint Eastwood,Changeling
Broadcast Film Critics Association Award for Best Composer,2008,Danny Elfman,Milk
Broadcast Film Critics Association Award for Best Composer,2008,James Newton Howard and Hans Zimmer,The Dark Knight
Broadcast Film Critics Association Award for Best Composer,2009,Carter Burwell and Karen O,Where the Wild Things Are
Broadcast Film Critics Association Award for Best Composer,2009,Marvin Hamlisch,The Informant!
Broadcast Film Critics Association Award for Best Composer,2009,Randy Newman,The Princess and the Frog
Broadcast Film Critics Association Award for Best Composer,2009,Hans Zimmer,Sherlock Holmes
