0,1,2,3
The Fabulous Destiny of Amélie Poulain,Best Foreign Language Film,France,Nominated
The Fabulous Destiny of Amélie Poulain,Best Film,Amélie,Nominated
The Fabulous Destiny of Amélie Poulain,Best Direction,Jean-Pierre Jeunet,Nominated
The Fabulous Destiny of Amélie Poulain,Best Actress in a Leading Role,Audrey Tautou,Nominated
The Fabulous Destiny of Amélie Poulain,Best Original Screenplay,Guillaume Laurant and Jean-Pierre Jeunet,Won
The Fabulous Destiny of Amélie Poulain,Best Cinematography,Bruno Delbonnel,Nominated
The Fabulous Destiny of Amélie Poulain,Best Production Design,Aline Bonetto,Won
The Fabulous Destiny of Amélie Poulain,Best Editing,Hervé Schneid,Nominated
The Fabulous Destiny of Amélie Poulain,Best Film Music,Yann Tiersen,Nominated
The Fabulous Destiny of Amélie Poulain,Best Film Not in the English Language,Amélie,Nominated
The Fabulous Destiny of Amélie Poulain,Best Film,Amélie,Won
The Fabulous Destiny of Amélie Poulain,Best Director,Jean-Pierre Jeunet,Won
The Fabulous Destiny of Amélie Poulain,Best Actress,Audrey Tautou,Nominated
The Fabulous Destiny of Amélie Poulain,Best Supporting Actor,Jamel Debbouze,Nominated
The Fabulous Destiny of Amélie Poulain,Best Supporting Actor,Rufus,Nominated
The Fabulous Destiny of Amélie Poulain,Best Supporting Actress,Isabelle Nanty,Nominated
The Fabulous Destiny of Amélie Poulain,Best Writing,Guillaume Laurant and Jean-Pierre Jeunet,Nominated
The Fabulous Destiny of Amélie Poulain,Best Cinematography,Bruno Delbonnel,Nominated
The Fabulous Destiny of Amélie Poulain,Best Production Design,Aline Bonetto,Won
The Fabulous Destiny of Amélie Poulain,Best Costume Design,Madeline Fontaine,Nominated
The Fabulous Destiny of Amélie Poulain,Best Editing,Hervé Schneid,Nominated
The Fabulous Destiny of Amélie Poulain,Best Music,Yann Tiersen,Won
The Fabulous Destiny of Amélie Poulain,Best Film,Jean-Pierre Jeunet,Won
The Fabulous Destiny of Amélie Poulain,Best Director,Jean-Pierre Jeunet,Won
The Fabulous Destiny of Amélie Poulain,Best Actress,Audrey Tautou,Nominated
The Fabulous Destiny of Amélie Poulain,Best Cinematography,Bruno Delbonnel,Won
The Fabulous Destiny of Amélie Poulain,Best French Film,Amélie,Won
The Fabulous Destiny of Amélie Poulain,Best Foreign Language Film,Amélie,Won
The Fabulous Destiny of Amélie Poulain,Best Foreign Language Film,Jean-Pierre Jeunet,Nominated
The Fabulous Destiny of Amélie Poulain,Crystal Globe,Jean-Pierre Jeunet,Won
The Fabulous Destiny of Amélie Poulain,People's Choice Award,Amélie,Won
