0,1,2,3
2010,127 Hours,Aron Ralston,James Franco
2010,American: The Bill Hicks Story,Bill Hicks,Bill Hicks
2010,Angel of Evil,Renato Vallanzasca,Kim Rossi Stuart
2010,Augustine: The Decline of the Roman Empire,Augustine of Hippo,Franco Nero
2010,The Bang Bang Club,Ken Oosterbroek,Frank Rautenbach
2010,The Bang Bang Club,João Silva,Neels Van Jaarsveld
2010,"Bruce Lee, My Brother",Bruce Lee,Aarif Lee
2010,Carlos,Carlos the Jackal,Édgar Ramírez
2010,Casino Jack,Jack Abramoff,Kevin Spacey
2010,Chico Xavier,Chico Xavier,Nelson Xavier
2010,Confucius,Confucius,Chow Yun-fat
2010,Conviction,Betty Anne Waters,Hilary Swank
2010,The Day the Music Died,Buddy Holly,Guy Kent
2010,Eat Pray Love,Elizabeth Gilbert,Julia Roberts
2010,Edith Stein: The Seventh Chamber,Edith Stein,Maia Morgenstern
2010,The End Is My Beginning,Tiziano Terzani,Bruno Ganz
2010,Malik Ek,Sai Baba of Shirdi,Jackie Shroff
2010,Extraordinary Measures,John Crowley,Brendan Fraser
2010,Fair Game,Valerie Plame,Naomi Watts
2010,Fair Game,Joseph Wilson,Sean Penn
2010,The Fighter,"""Irish"" Micky Ward",Mark Wahlberg
2010,The Fighter,Dicky Eklund,Christian Bale
2010,The First Grader,Kimani Maruge,Oliver Litondo
2010,Frankie & Alice,Frankie Murdoch,Halle Berry
2010,Gainsbourg: A Heroic Life,Serge Gainsbourg,Éric Elmosnino
2010,Gainsbourg: A Heroic Life,Jane Birkin,Lucy Gordon
2010,Gainsbourg: A Heroic Life,Brigitte Bardot,Laetitia Casta
2010,The Great Vazquez,Manuel Vázquez Gallego,Santiago Segura
2010,The Hammer,Matt Hamill,Russell Harvard
2010,House of Versace,Donatella Versace,Gina Gershon
2010,Howl,Allen Ginsberg,James Franco
2010,I Love You Phillip Morris,Steven Jay Russell,Jim Carrey
2010,I Love You Phillip Morris,Phillip Morris,Ewan McGregor
2010,Iron Lord,Yaroslav the Wise,Alexander Ivashkevich
2010,Jew Suss: Rise and Fall,Ferdinand Marian,Tobias Moretti
2010,The Kingdom of Solomon,Solomon,Amin Zendegani
2010,The Legend Is Born: Ip Man,Ip Man,Dennis To
2010,Leonie,Leonie Gilmour,Emily Mortimer
2010,"Lula, the son of Brazil",Luiz Inácio Lula da Silva,Rui Ricardo Dias
2010,Mahler on the Couch,Gustav Mahler,Johannes Silberschneider
2010,Mahler on the Couch,Alma Mahler,Barbara Romaner
2010,Max Schmeling,Max Schmeling,Henry Maske
2010,Nanga Parbat,Reinhold Messner,Florian Stetter
2010,Nanga Parbat,Günther Messner,Andreas Tobias
2010,Risen,Howard Winstone,Stuart Brennan
2010,The Robber,Johann Kastenberger,Andreas Lust
2010,The Secret Diaries of Miss Anne Lister,Anne Lister,Maxine Peake
2010,Secretariat,Penny Chenery,Diane Lane
2010,Secretariat,Lucien Laurin,John Malkovich
2010,Sex & Drugs & Rock & Roll,Ian Dury,Andy Serkis
2010,Times You Change,Bushido,Elyas M'Barek
2010,Van Gogh: Painted with Words,Vincent van Gogh,Benedict Cumberbatch
2010,Veda,Mustafa Kemal Atatürk,Sinan Tuzcu
2010,Vision - From the Life of Hildegard von Bingen,Hildegard von Bingen,Barbara Sukowa
2010,When Love Is Not Enough: The Lois Wilson Story,Lois Wilson,Winona Ryder
2010,Who Is Clark Rockefeller?,Christian Gerhartsreiter,Eric McCormack
2010,You Don't Know Jack,Jack Kevorkian,Al Pacino
2011,17 Miracles,Levi Savage Jr.,Jasen Wade
2011,A Yell From Heaven,Hikaru Nakasone,Hiroshi Abe
2011,Bernie,Bernie Tiede,Jack Black
2011,Bakhita: From Slave to Saint,Josephine Bakhita,Fatou Kine Boye
2011,Cinema Verite,Pat Loud,Diane Lane
2011,Cinema Verite,Bill Loud,Tim Robbins
2011,Cinema Verite,Lance Loud,Thomas Dekker
2011,Citizen Gangster,Edwin Alonzo Boyd,Scott Speedman
2011,Confessions of a Brazilian Call Girl,Bruna Surfistinha,Deborah Secco
2011,The Devil's Double,Latif Yahia / Uday Hussein,Dominic Cooper
2011,A Funny Man,Dirch Passer,Nikolaj Lie Kaas
2011,The Intouchables,Philippe Pozzo di Borgo,François Cluzet
2011,The Intouchables,"Bakary ""Driss"" Bassari(Abdel Sellou)",Omar Sy
2011,Hattie,Hattie Jacques,Ruth Jones
2011,Heleno,Heleno de Freitas,Rodrigo Santoro
2011,Higher Ground,Corinne Walker,Vera Farmiga
2011,Hür Adam: Bediüzzaman Said Nursi,Said Nursî,Mursit Bag
2011,J. Edgar,J. Edgar Hoover,Leonardo DiCaprio
2011,Jeanne Captive,Joan of Arc,Clémence Poésy
2011,Juan y Eva,Juan Perón,Osmar Nuñez
2011,Juan y Eva,Eva Perón,Julieta Díaz
2011,Natalee Holloway,Natalee Holloway,Amy Gumenick
2011,Natalee Holloway,Beth Holloway,Tracy Pollan
2011,Natalee Holloway,Joran van der Sloot,Stephen Amell
2011,Ramabai Bhimrao Ambedkar,Ramabai Ambedkar,Nisha Parulekar
2011,Ramabai Bhimrao Ambedkar,B. R. Ambedkar,Ganesh Jethe
2011,Snowtown,John Bunting,Daniel Henshall
2011,Snowtown,"James ""Jamie"" Vlassakis",Lucas Pittaway
2011,Snowtown,Robert Wagner,Aaron Viergever
2011,Snowtown,Mark Haydon,David Walker
2011,The Kennedys,John F. Kennedy,Greg Kinnear
2011,The Kennedys,Robert F. Kennedy,Barry Pepper
2011,The Kennedys,Jackie Kennedy,Katie Holmes
2011,The Kennedys,"Joseph P. Kennedy, Sr.",Tom Wilkinson
2011,Killing Pablo,Pablo Escobar,Édgar Ramírez
2011,Kill the Irishman,Danny Greene,Ray Stevenson
2011,The Lady,Aung San Suu Kyi,Michelle Yeoh
2011,The Last Ride,Hank Williams,Henry Thomas
2011,"Muawiya, Hassan and Hussein",Muawiyah I,Rashid Assaf
2011,"Muawiya, Hassan and Hussein",Hasan,Khaled Al-Guwairy
2011,"Muawiya, Hassan and Hussein",Husayn,Mohammed al-Majali
2011,The Dirty Picture,Silk Smitha,Vidya Balan
2011,No One Killed Jessica,Jessica Lal,Myra Karn
2011,The Lost Bladesman,Guan Yu,Donnie Yen
2011,Moneyball,Billy Beane,Brad Pitt
2011,Hugo,Georges Méliès,Ben Kingsley
2011,Hugo,Jeanne d'Alcy,Helen McCrory
2011,Anonymous,"Edward de Vere, 17th Earl of Oxford",Rhys Ifans (older)Jamie Campbell Bower (young)
2011,Anonymous,Elizabeth I of England,Vanessa Redgrave (older)Joely Richardson (young)
2011,The Sky of My Childhood,Nursultan Nazarbayev,Elzhas Albiyev
2011,Perfect Game,Choi Dong-won,Cho Seung-woo
2011,Perfect Game,Sun Dong-yeol,Yang Dong-geun
2011,Red Dog,Red Dog,Koko
2011,Soul Surfer,Bethany Hamilton,AnnaSophia Robb
2011,Tatsumi,Yoshihiro Tatsumi,Yoshihiro Tatsumi
2011,Taken from Me: The Tiffany Rubin Story,Tiffany Rubin,Taraji P. Henson
2011,Kaze no Shounen,Yutaka Ozaki,Hiroki Narimiya
2011,Violeta,Violeta Parra,Francisca Gavilán
2011,We Bought a Zoo,Benjamin Mee,Matt Damon
2011,William & Kate,Prince William,Nico Evers-Swindell
2011,William & Kate,Catherine Middleton,Camilla Luddington
2011,The Woman Knight of Mirror Lake,Qiu Jin,Huang Yi
2012,Abducted: The Carlina White Story,Carlina White,Keke Palmer
2012,My Way,Claude François,Jérémie Renier
2012,My Way,France Gall,Joséphine Japy
2012,My Way,Frank Sinatra,Robert Knepper
2012,As One,Hyun Jung-hwa,Ha Ji-won
2012,As One,Ri Pun-hui,Bae Doona
2012,Falling Flowers,Xiao Hong,Song Jia
2012,Florbela,Florbela Espanca,Dalila Carmo
2012,The Girl,Alfred Hitchcock,Toby Jones
2012,Game Change,John McCain,Ed Harris
2012,Bert and Dickie,Dickie Burnell,Sam Hoare
2012,Bert and Dickie,Bert Bushnell,Matt Smith
2012,Ivan Megharoopan,P. Kunhiraman Nair,Prakash Bare
2012,National Security,Kim Jong-tae,Park Won-sang
2012,Sri Ramakrishna Darshanam,Ramakrishna,Sashikumar
2012,Amen,Harish Iyer,Karan Mehra
2012,Hitchcock,Alfred Hitchcock,Anthony Hopkins
2012,Hyde Park on Hudson,Franklin Delano Roosevelt,Bill Murray
2012,Hyde Park on Hudson,Margaret Suckley,Laura Linney
2012,Lawless,Jack Bondaurant,Shia LaBeouf
2012,Lawless,Forest Bondaurant,Tom Hardy
2012,Lawless,Howard Bondaurant,Jason Clarke
2012,A Smile as Big as the Moon,Mike Kersjes,John Corbett
2012,Paan Singh Tomar,Paan Singh Tomar,Irrfan Khan
2012,The Consul of Bordeaux,Aristides de Sousa Mendes,Vítor Norte
2012,"Pablo Escobar, The Drug Lord",Pablo Escobar,Andrés Parra
2012,Renoir,Catherine Hessling,Christa Théret
2012,Soegija,Albertus Soegijapranata,Nirwan Dewanto
2013,Ask This of Rikyu,Sen no Rikyū,Ichikawa Ebizō XI
2013,Betty & Coretta,Betty Shabazz,Mary J. Blige
2013,Betty & Coretta,Coretta Scott King,Angela Bassett
2013,The Bling Ring,Rachel Lee,Katie Chang
2013,The Bling Ring,Nick Prugo,Israel Broussard
2013,The Bling Ring,Alexis Neiers,Emma Watson
2013,The Bling Ring,Tess Taylor,Taissa Farmiga
2013,The Bling Ring,Courtney Ames,Claire Julien
2013,Blue Caprice,John Allen Muhammad,Isaiah Washington
2013,Blue Caprice,Lee Boyd Malvo,Tequan Richmond
2013,Bonnie & Clyde,Bonnie Parker,Holliday Grainger
2013,Bonnie & Clyde,Clyde Barrow,Emile Hirsch
2013,CBGB,Hilly Kristal,Alan Rickman
2013,House of Versace,Donatella Versace,Gina Gershon
2013,House of Versace,Gianni Versace,Enrico Colantoni
2013,House of Versace,Santo Versace,Colm Feore
2013,House of Versace,Allegra Versace,Samantha Hodhod
2013,Liz & Dick,Elizabeth Taylor,Lindsay Lohan
2013,Liz & Dick,Richard Burton,Grant Bowler
2013,42,Jackie Robinson,Chadwick Boseman
2013,42,Branch Rickey,Harrison Ford
2013,Letters to Sofija,Mikalojus Konstantinas Čiurlionis,Rokas Zubovas
2013,Lone Survivor,Danny Dietz,Emile Hirsch
2013,Lone Survivor,Matthew Axelson,Ben Foster
2013,Lone Survivor,Erik S. Kristensen,Eric Bana
2013,Kill Your Darlings,Allen Ginsberg,Daniel Radcliffe
2013,"Crazy, Sexy, Cool: The TLC Story",Tionne Watkins,Drew Sidora
2013,"Crazy, Sexy, Cool: The TLC Story",Lisa Lopes,Lil Mama
2013,"Crazy, Sexy, Cool: The TLC Story",Rozonda Thomas,Keke Palmer
2013,Legend № 17,Valeri Kharlamov,Danila Kozlovsky
2013,Big Sur,Jack Kerouac,Jean-Marc Barr
2013,The Look of Love,Paul Raymond,Steve Coogan
2013,Diana,"Diana, Princess of Wales",Naomi Watts
2013,Celluloid,J. C. Daniel,Prithviraj Sukumaran
2013,Emperor,Douglas MacArthur,Tommy Lee Jones
2013,Ephraim's Rescue,Ephraim Hanks,Darin Southam
2013,The Railway Man,Eric Lomax,Colin Firth (older)Jeremy Irvine (young)
2013,The Railway Man,Takashi Nagase,Hiroyuki Sanada (older)Tanroh Ishida (young)
2013,The Grandmaster,Ip Man,Tony Leung Chiu-Wai
2013,The Devil's Violinist,Niccolò Paganini,David Garrett
2013,The Conjuring,Lorraine Warren,Vera Farmiga
2013,The Conjuring,Ed Warren,Patrick Wilson
2013,Like the Wind,Armida Miserere,Valeria Golino
2013,Behind the Candelabra,Liberace,Michael Douglas
2013,Romeo Killer: The Chris Porco Story,Christopher Porco,Matt Barr
2013,Saving Mr. Banks,Walt Disney,Tom Hanks
2013,The Last of Robin Hood,Errol Flynn,Kevin Kline
2013,Rush,Niki Lauda,Daniel Brühl
2013,Jimi: All Is by My Side,Jimi Hendrix,André Benjamin
2013,The Anna Nicole Story,Anna Nicole Smith,Agnes Bruckner
2013,The Butler,Cecil Gaines,Forest Whitaker
2013,A Journey of Samyak Buddha,Gautama Buddha,Abhishek Urade
2013,Mandela: Long Walk to Freedom,Nelson Mandela,Idris Elba
2013,Marina,Rocco Granata,Matteo Simoni
2013,American Hustle,Melvin Weinberg,Christian Bale
2013,American Hustle,"Anthony Amoroso, Jr.",Bradley Cooper
2013,Gagarin: First in Space,Yuri Gagarin,Yaroslav Zhalnin
2013,Vikings,Ragnar Lodbrok,Travis Fimmel
2013,Waltz for Monica,Monica Zetterlund,Edda Magnason
2013,The Wind Rises,Jiro Horikoshi,Hideaki Anno (Japanese voice)Joseph Gordon-Levitt (English voice)
2014,Foxcatcher,John Eleuthère du Pont,Steve Carell
2014,Foxcatcher,Mark Schultz,Channing Tatum
2014,Foxcatcher,Dave Schultz,Mark Ruffalo
2014,The Internet's Own Boy: The Story of Aaron Swartz,Aaron Swartz,Aaron Swartz (archive footage)
2014,Set Fire to the Stars,Dylan Thomas,Celyn Jones
2014,Set Fire to the Stars,John Malcolm Brinnin,Elijah Wood
2014,Saint Laurent,Yves Saint Laurent,Gaspard Ulliel (young) and Helmut Berger (old)
2014,Cesar Chavez,Cesar Chavez,Michael Peña
2014,Wild,Cheryl Strayed,Reese Witherspoon
2014,Electric Slide,Eddie Dodson,Jim Sturgess
2014,Escobar: Paradise Lost,Pablo Escobar,Benicio del Toro
2014,The Outlaw Michael Howe,Michael Howe,Damon Herriman
2014,Effie Gray,Effie Gray,Dakota Fanning
2014,Effie Gray,John Ruskin,Greg Wise
2014,Jersey Boys,Nick Massi,Michael Lomenda
2014,Ekaterina,Catherine the Great,Marina Aleksandrova
2014,Million Dollar Arm,Rinku Singh,Suraj Sharma
2014,Testament of Youth,Vera Brittain,Alicia Vikander
2014,Testament of Youth,Roland Leighton,Kit Harington
2014,Testament of Youth,Victor Richardson,Colin Morgan
2014,Testament of Youth,Edward Brittain,Taron Egerton
2014,Gods,Zbigniew Religa,Tomasz Kot
2014,Get On Up,James Brown,Chadwick Boseman
2014,Heaven Is for Real,Colton Burpo,Connor Corum
2014,Heaven Is for Real,Todd Burpo,Greg Kinnear
2014,The Gabby Douglas Story,Gabby Douglas,Sydney Mikayla(7–12 years old) and Imani Hakim (13–16 years old)
2014,Getúlio,Getúlio Vargas,Tony Ramos
2014,Che,Mostafa Chamran,Fariborz Arabnia
2014,The Imitation Game,Alan Turing,Benedict Cumberbatch
2014,Desert Dancer,Afshin Ghaffarian,Reece Ritchie
2014,Lizzie Borden Took An Ax,Lizzie Borden,Christina Ricci
2014,House of Manson,Charles Manson,Ryan Kiser
2014,Love & Mercy,Brian Wilson,Paul Dano and John Cusack
2014,The Letters,Mother Teresa,Juliet Stevenson
2014,Não Pare na Pista,Paulo Coelho,Júlio Andrade
2014,The Unauthorized Saved by the Bell Story,Cast of Saved by the Bell,Various actors
2014,Tim Maia,Tim Maia,Robson Nunes and Babu Santana
2014,The Brittany Murphy Story,Brittany Murphy,Amanda Fuller
2014,Aaliyah: The Princess of R&B,Aaliyah,Alexandra Shipp
2014,Rang Rasiya,Raja Ravi Varma,Randeep Hooda
2014,The Tenor – Lirico Spinto,Bae Jae-chul,Yoo Ji-tae
2014,Pride,Mark Ashton,Ben Schnetzer
2015,10 Days in a Madhouse,Nellie Bly,Caroline Barry
2015,Bessie,Bessie Smith,Queen Latifah
2015,"Bloed, zweet & tranen",André Hazes,Martijn Fischer
2015,Born to Be Blue,Chet Baker,Ethan Hawke
2015,Catherine the Great,Catherine the Great,Yuliya Snigir (older)Christina Kucherenko (young)
2015,Chiamatemi Francesco,Pope Francis,Sergio Hernández (older)Rodrigo de la Serna (young)
2015,Cleveland Abduction,Michelle Knight,Taryn Manning
2015,Cleveland Abduction,Amanda Berry,Samantha Droke
2015,Cleveland Abduction,Gina DeJesus,Katie Sarife
2015,Cleveland Abduction,Ariel Castro,Raymond Cruz
2015,M. S. Dhoni: The Untold Story,M. S. Dhoni,Sushant Singh Rajput
2015,Bajirao Mastani,Baji Rao I,Ranveer Singh
2015,Bajirao Mastani,Mastani,Deepika Padukone
2015,Bajirao Mastani,Kashibai,Priyanka Chopra
2015,The End of the Tour,David Foster Wallace,Jason Segel
2015,The End of the Tour,David Lipsky,Jesse Eisenberg
2015,Whitney,Whitney Houston,Yaya DaCosta
2015,Anton Tchékhov 1890,Anton Chekhov,Nicolas Giraud
2015,Walt Before Mickey,Walt Disney,Thomas Ian Nicholas
2015,Straight Outta Compton,Eazy-E,Jason Mitchell
2015,Straight Outta Compton,Dr. Dre,Corey Hawkins
2015,Straight Outta Compton,Ice Cube,O'Shea Jackson Jr.
2015,Straight Outta Compton,DJ Yella,Neil Brown Jr.
2015,Straight Outta Compton,MC Ren,Aldis Hodge
2015,Experimenter,Stanley Milgram,Peter Sarsgaard
2015,Truth,Dan Rather,Robert Redford
2015,Truth,Mary Mapes,Cate Blanchett
2015,The Unauthorized Full House Story,Cast of Full House,Various actors
2015,The 33,Mario Sepúlveda,Antonio Banderas
2015,The 33,Jeff Hart,James Brolin
2015,The 33,Luis Urzúa,Lou Diamond Phillips
2015,The Gamechangers,Sam Houser,Daniel Radcliffe
2015,The Gamechangers,Jack Thompson,Bill Paxton
2015,Eisenstein in Guanajuato,Sergei Eisenstein,Elmer Bäck
2015,Pawn Sacrifice,Bobby Fischer,Tobey Macguire
2015,Kid Kulafu,Manny Pacquiao,Buboy Villar
2015,Kidnapping Freddy Heineken,Freddy Heineken,Anthony Hopkins
2015,Kidnapping Freddy Heineken,Willem Holleeder,Sam Worthington
2015,Kidnapping Freddy Heineken,Cor van Hout,Jim Sturgess
2015,Life,Dennis Stock,Robert Pattinson
2015,Life,James Dean,Dane DeHaan
2015,"McFarland, USA",James White,Kevin Costner
2015,The Program,Lance Armstrong,Ben Foster
2015,Ownerless Flower Uhwudong,Uhwudong,Kang Eun-bi
2015,Legend,Kray Twins,Tom Hardy
2015,"The Unauthorized Beverly Hills, 90210 Story","Cast of Beverly Hills, 90210",Various actors
2015,Heneral Luna,Antonio Luna,John Arcilla
2015,The Unauthorized Melrose Place Story,Cast of Melrose Place,Various actors
2015,Spotlight,Matt Carroll,Brian d'Arcy James
2015,Felix Manalo,Felix Ysagun Manalo,Dennis Trillo
2015,Trumbo,Dalton Trumbo,Bryan Cranston
2015,The People vs. Fritz Bauer,Fritz Bauer,Burghart Klaußner
2015,Freeheld,Laurel Hester,Julianne Moore
2015,Joy,Joy Mangano,"Jennifer Lawrence (older), Isabella Cramp (younger)"
2015,The Sound of a Flower,Shin Jae-hyo,Ryu Seung-ryong
2015,The Sound of a Flower,Jin Chae-seon,Bae Suzy
2015,Dolly Parton's Coat of Many Colors,Dolly Parton,Alyvia Alyn Lind
2015,Versailles,"Philippe I, Duke of Orléans",Alexander Vlahos
2016,13 Hours: The Secret Soldiers of Benghazi,Members of the Battle of Benghazi Defense Team,Various Actors
2016,Bole India Jai Bhim,L. N. Hardas,Vijay Gite
2016,Bole India Jai Bhim,B. R. Ambedkar,Shyam Bhimsaria
2016,Dongju: The Portrait of a Poet,Yun Dong-ju,Kang Ha-neul
2016,"Hail, Caesar!",Eddie Mannix,Josh Brolin
2016,Genius,Maxwell Perkins,Colin Firth
2016,Genius,Thomas Wolfe,Jude Law
2016,Genius,Aline Bernstein,Nicole Kidman
2016,Genius,Ernest Hemingway,Dominic West
2016,Genius,F. Scott Fitzgerald,Guy Pearce
2016,The People v. O. J. Simpson: American Crime Story,"O.J Simpson, Robert Kardashian, Rob Shapiro, Johnnie Cochran, Christopher Darden, Marcia Clark, Gil Garcetti, Lance Ito, F. Lee Bailey and William Hodgman","Cuba Gooding Jr, David Schwimmer, John Travolta, Courtney B. Vance, Sterling K. Brown, Sarah Paulson, Bruce Greenwood, Kenneth Choi, Nathan Lane and Christian Clemenson"
2016,Loving,Richard Loving,Joel Edgerton
2016,Loving,Mildred Loving,Ruth Negga
2016,Medici,Lorenzo de' Medici,Daniel Sharman
2016,Medici,Giuliano de' Medici,Bradley James
2016,Race,Jesse Owens,Stephan James
2016,El Inca,Edwin Valero,Alexander Leterni
2016,Ek Thi Marium,Marium Mukhtiar,Sanam Baloch
2016,Ramabai,Ramabai Ambedkar,Yagna Shetty
2016,Ramabai,B. R. Ambedkar,Siddaram Karnik
2016,"Surviving Compton: Dre, Suge & Michel'le",Michel'le,Rhyon Nicole Brown
2016,"Surviving Compton: Dre, Suge & Michel'le",Jerry Heller,Jamie Kennedy
2016,I'm Gilda,Gilda,Natalia Oreiro
2016,Toni Braxton: Unbreak My Heart,Toni Braxton,Lex Scott Davis
2016,Greater,Brandon Burlsworth,Christopher Severio
2016,All the Way,Lyndon B. Johnson,Bryan Cranston
2016,All the Way,Martin Luther King Jr.,Anthony Mackie
2016,Miles Ahead,Miles Davis,Don Cheadle
2016,I Saw the Light,Hank Williams,Tom Hiddleston
2016,Confirmation,Anita Hill,Kerry Washington
2016,Cézanne and I,Émile Zola,Guillaume Canet
2016,Cézanne and I,Paul Cézanne,Guillaume Gallienne
2016,I'm Not Ashamed,Rachel Scott,Masey McLain
2016,Red Dog: True Blue,Red Dog,Phoenix
2016,Pelé: Birth of a Legend,Pelé,Kevin de Paula
2016,Altamira,Marcelino Sanz de Sautuola,Antonio Banderas
2016,Miracles from Heaven,Christy Beam,Jennifer Garner
2016,Miracles from Heaven,Anna Beam,Kylie Rogers
2016,The Conjuring 2,Lorraine Warren,Vera Farmiga
2016,The Conjuring 2,Ed Warren,Patrick Wilson
2016,Egon Schiele: Death and the Maiden,Egon Schiele,Noah Saavedra
2016,Nina,Nina Simone,Zoe Saldana
2016,Chocolat,George Foottit,James Thiérrée
2016,The Legend of Ben Hall,Ben Hall,Jack Martin
2016,The Legend of Ben Hall,John Gilbert,Jamie Coffa
2016,The Legend of Ben Hall,John Dunn,William Lee
2016,Hands of Stone,Roberto Durán,Édgar Ramírez
2016,Hands of Stone,Ray Arcel,Robert De Niro
2016,USS Indianapolis: Men of Courage,Captain Charles B. McVay III,Nicolas Cage
2016,The Infiltrator,Robert Mazur,Bryan Cranston
2016,The Night Stalker,Richard Ramirez,Lou Diamond Phillips
2016,Masterminds,David Ghantt,Zach Galifianakis
2016,Xuanzang,Xuanzang,Huang Xiaoming
2016,War Dogs,Efraim Diveroli,Jonah Hill
2016,War Dogs,David Packouz,Miles Teller
2016,The Chronicles of Melanie,Melānija Vanaga,Sabine Timoteo
2016,The Odyssey,Jacques Cousteau,Lambert Wilson
2016,Birth of the Dragon,Wong Jack Man,Xia Yu
2016,Neruda,Pablo Neruda,Luis Gnecco
2016,Christine,Christine Chubbuck,Rebecca Hall
2016,Bleed for This,Vinny Pazienza,Miles Teller
2016,Nelly,Nelly Arcan,Mylène Mackay
2016,LBJ,Lyndon B. Johnson,Woody Harrelson
2016,Elvis & Nixon,Richard Nixon,Kevin Spacey
2016,Elvis & Nixon,Elvis Presley,Michael Shannon
2016,Riphagen,Dries Riphagen,Pieter Kuijpers
2016,The Birth of a Nation,Nat Turner,Nate Parker
2016,Mah e Mir,Mir Taqi Mir,Fahad Mustafa
2016,Brain on Fire,Susannah Cahalan,Chloë Grace Moretz
2016,Eddie the Eagle,"Eddie ""The Eagle"" Edwards",Taron Egerton
2016,Hidden Figures,Mary Jackson,Janelle Monáe
2016,Churchill,Winston Churchill,Brian Cox
2016,Chuck,Chuck Wepner,Liev Schreiber
2016,M.S. Dhoni: The Untold Story,Mahendra Singh Dhoni,Sushant Singh Rajput
2016,Eddie the Eagle,Michael Edwards,Taron Egerton
2016,Anna,Anna Hazare,Shashank Udapurkar
2016,Patriots Day,Commissioner Ed Davis,John Goodman
2016,Patriots Day,Sgt. Jeffrey Pugliese,J.K. Simmons
2016,Patriots Day,Boston Mayor Thomas Menino,Vincent Curatola
2016,Patriots Day,FBI Agent Richard DesLauriers,Kevin Bacon
2016,Patriots Day,Dzhokhar Tsarnaev,Alex Wolff
2016,Patriots Day,Tamerlan Tsarnaev,Themo Melikidze
2016,Donald Trump's The Art of the Deal: The Movie,Donald Trump,Johnny Depp
2016,Victoria,"Albert, Prince Consort",Tom Hughes
2016,Victoria,"Arthur Wellesley, 1st Duke of Wellington",Peter Bowles
2017,6 Below: Miracle on the Mountain,Eric LeMarque,Josh Hartnett
2017,The Current War,Thomas Edison,Benedict Cumberbatch
2017,The Current War,George Westinghouse,Michael Shannon
2017,The Current War,Nikola Tesla,Nicholas Hoult
2017,The Current War,Samuel Insull,Tom Holland
2017,The Imam,Ahmad ibn Hanbal,Mehyar Khaddour
2017,Most Hated Woman in America,Madalyn Murray O'Hair,Melissa Leo
2017,Jungle,Yossi Ghinsberg,Daniel Radcliffe
2017,My Name Is Lenny,Lenny McLean,Josh Helman
2017,Anarchist from Colony,Pak Yol,Lee Je-hoon
2017,Anarchist from Colony,Fumiko Kaneko,Choi Hee-seo
2017,The Wizard of Lies,Bernie Madoff,Robert De Niro
2017,Mariposa de Barrio,Jenni Rivera,Angélica Celaya
2017,Django,Django Reinhardt,Reda Kateb
2017,First They Killed My Father,Loung Ung,Sareum Srey Moch
2017,Bomb City,Brian Deneke,Dave Davis
2017,Love All You Have Left,Anne Frank,Sara Wolfkind
2017,Babs,Barbara Windsor,Jaime Winstone
2017,Loving Pablo,Pablo Escobar,Javier Bardem
2017,Loving Pablo,Virginia Vallejo,Penélope Cruz
2017,Rodin,Auguste Rodin,Vincent Lindon
2017,Rodin,Camille Claudel,Izïa Higelin
2017,Detroit,Melvin Dismukes,John Boyega
2017,Detroit,Larry Reed,Algee Smith
2017,Detroit,Fred Temple,Jacob Latimore
2017,Gotti,John Gotti,John Travolta
2017,Dating Game Killer,Rodney Alcala,Guillermo Díaz
2017,Gautamiputra Satakarni,Gautamiputra Satakarni,Nandamuri Balakrishna
2017,Roxanne Roxanne,Roxanne Shante,Chanté Adams
2017,England Is Mine,Morrissey,Jack Lowden
2017,England Is Mine,Linder Sterling,Jessica Brown Findlay
2017,England Is Mine,Johnny Marr,Laurie Kynaston
2017,All Eyez on Me,Tupac Shakur,"Demetrius Shipp, Jr."
2017,The Black Prince,Duleep Singh,Satinder Sartaaj
2017,The Black Prince,Queen Victoria,Amanda Root
2017,The New Edition Story,Ralph Tresvant,Algee Smith (older)Jahi Di'Allo Winston (young)
2017,The New Edition Story,Bobby Brown,Woody McClain (older)Tyler Marcel Williams (young)
2017,The New Edition Story,Ricky Bell,Elijah Kelley (older)Caleb McLaughlin (young)
2017,The New Edition Story,Michael Bivins,Bryshere Gray (older)Dante Hoagland (young)
2017,The New Edition Story,Ronnie DeVoe,Keith Powers (older)Myles Truitt (young)
2017,The New Edition Story,Johnny Gill,Luke James
2017,Megan Leavey,Megan Leavey,Kate Mara
2017,The Zookeeper's Wife,Antonina Żabińska,Jessica Chastain
2017,The Zookeeper's Wife,Jan Żabiński,Johan Heldenbergh
2017,The Zookeeper's Wife,Lutz Heck,Daniel Brühl
2017,Marshall,Thurgood Marshall,Chadwick Boseman
2017,Bobbi Kristina,Bobbi Kristina Brown,Joy Rovaris
2017,Mary Shelley,Mary Shelley,Elle Fanning
2017,Mary Shelley,Percy Bysshe Shelley,Douglas Booth
2017,El Chapo,"Joaquín ""El Chapo"" Guzmán",Marco de la O
2017,American Made,Barry Seal,Tom Cruise
2017,Crown Heights,Colin Warner,Lakeith Stanfield
2017,Crown Heights,Carl King,Nnamdi Asomugha
2017,All Saints,Michael Spurlock,John Corbett
2017,Stronger,Jeff Bauman,Jake Gyllenhaal
2017,Breathe,Robin Cavendish,Andrew Garfield
2017,Britney Ever After,Britney Spears,Natasha Bassett
2017,Woman Walks Ahead,Catherine Weldon,Jessica Chastain
2017,Woman Walks Ahead,Sitting Bull,Michael Greyeyes
2017,The Glass Castle,Jeannette Walls,Brie Larson
2017,Law & Order True Crime: The Menendez Murders,Leslie Abramson,Edie Falco
2017,Law & Order True Crime: The Menendez Murders,Erik Menendez,Gus Halper
2017,Law & Order True Crime: The Menendez Murders,Lyle Menendez,Miles Gaston Villanueva
2017,Billionaire Boys Club,Joe Hunt,Ansel Elgort
2017,No Show Jones,George Jones,Josh Brolin
2017,Papillon,Henri Charrière,Charlie Hunnam
2017,Papillon,Louis Dega,Rami Malek
2017,The Immortal Life of Henrietta Lacks,Henrietta Lacks,Renée Elise Goldsberry
2017,Porus,Porus,Laksh Lalwani
2017,Porus,Alexander the Great,Rohit Purohit
2017,All the Money in the World,Gail Harris,Michelle Williams
2017,Borg McEnroe,Björn Borg,Sverrir Gudnason
2017,Sachin: A Billion Dreams,Sachin Tendulkar,Sachin Tendulkar
2017,Michael Jackson: Searching for Neverland,Michael Jackson,Navi
2017,Professor Marston and the Wonder Women,William Moulton Marston,Luke Evans
2017,Professor Marston and the Wonder Women,Elizabeth Holloway Marston,Rebecca Hall
2017,Professor Marston and the Wonder Women,Olive Byrne,Bella Heathcote
2017,My Friend Dahmer,Jeffrey Dahmer,Ross Lynch
2017,My Friend Dahmer,"John ""Derf"" Backderf",Alex Wolff
2017,Goodbye Christopher Robin,A. A. Milne,Domhnall Gleeson
2017,Goodbye Christopher Robin,Christopher Robin Milne,Will Tilston (8 years old) and Alex Lawther (18 years old)
2017,"I, Tonya",Tonya Harding,Margot Robbie
2017,Genius,Albert Einstein,Geoffrey Rush
2017,Genius,Pablo Picasso,Antonio Banderas
2017,Genius,Aretha Franklin,Cynthia Erivo
The Man with the Iron Heart,Reinhard Heydrich,Jason Clarke,None
2018,Red Joan,Joan Elizabeth Stanley,"Judi Dench, Sophie Cookson (young)"
2018,Red Joan,Clement Attlee,Robin Soans
2018,Outlaw King,"James Douglas, Lord of Douglas",Aaron Taylor-Johnson
2018,Outlaw King,Aonghus Óg of Islay,Tony Curran
2018,Bal Bhimrao,B. R. Ambedkar,Manish Kamble
2018,The Assassination of Gianni Versace: American Crime Story,"Andrew Cunanan, Gianni Versace, Antonio D'Amico and Donatella Versace","Darren Criss, Édgar Ramírez, Ricky Martin and Penélope Cruz"
2018,The Drug King,Lee Doo-sam,Song Kang-ho
2018,Can You Ever Forgive Me?,Lee Israel,Melissa McCarthy
2018,A Private War,Marie Colvin,Rosamund Pike
2018,Cocaine Godmother,Griselda Blanco,Catherine Zeta-Jones (older)Isabella Sierra (young)
2018,A Futile and Stupid Gesture,Douglas Kenney,Will Forte
2018,Lizzie,Lizzie Borden,Chloë Sevigny
2018,Becoming Astrid,Astrid Lindgren,Alba August
2018,Traffic Ramasamy,Traffic Ramaswamy,S.A. Chandrasekhar
2018,3 Days in Quiberon,Romy Schneider,Marie Bäumer
2018,Beautiful Boy,David Sheff,Steve Carell
2018,Beautiful Boy,Nic Sheff,Timothée Chalamet
2018,Dovlatov,Sergei Dovlatov,Milan Marić
2018,Hurricane,Jan Zumbach,Iwan Rheon
2018,Hurricane,John A. Kent,Milo Gibson
2018,The Old Man & the Gun,Forrest Tucker,Robert Redford
2018,The Front Runner,Gary Hart,Hugh Jackman
2018,Mary Queen of Scots,"Mary, Queen of Scots",Saoirse Ronan
2018,Charlie Says,Patricia Krenwinkel,Sosie Bacon
2018,Charlie Says,Susan Atkins,Marianne Rendón
2018,Patriot of the Web,Aaron Swartz,Shawn McClintock
2018,Leto,Viktor Tsoi,Teo Yoo
2018,Leto,Mike Naumenko,Roman Bilyk
2018,Skin,Bryon Widner,Jamie Bell (older)Tyler Williamson (young)
2018,The Favourite,"Anne, Queen of Great Britain",Olivia Colman
2018,The Favourite,"Abigail Masham, Baroness Masham",Emma Stone
2018,The Favourite,"Sarah Churchill, Duchess of Marlborough",Rachel Weisz
2018,A Tale of Two Coreys,Corey Feldman,Elijah Marcano (teen)Scott Bosely (adult)
2018,A Tale of Two Coreys,Corey Haim,Justin Ellings (teen)Casey Leach (adult)
2018,The Bobby Brown Story,Bobby Brown,Woody McClain (older)Tyler Marcel Williams (young)
2018,The Bobby Brown Story,Whitney Houston,Gabrielle Dennis
2018,Unsolved,"Christopher ""The Notorious B.I.G."" Wallace, Tupac ""2Pac"" Shakur, Detective Greg Kading and Detective Russell Poole","Wavyy Jonez, Marcc Rose, Josh Duhamel and Jimmi Simpson"
2018,Unbroken: Path to Redemption,Louis Zamperini,Samuel Hunt
2018,In Like Flynn,Errol Flynn,Thomas Cocquerel
2018,Goyo: Ang Batang Heneral,Gregorio del Pilar,Paulo Avelino
2018,White Boy Rick,Richard Wershe Jr.,Richie Merritt
2018,Colette,Colette,Keira Knightley
2018,The 15:17 to Paris,Spencer Stone,Spencer Stone
2018,The 15:17 to Paris,Anthony Sadler,Anthony Sadler
2018,The 15:17 to Paris,Alek Skarlatos,Alek Skarlatos
2018,Luis Miguel: The Series,Luis Miguel,Diego Boneta (older)Luis de la Rosa (teen)Izan Llunas (young)
2018,City of Lies,"Darius ""Jack"" Jackson",Forest Whitaker
2018,Vice,Dick Cheney,Christian Bale
2018,The Mule,Earl Stone,Clint Eastwood
2018,27 Guns,Yoweri Museveni,Arnold Mubangizi
2018,"Don't Worry, He Won't Get Far on Foot",John Callahan,Joaquin Phoenix
2018,I Can Only Imagine,Bart Millard,J. Michael Finley (older)Brody Rose (young)
2018,Stan & Ollie,Stan Laurel,Steve Coogan
2018,Stan & Ollie,Oliver Hardy,John C. Reilly
2018,All Is True,William Shakespeare,Kenneth Branagh
2018,All Is True,Anne Hathaway,Judi Dench
2018,All Is True,Henry Wriothesley,Ian McKellen
2019,Wu-Tang: An American Saga,RZA,Ashton Sanders
2019,Wu-Tang: An American Saga,Raekwon,Shameik Moore
2019,The Irishman,Frank Sheeran,Robert De Niro
2019,The Irishman,Jimmy Hoffa,Al Pacino
2019,The Irishman,Russell Bufalino,Joe Pesci
2019,Ip Man 4: The Finale,Ip Man,Donnie Yen
2019,"Extremely Wicked, Shockingly Evil and Vile",Ted Bundy,Zac Efron
2019,"Extremely Wicked, Shockingly Evil and Vile",Liz Kloepfer,Lily Collins
2019,The Laundromat,Jürgen Mossack,Gary Oldman
2019,The Laundromat,Ramón Fonseca Mora,Antonio Banderas
2019,The Traitor,Tommaso Buscetta,Pierfrancesco Favino
2019,Fighting with My Family,"Saraya ""Paige"" Bevis",Florence Pugh
2019,72 Hours: Martyr Who Never Died,Jaswant Singh Rawat,Avinash Dhyani
2019,The Accidental Prime Minister,Manmohan Singh,Anupam Kher
2019,The Accidental Prime Minister,Sanjaya Baru,Akshaye Khanna
2019,Fisherman's Friends,Members of Fisherman's Friends,Various Actors
2019,The Golden Glove,Fritz Honka,Jonas Dassler
2019,The Aeronauts,James Glaisher,Eddie Redmayne
2019,The Highwaymen,Frank Hamer,Kevin Costner
2019,The Highwaymen,Maney Gault,Woody Harrelson
2019,The Best of Enemies,Ann Atwater,Taraji P. Henson
2019,The Best of Enemies,C. P. Ellis,Sam Rockwell
2019,Breakthrough,Joyce Smith,Chrissy Metz
2019,Breakthrough,Brian Smith,Josh Lucas
2019,Judy,Judy Garland,Renée Zellweger (older)Darci Shaw (young)
2019,Kesari,Havildar Ishar Singh,Akshay Kumar
2019,The Dirt,Nikki Sixx,Douglas Booth
2019,The Dirt,Mick Mars,Iwan Rheon
2019,The Dirt,Tommy Lee,Colson Baker
2019,The Dirt,Vince Neil,Daniel Webber
2019,Walk Ride Rodeo,Amberley Snyder,Spencer Locke
2019,The Bobby DeBarge Story,Bobby DeBarge,Roshon Fegan
2019,The Kid,Billy the Kid,Dane DeHaan
2019,Kingdom,Li Xin,Kento Yamazaki
2019,Kingdom,Ying Zheng,Ryo Yoshizawa
2019,Kingdom,He Liao Diao,Kanna Hashimoto
2019,Manikarnika: The Queen of Jhansi,Rani of Jhansi,Kangana Ranaut
2019,Son of Kashmir: Burhan,Burhan Wani,(voice)
2019,The Silent Natural,"William ""Dummy"" Hoy",Miles Barbee
2019,Midway,Rear Admiral Raymond A. Spruance,Jake Weber
2019,Mr. Jones,Gareth Jones,James Norton
2019,Richard Jewell,Richard Jewell,Paul Walter Hauser
2019,A Girl from Mogadishu,Ifrah Ahmed,Aja Naomi King
2019,Dolemite Is My Name,Rudy Ray Moore,Eddie Murphy
2019,Official Secrets,Katharine Gun,Keira Knightley
2019,Sister Aimee,Aimee Semple McPherson,Anna Margaret Hollyman
2019,Effigy: Poison and the City,Gesche Gottfried,Suzan Anbeh
2019,Union of Salvation,Sergey Muravyov-Apostol,Leonid Bichevin
2019,A Call to Spy,Virginia Hall,Sarah Megan Thomas
2019,A Call to Spy,Vera Atkins,Stana Katic
2019,A Call to Spy,Noor Inayat Khan,Radhika Apte
2019,I Am Somebody's Child: The Regina Louise Story,Regina Louise,Angela Fairley
2019,I Am Somebody's Child: The Regina Louise Story,Jeanne Kerr,Ginnifer Goodwin
2019,Just Mercy,Bryan Stevenson,Michael B. Jordan
2019,Just Mercy,Walter McMillian,Jamie Foxx
2019,The Report,Daniel J. Jones,Adam Driver
2019,American Soul,Don Cornelius,Sinqua Walls
2019,Apache: The Life of Carlos Tevez,Carlos Tevez,Balthazar Murillo
2019,The Sholay Girl,Reshma Pathan,Bidita Bag (older)Spandan Chaturvedi (young)
2019,Chernobyl,Boris Shcherbina,Stellan Skarsgård
2019,The Boy Who Harnessed the Wind,William Kamkwamba,Maxwell Simba
2019,When They See Us,Kevin Richardson,Asante Blackk (young)Justin Cunningham (adult)
2019,When They See Us,Antron McCray,Caleel Harris (young)Jovan Adepo (adult)
2019,When They See Us,Yusef Salaam,Ethan Herisse (young)Chris Chalk (adult)
2019,When They See Us,Raymond Santana Jr.,Marquis Rodriguez (young)Freddy Miyares (adult)
2019,When They See Us,Korey Wise,Jharrel Jerome
2019,The Act,"Dee Dee Blanchard, Gypsy Blanchard and Nick Godejohn","Patricia Arquette, Joey King and Calum Worthy"
2019,Patsy & Loretta,Patsy Cline,Megan Hilty
2019,Patsy & Loretta,Loretta Lynn,Jessie Mueller
2019,Fosse/Verdon,Bob Fosse,Sam Rockwell
2019,Fosse/Verdon,Gwen Verdon,Michelle Williams
2019,Fosse/Verdon,Ann Reinking,Margaret Qualley
2019,Fosse/Verdon,Paddy Chayefsky,Norbert Leo Butz
2019,N.T.R: Kathanayakudu,N. T. Rama Rao,Nandamuri Balakrishna
2019,N.T.R: Mahanayakudu,N. T. Rama Rao,Nandamuri Balakrishna
2019,Yatra,Y. S. Rajasekhara Reddy,Mammootty
2019,Lakshmi's NTR,N. T. Rama Rao,P Vijay Kumar
2019,Lakshmi's NTR,Lakshmi Parvathi,Yagna Shetty
2019,Mallesham,Chintakindi Mallesham,Priyadarshi Pulikonda
2019,Sye Raa Narasimha Reddy,Uyyalawada Narasimha Reddy,Chiranjeevi
2019,Radioactive,Marie Curie,Rosamund Pike
2019,Togo,Leonhard Seppala,Willem Dafoe
2019,Togo,Togo,Diesel
2019,George Reddy,George Reddy,Sandeep Madhav
2019,Bombshell,Megyn Kelly,Charlize Theron
2019,Bombshell,Gretchen Carlson,Nicole Kidman
2019,A Beautiful Day in the Neighborhood,Lloyd Vogel,Matthew Rhys
2019,The King,Henry V of England,Timothée Chalamet
2019,The King,"Louis, Duke of Guyenne",Robert Pattinson
2019,Harriet,Harriet Tubman,Cynthia Erivo
2019,Harriet,William Still,Leslie Odom Jr.
2019,A Hidden Life,Franz Jägerstätter,August Diehl
2019,Seberg,Hakim Jamal,Anthony Mackie
2019,True History of the Kelly Gang,Harry Power,Russell Crowe
2019,Dickinson,Emily Dickinson,Hailee Steinfeld
2019,Dickinson,Edward Dickinson,Toby Huss
2019,Dickinson,Emily Norcross Dickinson,Jane Krakowski
2019,Dickinson,William Austin Dickinson,Adrian Enscoe
2019,Dickinson,Lavinia Norcross Dickinson,Anna Baryshnikov
2019,Dickinson,Susan Huntington Gilbert Dickinson,Ella Hunt
