0,1,2,3,4,5
 Tyrrell Racing Organisation,001,Ford Cosworth DFV 3.0 V8,D, Jackie Stewart,11–13
 Tyrrell Racing Organisation,701,Ford Cosworth DFV 3.0 V8,D, Jackie Stewart,1–10
 Tyrrell Racing Organisation,701, Johnny Servoz-Gavin,1–3,Ford Cosworth DFV 3.0 V8,D
 Tyrrell Racing Organisation,701, François Cevert,5–13,Ford Cosworth DFV 3.0 V8,D
 Equipe Matra Elf,MS120,Matra MS12 3.0 V12,G, Jean-Pierre Beltoise,All
 Equipe Matra Elf,MS120,Matra MS12 3.0 V12,G, Henri Pescarolo,All
 Bruce McLaren Motor Racing,M14A,Ford Cosworth DFV 3.0 V8,G, Bruce McLaren,1–3
 Bruce McLaren Motor Racing,M14A,Ford Cosworth DFV 3.0 V8,G, Denny Hulme,"1–3, 6–13"
 Bruce McLaren Motor Racing,M14A,Ford Cosworth DFV 3.0 V8,G, Peter Gethin,"5, 8–13"
 Bruce McLaren Motor Racing,M14A,Ford Cosworth DFV 3.0 V8,G, Dan Gurney,5–7
 Bruce McLaren Motor Racing,M7DM14D,Alfa Romeo T33 3.0 V8,G, Andrea de Adamich,"2–3, 5–12"
 Bruce McLaren Motor Racing,M7DM14D,Alfa Romeo T33 3.0 V8, Nanni Galli,10,G
 Team Surtees,M7C,Ford Cosworth DFV 3.0 V8,F, John Surtees,"1–3, 5"
 Team Surtees,TS7,Ford Cosworth DFV 3.0 V8,F, John Surtees,7–13
 Team Surtees,TS7, Derek Bell,12,Ford Cosworth DFV 3.0 V8,F
 STP Corporation,701,Ford Cosworth DFV 3.0 V8,F, Mario Andretti,"1–2, 7–9"
 Gold Leaf Team Lotus Garvey Team Lotus World Wide Racing,49C72B72C,Ford Cosworth DFV 3.0 V8,F, Jochen Rindt,1–10
 Gold Leaf Team Lotus Garvey Team Lotus World Wide Racing,49C72B72C,Ford Cosworth DFV 3.0 V8,F, John Miles,1–10
 Gold Leaf Team Lotus Garvey Team Lotus World Wide Racing,49C72B72C,Ford Cosworth DFV 3.0 V8,F, Alex Soler-Roig,"2, 4, 6"
 Gold Leaf Team Lotus Garvey Team Lotus World Wide Racing,49C72B72C,Ford Cosworth DFV 3.0 V8,F, Emerson Fittipaldi,"7–10, 12–13"
 Gold Leaf Team Lotus Garvey Team Lotus World Wide Racing,49C72B72C,Ford Cosworth DFV 3.0 V8,F, Reine Wisell,12–13
 Rob Walker Racing Team Brooke Bond Oxo Racing – Rob Walker,49C72C,Ford Cosworth DFV 3.0 V8,F, Graham Hill,"1–8, 10–13"
 Motor Racing Developments Ltd Auto Motor und Sport,BT33,Ford Cosworth DFV 3.0 V8,G, Jack Brabham,All
 Motor Racing Developments Ltd Auto Motor und Sport,BT33,Ford Cosworth DFV 3.0 V8,G, Rolf Stommelen,All
 March Engineering,701,Ford Cosworth DFV 3.0 V8,F, Chris Amon,All
 March Engineering,701,Ford Cosworth DFV 3.0 V8,F, Jo Siffert,All
 Scuderia Ferrari SpA SEFAC,312B,Ferrari 001 3.0 F12,F, Jacky Ickx,All
 Scuderia Ferrari SpA SEFAC,312B,Ferrari 001 3.0 F12,F, Ignazio Giunti,"4, 6, 9–10"
 Scuderia Ferrari SpA SEFAC,312B,Ferrari 001 3.0 F12,F, Clay Regazzoni,"5, 7–13"
 Frank Williams Racing Cars,505/38,Ford Cosworth DFV 3.0 V8,D, Piers Courage,1–5
 Frank Williams Racing Cars,505/38,Ford Cosworth DFV 3.0 V8,D, Brian Redman,7–8
 Frank Williams Racing Cars,505/38,Ford Cosworth DFV 3.0 V8,D, Tim Schenken,9–12
 Team Gunston,49,Ford Cosworth DFV 3.0 V8,D, John Love,1
 Team Gunston,BT26A,Ford Cosworth DFV 3.0 V8,G, Peter de Klerk,1
 Scuderia Scribante,49C,Ford Cosworth DFV 3.0 V8,F, Dave Charlton,1
 Antique Automobiles Racing Team Colin Crabbe Racing,701,Ford Cosworth DFV 3.0 V8,G, Ronnie Peterson,"3–8, 10–12"
 Tom Wheatcroft Racing,BT26A,Ford Cosworth DFV 3.0 V8,G, Derek Bell,4
 Silvio Moser Racing Team,F1 70,Ford Cosworth DFV 3.0 V8,G, Silvio Moser,"5–6, 8–10"
 Pete Lovely Volkswagen Inc.,49B,Ford Cosworth DFV 3.0 V8,F, Pete Lovely,"5–7, 12"
 Hubert Hahne,701,Ford Cosworth DFV 3.0 V8,F, Hubert Hahne,8
 Ecurie Bonnier,M7C,Ford Cosworth DFV 3.0 V8,G, Jo Bonnier,"10, 12"
 Gus Hutchison,BT26A,Ford Cosworth DFV 3.0 V8,G, Gus Hutchison,12
