0,1,2,3,4,5
Fredric March,BAFTA Awards,1952,Best Foreign Actor,Death of a Salesman,Nominated
Fredric March,BAFTA Awards,1955,Best Foreign Actor,Executive Suite,Nominated
Fredric March,BAFTA Awards,1961,Best Foreign Actor,Inherit the Wind,Nominated
Fredric March,Golden Globe Awards,1952,Best Actor – Motion Picture Drama,Death of a Salesman,Won
Fredric March,Golden Globe Awards,1960,Best Actor – Motion Picture Drama,Middle of the Night,Nominated
Fredric March,Golden Globe Awards,1965,Best Actor – Motion Picture Drama,Seven Days in May,Nominated
Fredric March,Primetime Emmy Awards,1955,Best Single Performance by an Actor,"The Best of Broadway (for episode ""The Royal Family"")",Nominated
Fredric March,Primetime Emmy Awards,1955,Best Single Performance by an Actor,"Shower of Stars (for episode ""A Christmas Carol"")",Nominated
Fredric March,Primetime Emmy Awards,1957,Best Single Performance by an Actor,"Producers' Showcase (for episode ""Dodsworth"")",Nominated
Fredric March,Tony Awards,1947,Best Actor in a Play,Years Ago,Won
Fredric March,Tony Awards,1957,Best Actor in a Play,Long Day's Journey into Night,Won
Fredric March,Tony Awards,1962,Best Actor in a Play,Gideon,Nominated
Fredric March,Venice Film Festival Awards,1932,Best Actor,Dr. Jekyll and Mr. Hyde,Won
Fredric March,Venice Film Festival Awards,1952,Volpi Cup for Best Actor,Death of a Salesman,Won
Fredric March,Venice Film Festival Awards,1954,Special Jury Prize for Ensemble Acting,Executive Suite,Won (shared with the principal cast)
Fredric March,Berlin Film Festival Awards,1960, Silver Bear for Best Actor,Inherit the Wind,Won
Fredric March,David di Donatello Awards,1964,Best Foreign Actor,Seven Days in May,Won
Fredric March,New York Film Critics Circle Awards,1946,Best Actor,The Best Years of Our Lives,Nominated
Fredric March,Laurel Awards,1967,Top Male Supporting Performance,Hombre,Nominated
