0,1,2,3,4,5,6,7
1, Wales,"London, England",Twickenham Stadium,1998 Five Nations Championship,21 February 1998,Win,60 – 26
2, Netherlands,"Huddersfield, England",Galpharm Stadium,1999 Rugby World Cup – European qualification,14 November 1998,Win,110 – 0
3, Italy,"Huddersfield, England",Galpharm Stadium,1999 Rugby World Cup – European qualification,22 November 1998,Win,23 – 15
4, Canada,"London, England",Twickenham Stadium,1999 Canada rugby union tour of Great Britain,28 August 1999,Win,36 – 11
5, Canada,"London, England",Twickenham Stadium,1999 Canada rugby union tour of Great Britain,28 August 1999,Win,36 – 11
8, South Africa,"London, England",Twickenham Stadium,2000 end-of-year rugby union internationals,2 December 2000,Win,25 – 17
9, Wales,"Cardiff, Wales",Millennium Stadium,2001 Six Nations Championship,3 February 2001,Win,15 – 44
10, Wales,"Cardiff, Wales",Millennium Stadium,2001 Six Nations Championship,3 February 2001,Win,15 – 44
11, Wales,"Cardiff, Wales",Millennium Stadium,2001 Six Nations Championship,3 February 2001,Win,15 – 44
12, Italy,"London, England",Twickenham Stadium,2001 Six Nations Championship,17 February 2001,Win,80 – 23
13, Scotland,"London, England",Twickenham Stadium,2001 Six Nations Championship,3 March 2001,Win,43 – 3
14, France,"London, England",Twickenham Stadium,2001 Six Nations Championship,7 April 2001,Win,48 – 19
15, Ireland,"London, England",Twickenham Stadium,2002 Six Nations Championship,16 February 2002,Win,45 – 11
16, Ireland,"London, England",Twickenham Stadium,2002 Six Nations Championship,16 February 2002,Win,45 – 11
17, Wales,"London, England",Twickenham Stadium,2002 Six Nations Championship,23 March 2002,Win,50 – 10
18, Italy,"Rome, Italy",Stadio Flaminio,2002 Six Nations Championship,7 April 2002,Win,9 – 45
19, Italy,"Rome, Italy",Stadio Flaminio,2002 Six Nations Championship,7 April 2002,Win,9 – 45
20, South Africa,"London, England",Twickenham Stadium,2002 end-of-year rugby union internationals,23 November 2002,Win,53 – 3
21, South Africa,"London, England",Twickenham Stadium,2002 end-of-year rugby union internationals,23 November 2002,Win,53 – 3
22, Wales,"Cardiff, Wales",Millennium Stadium,2003 Six Nations Championship,22 February 2003,Win,9 – 26
23, Ireland,"Dublin, Ireland",Lansdowne Road,2003 Six Nations Championship,30 March 2003,Win,6 – 42
24, Ireland,"Dublin, Ireland",Lansdowne Road,2003 Six Nations Championship,30 March 2003,Win,6 – 42
25, Australia,"Melbourne, Australia",Docklands Stadium,2003 England rugby union tour of Australasia,21 June 2003,Win,14 – 25
31, Canada,"London, England",Twickenham Stadium,2004 end-of-year rugby union internationals,13 November 2004,Win,70 – 0
