0,1,2,3,4
Diepholz - Nienburg I,1949,Rudolf Eickhoff,DP,34.2
Diepholz - Nienburg I,1953,Rudolf Eickhoff,DP,26.7
Diepholz - Nienburg I,1957,Karl Gossel,CDU,30.5
Diepholz - Nienburg I,1961,Karl Gossel,CDU,35.4
Diepholz - Nienburg I,1965,Günter von Nordenskjöld,CDU,45.1
Diepholz - Nienburg I,1969,Günter von Nordenskjöld,CDU,46.4
Diepholz - Nienburg I,1972,Richard Ey,CDU,45.5
Diepholz - Nienburg I,1976,Richard Ey,CDU,49.2
Diepholz - Nienburg I,1980,Peter Würtz,SPD,46.0
Diepholz - Nienburg I,1983,Walter Link,CDU,50.1
Diepholz - Nienburg I,1987,Walter Link,CDU,44.3
Diepholz - Nienburg I,1990,Walter Link,CDU,46.3
Diepholz - Nienburg I,1994,Walter Link,CDU,44.3
Diepholz - Nienburg I,1998,Detlev von Larcher,SPD,48.4
Diepholz - Nienburg I,2002,Rolf Kramer,SPD,48.3
Diepholz - Nienburg I,2005,Rolf Kramer,SPD,45.7
