0,1,2,3,4
Age of Innocence (1993 film),British Academy Film Awards,Best Actress in a Supporting Role,Miriam Margolyes,Won
Age of Innocence (1993 film),British Academy Film Awards,Best Actress in a Supporting Role,Winona Ryder,Nominated
Age of Innocence (1993 film),British Academy Film Awards,Best Cinematography,Michael Ballhaus,Nominated
Age of Innocence (1993 film),British Academy Film Awards,Best Production Design,Dante Ferretti,Nominated
Age of Innocence (1993 film),Directors Guild of America Awards,Outstanding Directorial Achievement in Motion Pictures,Martin Scorsese,Nominated
Age of Innocence (1993 film),Golden Globe Awards,Best Motion Picture – Drama,,Nominated
Age of Innocence (1993 film),Golden Globe Awards,Best Director – Motion Picture,Martin Scorsese,Nominated
Age of Innocence (1993 film),Golden Globe Awards,Best Actress – Motion Picture Drama,Michelle Pfeiffer,Nominated
Age of Innocence (1993 film),Golden Globe Awards,Best Supporting Actress – Motion Picture,Winona Ryder,Won
Age of Innocence (1993 film),Grammy Awards,Grammy Award for Best Instrumental Composition Written for a Motion Picture or Television,Elmer Bernstein,Nominated
Age of Innocence (1993 film),National Board of Review,Best Director,Martin Scorsese,Won
Age of Innocence (1993 film),National Board of Review,Best Supporting Actress,Winona Ryder,Won
Age of Innocence (1993 film),Southeastern Film Critics Association,Southeastern Film Critics Association Award for Best Supporting Actress,Winona Ryder,Won
Age of Innocence (1993 film),Venice Film Festival,Elvira Notari Prize,Martin Scorsese and Michelle Pfeiffer,Won
