0,1,2,3,4
Roz russell,1934,Evelyn Prentice,Mrs. Nancy Harrison,
Roz russell,1934,The President Vanishes,Sally Voorman,
Roz russell,1934,Forsaking All Others,Eleanor,
Roz russell,1935,The Night Is Young,Countess Zarika Rafay,
Roz russell,1935,The Casino Murder Case,Doris,
Roz russell,1935,West Point of the Air,Dare Marshall,
Roz russell,1935,Reckless,Jo,
Roz russell,1935,China Seas,Sybil Barclay,
Roz russell,1935,Rendezvous,Joel Carter,
Roz russell,1936,It Had to Happen,Beatrice Newnes,
Roz russell,1936,Under Two Flags,Lady Venetia Cunningham,
Roz russell,1936,Trouble for Two,Miss Vandeleur,
Roz russell,1936,Craig's Wife,Harriet Craig,
Roz russell,1937,Night Must Fall,Olivia Grayne,
Roz russell,1937,"Live, Love and Learn",Julie Stoddard,
Roz russell,1938,Man-Proof,Elizabeth Kent,
Roz russell,1938,Four's a Crowd,Jean Christy,
Roz russell,1938,The Citadel,Christine Barlow,
Roz russell,1939,Fast and Loose,Garda Sloane,
Roz russell,1939,The Women,Sylvia Fowler,
Roz russell,1940,His Girl Friday,Hildy Johnson,
Roz russell,1940,Hired Wife,Kendal Browning,
Roz russell,1940,No Time for Comedy,Linda Esterbrook,
Roz russell,1940,This Thing Called Love,Ann Winters,
Roz russell,1941,They Met in Bombay,Anya Von Duren,
Roz russell,1941,The Feminine Touch,Julie Hathaway,
Roz russell,1941,Design for Scandal,Judge Cornelia C. Porter,
Roz russell,1942,"Take a Letter, Darling",A.M. MacGregor,
Roz russell,1943,Flight for Freedom,Tonie Carter,
Roz russell,1943,What a Woman!,Carol Ainsley,
Roz russell,1945,Roughly Speaking,Louise Randall Pierson,
Roz russell,1945,She Wouldn't Say Yes,Dr. Susan A. Lane,
Roz russell,1947,The Guilt of Janet Ames,Janet Ames,
Roz russell,1948,The Velvet Touch,Valerie Stanton,
Roz russell,1949,Tell It to the Judge,Marsha Meredith,
Roz russell,1950,A Woman of Distinction,Susan Manning Middlecott,
Roz russell,1953,Never Wave at a WAC,Jo McBain,
Roz russell,1955,The Girl Rush,Kim Halliday,
Roz russell,1955,Picnic,Miss Rosemary Sydney,
Roz russell,1961,A Majority of One,Mrs. Bertha Jacoby,Golden Globe Award for Best Actress - Motion Picture Musical or Comedy
Roz russell,1962,Five Finger Exercise,Louise Harington,
Roz russell,1962,Gypsy,Rose Hovick,Golden Globe Award for Best Actress - Motion Picture Musical or ComedyLaurel Award for Top Female Musical Performance (5th place)
Roz russell,1966,The Trouble with Angels,Mother Superior,Laurel Award for Top Female Comedy Performance (4th place)
Roz russell,1967,"Oh Dad, Poor Dad, Mamma's Hung You in the Closet and I'm Feelin' So Sad",Madame Rosepettle,
Roz russell,1967,Rosie!,Rosie Lord,
Roz russell,1968,"Where Angels Go, Trouble Follows",Mother Superior,
Roz russell,1971,Mrs. Pollifax-Spy,Mrs. Emily Pollifax,"Also screenwriter, credited as ""C. A. McKnight""Last film role"
