0,1,2,3,4,5,6
Fälldin III Cabinet,Prime Minister,Thorbjörn Fälldin,22 May 1981,8 October 1982, ,Centre
Fälldin III Cabinet,Deputy Prime Minister,Ola Ullsten,22 May 1981,8 October 1982, ,Liberals
Fälldin III Cabinet,Minister of Economics/Budget,Rolf Wirtén,22 May 1981,8 October 1982, ,Liberals
Fälldin III Cabinet,Minister for Education,Jan-Erik Wikström,22 May 1981,8 October 1982, ,Liberals
Fälldin III Cabinet,Minister for Health and Social Affairs,Karin Söder,22 May 1981,8 October 1982, ,Centre
Fälldin III Cabinet,Minister for Employment,Ingemar Eliasson,22 May 1981,8 October 1982, ,Liberals
Fälldin III Cabinet,Minister for Agriculture,Anders Dahlgren,22 May 1981,4 October 1982, ,Centre
Fälldin III Cabinet,Minister for Agriculture,Olof Johansson,4 October 1982,8 October 1982, ,Centre
Fälldin III Cabinet,Minister for Physical Planning and Local Government,Karl Boo,22 May 1981,8 October 1982, ,Centre
Fälldin III Cabinet,Minister for Enterprise,Nils G. Åsling,22 May 1981,8 October 1982, ,Centre
Fälldin III Cabinet,Minister of Commerce and Industry,Björn Molin,22 May 1981,8 October 1982, ,Liberals
Fälldin III Cabinet,Health Care,Karin Ahrland,22 May 1981,8 October 1982, ,Liberals
Fälldin III Cabinet,Staff,Olof Johansson,22 May 1981,8 October 1982, ,Centre
Fälldin III Cabinet,School,Ulla Tillander,22 May 1981,8 October 1982, ,Centre
Fälldin III Cabinet,Migration and Equality,Karin Andersson,22 May 1981,8 October 1982, ,Centre
