0,1,2,3
Directors Guild of America Award for Outstanding Directing – Feature Film,1950(3rd),John Huston,The Asphalt Jungle
Directors Guild of America Award for Outstanding Directing – Feature Film,1950(3rd),Vincente Minnelli,Father's Little Dividend
Directors Guild of America Award for Outstanding Directing – Feature Film,1950(3rd),Billy Wilder,Sunset Boulevard
Directors Guild of America Award for Outstanding Directing – Feature Film,1951(4th),László Benedek,Death of a Salesman
Directors Guild of America Award for Outstanding Directing – Feature Film,1951(4th),Michael Gordon,Cyrano de Bergerac
Directors Guild of America Award for Outstanding Directing – Feature Film,1951(4th),Alfred Hitchcock,Strangers on a Train
Directors Guild of America Award for Outstanding Directing – Feature Film,1951(4th),Elia Kazan,A Streetcar Named Desire
Directors Guild of America Award for Outstanding Directing – Feature Film,1951(4th),Henry King,David and Bathsheba
Directors Guild of America Award for Outstanding Directing – Feature Film,1951(4th),Mervyn LeRoy,Quo Vadis
Directors Guild of America Award for Outstanding Directing – Feature Film,1951(4th),Anatole Litvak,Decision Before Dawn
Directors Guild of America Award for Outstanding Directing – Feature Film,1951(4th),Vincente Minnelli,An American in Paris
Directors Guild of America Award for Outstanding Directing – Feature Film,1951(4th),George Sidney,Show Boat
Directors Guild of America Award for Outstanding Directing – Feature Film,1951(4th),Richard Thorpe,The Great Caruso
Directors Guild of America Award for Outstanding Directing – Feature Film,1951(4th),William Wyler,Detective Story
Directors Guild of America Award for Outstanding Directing – Feature Film,1952(5th),Charles Crichton,The Lavender Hill Mob
Directors Guild of America Award for Outstanding Directing – Feature Film,1952(5th),George Cukor,Pat and Mike
Directors Guild of America Award for Outstanding Directing – Feature Film,1952(5th),Michael Curtiz,I'll See You in My Dreams
Directors Guild of America Award for Outstanding Directing – Feature Film,1952(5th),Cecil B. DeMille,The Greatest Show on Earth
Directors Guild of America Award for Outstanding Directing – Feature Film,1952(5th),Hugo Fregonese,My Six Convicts
Directors Guild of America Award for Outstanding Directing – Feature Film,1952(5th),Howard Hawks,The Big Sky
Directors Guild of America Award for Outstanding Directing – Feature Film,1952(5th),Elia Kazan,Viva Zapata!
Directors Guild of America Award for Outstanding Directing – Feature Film,1952(5th),Gene Kelly and Stanley Donen,Singin' in the Rain
Directors Guild of America Award for Outstanding Directing – Feature Film,1952(5th),Henry King,The Snows of Kilimanjaro
Directors Guild of America Award for Outstanding Directing – Feature Film,1952(5th),Akira Kurosawa,Rashomon
Directors Guild of America Award for Outstanding Directing – Feature Film,1952(5th),Albert Lewin,Pandora and the Flying Dutchman
Directors Guild of America Award for Outstanding Directing – Feature Film,1952(5th),Joseph L. Mankiewicz,5 Fingers
Directors Guild of America Award for Outstanding Directing – Feature Film,1952(5th),Vincente Minnelli,The Bad and the Beautiful
Directors Guild of America Award for Outstanding Directing – Feature Film,1952(5th),George Sidney,Scaramouche
Directors Guild of America Award for Outstanding Directing – Feature Film,1952(5th),Richard Thorpe,Ivanhoe
Directors Guild of America Award for Outstanding Directing – Feature Film,1952(5th),Charles Vidor,Hans Christian Andersen
Directors Guild of America Award for Outstanding Directing – Feature Film,1952(5th),Fred Zinnemann,High Noon
Directors Guild of America Award for Outstanding Directing – Feature Film,1953(6th),Melvin Frank and Norman Panama,Above and Beyond
Directors Guild of America Award for Outstanding Directing – Feature Film,1953(6th),Henry Koster,The Robe
Directors Guild of America Award for Outstanding Directing – Feature Film,1953(6th),Walter Lang,Call Me Madam
Directors Guild of America Award for Outstanding Directing – Feature Film,1953(6th),Joseph L. Mankiewicz,Julius Caesar
Directors Guild of America Award for Outstanding Directing – Feature Film,1953(6th),Daniel Mann,"Come Back, Little Sheba"
Directors Guild of America Award for Outstanding Directing – Feature Film,1953(6th),Jean Negulesco,Titanic
Directors Guild of America Award for Outstanding Directing – Feature Film,1953(6th),George Sidney,Young Bess
Directors Guild of America Award for Outstanding Directing – Feature Film,1953(6th),George Stevens,Shane
Directors Guild of America Award for Outstanding Directing – Feature Film,1953(6th),Charles Walters,Lili
Directors Guild of America Award for Outstanding Directing – Feature Film,1953(6th),Billy Wilder,Stalag 17
Directors Guild of America Award for Outstanding Directing – Feature Film,1953(6th),William Wyler,Roman Holiday
Directors Guild of America Award for Outstanding Directing – Feature Film,1954(7th),George Cukor,A Star Is Born
Directors Guild of America Award for Outstanding Directing – Feature Film,1954(7th),Edward Dmytryk,The Caine Mutiny
Directors Guild of America Award for Outstanding Directing – Feature Film,1954(7th),Stanley Donen,Seven Brides for Seven Brothers
Directors Guild of America Award for Outstanding Directing – Feature Film,1954(7th),Melvin Frank and Norman Panama,Knock on Wood
Directors Guild of America Award for Outstanding Directing – Feature Film,1954(7th),Samuel Fuller,Hell and High Water
Directors Guild of America Award for Outstanding Directing – Feature Film,1954(7th),Alfred Hitchcock,Rear Window
Directors Guild of America Award for Outstanding Directing – Feature Film,1954(7th),Henry King,King of the Khyber Rifles
Directors Guild of America Award for Outstanding Directing – Feature Film,1954(7th),Anthony Mann,The Glenn Miller Story
Directors Guild of America Award for Outstanding Directing – Feature Film,1954(7th),Jean Negulesco,Three Coins in the Fountain
Directors Guild of America Award for Outstanding Directing – Feature Film,1954(7th),George Seaton,The Country Girl
Directors Guild of America Award for Outstanding Directing – Feature Film,1954(7th),Don Siegel,Riot in Cell Block 11
Directors Guild of America Award for Outstanding Directing – Feature Film,1954(7th),William A. Wellman,The High and the Mighty
Directors Guild of America Award for Outstanding Directing – Feature Film,1954(7th),Robert Wise,Executive Suite
Directors Guild of America Award for Outstanding Directing – Feature Film,1954(7th),Billy Wilder,Sabrina
Directors Guild of America Award for Outstanding Directing – Feature Film,1955(8th),Richard Brooks,Blackboard Jungle
Directors Guild of America Award for Outstanding Directing – Feature Film,1955(8th),John Ford,The Long Gray Line
Directors Guild of America Award for Outstanding Directing – Feature Film,1955(8th),Elia Kazan,East of Eden
Directors Guild of America Award for Outstanding Directing – Feature Film,1955(8th),Henry Koster,A Man Called Peter
Directors Guild of America Award for Outstanding Directing – Feature Film,1955(8th),Joshua Logan,Picnic
Directors Guild of America Award for Outstanding Directing – Feature Film,1955(8th),Daniel Mann,The Rose Tattoo
Directors Guild of America Award for Outstanding Directing – Feature Film,1955(8th),Mark Robson,The Bridges at Toko-Ri
Directors Guild of America Award for Outstanding Directing – Feature Film,1955(8th),John Sturges,Bad Day at Black Rock
Directors Guild of America Award for Outstanding Directing – Feature Film,1955(8th),Charles Vidor,Love Me or Leave Me
Directors Guild of America Award for Outstanding Directing – Feature Film,1955(8th),Billy Wilder,The Seven Year Itch
Directors Guild of America Award for Outstanding Directing – Feature Film,1956(9th),Michael Anderson,Around the World in 80 Days
Directors Guild of America Award for Outstanding Directing – Feature Film,1956(9th),John Huston,Moby Dick
Directors Guild of America Award for Outstanding Directing – Feature Film,1956(9th),Joshua Logan,Bus Stop
Directors Guild of America Award for Outstanding Directing – Feature Film,1956(9th),Daniel Mann,Teahouse of the August Moon
Directors Guild of America Award for Outstanding Directing – Feature Film,1956(9th),King Vidor,War and Peace
Directors Guild of America Award for Outstanding Directing – Feature Film,1956(9th),Robert Wise,Somebody Up There Likes Me
Directors Guild of America Award for Outstanding Directing – Feature Film,1956(9th),William Wyler,Friendly Persuasion
Directors Guild of America Award for Outstanding Directing – Feature Film,1957(10th),George Cukor,Les Girls
Directors Guild of America Award for Outstanding Directing – Feature Film,1957(10th),Stanley Donen,Funny Face
Directors Guild of America Award for Outstanding Directing – Feature Film,1957(10th),José Ferrer,The Great Man
Directors Guild of America Award for Outstanding Directing – Feature Film,1957(10th),John Huston,"Heaven Knows, Mr. Allison"
Directors Guild of America Award for Outstanding Directing – Feature Film,1957(10th),Elia Kazan,A Face in the Crowd
Directors Guild of America Award for Outstanding Directing – Feature Film,1957(10th),Stanley Kramer,The Pride and the Passion
Directors Guild of America Award for Outstanding Directing – Feature Film,1957(10th),Anthony Mann,Men in War
Directors Guild of America Award for Outstanding Directing – Feature Film,1957(10th),Leo McCarey,An Affair to Remember
Directors Guild of America Award for Outstanding Directing – Feature Film,1957(10th),Robert Mulligan,Fear Strikes Out
Directors Guild of America Award for Outstanding Directing – Feature Film,1957(10th),John Sturges,Gunfight at the O.K. Corral
Directors Guild of America Award for Outstanding Directing – Feature Film,1957(10th),Fred Zinnemann,A Hatful of Rain
Directors Guild of America Award for Outstanding Directing – Feature Film,1958(11th),George Abbott and Stanley Donen,Damn Yankees
Directors Guild of America Award for Outstanding Directing – Feature Film,1958(11th),Richard Brooks,The Brothers Karamazov
Directors Guild of America Award for Outstanding Directing – Feature Film,1958(11th),Delmer Daves,Cowboy
Directors Guild of America Award for Outstanding Directing – Feature Film,1958(11th),Edward Dmytryk,The Young Lions
Directors Guild of America Award for Outstanding Directing – Feature Film,1958(11th),Richard Fleischer,The Vikings
Directors Guild of America Award for Outstanding Directing – Feature Film,1958(11th),Alfred Hitchcock,Vertigo
Directors Guild of America Award for Outstanding Directing – Feature Film,1958(11th),Martin Ritt,"The Long, Hot Summer"
Directors Guild of America Award for Outstanding Directing – Feature Film,1958(11th),George Seaton,Teacher's Pet
Directors Guild of America Award for Outstanding Directing – Feature Film,1958(11th),William Wyler,The Big Country
Directors Guild of America Award for Outstanding Directing – Feature Film,1959(12th),Charles Barton,The Shaggy Dog
Directors Guild of America Award for Outstanding Directing – Feature Film,1959(12th),Frank Capra,A Hole in the Head
Directors Guild of America Award for Outstanding Directing – Feature Film,1959(12th),Richard Fleischer,Compulsion
Directors Guild of America Award for Outstanding Directing – Feature Film,1959(12th),John Ford,The Horse Soldiers
Directors Guild of America Award for Outstanding Directing – Feature Film,1959(12th),Howard Hawks,Rio Bravo
Directors Guild of America Award for Outstanding Directing – Feature Film,1959(12th),Alfred Hitchcock,North by Northwest
Directors Guild of America Award for Outstanding Directing – Feature Film,1959(12th),Leo McCarey,"Rally Round the Flag, Boys!"
Directors Guild of America Award for Outstanding Directing – Feature Film,1959(12th),Otto Preminger,Anatomy of a Murder
Directors Guild of America Award for Outstanding Directing – Feature Film,1959(12th),Douglas Sirk,Imitation of Life
Directors Guild of America Award for Outstanding Directing – Feature Film,1959(12th),George Stevens,The Diary of Anne Frank
Directors Guild of America Award for Outstanding Directing – Feature Film,1959(12th),Billy Wilder,Some Like It Hot
Directors Guild of America Award for Outstanding Directing – Feature Film,1959(12th),Fred Zinnemann,The Nun's Story
