0,1,2,3,4,5
Bladerunner 1,1982,British Society of Cinematographers,Best Cinematography,Jordan Cronenweth,Nominated
Bladerunner 1,1982,Los Angeles Film Critics Association,Best Cinematography,Jordan Cronenweth,Won
Bladerunner 1,1983,British Academy Film Awards,Best Cinematography,Jordan Cronenweth,Won
Bladerunner 1,1983,British Academy Film Awards,Best Costume Design,Charles Knode and Michael Kaplan,Won
Bladerunner 1,1983,British Academy Film Awards,Best Production Design,Lawrence G. Paull,Won
Bladerunner 1,1983,British Academy Film Awards,Best Sound,"Peter Pennell, Bud Alper, Graham V. Hartstone, and Gerry Humphreys",Nominated
Bladerunner 1,1983,British Academy Film Awards,Best Special Visual Effects,"Douglas Trumbull, Richard Yuricich, and David Dryer",Nominated
Bladerunner 1,1983,Hugo Award,Best Dramatic Presentation,,Won
Bladerunner 1,1983,London Film Critics' Circle,Special Achievement Award,"Lawrence G. Paull, Douglas Trumbull, and Syd Mead",Won
Bladerunner 1,1983,Golden Globe Awards,Best Original Score,Vangelis,Nominated
Bladerunner 1,1983,Academy Awards,Best Visual Effects,"Douglas Trumbull, Richard Yuricich, and David Dryer",Nominated
Bladerunner 1,1983,Saturn Award,Best Science Fiction Film,,Nominated
Bladerunner 1,1983,Saturn Award,Best Special Effects,Douglas Trumbull and Richard Yuricich,Nominated
Bladerunner 1,1983,Fantasporto,International Fantasy Film Award,Ridley Scott,Nominated
Bladerunner 1,1993,Fantasporto,International Fantasy Film Award,Best Film – Ridley Scott (Director's Cut),Nominated
Bladerunner 1,1994,Saturn Award,Best Genre Video Release,Blade Runner (Director's Cut),Nominated
Bladerunner 1,2008,Saturn Award,Best DVD Special Edition Release,Blade Runner (5-Disc Ultimate Collector's Edition),Won
