0,1,2,3
Laurence Olivier Award for Best Actor,Roger Allam,Summerfolk,Bassov
Laurence Olivier Award for Best Actor,Stephen Dillane,The Real Thing,Henry
Laurence Olivier Award for Best Actor,Michael Sheen,Look Back in Anger,Jimmy Porter
Laurence Olivier Award for Best Actor,Antony Sher,The Winter's Tale,Leontes
Laurence Olivier Award for Best Actor,Simon Russell Beale,Hamlet,Prince Hamlet
Laurence Olivier Award for Best Actor,Sean Campion,Stones in His Pockets,Jake Quinn
Laurence Olivier Award for Best Actor,Michael Gambon,The Caretaker,Davies
Laurence Olivier Award for Best Actor,Bill Nighy,Blue/Orange,Professor Smith
Laurence Olivier Award for Best Actor,Simon Russell Beale,Humble Boy,Felix Humble
Laurence Olivier Award for Best Actor,Sean Foley,The Play What I Wrote,Sean
Laurence Olivier Award for Best Actor,Hamish McColl,The Play What I Wrote,Hamish
Laurence Olivier Award for Best Actor,Alan Rickman,Private Lives,Elyot
Laurence Olivier Award for Best Actor,Michael Gambon,A Number,Salter
Laurence Olivier Award for Best Actor,Mark Rylance,Twelfth Night,Olivia
Laurence Olivier Award for Best Actor,David Tennant,Lobby Hero,Jeff
Laurence Olivier Award for Best Actor,Roger Allam,Democracy,Willy Brandt
Laurence Olivier Award for Best Actor,Kenneth Branagh,Edmond,Edmond Burke
Laurence Olivier Award for Best Actor,Greg Hicks,Coriolanus,Coriolanus
Laurence Olivier Award for Best Actor,Michael Sheen,Caligula,Caligula
Laurence Olivier Award for Best Actor,Michael Gambon,Endgame,Hamm
Laurence Olivier Award for Best Actor,Jonathan Pryce,"The Goat, or Who Is Sylvia?",Martin
Laurence Olivier Award for Best Actor,Ben Whishaw,Hamlet,Prince Hamlet
Laurence Olivier Award for Best Actor,Richard Griffiths,Heroes,Henri
Laurence Olivier Award for Best Actor,Derek Jacobi,Don Carlos,Philip II of Spain
Laurence Olivier Award for Best Actor,Con O'Neill,Telstar,Joe Meek
Laurence Olivier Award for Best Actor,David Threlfall,Someone Who'll Watch Over Me,Michael
Laurence Olivier Award for Best Actor,Iain Glen,The Crucible,John Proctor
Laurence Olivier Award for Best Actor,David Haig,Donkeys' Years,Christopher Headingley
Laurence Olivier Award for Best Actor,Frank Langella,Frost/Nixon,Richard Nixon
Laurence Olivier Award for Best Actor,Michael Sheen,Frost/Nixon,David Frost
Laurence Olivier Award for Best Actor,Ian McKellen,King Lear,King Lear
Laurence Olivier Award for Best Actor,Mark Rylance,Boeing Boeing,Robert
Laurence Olivier Award for Best Actor,John Simm,Elling,Elling
Laurence Olivier Award for Best Actor,Patrick Stewart,Macbeth,Macbeth
Laurence Olivier Award for Best Actor,David Bradley,No Man's Land,Spooner
Laurence Olivier Award for Best Actor,Michael Gambon,No Man's Land,Hirst
Laurence Olivier Award for Best Actor,Adam Godley,Rain Man,Raymond Babitt
