0,1,2,3,4
NAACP Image Award for Outstanding Supporting Actor in a Comedy Series,1996,John Amos,In the House,
NAACP Image Award for Outstanding Supporting Actor in a Comedy Series,1996,Thomas Mikal Ford,Martin,
NAACP Image Award for Outstanding Supporting Actor in a Comedy Series,1996,Daryl Mitchell,The John Larroquette Show,
NAACP Image Award for Outstanding Supporting Actor in a Comedy Series,1996,Carl Anthony Payne II,Martin,
NAACP Image Award for Outstanding Supporting Actor in a Comedy Series,1997,—,—,—
NAACP Image Award for Outstanding Supporting Actor in a Comedy Series,1998,Michael Boatman,Spin City,
NAACP Image Award for Outstanding Supporting Actor in a Comedy Series,1998,Doug E. Doug,Cosby,
NAACP Image Award for Outstanding Supporting Actor in a Comedy Series,1998,James Earl Jones,Frasier,
NAACP Image Award for Outstanding Supporting Actor in a Comedy Series,1998,Tim Reid,"Sister, Sister",
NAACP Image Award for Outstanding Supporting Actor in a Comedy Series,1999,Michael Boatman,Spin City,
NAACP Image Award for Outstanding Supporting Actor in a Comedy Series,1999,Doug E. Doug,Cosby,
NAACP Image Award for Outstanding Supporting Actor in a Comedy Series,1999,David Alan Grier,Damon,
