0,1,2,3,4,5
York Station,Leeds,,CrossCountryCross Country Route,,Darlington
York Station,Doncaster,,CrossCountryCross Country Route,,Darlington
York Station,Garforth,,TransPennine ExpressNorth TransPennine,,Thirsk
York Station,Garforth,,TransPennine ExpressNorth TransPennine,,Northallerton
York Station,Leeds,,TransPennine ExpressNorth TransPennine,,Malton
York Station,Leeds,Terminus,,TransPennine ExpressNorth TransPennine,
York Station,London King's Cross, ,Grand CentralLondon-Sunderland, ,Thirsk
York Station,Leeds, ,London North Eastern RailwayLeeds-Aberdeen, ,Darlington
York Station,Selby,,Northern TrainsHull-York Line,,Terminus
York Station,Ulleskelf,,Northern TrainsHull-York Line,,Terminus
York Station,Ulleskelf,,Northern TrainsMicklefield Line,,Terminus
York Station, ,Future services,Future services,Future services, 
York Station,Leeds, ,TBANorthern Powerhouse Rail, ,Darlington
York Station,Sheffield, ,TBANorthern Powerhouse Rail, ,Darlington
York Station,East Midlands Hub, ,TBANorthern Powerhouse Rail, ,Darlington
York Station, ,Historical railways,Historical railways,Historical railways," 
"
York Station,Terminus, ,Y&NMRYork to Scarborough Line, ,HaxbyStation closed; Line open
York Station,Terminus, ,NERYork to Beverley Line, ,Earswick
York Station,Naburn, ,NEREast Coast Main Line, ,Beningbrough
