0,1,2,3,4,5,6
121st Kentucky Derby,4th,10,Jumron,Goncalino Almeida,Gary Lewis,Charles W. Dunn
121st Kentucky Derby,5th,18,Mecke,Robbie Davis,Emanuel Tortora,"James Lewis, Jr."
121st Kentucky Derby,6th,7,Eltish,Eddie Delahoussaye,Henry Cecil,Juddmonte Farms
121st Kentucky Derby,7th,2,Knockadoon,Chris McCarron,Anthony Reinstedler,"William K. Warren, Jr."
121st Kentucky Derby,8th,12,Afternoon Deelites,Kent Desormeaux,Richard Mandella,Burt Bacharach
121st Kentucky Derby,9th,19,Citadeed,Eddie Maple,"Richard A. Violette, Jr.",Ivan Allan
121st Kentucky Derby,10th,9,In Character,Chris Antley,Bruce L. Jackson,Baker & Farr & Jackson
121st Kentucky Derby,11th,6,Suave Prospect,Julie Krone,Nick Zito,William Condren & M.H. Sherman
121st Kentucky Derby,13th,1,Dazzling Falls,Garrett Gomez,Chuck Turco,"Chateau Ridge Farm, Inc."
121st Kentucky Derby,14th,17,Ski Captain,Yutaka Take,Hideyuki Mori,"Shadai Racehorse Co., Ltd."
121st Kentucky Derby,15th,5,Jambalaya Jazz,Craig Perret,"John T. Ward, Jr.",John C. Oxley
121st Kentucky Derby,17th,3,Pyramid Peak,Herb McCauley,"John T. Ward, Jr.",John C. Oxley
121st Kentucky Derby,18th,8,Lake George,Shane Sellers,Mike Orman,William Boswell & David Lavin
121st Kentucky Derby,19th,4,Wild Syn,Randy Romero,Thomas K. Arnemann,Jurgen K. Arnemann
