0,1,2,3
Drama Desk Award for Outstanding Actor in a Play,Bill Heck,The Orphans' Home Cycle,Various Characters
Drama Desk Award for Outstanding Actor in a Play,Jude Law,Hamlet,Hamlet
Drama Desk Award for Outstanding Actor in a Play,Alfred Molina,Red,Mark Rothko
Drama Desk Award for Outstanding Actor in a Play,Eddie Redmayne,Red,Ken
Drama Desk Award for Outstanding Actor in a Play,John Douglas Thompson,The Emperor Jones,Jones
Drama Desk Award for Outstanding Actor in a Play,Christopher Walken,A Behanding in Spokane,Carmichael
Drama Desk Award for Outstanding Actor in a Play,Charles Busch,The Divine Sister,Mother Superior
Drama Desk Award for Outstanding Actor in a Play,Al Pacino,The Merchant of Venice,Shylock
Drama Desk Award for Outstanding Actor in a Play,Geoffrey Rush,The Diary of a Madman,Poprishchin
Drama Desk Award for Outstanding Actor in a Play,Mark Rylance,Jerusalem,"Johnny ""Rooster"" Byron"
Drama Desk Award for Outstanding Actor in a Play,Michael Shannon,Mistakes Were Made,Felix Artifex
Drama Desk Award for Outstanding Actor in a Play,Paul Sparks,Dusk Rings a Bell,Ray
Drama Desk Award for Outstanding Actor in a Play,James Corden,"One Man, Two Guvnors",Francis Henshall 
Drama Desk Award for Outstanding Actor in a Play,Hugh Dancy,Venus in Fur,Thomas
Drama Desk Award for Outstanding Actor in a Play,Claybourne Elder,One Arm,Ollie
Drama Desk Award for Outstanding Actor in a Play,Santino Fontana,Sons of the Prophet,Joseph
Drama Desk Award for Outstanding Actor in a Play,Joseph Franchini,The Navigator,Dave
Drama Desk Award for Outstanding Actor in a Play,Philip Seymour Hoffman,Death of a Salesman,Willy Loman
Drama Desk Award for Outstanding Actor in a Play,Kevin Spacey,Richard III,Richard III of England
Drama Desk Award for Outstanding Actor in a Play,Tracy Letts,Who's Afraid of Virginia Woolf?,George 
Drama Desk Award for Outstanding Actor in a Play,Reed Birney,Uncle Vanya,Ivan Petrovich Voinitsky
Drama Desk Award for Outstanding Actor in a Play,Daniel Everidge,Falling,Performer
Drama Desk Award for Outstanding Actor in a Play,Tom Hanks,Lucky Guy,Mike McAlary
Drama Desk Award for Outstanding Actor in a Play,Shuler Hensley,The Whale,Charlie
Drama Desk Award for Outstanding Actor in a Play,Nathan Lane,The Nance,Chauncey
Drama Desk Award for Outstanding Actor in a Play,Hamish Linklater,The Comedy of Errors,Antipholus
Drama Desk Award for Outstanding Actor in a Play,Ian McKellen,No Man's Land,Spooner
Drama Desk Award for Outstanding Actor in a Play,David Morse,The Unavoidable Disappearance of Tom Durnin,Tom Durnin
Drama Desk Award for Outstanding Actor in a Play,Chris O'Dowd,Of Mice and Men,Lennie Small
Drama Desk Award for Outstanding Actor in a Play,Daniel Radcliffe,The Cripple of Inishmaan,Cripple Billy
Drama Desk Award for Outstanding Actor in a Play,Denzel Washington,A Raisin in the Sun,Walter Lee Younger
Drama Desk Award for Outstanding Actor in a Play,Reed Birney,I’m Gonna Pray for You So Hard,David
Drama Desk Award for Outstanding Actor in a Play,Bradley Cooper,The Elephant Man,John Merrick
Drama Desk Award for Outstanding Actor in a Play,Stephen McKinley Henderson,Between Riverside and Crazy,Walter 'Pops' Washington
Drama Desk Award for Outstanding Actor in a Play,Ben Miles,Wolf Hall Parts One & Two,Thomas Cromwell
Drama Desk Award for Outstanding Actor in a Play,Bill Pullman,Sticks and Bones,David
Drama Desk Award for Outstanding Actor in a Play,Frank Langella,The Father,André 
Drama Desk Award for Outstanding Actor in a Play,Andrew Garman,The Christians,Pastor Paul
Drama Desk Award for Outstanding Actor in a Play,Avi Hoffman,Death of a Salesman,Willy Loman
Drama Desk Award for Outstanding Actor in a Play,Tim Pigott-Smith,King Charles III,"Charles, Prince of Wales"
Drama Desk Award for Outstanding Actor in a Play,Mark Strong,A View from the Bridge,Eddie Carbone
Drama Desk Award for Outstanding Actor in a Play,Kevin Kline,Present Laughter,Garry Essendine 
Drama Desk Award for Outstanding Actor in a Play,Bobby Cannavale,The Hairy Ape,"Robert ""Yank"" Smith"
Drama Desk Award for Outstanding Actor in a Play,Daniel Craig,Othello,Iago
Drama Desk Award for Outstanding Actor in a Play,David Hyde Pierce,A Life,Nate Martin
Drama Desk Award for Outstanding Actor in a Play,John Douglas Thompson,Jitney,Jim Becker
Drama Desk Award for Outstanding Actor in a Play,Andrew Garfield,Angels in America,Prior Walter 
Drama Desk Award for Outstanding Actor in a Play,Johnny Flynn,Hangmen,Mooney
Drama Desk Award for Outstanding Actor in a Play,Tom Hollander,Travesties,Henry Carr
Drama Desk Award for Outstanding Actor in a Play,James McArdle,Angels in America,Louis Ironson
Drama Desk Award for Outstanding Actor in a Play,Paul Sparks,Edward Albee's At Home at the Zoo,Jerry
Drama Desk Award for Outstanding Actor in a Play,Jay O. Sanders,Uncle Vanya,Vanya
Drama Desk Award for Outstanding Actor in a Play,Jeff Biehl,Life Sucks,Vanya
Drama Desk Award for Outstanding Actor in a Play,Edmund Donovan,Lewiston/Clarkston,Chris
Drama Desk Award for Outstanding Actor in a Play,Raúl Esparza,The Resistible Rise of Arturo Ui,Arturo Ui
Drama Desk Award for Outstanding Actor in a Play,Russell Harvard,I Was Most Alive With You,Knox
