0,1,2,3
Academy award for best sound,1930–1931(4th),Paramount Publix Studio Sound Department ,Paramount Publix Studio Sound Department 
Academy award for best sound,1930–1931(4th),Metro-Goldwyn-Mayer Studio Sound Department,Metro-Goldwyn-Mayer Studio Sound Department
Academy award for best sound,1930–1931(4th),RKO Radio Studio Sound Department,RKO Radio Studio Sound Department
Academy award for best sound,1930–1931(4th),Samuel Goldwyn-United Artists Studio Sound Department,Samuel Goldwyn-United Artists Studio Sound Department
Academy award for best sound,1931–1932(5th),Paramount Publix Studio Sound Department ,Paramount Publix Studio Sound Department 
Academy award for best sound,1931–1932(5th),Metro-Goldwyn-Mayer Studio Sound Department,Metro-Goldwyn-Mayer Studio Sound Department
Academy award for best sound,1931–1932(5th),RKO Radio Studio Sound Department,RKO Radio Studio Sound Department
Academy award for best sound,1931–1932(5th),Warner Bros.-First National Studio Sound Department,Warner Bros.-First National Studio Sound Department
Academy award for best sound,1934(7th),Imitation of Life,"Universal Studio Sound Department, Theodore Soderberg"
Academy award for best sound,1935(8th),"$1,000 a Minute",Republic Studio Sound Department
Academy award for best sound,1936(9th),Dodsworth,"United Artists Studio Sound Department, Thomas T. Moulton"
Academy award for best sound,1938(11th),Vivacious Lady,"RKO Radio Studio Sound Department, John Aalberg"
Academy award for best sound,1939(12th),"Goodbye, Mr. Chips","Denham Studio Sound Department, A. W. Watkins"
