0,1,2,3
Plaza Cataluña metro station,Terminus,L6,Provençatowards Sarrià
Plaza Cataluña metro station,Terminus,L7,Provençatowards Av. Tibidabo
Plaza Cataluña metro station,Terminus,S1,Provençatowards Terrassa Nacions Unides
Plaza Cataluña metro station,Terminus,S2,Provençatowards Sabadell Parc del Nord
Plaza Cataluña metro station,Terminus,S5,Provençatowards Sant Cugat
Plaza Cataluña metro station,Terminus,S6,Provençatowards Autonomous University
Plaza Cataluña metro station,Terminus,S7,Provençatowards Rubí
Plaza Cataluña metro station,Barcelona Santstowards Molins de Rei,R1,Barcelona Arc de Triomftowards Maçanet-Massanes
Plaza Cataluña metro station,Barcelona Santstowards L'Hospitalet de Llobregat,RG1,Barcelona Arc de Triomftowards Portbou
Plaza Cataluña metro station,Barcelona Santstowards L'Hospitalet de Llobregat,R12,Barcelona Arc de Triomftowards Lleida Pirineus
