0,1,2,3,4
Cesar Award for Best First Feature Film,1982(7th),Le Jardinier,Le Jardinier,Jean-Pierre Sentier
Cesar Award for Best First Feature Film,1982(7th),Neige,Neige,Jean-Henri Roger and Juliet Berto
Cesar Award for Best First Feature Film,1982(7th),Dead Certain,Une affaire d'hommes,Nicolas Ribowski
Cesar Award for Best First Feature Film,1983(8th),Josepha,Josepha,Christopher Frank
Cesar Award for Best First Feature Film,1983(8th),Lettres d'amour en Somalie ,Lettres d'amour en Somalie ,Frédéric Mitterrand
Cesar Award for Best First Feature Film,1983(8th),Tir groupé,Tir groupé,Jean-Claude Missiaen
Cesar Award for Best First Feature Film,1984(9th),Le Dernier Combat,Le Dernier Combat,Luc Besson
Cesar Award for Best First Feature Film,1984(9th),Le Destin de Juliette,Le Destin de Juliette,Aline Issermann
Cesar Award for Best First Feature Film,1984(9th),The Trail,La Trace,Bernard Favre
Cesar Award for Best First Feature Film,1985(10th),Boy Meets Girl,Boy Meets Girl,Leos Carax
Cesar Award for Best First Feature Film,1985(10th),Marche à l'ombre,Marche à l'ombre,Michel Blanc
Cesar Award for Best First Feature Film,1985(10th),"Souvenirs, souvenirs","Souvenirs, souvenirs",Ariel Zeïtoun
Cesar Award for Best First Feature Film,1986(11th),Harem,Harem,Arthur Joffé
Cesar Award for Best First Feature Film,1986(11th),Strictement personnel,Strictement personnel,Pierre Jolivet
Cesar Award for Best First Feature Film,1986(11th),La Nuit porte-jarretelles,La Nuit porte-jarretelles,Virginie Thevenet
Cesar Award for Best First Feature Film,1987(12th),The Woman of My Life,La Femme de ma vie,Régis Wargnier
Cesar Award for Best First Feature Film,1987(12th),Black Mic-Mac,Black Mic-Mac,Thomas Gilou
Cesar Award for Best First Feature Film,1987(12th),I Hate Actors,Je hais les acteurs,Gérard Krawczyk
Cesar Award for Best First Feature Film,1987(12th),Noir et Blanc,Noir et Blanc,Claire Devers
Cesar Award for Best First Feature Film,1988(13th),L'Œil au beur(re) noir,L'Œil au beur(re) noir,Serge Meynard
Cesar Award for Best First Feature Film,1988(13th),Avril brisé,Avril brisé,Liria Begeja
Cesar Award for Best First Feature Film,1988(13th),Flag,Flag,Jacques Santi
Cesar Award for Best First Feature Film,1988(13th),Manuela's Loves,Le Jupon rouge,Geneviève Lefebvre
Cesar Award for Best First Feature Film,1988(13th),Sorceress,Le Moine et la sorcière,Suzanne Schiffman
Cesar Award for Best First Feature Film,1989(14th),Camille Claudel,Camille Claudel,Bruno Nuytten
Cesar Award for Best First Feature Film,1989(14th),Chocolat,Chocolat,Claire Denis
Cesar Award for Best First Feature Film,1989(14th),A Strange Place to Meet,Drôle d'endroit pour une rencontre,François Dupeyron
