0,1,2
American music award for favorite country album,Jason Aldean,Wide Open
American music award for favorite country album,Lady Antebellum,Need You Now
American music award for favorite country album,Jason Aldean,My Kinda Party
American music award for favorite country album,Luke Bryan,Tailgates & Tanlines
American music award for favorite country album,Lionel Richie,Tuskegee
American music award for favorite country album,Luke Bryan,Crash My Party
American music award for favorite country album,Florida Georgia Line,Here's to the Good Times
American music award for favorite country album,Garth Brooks,Blame It All on My Roots: Five Decades of Influences
American music award for favorite country album,Eric Church,The Outsiders
American music award for favorite country album,Florida Georgia Line,Anything Goes
American music award for favorite country album,Jason Aldean,"Old Boots, New Dirt"
American music award for favorite country album,Sam Hunt,Montevallo
American music award for favorite country album,Carrie Underwood,Storyteller
American music award for favorite country album,Luke Bryan,Kill the Lights
American music award for favorite country album,Chris Stapleton,Traveller
American music award for favorite country album,Keith Urban,Ripcord
American music award for favorite country album,Jason Aldean,They Don't Know
American music award for favorite country album,Chris Stapleton,From A Room: Volume 1
American music award for favorite country album,Luke Combs,This One's for You
American music award for favorite country album,Thomas Rhett,Life Changes
American music award for favorite country album,Carrie Underwood,Cry Pretty
American music award for favorite country album,Kane Brown,Experiment
