0,1,2,3,4
Bertrand Tavernier,1960,Wen kümmert's?,Assistant Director,Short directed by Volker Schlöndorff
Bertrand Tavernier,1962,The Bakery Girl of Monceau,Narrator,Short directed by Éric Rohmer
Bertrand Tavernier,1963,Contempt,Publicist,"Le Mépris, directed by Jean-Luc Godard"
Bertrand Tavernier,1963,Le Doulos,Production publicist,Directed by Jean-Pierre Melville
Bertrand Tavernier,1964,The Terror of Rome Against the Son of Hercules,Assistant Director,Directed by Mario Caiano
Bertrand Tavernier,1964,Les baisers,Director,Short
Bertrand Tavernier,1964,La chance et l'amour,Director,Short
Bertrand Tavernier,1965,The 317th Platoon,Press attache,Directed by Pierre Schoendoerffer
Bertrand Tavernier,1966,A Question of Honour,Assistant Director,Directed by Luigi Zampa
Bertrand Tavernier,1967,Mexican Slayride,Writer & Press attache,Directed by Riccardo Freda
Bertrand Tavernier,1968,Captain Singrid,Writer,Directed by Jean Leduc
Bertrand Tavernier,1969,Orgasmo,Assistant Director,Directed by Umberto Lenzi
Bertrand Tavernier,1969,Tout peut arriver,Actor,Directed by Philippe Labro
Bertrand Tavernier,1970,Last Known Address,Press attache,Directed by José Giovanni
Bertrand Tavernier,1975,Let Joy Reign Supreme,Director & Writer,Que la fête commence...César Award for Best DirectorCésar Award for Best WritingFrench Syndicate of Cinema Critics - Best FilmNominated - César Award for Best Film
Bertrand Tavernier,1976,The Judge and the Assassin,Director & Writer,César Award for Best WritingNominated - César Award for Best FilmNominated - César Award for Best Director
Bertrand Tavernier,1977,Spoiled Children,Director & Writer,Des enfants gâtés
Bertrand Tavernier,1977,La question,Producer,Directed by Laurent Heynemann
Bertrand Tavernier,1979,Death Watch,"Director, Writer & Producer",La mort en directNominated - César Award for Best WritingNominated - Berlin International Film Festival - Golden Berlin BearNominated - Chicago International Film Festival - Best Feature
Bertrand Tavernier,1980,A Week's Vacation,"Director, Writer & Producer",Nominated - Cannes Film Festival - Palme d'OrNominated - Chicago International Film Festival - Best Feature
Bertrand Tavernier,1981,Coup de Torchon,Director & Writer,French Syndicate of Cinema Critics - Best FilmNominated - Academy Award for Best Foreign Language FilmNominated - César Award for Best FilmNominated - César Award for Best DirectorNominated - César Award for Best Writing
Bertrand Tavernier,1981,Le petit Mitchell illustré,Actor,TV movie directed by Gérard Jourd'hui
Bertrand Tavernier,1982,Philippe Soupault,Director,Documentary
Bertrand Tavernier,1983,La trace,Writer & Associate producer,Directed by Bernard Favre
Bertrand Tavernier,1983,Mississippi Blues,Director & Producer,Documentary directed with Robert Parrish
Bertrand Tavernier,1983,La 8ème génération,Director & Writer,Short
Bertrand Tavernier,1983,Ciné citron,Director & Writer,Short
Bertrand Tavernier,1986,Round Midnight,Director & Writer,Bodil Award for Best Non-American FilmItalian National Syndicate of Film Journalists - Best Foreign DirectorVenice Film Festival - Pasinetti AwardNominated - National Board of Review: Top Ten FilmsNominated - New York Film Critics Circle Award for Best Foreign Language FilmNominated - Venice Film Festival - Golden Lion
Bertrand Tavernier,1987,Beatrice,Director,
Bertrand Tavernier,1987,Les mois d'avril sont meurtriers,Writer,Directed by Laurent Heynemann (2)
Bertrand Tavernier,1988,"Lyon, le regard intérieur",Director & Writer,Documentary
Bertrand Tavernier,1990,Daddy Nostalgie,"Director, Writer & Narrator",Nominated - Cannes Film Festival - Palme d'OrNominated - Chicago Film Critics Association Award for Best Foreign Language Film
Bertrand Tavernier,1990,Un été après l'autre,Technical advisor,Directed by Anne-Marie Etienne
Bertrand Tavernier,1991,Contre l'oubli,Director,Short
Bertrand Tavernier,1991,Der grüne Berg,Writer,Documentary directed by Fredi M. Murer
Bertrand Tavernier,1991,Ragazzi,Technical advisor,Directed by Mama Keïta
Bertrand Tavernier,1991,Jalousie,Technical advisor,Directed by Kathleen Fonmarty
Bertrand Tavernier,1992,L.627,Director & Writer,Nominated - César Award for Best FilmNominated - César Award for Best DirectorNominated - César Award for Best WritingNominated - Venice Film Festival - Golden Lion
Bertrand Tavernier,1992,La guerre sans nom,Director & Writer,DocumentaryBergamo Film Meeting - Special Mention
Bertrand Tavernier,1994,Revenge of the Musketeers,Director & Writer,
Bertrand Tavernier,1994,Veillées d'armes,Producer,Documentary directed by Marcel Ophüls
Bertrand Tavernier,1996,Captain Conan,Director & Writer,César Award for Best DirectorDenver Film Festival - Krzysztof Kieslowski AwardDenver Film Festival - People's Choice AwardFrench Syndicate of Cinema Critics - Best FilmSan Sebastián International Film Festival - FIPRESCI PrizeSan Sebastián International Film Festival - Solidarity AwardNominated - César Award for Best FilmNominated - César Award for Best WritingNominated - San Sebastián International Film Festival - Golden Seashell
Bertrand Tavernier,1997,De l'autre côté du périph,Director,Documentary directed with Nils Tavernier
Bertrand Tavernier,1997,Fred,Executive producer,Directed by Pierre Jolivet
Bertrand Tavernier,1997,Quand le chat sourit,Actor,TV movie directed by Sabine Azéma
Bertrand Tavernier,1999,It All Starts Today,Director & Writer,Berlin International Film Festival - FIPRESCI PrizeBerlin International Film Festival - Honorable MentionBerlin International Film Festival - Prize of the Ecumenical JuryNorwegian International Film Festival - Ecumenical Film AwardSan Sebastián International Film Festival - Audience AwardFotogramas de Plata - Best Foreign FilmSant Jordi Award for Best Foreign FilmTuria Award for Audience AwardTuria Award for Best Foreign FilmNominated - Berlin International Film Festival - Golden BearNominated - Goya Award for Best European FilmNominated - Political Film Society Award for DemocracyNominated - Political Film Society Award for ExposéNominated - Political Film Society Award for Human RightsNominated - Cinema Writers Circle Award for Best Foreign Film
Bertrand Tavernier,2001,Histoires de vies brisées,Director,Documentary directed with Nils Tavernier (2)
Bertrand Tavernier,2001,"Mon père, il m'a sauvé la vie",Writer,Directed by José Giovanni
Bertrand Tavernier,2001,Les enfants de Thiès,Director,TV movie directed with Nils Tavernier (3)
Bertrand Tavernier,2001,Pas d'histoires !,Co-Producer,Directed by 13 directors
Bertrand Tavernier,2002,Safe Conduct,Director & Writer,Ft. Lauderdale International Film Festival - Best FilmFt. Lauderdale International Film Festival - Best DirectorFt. Lauderdale International Film Festival - Best ScreenplayNominated - Berlin International Film Festival - Golden Bear
Bertrand Tavernier,2004,Holy Lola,Director & Writer,San Sebastián International Film Festival - Audience Award
Bertrand Tavernier,2008,Lucifer et moi,Writer,Directed by Jean-Jacques Grand-Jouan
Bertrand Tavernier,2009,In the Electric Mist,Director,Nominated - Berlin International Film Festival - Golden Bear
Bertrand Tavernier,2010,The Princess of Montpensier,Director & Writer,Philadelphia Film Festival - Audience Award - Honorable MentionNominated - Cannes Film Festival - Palme d'OrNominated - Chicago International Film Festival - Best FeatureNominated - César Award for Best Adaptation
Bertrand Tavernier,2013,The French Minister (French: Quai d'Orsay),"Director, Writer & Actor",San Sebastián International Film Festival - Best ScreenplayNominated - César Award for Best AdaptationNominated - Lumières Award for Best FilmNominated - Lumières Award for Best DirectorNominated - Lumières Award for Best ScreenplayNominated - San Sebastián International Film Festival - Best Film
Bertrand Tavernier,2016,Voyage à travers le cinéma français/ My Journey Through French Cinema,Director & Producer,DocumentaryNominated - Cannes Film Festival - L'Œil d'or
Bertrand Tavernier,2016,Lumière ! L'aventure commence,Producer,Documentary
