0,1,2,3,4
Daytime Emmy Award for Outstanding Supporting Actress in a Drama Series,Sharon Case,The Young and the Restless,Sharon Newman,CBS
Daytime Emmy Award for Outstanding Supporting Actress in a Drama Series,Patrika Darbo,Days of Our Lives,Nancy Wesley,NBC
Daytime Emmy Award for Outstanding Supporting Actress in a Drama Series,Tonya Lee Williams,The Young and the Restless,Olivia Barber Hastings,CBS
Daytime Emmy Award for Outstanding Supporting Actress in a Drama Series,Lesli Kay ,As the World Turns,Molly Conlan,CBS
Daytime Emmy Award for Outstanding Supporting Actress in a Drama Series,Rebecca Budig,All My Children,Greenlee Smythe,ABC
Daytime Emmy Award for Outstanding Supporting Actress in a Drama Series,Cady McClain,All My Children,Dixie Cooney,ABC
Daytime Emmy Award for Outstanding Supporting Actress in a Drama Series,Maura West,As the World Turns,Carly Tenney, CBS
Daytime Emmy Award for Outstanding Supporting Actress in a Drama Series,Colleen Zenk Pinter,As the World Turns,Barbara Ryan, CBS
Daytime Emmy Award for Outstanding Supporting Actress in a Drama Series,Beth Ehlers,Guiding Light,Harley Cooper, CBS
Daytime Emmy Award for Outstanding Supporting Actress in a Drama Series,Kelley Menighan Hensley,As the World Turns,Emily Stewart, CBS
Daytime Emmy Award for Outstanding Supporting Actress in a Drama Series,Kelly Ripa,All My Children,Hayley Vaughan,ABC
Daytime Emmy Award for Outstanding Supporting Actress in a Drama Series,Maura West,As the World Turns,Carly Tenney, CBS
Daytime Emmy Award for Outstanding Supporting Actress in a Drama Series,Rebecca Budig,All My Children,Greenlee Smythe,ABC
Daytime Emmy Award for Outstanding Supporting Actress in a Drama Series,Robin Christopher,General Hospital,Skye Chandler, ABC
Daytime Emmy Award for Outstanding Supporting Actress in a Drama Series,Linda Dano,One Life to Live,Rae Cummings,ABC
Daytime Emmy Award for Outstanding Supporting Actress in a Drama Series,Cady McClain,As the World Turns,Rosanna Cabot, CBS
Daytime Emmy Award for Outstanding Supporting Actress in a Drama Series,Kelly Monaco,Port Charles,Livvie Locke/Tess Ramsey, ABC
Daytime Emmy Award for Outstanding Supporting Actress in a Drama Series,Cady McClain ,As the World Turns,Rosanna Cabot, CBS
Daytime Emmy Award for Outstanding Supporting Actress in a Drama Series,Kathy Brier,One Life to Live,Marcie Walsh,ABC
Daytime Emmy Award for Outstanding Supporting Actress in a Drama Series,Sharon Case,The Young and the Restless,Sharon Newman,CBS
Daytime Emmy Award for Outstanding Supporting Actress in a Drama Series,Ilene Kristen,One Life to Live,Roxy Balsom,ABC
Daytime Emmy Award for Outstanding Supporting Actress in a Drama Series,Heather Tom,The Young and the Restless,Victoria Newman,CBS
Daytime Emmy Award for Outstanding Supporting Actress in a Drama Series,Robin Christopher,General Hospital,Skye Chandler, ABC
Daytime Emmy Award for Outstanding Supporting Actress in a Drama Series,Jeanne Cooper,The Young and the Restless,Katherine Chancellor, CBS
Daytime Emmy Award for Outstanding Supporting Actress in a Drama Series,Ilene Kristen,One Life to Live,Roxy Balsom,ABC
Daytime Emmy Award for Outstanding Supporting Actress in a Drama Series,Heather Tom,One Life to Live,Kelly Cramer,ABC
Daytime Emmy Award for Outstanding Supporting Actress in a Drama Series,Tracey E. Bregman,The Young and the Restless,Lauren Fenmore,CBS
Daytime Emmy Award for Outstanding Supporting Actress in a Drama Series,Jennifer Ferrin,As the World Turns,Jennifer Munson,CBS
Daytime Emmy Award for Outstanding Supporting Actress in a Drama Series,Renée Elise Goldsberry,One Life to Live,Evangeline Williamson,ABC
Daytime Emmy Award for Outstanding Supporting Actress in a Drama Series,Renée Elise Goldsberry,One Life to Live,Evangeline Williamson,ABC
Daytime Emmy Award for Outstanding Supporting Actress in a Drama Series,Rebecca Herbst,General Hospital,Elizabeth Webber,ABC
Daytime Emmy Award for Outstanding Supporting Actress in a Drama Series,Lesli Kay,The Bold and the Beautiful,Felicia Forrester,CBS
Daytime Emmy Award for Outstanding Supporting Actress in a Drama Series,Heather Tom,One Life to Live,Kelly Cramer,ABC
Daytime Emmy Award for Outstanding Supporting Actress in a Drama Series,Tracey E. Bregman,The Young and the Restless,Lauren Fenmore Baldwin,CBS
Daytime Emmy Award for Outstanding Supporting Actress in a Drama Series,Judi Evans,Days of Our Lives,Bonnie Lockhart/Adrienne Johnson,NBC
Daytime Emmy Award for Outstanding Supporting Actress in a Drama Series,Kelley Menighan Hensley,As the World Turns,Emily Stewart, CBS
Daytime Emmy Award for Outstanding Supporting Actress in a Drama Series,Heather Tom,The Bold and the Beautiful,Katie Logan,CBS
Daytime Emmy Award for Outstanding Supporting Actress in a Drama Series,Tamara Braun ,Days of Our Lives,Ava Vitali,NBC
Daytime Emmy Award for Outstanding Supporting Actress in a Drama Series,Melissa Claire Egan,All My Children,Annie Lavery,ABC
Daytime Emmy Award for Outstanding Supporting Actress in a Drama Series,Alicia Minshew,All My Children,Kendall Hart, ABC
Daytime Emmy Award for Outstanding Supporting Actress in a Drama Series,Julie Pinson,As the World Turns,Janet Ciccone Snyder, CBS
Daytime Emmy Award for Outstanding Supporting Actress in a Drama Series,Bree Williamson,One Life to Live,Jessica Buchanan,ABC
