0,1,2,3,4,5
Milos Forman,1997,Academy Awards,Best Director,The People vs. Larry Flynt,Nominated
Milos Forman,1972,British Academy Film Awards,Best Direction,Taking Off,Nominated
Milos Forman,1972,British Academy Film Awards,Best Film,Taking Off,Nominated
Milos Forman,1972,British Academy Film Awards,Best Screenplay,Taking Off,Nominated
Milos Forman,1977,British Academy Film Awards,Best Direction,One Flew Over the Cuckoo's Nest,Won
Milos Forman,1986,British Academy Film Awards,Best Film,Amadeus,Nominated
Milos Forman,1976,Golden Globe Awards,Best Director,One Flew Over the Cuckoo's Nest,Won
Milos Forman,1982,Golden Globe Awards,Best Director,Ragtime,Nominated
Milos Forman,1997,Golden Globe Awards,Best Director,The People vs. Larry Flynt,Won
Milos Forman,1971,Cannes Film Festival,Grand Prix,Taking Off,Won
Milos Forman,1971,Cannes Film Festival,Palme d'Or,Taking Off,Nominated
Milos Forman,2000,Berlin International Film Festival,Golden Berlin Bear,Man on the Moon,Nominated
Milos Forman,2000,Silver Bear for Best Director,Berlin International Film Festival,Man on the Moon,Won
Milos Forman,1977,César Awards,Best Foreign Film,One Flew Over the Cuckoo's Nest,Nominated
Milos Forman,1980,César Awards,Best Foreign Film,Hair,Nominated
Milos Forman,1985,César Awards,Best Foreign Film,Amadeus,Won
Milos Forman,1990,César Awards,Best Director,Valmont,Nominated
Milos Forman,1980,David di Donatello Awards,Best Foreign Director,Hair,Won
Milos Forman,1985,David di Donatello Awards,Best Foreign Director,Amadeus,Won
Milos Forman,1985,Best Foreign Film,David di Donatello Awards,Amadeus,Won
