0,1,2,3
New York Penn Station (NJT station),"Newark Penntoward Washington, D.C.",Vermonter,Stamfordtoward St. Albans
New York Penn Station (NJT station),"Newark Penntoward Norfolk, Newport News or Roanoke",Northeast Regional,New Rochelletoward Boston South or Springfield
New York Penn Station (NJT station),Yonkerstoward Pittsfield,Berkshire Flyer,Terminus
New York Penn Station (NJT station),Newark Penntoward Chicago,Cardinal,Terminus
New York Penn Station (NJT station),Newark Penntoward Charlotte,Carolinian,Terminus
New York Penn Station (NJT station),Newark Penntoward New Orleans,Crescent,Terminus
New York Penn Station (NJT station),Newark Penntoward Harrisburg,Keystone Service,Terminus
New York Penn Station (NJT station),Croton–Harmontoward Chicago,Lake Shore Limited,Terminus
New York Penn Station (NJT station),Newark Penntoward Savannah,Palmetto,Terminus
New York Penn Station (NJT station),Newark Penntoward Pittsburgh,Pennsylvanian,Terminus
New York Penn Station (NJT station),Newark Penntoward Miami,Silver Meteor,Terminus
New York Penn Station (NJT station),Newark Penntoward Miami,Silver Star,Terminus
New York Penn Station (NJT station),Terminus,Port Washington Branch,Woodsidetoward Port Washington
New York Penn Station (NJT station),Terminus,Hempstead Branch,Woodsidetoward Hempstead
New York Penn Station (NJT station),Terminus,Port Jefferson Branch,Woodsidetoward Port Jefferson
New York Penn Station (NJT station),Terminus,Oyster Bay Branchlimited service,Jamaicatoward Oyster Bay
New York Penn Station (NJT station),Terminus,Ronkonkoma Branch,Woodsidetoward Greenport
New York Penn Station (NJT station),Terminus,Montauk Branch,Jamaicatoward Montauk
New York Penn Station (NJT station),Terminus,Far Rockaway Branch,Woodsidetoward Far Rockaway
New York Penn Station (NJT station),Terminus,Babylon Branch,Woodsidetoward Babylon
New York Penn Station (NJT station),Terminus,West Hempstead Branch,Woodsidetoward West Hempstead
New York Penn Station (NJT station),Terminus,Long Beach Branch,Woodsidetoward Long Beach
New York Penn Station (NJT station),Secaucus Junctiontoward Bay Head,North Jersey Coast Line,Terminus
New York Penn Station (NJT station),Secaucus Junctiontoward Hackettstown,Montclair-Boonton Line,Terminus
New York Penn Station (NJT station),Secaucus Junctiontoward Hackettstown,Morristown Line,Terminus
New York Penn Station (NJT station),Secaucus Junctiontoward High Bridge,Raritan Valley Line,Terminus
New York Penn Station (NJT station),Secaucus Junctiontoward Gladstone,Gladstone Branch,Terminus
