0,1,2,3,4
Black Hawk Down (movie),BAFTA Award,Best Cinematography,Slawomir Idziak,Nominated
Black Hawk Down (movie),BAFTA Award,Best Editing,Pietro Scalia,Nominated
Black Hawk Down (movie),BAFTA Award,Best Sound,Chris MunroPer HallbergMichael MinklerMyron NettingaKaren Baker Landers,Nominated
Black Hawk Down (movie),AFI Award,Cinematographer of the Year,Slawomir Idziak,Nominated
Black Hawk Down (movie),AFI Award,Director of the Year,Ridley Scott,Nominated
Black Hawk Down (movie),AFI Award,Editor of the Year,Pietro Scalia,Nominated
Black Hawk Down (movie),AFI Award,Movie of the Year,Jerry BruckheimerRidley Scott,Nominated
Black Hawk Down (movie),AFI Award,Production Designer of the Year,Arthur Max,Nominated
Black Hawk Down (movie),NBR Award,Top Ten Films,,Won
Black Hawk Down (movie),Saturn Award,Best Action/Adventure/Thriller Film,,Nominated
Black Hawk Down (movie),Saturn Award,Best DVD Special Edition Release,,Nominated
Black Hawk Down (movie),Eddie Award,Best Edited Feature Film – Dramatic,Pietro Scalia,Won
Black Hawk Down (movie),ADG Excellence in Production Design Award,Contemporary Film,Keith PainMarco TrentiniGianni GiovagnoniCliff RobinsonPier Luigi BasileIvo HusnjakArthur Max,Nominated
Black Hawk Down (movie),Harry Award,,,Won
Black Hawk Down (movie),Golden Reel Award,Best Sound Editing – Dialogue and ADR in a Feature Film,Per HallbergKaren Baker LandersChris JargoMark L. ManginoChris Hogan,Won
Black Hawk Down (movie),Golden Reel Award,"Best Sound Editing – Effects & Foley, Domestic Feature Film",Per HallbergKaren Baker LandersCraig S. JaegerJon TitleChristopher AssellsDino DimuroDan HegemanMichael A. ReaganGregory HainerPerry RobertsonPeter StaubliBruce TanisMichael HertleinSolange S. Schwalbe,Won
Black Hawk Down (movie),Plus Camerimage,Golden Frog,Slawomir Idziak,Nominated
Black Hawk Down (movie),Cinema Audio Society Award,Outstanding Sound Mixing for Motion Pictures,Michael MinklerMyron NettingaChris Munro,Nominated
Black Hawk Down (movie),Directors Guild of America Award,Outstanding Directorial Achievement in Motion Pictures,Ridley Scott,Nominated
Black Hawk Down (movie),Golden Trailer Award,Best Drama,"Trailer Park, Inc.",Nominated
Black Hawk Down (movie),MTV Movie Award,Best Movie,,Nominated
Black Hawk Down (movie),MTV Movie Award,Best Action Sequence,First helicopter crash,Nominated
Black Hawk Down (movie),Phoenix Film Critics Society Award,Best Acting Ensemble,Eric BanaEwen BremnerWilliam FichtnerJosh HartnettJason IsaacsEwan McGregorSam ShepardTom Sizemore,Nominated
Black Hawk Down (movie),Phoenix Film Critics Society Award,Best Cinematography,Slawomir Idziak,Nominated
Black Hawk Down (movie),Phoenix Film Critics Society Award,Best Film Editing,Pietro Scalia,Nominated
Black Hawk Down (movie),Teen Choice Award,Choice Movie Actor: Action/Drama,Josh Hartnett,Nominated
Black Hawk Down (movie),Teen Choice Award,Choice Movie: Action/Drama,,Nominated
Black Hawk Down (movie),World Soundtrack Award,Best Original Soundtrack of the Year,Hans Zimmer,Nominated
Black Hawk Down (movie),World Soundtrack Award,Soundtrack Composer of the Year,Hans Zimmer,Nominated
Black Hawk Down (movie),Writers Guild of America Award,Best Screenplay Based on Material Previously Produced or Published,Ken Nolan,Nominated
Black Hawk Down (movie),ASCAP Award,Top Box Office Films,Hans Zimmer (also for The Ring),Won
Black Hawk Down (movie),DVD Exclusive Award,"Best Overall DVD, New Movie (Including All Extra Features)",Charles de Lauzirika (Deluxe Edition),Nominated
