0,1,2,3
Academy Awards/Best Actress,Annette Bening,Nicole Allgood,The Kids Are All Right
Academy Awards/Best Actress,Nicole Kidman,Becca Corbett,Rabbit Hole
Academy Awards/Best Actress,Jennifer Lawrence,Ree Dolly,Winter's Bone
Academy Awards/Best Actress,Michelle Williams,Cindy Heller,Blue Valentine
Academy Awards/Best Actress,Glenn Close,Albert Nobbs,Albert Nobbs
Academy Awards/Best Actress,Viola Davis,Aibileen Clark,The Help
Academy Awards/Best Actress,Rooney Mara,Lisbeth Salander,The Girl with the Dragon Tattoo
Academy Awards/Best Actress,Michelle Williams,Marilyn Monroe,My Week with Marilyn
Academy Awards/Best Actress,Jessica Chastain,Maya Harris,Zero Dark Thirty
Academy Awards/Best Actress,Emmanuelle Riva,Anne Laurent,Amour
Academy Awards/Best Actress,Quvenzhané Wallis,Hushpuppy,Beasts of the Southern Wild
Academy Awards/Best Actress,Naomi Watts,Maria Bennett,The Impossible
Academy Awards/Best Actress,Amy Adams,Sydney Prosser / Lady Edith Greensly,American Hustle
Academy Awards/Best Actress,Sandra Bullock,Ryan Stone,Gravity
Academy Awards/Best Actress,Judi Dench,Philomena Lee,Philomena
Academy Awards/Best Actress,Meryl Streep,Violet Weston,August: Osage County
Academy Awards/Best Actress,Marion Cotillard,Sandra Bya,"Two Days, One Night"
Academy Awards/Best Actress,Felicity Jones,Jane Wilde Hawking,The Theory of Everything
Academy Awards/Best Actress,Rosamund Pike,Amy Elliott-Dunne,Gone Girl
Academy Awards/Best Actress,Reese Witherspoon,Cheryl Strayed,Wild
Academy Awards/Best Actress,Cate Blanchett,Carol Aird,Carol
Academy Awards/Best Actress,Jennifer Lawrence,Joy Mangano,Joy
Academy Awards/Best Actress,Charlotte Rampling,Kate Mercer,45 Years
Academy Awards/Best Actress,Saoirse Ronan,Eilis Lacey,Brooklyn
Academy Awards/Best Actress,Isabelle Huppert,Michèle Leblanc,Elle
Academy Awards/Best Actress,Ruth Negga,Mildred Loving,Loving
Academy Awards/Best Actress,Natalie Portman,"Jacqueline ""Jackie"" Kennedy",Jackie
Academy Awards/Best Actress,Meryl Streep,Florence Foster Jenkins,Florence Foster Jenkins
Academy Awards/Best Actress,Frances McDormand ,Mildred Hayes,"Three Billboards Outside Ebbing, Missouri"
Academy Awards/Best Actress,Sally Hawkins,Elisa Esposito,The Shape of Water
Academy Awards/Best Actress,Margot Robbie,Tonya Harding,"I, Tonya"
Academy Awards/Best Actress,Saoirse Ronan,"Christine ""Lady Bird"" McPherson",Lady Bird
Academy Awards/Best Actress,Meryl Streep,Katharine Graham,The Post
Academy Awards/Best Actress,Yalitza Aparicio,"Cleodegaria ""Cleo"" Gutiérrez",Roma
Academy Awards/Best Actress,Glenn Close,Joan Castleman,The Wife
Academy Awards/Best Actress,Lady Gaga,Ally Maine,A Star Is Born
Academy Awards/Best Actress,Melissa McCarthy," Leonore Carol ""Lee"" Israel",Can You Ever Forgive Me?
Academy Awards/Best Actress,Renée Zellweger ,Judy Garland,Judy
Academy Awards/Best Actress,Cynthia Erivo,Harriet Tubman,Harriet
Academy Awards/Best Actress,Scarlett Johansson,Nicole Barber,Marriage Story
Academy Awards/Best Actress,Saoirse Ronan,"Josephine ""Jo"" March",Little Women
Academy Awards/Best Actress,Charlize Theron,Megyn Kelly,Bombshell
