0,1,2,3,4,5
La vita e bella,21 March 1999,Best Original Screenplay,Roberto Benigni and Vincenzo Cerami,Nominated,
La vita e bella,21 March 1999,Best Foreign Language Film,Italy,Won,
La vita e bella,21 March 1999,"Best Music, Original Dramatic Score",Nicola Piovani,Won,
La vita e bella,1999,Best Foreign Film,"Roberto Benigni, Elda Ferri and Gianluigi Braschi",Won,
La vita e bella,11 April 1999,Best Film Not in the English Language,"Roberto Benigni, Elda Ferri and Gianluigi Braschi",Nominated,
La vita e bella,11 April 1999,Best Film Original Screenplay Writing,Roberto Benigni and Vincenzo Cerami,Nominated,
La vita e bella,11 April 1999,Best Film Actor in a Leading Role,Roberto Benigni,Won,
La vita e bella,13–24 May 1998,Grand Prize,Roberto Benigni,Won,
La vita e bella,6 March 1999,Best Foreign Film,Roberto Benigni,Won,
La vita e bella,19 January 1999,Best Movie,Nominated,,None
La vita e bella,19 January 1999,Best Movie in a Foreign Language,Roberto Benigni,Won,
La vita e bella,1998,Best Film,Roberto Benigni,Won,
La vita e bella,1998,Best Director,Won,Roberto Benigni,
La vita e bella,1998,Best Producer,Elda Ferri and Gianluigi Braschi,Won,
La vita e bella,1998,Best Script,Roberto Benigni and Vincenzo Cerami,Won,
La vita e bella,1998,Best Actor in a Leading Role,Roberto Benigni,Won,
La vita e bella,1998,Best Actor in a Supporting Role,Sergio Bustric,Nominated,
La vita e bella,1998,Best Cinematography,Tonino Delli Colli,Won,
La vita e bella,1998,Best Editing,Simona Paggi,Nominated,
La vita e bella,1998,Best Sound,Tullio Morganti,Nominated,
La vita e bella,1998,Best Score,Nicola Piovani,Nominated,
La vita e bella,1998,Best Production Design,Danilo Donati,Won,
La vita e bella,1998,Best Costumes,Danilo Donati,Won,
La vita e bella,1998,Scholars Jury David,Roberto Benigni,Won,
La vita e bella,7 December 1998,Best Film,Elda Ferri and Gianluigi Braschi,Won,
La vita e bella,7 December 1998,Best Leading Actor,Roberto Benigni,Won,
La vita e bella,1998,Best Jewish Experience,Won,,None
La vita e bella,7 March 1999,Outstanding Performance by an Ensemble in a Motion Picture,Cast,Nominated,
La vita e bella,7 March 1999,Outstanding Performance by a Male Actor in a Leading Role in a Motion Picture,Roberto Benigni,Won,
La vita e bella,10–19 September 1998,People's Choice Award,Roberto Benigni,Won,
