0,1,2,3
List of nominees for the Academy Award for Best Supporting Actress (by film title),Judith Anderson,Mrs. Danvers,Rebecca
List of nominees for the Academy Award for Best Supporting Actress (by film title),Ruth Hussey,Liz Imbrie,The Philadelphia Story
List of nominees for the Academy Award for Best Supporting Actress (by film title),Barbara O'Neil,"Françoise, Duchess de Praslin","All This, and Heaven Too"
List of nominees for the Academy Award for Best Supporting Actress (by film title),Marjorie Rambeau,Mamie Adams,Primrose Path
List of nominees for the Academy Award for Best Supporting Actress (by film title),Sara Allgood,Beth Morgan,How Green Was My Valley
List of nominees for the Academy Award for Best Supporting Actress (by film title),Patricia Collinge,Birdie Bagtry-Hubbard,The Little Foxes
List of nominees for the Academy Award for Best Supporting Actress (by film title),Teresa Wright,Alexandra Giddens,The Little Foxes
List of nominees for the Academy Award for Best Supporting Actress (by film title),Margaret Wycherly,Mary Brooks-York,Sergeant York
List of nominees for the Academy Award for Best Supporting Actress (by film title),Gladys Cooper,Mrs. Vale,"Now, Voyager"
List of nominees for the Academy Award for Best Supporting Actress (by film title),Agnes Moorehead,Fanny Minafer,The Magnificent Ambersons
List of nominees for the Academy Award for Best Supporting Actress (by film title),Susan Peters,Kitty Chilcet,Random Harvest
List of nominees for the Academy Award for Best Supporting Actress (by film title),May Whitty,Lady Beldon,Mrs. Miniver
List of nominees for the Academy Award for Best Supporting Actress (by film title),Gladys Cooper,Marie-Thérèse Vauzou,The Song of Bernadette
List of nominees for the Academy Award for Best Supporting Actress (by film title),Paulette Goddard,Joan O'Doul,So Proudly We Hail!
List of nominees for the Academy Award for Best Supporting Actress (by film title),Anne Revere,Louise Casterot-Soubirous,The Song of Bernadette
List of nominees for the Academy Award for Best Supporting Actress (by film title),Lucile Watson,Fanny Farrelly,Watch on the Rhine
List of nominees for the Academy Award for Best Supporting Actress (by film title),Jennifer Jones,Jane Deborah Hilton,Since You Went Away
List of nominees for the Academy Award for Best Supporting Actress (by film title),Angela Lansbury,Nancy Oliver,Gaslight
List of nominees for the Academy Award for Best Supporting Actress (by film title),Aline MacMahon,Ling Tan's Wife,Dragon Seed
List of nominees for the Academy Award for Best Supporting Actress (by film title),Agnes Moorehead,Aspasia Conti,Mrs. Parkington
List of nominees for the Academy Award for Best Supporting Actress (by film title),Eve Arden,Ida Corwin,Mildred Pierce
List of nominees for the Academy Award for Best Supporting Actress (by film title),Ann Blyth,Veda Pierce,Mildred Pierce
List of nominees for the Academy Award for Best Supporting Actress (by film title),Angela Lansbury,Sibyl Vane,The Picture of Dorian Gray
List of nominees for the Academy Award for Best Supporting Actress (by film title),Joan Lorring,Bessie Watty,The Corn Is Green
List of nominees for the Academy Award for Best Supporting Actress (by film title),Ethel Barrymore,Mrs. Warren,The Spiral Staircase
List of nominees for the Academy Award for Best Supporting Actress (by film title),Lillian Gish,Laura Belle McCanles,Duel in the Sun
List of nominees for the Academy Award for Best Supporting Actress (by film title),Flora Robson,Angelique Buiton,Saratoga Trunk
List of nominees for the Academy Award for Best Supporting Actress (by film title),Gale Sondergaard,Lady Thiang,Anna and the King of Siam
List of nominees for the Academy Award for Best Supporting Actress (by film title),Ethel Barrymore,Sophie Horfield,The Paradine Case
List of nominees for the Academy Award for Best Supporting Actress (by film title),Gloria Grahame,Ginny Tremaine,Crossfire
List of nominees for the Academy Award for Best Supporting Actress (by film title),Marjorie Main,Ma Kettle,The Egg and I
List of nominees for the Academy Award for Best Supporting Actress (by film title),Anne Revere,Mrs. Green,Gentleman's Agreement
List of nominees for the Academy Award for Best Supporting Actress (by film title),Barbara Bel Geddes,Katrin Hanson,I Remember Mama
List of nominees for the Academy Award for Best Supporting Actress (by film title),Ellen Corby,Trina,I Remember Mama
List of nominees for the Academy Award for Best Supporting Actress (by film title),Agnes Moorehead,Aggie McDonald,Johnny Belinda
List of nominees for the Academy Award for Best Supporting Actress (by film title),Jean Simmons,Ophelia,Hamlet
List of nominees for the Academy Award for Best Supporting Actress (by film title),Ethel Barrymore,Miss Em,Pinky
List of nominees for the Academy Award for Best Supporting Actress (by film title),Celeste Holm,Sister Scholastica,Come to the Stable
List of nominees for the Academy Award for Best Supporting Actress (by film title),Elsa Lanchester,Amelia Potts,Come to the Stable
List of nominees for the Academy Award for Best Supporting Actress (by film title),Ethel Waters,Dicey Johnson,Pinky
