0,1,2,3,4,5,6
Third cabinet Balkenende,Piet Hein Donner  (born 1948),Minister,Justice,,22 July 2002 –  21 September 2006   ,Christian  Democratic Appeal
Third cabinet Balkenende,Rita Verdonk  (born 1955),Minister,Justice,,21 September 2006 –  22 September 2006  ,People's Party  for Freedom and  Democracy
Third cabinet Balkenende,Dr.  Ernst Hirsch Ballin  (born 1950),Minister,Justice,,22 September 2006 –  14 October 2010  ,Christian  Democratic Appeal
Third cabinet Balkenende,Hans Hoogervorst  (born 1956),Minister,"Health, Welfare  and Sport",,27 May 2003 –  22 February 2007  ,People's Party  for Freedom and  Democracy
Third cabinet Balkenende,Maria van  der Hoeven  (born 1949),Minister,"Education, Culture  and Science",,22 July 2002 –  22 February 2007  ,Christian  Democratic Appeal
Third cabinet Balkenende,Sybilla Dekker  (born 1942),Minister,"Housing, Spatial  Planning and the  Environment",,23 May 2003 –  21 September 2006   ,People's Party  for Freedom and  Democracy
Third cabinet Balkenende,Karla Peijs  (born 1944),Minister,"Housing, Spatial  Planning and the  Environment",,21 September 2006 –  26 September 2006  ,Christian  Democratic Appeal
Third cabinet Balkenende,Dr.  Pieter Winsemius  (born 1942),Minister,"Housing, Spatial  Planning and the  Environment",,26 September 2006 –  22 February 2007,People's Party  for Freedom and  Democracy
Third cabinet Balkenende,Atzo Nicolaï  (1960–2020),Minister,Interior and  Kingdom Relations,• Civil Reform  • Municipalities  • Urban Planning  • Kingdom  Relations,7 July 2006 –  22 February 2007,People's Party  for Freedom and  Democracy
Third cabinet Balkenende,Agnes van  Ardenne  (born 1950),Minister,Foreign Affairs,• Development  Cooperation,27 May 2003 –  22 February 2007  ,Christian  Democratic Appeal
Third cabinet Balkenende,Rita Verdonk  (born 1955),Minister,Justice,• Immigration  and Asylum  • Integration  • Minorities,27 May 2003 –  14 December 2006  ,People's Party  for Freedom and  Democracy
Third cabinet Balkenende,Rita Verdonk  (born 1955),Minister,Justice,• Integration  • Youth Justice  • Penitentiaries  • Minorities,14 December 2006 –  22 February 2007,People's Party  for Freedom and  Democracy
Third cabinet Balkenende,Clémence Ross-  van Dorp  (born 1957),State Secretary,"Health, Welfare  and Sport",• Elderly Care  • Youth Care  • Disability Policy  • Medical Ethics  • Sport,22 July 2002 –  22 February 2007  ,Christian  Democratic Appeal
Third cabinet Balkenende,Bruno Bruins  (born 1963),State Secretary,"Education, Culture  and Science",• Higher  Education  • Adult  Education  • Science Policy,29 June 2006 –  22 February 2007  ,People's Party  for Freedom and  Democracy
Third cabinet Balkenende,Pieter van Geel  (born 1951),State Secretary,"Housing, Spatial  Planning and the  Environment",• Environmental  Policy,22 July 2002 –  22 February 2007  ,Christian  Democratic Appeal
