0,1,2,3,4,5
César award for Best foreign film,1980(5th),Apocalypse Now,Apocalypse Now, United States,Francis Ford Coppola
César award for Best foreign film,1980(5th),Hair,Hair, United States,Miloš Forman
César award for Best foreign film,1980(5th),The Tin Drum,Die Blechtrommel, West Germany,Volker Schlöndorff
César award for Best foreign film,1981(6th),Fame,Fame, United States,Alan Parker
César award for Best foreign film,1981(6th),Kramer vs. Kramer,Kramer vs. Kramer, United States,Robert Benton
César award for Best foreign film,1981(6th),The Rose,The Rose, United States,Mark Rydell
César award for Best foreign film,1982(7th),The Circle of Deceit,Die Fälschung, West Germany,Volker Schlöndorff
César award for Best foreign film,1982(7th),Raiders of the Lost Ark,Raiders of the Lost Ark, United States,Steven Spielberg
César award for Best foreign film,1982(7th),Man of Iron,Człowiek z żelaza, Poland,Andrzej Wajda
César award for Best foreign film,1983(8th),E.T. the Extra-Terrestrial,E.T. the Extra-Terrestrial, United States,Steven Spielberg
César award for Best foreign film,1983(8th),The French Lieutenant's Woman,The French Lieutenant's Woman, United Kingdom,Karel Reisz
César award for Best foreign film,1983(8th),The Way,Yol, Turkey,Serif Gören and Yilmaz Güney
César award for Best foreign film,1984(9th),Carmen,Carmen, Spain,Carlos Saura
César award for Best foreign film,1984(9th),The Gods Must Be Crazy,The Gods Must Be Crazy, South Africa,Jamie Uys
César award for Best foreign film,1984(9th),Tootsie,Tootsie, United States,Sydney Pollack
César award for Best foreign film,1985(10th),Amadeus,Amadeus, United States,Miloš Forman
César award for Best foreign film,1985(10th),"Greystoke: The Legend of Tarzan, Lord of the Apes","Greystoke: The Legend of Tarzan, Lord of the Apes", United Kingdom/ United States,Hugh Hudson
César award for Best foreign film,1985(10th),Maria's Lovers,Maria's Lovers, United States,Andrei Konchalovsky
César award for Best foreign film,1985(10th),"Paris, Texas","Paris, Texas", West Germany,Wim Wenders
César award for Best foreign film,1986(11th),Desperately Seeking Susan,Desperately Seeking Susan, United States,Susan Seidelman
César award for Best foreign film,1986(11th),The Killing Fields,The Killing Fields, United Kingdom,Roland Joffé
César award for Best foreign film,1986(11th),Ran,乱, Japan,Akira Kurosawa
César award for Best foreign film,1986(11th),Year of the Dragon,Year of the Dragon, United States,Michael Cimino
César award for Best foreign film,1987(12th),After Hours,After Hours, United States,Martin Scorsese
César award for Best foreign film,1987(12th),Hannah and Her Sisters,Hannah and Her Sisters, United States,Woody Allen
César award for Best foreign film,1987(12th),The Mission,The Mission, United Kingdom,Roland Joffé
César award for Best foreign film,1987(12th),Out of Africa,Out of Africa, United States,Sydney Pollack
César award for Best foreign film,1988(13th),Dark Eyes,Oci ciornie, Italy/ Soviet Union,Nikita Mikhalkov
César award for Best foreign film,1988(13th),Intervista,Intervista, Italy,Federico Fellini
César award for Best foreign film,1988(13th),The Untouchables,The Untouchables, United States,Brian De Palma
César award for Best foreign film,1988(13th),Wings of Desire,Der Himmel über Berlin, West Germany,Wim Wenders
César award for Best foreign film,1989(14th),Bird,Bird, United States,Clint Eastwood
César award for Best foreign film,1989(14th),Salaam Bombay!,सलाम बॉम्बे, India,Mira Nair
César award for Best foreign film,1989(14th),Who Framed Roger Rabbit,Who Framed Roger Rabbit, United States,Robert Zemeckis
