0,1,2,3,4,5
Alberto Iglesias,2021,Academy Award,Best Original Score,Parallel Mothers,Nominated
Alberto Iglesias,2007,Golden Globe Awards,Best Original Score,The Kite Runner,Nominated
Alberto Iglesias,2022,Golden Globe Awards,Best Original Score,Parallel Mothers,Nominated
Alberto Iglesias,2005,British Academy Film Awards,Best Original Music,The Constant Gardener,Nominated
Alberto Iglesias,2007,British Academy Film Awards,Best Original Music,The Kite Runner,Nominated
Alberto Iglesias,2011,British Academy Film Awards,Best Original Music,Tinker Tailor Soldier Spy,Nominated
Alberto Iglesias,1992,Goya Awards,Best Original Score,Vacas,Nominated
Alberto Iglesias,1993,Goya Awards,Best Original Score,La ardilla roja,Won
Alberto Iglesias,1996,Goya Awards,Best Original Score,Tierra,Won
Alberto Iglesias,1998,Goya Awards,Best Original Score,Los amantes del círculo polar,Won
Alberto Iglesias,1999,Goya Awards,Best Original Score,Todo sobre mi madre,Won
Alberto Iglesias,2001,Goya Awards,Best Original Score,Lucia y el sexo,Won
Alberto Iglesias,2002,Goya Awards,Best Original Score,Hable con ella,Won
Alberto Iglesias,2006,Goya Awards,Best Original Score,Volver,Won
Alberto Iglesias,2008,Goya Awards,Best Original Score,Che,Nominated
Alberto Iglesias,2009,Goya Awards,Best Original Score,Broken Embraces,Won
Alberto Iglesias,2010,Goya Awards,Best Original Score,Even the Rain,Won
Alberto Iglesias,2011,Goya Awards,Best Original Score,The Skin I Live In,Won
Alberto Iglesias,2015,Goya Awards,Best Original Score,Ma Ma,Nominated
Alberto Iglesias,2016,Goya Awards,Best Original Score,Julieta,Nominated
Alberto Iglesias,2017,Goya Awards,Best Original Score,The Summit,Nominated
Alberto Iglesias,2018,Goya Awards,Best Original Score,Yuli,Nominated
Alberto Iglesias,2019,Goya Awards,Best Original Score,Pain and Glory,Won
Alberto Iglesias,2021,Goya Awards,Best Original Score,Maixabel,Nominated
Alberto Iglesias,2019,Cannes Film Festival,Best Soundtrack,Pain and Glory,Won
Alberto Iglesias,2011,Hollywood Film Festival,Soundtrack Composer of the Year,Tinker Tailor Soldier Spy / The Skin I Live In,Won
Alberto Iglesias,2019,Platino Awards,Best Original Score,Yuli,Won
Alberto Iglesias,2004,World Soundtrack Awards,Soundtrack Composer of the Year,Bad Education,Nominated
Alberto Iglesias,2005,World Soundtrack Awards,Soundtrack Composer of the Year,The Constant Gardener,Won
Alberto Iglesias,2012,World Soundtrack Awards,Soundtrack Composer of the Year,Tinker Tailor Soldier Spy / The Skin I Live In,Won
