0,1,2,3,4
Chicago film critics association award for best supporting actor,1991,Danny Aiello,Once Around,Joe Bella
Chicago film critics association award for best supporting actor,1991,Ice Cube,Boyz n the Hood,"Darrin ""Doughboy"" Baker"
Chicago film critics association award for best supporting actor,1991,Laurence Fishburne,Boyz n the Hood,Furious Styles
Chicago film critics association award for best supporting actor,1991,John Goodman,Barton Fink,Charlie Meadows
Chicago film critics association award for best supporting actor,1991,Samuel L. Jackson,Jungle Fever,"""Gator"" Purify"
Chicago film critics association award for best supporting actor,1991,Michael Lerner,Barton Fink,Jack Lipnick
Chicago film critics association award for best supporting actor,1991,Jack Palance,City Slickers,Curly Washburn
Chicago film critics association award for best supporting actor,1991,Alan Rickman,Robin Hood: Prince of Thieves,Sheriff of Nottingham
Chicago film critics association award for best supporting actor,1992,Al Freeman Jr.,Malcolm X,Elijah Muhammad
Chicago film critics association award for best supporting actor,1992,Jeff Goldblum,Deep Cover,David Jason
Chicago film critics association award for best supporting actor,1992,Gene Hackman,Unforgiven,Little Bill Daggett
Chicago film critics association award for best supporting actor,1992,Al Pacino,Glengarry Glen Ross,Ricky Roma
Chicago film critics association award for best supporting actor,1993,Jeff Daniels,Gettysburg,Colonel Joshua Chamberlain
Chicago film critics association award for best supporting actor,1993,Tommy Lee Jones,The Fugitive,Marshal Samuel Gerard
Chicago film critics association award for best supporting actor,1993,John Malkovich,In the Line of Fire,Mitch Leary
Chicago film critics association award for best supporting actor,1993,Sean Penn,Carlito's Way,David Kleinfeld
Chicago film critics association award for best supporting actor,1994,Morgan Freeman,The Shawshank Redemption,"Ellis Boyd ""Red"" Redding"
Chicago film critics association award for best supporting actor,1994,Anthony Hopkins,The Road to Wellville,Dr. John Harvey Kellogg
Chicago film critics association award for best supporting actor,1994,Chazz Palminteri,Bullets Over Broadway,Cheech
Chicago film critics association award for best supporting actor,1994,Gary Sinise,Forrest Gump,Lt. Dan Taylor
Chicago film critics association award for best supporting actor,1994,John Turturro,Quiz Show,Herb Stempel
Chicago film critics association award for best supporting actor,1995,Don Cheadle,Devil in a Blue Dress,Mouse Alexander
Chicago film critics association award for best supporting actor,1995,Gene Hackman,Get Shorty,Harry Zimm
Chicago film critics association award for best supporting actor,1995,Ed Harris,Apollo 13,Gene Kranz
Chicago film critics association award for best supporting actor,1995,Delroy Lindo,Clockers,Rodney Little
Chicago film critics association award for best supporting actor,1996,Steve Buscemi,Fargo,Carl Showalter
Chicago film critics association award for best supporting actor,1996,Nathan Lane,The Birdcage,Albert Goldman
Chicago film critics association award for best supporting actor,1996,Edward Norton,Primal Fear,Aaron Stampler
Chicago film critics association award for best supporting actor,1996,James Woods,Ghosts of Mississippi,Byron De La Beckwith
Chicago film critics association award for best supporting actor,1997,Robert Forster,Jackie Brown,Max Cherry
Chicago film critics association award for best supporting actor,1997,Anthony Hopkins,Amistad,John Quincy Adams
Chicago film critics association award for best supporting actor,1997,Greg Kinnear,As Good as It Gets,Simon Bishop
Chicago film critics association award for best supporting actor,1997,Kevin Spacey,L.A. Confidential,Det. Sgt. Jack Vincennes
Chicago film critics association award for best supporting actor,1998,Michael Caine,Little Voice,Ray Say
Chicago film critics association award for best supporting actor,1998,Robert Duvall,A Civil Action,Jerome Facher
Chicago film critics association award for best supporting actor,1998,Bill Murray,Rushmore,Herman Blume
Chicago film critics association award for best supporting actor,1998,Nick Nolte,The Thin Red Line,Lt. Col. Gordon Tall
Chicago film critics association award for best supporting actor,1999,Michael Clarke Duncan,The Green Mile,John Coffey
Chicago film critics association award for best supporting actor,1999,John Malkovich,Being John Malkovich,John Horatio Malkovich
Chicago film critics association award for best supporting actor,1999,Haley Joel Osment,The Sixth Sense,Cole Sear
Chicago film critics association award for best supporting actor,1999,Christopher Plummer,The Insider,Mike Wallace
