0,1,2
NAACP Image Award for Outstanding Actor in a Motion Picture,Robert Guillaume,Wanted: Dead or Alive
NAACP Image Award for Outstanding Actor in a Motion Picture,Dexter Gordon,'Round Midnight
NAACP Image Award for Outstanding Actor in a Motion Picture,Robert Townsend,Hollywood Shuffle
NAACP Image Award for Outstanding Actor in a Motion Picture,Eddie Murphy,Beverly Hills Cop II
NAACP Image Award for Outstanding Actor in a Motion Picture,Gregory Hines,Off Limits
NAACP Image Award for Outstanding Actor in a Motion Picture,Eddie Murphy,Coming to America
NAACP Image Award for Outstanding Actor in a Motion Picture,Sidney Poitier,Shoot to Kill
NAACP Image Award for Outstanding Actor in a Motion Picture,Carl Weathers,Action Jackson
NAACP Image Award for Outstanding Actor in a Motion Picture,Spike Lee,Do the Right Thing
NAACP Image Award for Outstanding Actor in a Motion Picture,Denzel Washington,The Mighty Quinn
NAACP Image Award for Outstanding Actor in a Motion Picture,Gregory Hines,Tap
NAACP Image Award for Outstanding Actor in a Motion Picture,Danny Glover,Lethal Weapon 2
