0,1,2,3,4
Outstanding Main Title Theme Music,2000(52nd),Falcone,Jay Gruska,CBS
Outstanding Main Title Theme Music,2000(52nd),Jack London's Call of the Wild,Hal Foxton Beckett,Animal Planet
Outstanding Main Title Theme Music,2000(52nd),Jack of All Trades,Joseph LoDuca,Syndicated
Outstanding Main Title Theme Music,2000(52nd),The Pretender,Velton Ray Bunch and Mark Leggett,NBC
Outstanding Main Title Theme Music,2001(53rd),Big Apple,Marc Bonilla,CBS
Outstanding Main Title Theme Music,2001(53rd),Soul Food,Kenneth Edmonds and Al Green,Showtime
Outstanding Main Title Theme Music,2001(53rd),Survivor,Russ Landau,CBS
Outstanding Main Title Theme Music,2001(53rd),Thoroughbred,Michael Josephs,Animal Planet
Outstanding Main Title Theme Music,2002(54th),A Day in Their Lives,Mark Leggett,History
Outstanding Main Title Theme Music,2002(54th),First Monday,Bruce Broughton,CBS
Outstanding Main Title Theme Music,2002(54th),Justice League,Lolita Ritmanis,Cartoon Network
Outstanding Main Title Theme Music,2002(54th),Wolf Lake,David Schwartz,CBS
Outstanding Main Title Theme Music,2003(55th),Boomtown,Philip Giffin,NBC
Outstanding Main Title Theme Music,2003(55th),Everwood,Blake Neely,The WB
Outstanding Main Title Theme Music,2003(55th),Miracles,W. G. Snuffy Walden and Joseph Williams,ABC
Outstanding Main Title Theme Music,2003(55th),Penn and Teller: Bullshit!,Gary Stockdale,Showtime
Outstanding Main Title Theme Music,2004(56th),Deadwood,David Schwartz,HBO
Outstanding Main Title Theme Music,2004(56th),Monster House,Daniel Mackenzie,Discovery
Outstanding Main Title Theme Music,2004(56th),Nip/Tuck,"Jeffrey Cain, Cedric Lemoyne, and Gregory Slay",FX
Outstanding Main Title Theme Music,2004(56th),Two and a Half Men,"Lee Aronsohn, Grant Geissman, and Chuck Lorre",CBS
Outstanding Main Title Theme Music,2005(57th),Foster's Home for Imaginary Friends,James Venable,Cartoon Network
Outstanding Main Title Theme Music,2005(57th),Huff,W. G. Snuffy Walden,Showtime
Outstanding Main Title Theme Music,2005(57th),Justice League Unlimited,Michael McCuistion,Cartoon Network
Outstanding Main Title Theme Music,2005(57th),Stargate Atlantis,Joel Goldsmith,Sci Fi
Outstanding Main Title Theme Music,2006(58th),Get Ed,Amin Bhatia and Ari Posner,Toon Disney
Outstanding Main Title Theme Music,2006(58th),Over There,Chris Gerolmo,FX
Outstanding Main Title Theme Music,2006(58th),Prison Break,Ramin Djawadi,Fox
Outstanding Main Title Theme Music,2006(58th),Rome,Jeff Beal,HBO
Outstanding Main Title Theme Music,2007(59th),Dexter,Rolfe Kent,Showtime
Outstanding Main Title Theme Music,2007(59th),Hu$tle,Simon Rogers,AMC
Outstanding Main Title Theme Music,2007(59th),On the Lot,Mark Williams and Jeff Lippencott,Fox
Outstanding Main Title Theme Music,2007(59th),30 Rock,Jeff Richmond,NBC
Outstanding Main Title Theme Music,2008(60th),Canterbury's Law,Tree Adams,Fox
Outstanding Main Title Theme Music,2008(60th),Kid Nation,Jeff Lippencott and Mark Williams,CBS
Outstanding Main Title Theme Music,2008(60th),Phineas and Ferb,"Dan Povenmire, Jeff ""Swampy"" Marsh, Michael Hirano Culross, Carl Hill Williams, and Michael Walker",Disney
Outstanding Main Title Theme Music,2008(60th),Saving Grace,"Eric ""Everlast"" Schrody",TNT
Outstanding Main Title Theme Music,2009(61st),The Mole,David Michael Frank,ABC
Outstanding Main Title Theme Music,2009(61st),Sons of Anarchy,"Bob Thiele, Dave Kushner, Curtis Stigers, and Kurt Sutter",FX
Outstanding Main Title Theme Music,2009(61st),Story Makers,Bill Sherman,AMC
Outstanding Main Title Theme Music,2009(61st),United States of Tara,Tim DeLaughter,Showtime
