0,1,2,3,4,5,6,7
2017 ARCA Racing Series,Music City 200,Kyle Weatherman,Kyle Weatherman,Chad Finley,Chevrolet,51,Chad Finley Racing
2017 ARCA Racing Series,Kentuckiana Ford Dealers 200,Travis Miller,Christian Eckes,Dalton Sargeant,Ford,77,Cunningham Motorsports
2017 ARCA Racing Series,General Tire 200,Dalton Sargeant,Austin Theriault,Justin Haley,Toyota,28,MDM Motorsports
2017 ARCA Racing Series,Menards 200,Dalton Sargeant,Dalton Sargeant,Harrison Burton,Toyota,28,MDM Motorsports
2017 ARCA Racing Series,General Tire#AnywhereIsPossible 200,Brandon Jones,Riley Herbst,Riley Herbst,Toyota,18,Joe Gibbs Racing
2017 ARCA Racing Series,Corrigan Oil 200,Brandon Jones,Kyle Weatherman,Brandon Jones,Chevrolet,8,MDM Motorsports
2017 ARCA Racing Series,Montgomery Ward 200,Dalton Sargeant,Austin Theriault,Austin Theriault,Toyota,52,Ken Schrader Racing
2017 ARCA Racing Series,Fans With Benefits 150,Shane Lee,Shane Lee,Dalton Sargeant,Ford,77,Cunningham Motorsports
2017 ARCA Racing Series,Sioux Chief PowerPEX 200,Austin Cindric,Chad Finley,Dalton Sargeant,Ford,77,Cunningham Motorsports
2017 ARCA Racing Series,ModSpace 150,Kaz Grala,Kaz Grala,Justin Haley,Chevrolet,78,Mason Mitchell Motorsports
2017 ARCA Racing Series,Winchester ARCA 200,Kyle Benjamin,Kyle Benjamin,Kyle Benjamin,Toyota,28,MDM Motorsports
2017 ARCA Racing Series,Herr's Potato Chips 100,Austin Theriault,Grant Enfinger,Grant Enfinger,Chevrolet,16,Allgaier Motorsports
2017 ARCA Racing Series,Eddie Gilstrap Motors Fall Classic 200,Zane Smith,Austin Theriault,Austin Theriault,Ford,52,Ken Schrader Racing
2017 ARCA Racing Series,Scott 150,Brandon Jones,Ty Majeski,Christopher Bell,Toyota,25,Venturini Motorsports
2017 ARCA Racing Series,Kansas 150,Zane Smith,Sheldon Creed,Michael Self,Chevrolet,28,MDM Motorsports
