0,1,2,3,4
Rocky (film),Academy Awards,Best Original Screenplay,Sylvester Stallone,Nominated
Rocky (film),Academy Awards,Best Film Editing,Richard Halsey and Scott Conrad,Won
Rocky (film),Academy Awards,Best Original Song,"""Gonna Fly Now""  Music by Bill Conti;  Lyrics by Carol Connors and Ayn Robbins",Nominated
Rocky (film),British Academy Film Awards,Best Film,Best Film,Nominated
Rocky (film),British Academy Film Awards,Best Direction,John G. Avildsen,Nominated
Rocky (film),British Academy Film Awards,Best Actor in a Leading Role,Sylvester Stallone,Nominated
Rocky (film),British Academy Film Awards,Best Screenplay,Sylvester Stallone,Nominated
Rocky (film),British Academy Film Awards,Best Editing,Richard Halsey,Nominated
Rocky (film),Golden Globe Awards,Best Motion Picture – Drama,Best Motion Picture – Drama,Won
Rocky (film),Golden Globe Awards,Best Actor in a Motion Picture – Drama,Sylvester Stallone,Nominated
Rocky (film),Golden Globe Awards,Best Actress in a Motion Picture – Drama,Talia Shire,Nominated
Rocky (film),Golden Globe Awards,Best Director,John G. Avildsen,Nominated
Rocky (film),Golden Globe Awards,Best Screenplay,Sylvester Stallone,Nominated
Rocky (film),Golden Globe Awards,Best Original Score,Bill Conti,Nominated
