0,1,2,3
Logie Award for Most Popular New Female Talent,Rebecca Cartwright,Home and Away,Seven Network
Logie Award for Most Popular New Female Talent,Libby Tanner,All Saints,Seven Network
Logie Award for Most Popular New Female Talent,Dr. Katrina Warren,Harry's Practice,Seven Network
Logie Award for Most Popular New Female Talent,Holly Valance,Neighbours,Network Ten
Logie Award for Most Popular New Female Talent,Kylie Watson,Home and Away,Seven Network
Logie Award for Most Popular New Female Talent,Aleetza Wood,Home and Away,Seven Network
Logie Award for Most Popular New Female Talent,Tammin Sursok,Home and Away,Seven Network
Logie Award for Most Popular New Female Talent,Caroline Craig,Blue Heelers,Seven Network
Logie Award for Most Popular New Female Talent,Madeleine West,Neighbours,Network Ten
Logie Award for Most Popular New Female Talent,Karina Brown,Sale of the Century,Nine Network
Logie Award for Most Popular New Female Talent,Michala Banas,Always Greener,Seven Network
Logie Award for Most Popular New Female Talent,Sibylla Budd,The Secret Life of Us,Network Ten
Logie Award for Most Popular New Female Talent,Stephanie Chaves-Jacobsen,Home and Away,Seven Network
Logie Award for Most Popular New Female Talent,Jessica Gower,The Secret Life of Us,Network Ten
Logie Award for Most Popular New Female Talent,Delta Goodrem,Neighbours,Network Ten
Logie Award for Most Popular New Female Talent,Michelle Ang,Neighbours,Network Ten
Logie Award for Most Popular New Female Talent,Mieke Buchan,—,Fox8
Logie Award for Most Popular New Female Talent,Mieke Buchan,—,SBS World Sports
Logie Award for Most Popular New Female Talent,Mieke Buchan,—,National Geographic Channel
Logie Award for Most Popular New Female Talent,Alexandra Davies,Young Lions,Nine Network
Logie Award for Most Popular New Female Talent,Jodie Dry,White Collar Blue,Network Ten
Logie Award for Most Popular New Female Talent,Isabel Lucas,Home and Away,Seven Network
Logie Award for Most Popular New Female Talent,Simmone Jade Mackinnon,McLeod's Daughters,Nine Network
Logie Award for Most Popular New Female Talent,Stephanie McIntosh,Neighbours,Network Ten
Logie Award for Most Popular New Female Talent,Katrina Milosevic,Stingers,Nine Network
Logie Award for Most Popular New Female Talent,Amy Mizzi,Home and Away,Seven Network
Logie Award for Most Popular New Female Talent,Natalie Blair,Neighbours,Network Ten
Logie Award for Most Popular New Female Talent,Indiana Evans,Home and Away,Seven Network
Logie Award for Most Popular New Female Talent,Rachel Gordon,Blue Heelers,Seven Network
Logie Award for Most Popular New Female Talent,Natalie Saleeba,All Saints,Seven Network
Logie Award for Most Popular New Female Talent,Samantha Tolj,Blue Heelers,Seven Network
Logie Award for Most Popular New Female Talent,Jodi Gordon,Home and Away,Seven Network
Logie Award for Most Popular New Female Talent,Pippa Black,Neighbours,Network Ten
Logie Award for Most Popular New Female Talent,Jennifer Hawkins,The Great Outdoors,Seven Network
Logie Award for Most Popular New Female Talent,Rachael Taylor,headland,Seven Network
Logie Award for Most Popular New Female Talent,Sharni Vinson,Home and Away,Seven Network
Logie Award for Most Popular New Female Talent,Amy Mathews,Home and Away,Seven Network
Logie Award for Most Popular New Female Talent,Jolene Anderson,All Saints,Seven Network
Logie Award for Most Popular New Female Talent,Brooke Hanson,What's Good For You,Nine Network
Logie Award for Most Popular New Female Talent,Michelle Langstone,McLeod's Daughters,Nine Network
Logie Award for Most Popular New Female Talent,Jessica Tovey,Home and Away,Seven Network
Logie Award for Most Popular New Female Talent,Charlotte Best,Home and Away,Seven Network
Logie Award for Most Popular New Female Talent,Tammy Clarkson,The Circuit,SBS
Logie Award for Most Popular New Female Talent,Adelaide Kane,Neighbours,Network Ten
Logie Award for Most Popular New Female Talent,Zoe Ventoura,Kick,SBS
Logie Award for Most Popular New Female Talent,Kirsty Lee Allan,Sea Patrol,Nine Network
Logie Award for Most Popular New Female Talent,Rebecca Breeds,Home and Away,Seven Network
Logie Award for Most Popular New Female Talent,Ricki-Lee Coulter,Australian Idol,Network Ten
Logie Award for Most Popular New Female Talent,Margot Robbie,Neighbours,Network Ten
Logie Award for Most Popular New Female Talent,Kate Bell,Home and Away,Seven Network
Logie Award for Most Popular New Female Talent,Ashleigh Brewer,Neighbours,Network Ten
Logie Award for Most Popular New Female Talent,Mirrah Foulkes,All Saints: Medical Response Unit,Seven Network
Logie Award for Most Popular New Female Talent,Katherine Hicks,Rescue: Special Ops,Nine Network
Logie Award for Most Popular New Female Talent,Emma Booth,Underbelly: The Golden Mile,Nine Network
Logie Award for Most Popular New Female Talent,Julie Goodwin,Home Cooked! with Julie Goodwin,Nine Network
Logie Award for Most Popular New Female Talent,Poh Ling Yeow,Poh's Kitchen,ABC1
Logie Award for Most Popular New Female Talent,Hannah Marshall,Packed to the Rafters,Seven Network
Logie Award for Most Popular New Female Talent,Melissa Bergland,Winners & Losers,Seven Network
Logie Award for Most Popular New Female Talent,Anna McGahan,Underbelly: Razor,Nine Network
Logie Award for Most Popular New Female Talent,Chelsie Preston Crayford,Underbelly: Razor,Nine Network
Logie Award for Most Popular New Female Talent,Demi Harman,Home and Away,Seven Network
Logie Award for Most Popular New Female Talent,Tiffiny Hall,The Biggest Loser Australia,Network Ten
Logie Award for Most Popular New Female Talent,Clare Bowditch,Offspring,Network Ten
Logie Award for Most Popular New Female Talent,Annabel Crabb,Kitchen Cabinet,ABC2
Logie Award for Most Popular New Female Talent,Catherine Mack,Home and Away,Seven Network
Logie Award for Most Popular New Female Talent,Edwina Royce,House Husbands,Nine Network
