0,1,2,3,4,5
Peter Smith Kingsley,2000,BAFTA Awards,Best Film,William HorbergTom Sternberg,Nominated
Peter Smith Kingsley,2000,BAFTA Awards,Best Direction,Anthony Minghella,Nominated
Peter Smith Kingsley,2000,BAFTA Awards,Best Actor in a Supporting Role,Jude Law,Won
Peter Smith Kingsley,2000,BAFTA Awards,Best Actress in a Supporting Role,Cate Blanchett,Nominated
Peter Smith Kingsley,2000,BAFTA Awards,Best Adapted Screenplay,Anthony Minghella,Nominated
Peter Smith Kingsley,2000,BAFTA Awards,Best Cinematography,John Seale,Nominated
Peter Smith Kingsley,2000,BAFTA Awards,Best Film Music,Gabriel Yared,Nominated
Peter Smith Kingsley,2000,Berlin International Film Festival,Golden Bear,Anthony Minghella,Nominated
Peter Smith Kingsley,2000,Broadcast Film Critics Association Awards,Best Film,The Talented Mr. Ripley,Nominated
Peter Smith Kingsley,2000,Broadcast Film Critics Association Awards,Best Composer,Gabriel Yared,Won
Peter Smith Kingsley,2000,Chicago Film Critics Association Awards,Best Cinematography,John Seale,Nominated
Peter Smith Kingsley,2001,Empire Awards,Best British Actor,Jude Law,Nominated
Peter Smith Kingsley,2000,Golden Globe Awards,Best Motion Picture – Drama,The Talented Mr. Ripley,Nominated
Peter Smith Kingsley,2000,Golden Globe Awards,Best Actor – Motion Picture Drama,Matt Damon,Nominated
Peter Smith Kingsley,2000,Golden Globe Awards,Best Supporting Actor – Motion Picture,Jude Law,Nominated
Peter Smith Kingsley,2000,Golden Globe Awards,Best Director,Anthony Minghella,Nominated
Peter Smith Kingsley,2000,Golden Globe Awards,Best Original Score,Gabriel Yared,Nominated
Peter Smith Kingsley,2000,Las Vegas Film Critics Society Awards,Best Film,The Talented Mr. Ripley,Nominated
Peter Smith Kingsley,2000,Las Vegas Film Critics Society Awards,Best Director,Anthony Minghella,Nominated
Peter Smith Kingsley,2000,Las Vegas Film Critics Society Awards,Best Actor,Matt Damon,Nominated
Peter Smith Kingsley,2000,Las Vegas Film Critics Society Awards,Best Screenplay,Anthony Minghella,Nominated
Peter Smith Kingsley,2000,Las Vegas Film Critics Society Awards,Best Score,Gabriel Yared,Nominated
Peter Smith Kingsley,2000,Las Vegas Film Critics Society Awards,Best Cinematography,John Seale,Nominated
Peter Smith Kingsley,2000,London Film Critics Circle Awards,British Supporting Actor of the Year,Jude Law,Nominated
Peter Smith Kingsley,2000,London Film Critics Circle Awards,British Screenwriter of the Year,Anthony Minghella,Nominated
Peter Smith Kingsley,2000,MTV Movie Awards,Best Musical Sequence,Matt DamonRosario FiorelloJude Law,Nominated
Peter Smith Kingsley,2000,MTV Movie Awards,Best Villain,Matt Damon,Nominated
Peter Smith Kingsley,2000,National Board of Review Awards,Top Ten Films,The Talented Mr. Ripley,Nominated
Peter Smith Kingsley,2000,National Board of Review Awards,Best Director,Anthony Minghella,Won
Peter Smith Kingsley,2000,National Board of Review Awards,Best Supporting Actor,Philip Seymour Hoffman,Won
Peter Smith Kingsley,2000,Online Film Critics Society Awards,Best Adapted Screenplay,Anthony Minghella,Nominated
Peter Smith Kingsley,1999,Satellite Awards,Best Film,The Talented Mr. Ripley,Nominated
Peter Smith Kingsley,1999,Satellite Awards,Best Director,Anthony Minghella,Nominated
Peter Smith Kingsley,1999,Satellite Awards,Best Supporting Actor – Motion Picture Drama,Jude Law,Nominated
Peter Smith Kingsley,1999,Satellite Awards,Best Adapted Screenplay,Anthony Minghella,Nominated
Peter Smith Kingsley,1999,Satellite Awards,Best Cinematography,John Seale,Nominated
Peter Smith Kingsley,1999,Satellite Awards,Best Editing,Walter Murch,Nominated
Peter Smith Kingsley,2000,Teen Choice Awards,Choice Movie: Actor,Matt Damon,Nominated
Peter Smith Kingsley,2000,Teen Choice Awards,Choice Movie: Breakout Star,Jude Law,Nominated
Peter Smith Kingsley,2000,Teen Choice Awards,Choice Movie: Drama,The Talented Mr. Ripley,Nominated
Peter Smith Kingsley,2000,Teen Choice Awards,Choice Movie: Liar,Matt Damon,Nominated
Peter Smith Kingsley,2000,Writers Guild of America Awards,Best Adapted Screenplay,Anthony Minghella,Nominated
