0,1,2,3,4,5,6
Tom Hollander,2012,Best Male Comedy Performance,BAFTA Awards,Nominated,Rev.,
Tom Hollander,2015,Best Male Comedy Performance,BAFTA Awards,Nominated,Rev.,
Tom Hollander,2017,BAFTA Awards,Best Supporting Actor,The Night Manager,Won,
Tom Hollander,2005,British Independent Film Award,Best Supporting Actor,Libertine,Nominated,
Tom Hollander,2009,British Independent Film Award,Best Supporting Actor,In the Loop,Nominated,
Tom Hollander,2005,Evening Standard British Film Awards,Peter Sellers Award for Comedy,Pride and Prejudice,Won,
Tom Hollander,2005,London Critics Circle Film Awards,British Supporting Actor,Pride and Prejudice,Won,
Tom Hollander,2018,Screen Actors Guild Awards,Outstanding Cast in a Motion Picture,Bohemian Rhapsody,Nominated,
Tom Hollander,2023,Screen Actors Guild Awards,Outstanding Ensemble in a Drama Series,The White Lotus: Sicily,Won,
Tom Hollander,2018,Tony Award,Best Actor in a Play,Travesties,Nominated,
Tom Hollander,2018,Drama Desk Award,Outstanding Actor in a Play,Travesties,Nominated,
Tom Hollander,2018,Drama League Award,Distinguished Performance,Travesties,Nominated,
Tom Hollander,2018,Outer Critics Circle Award,Outstanding Actor in a Play,Travesties,Nominated,
Tom Hollander,2017,Laurence Olivier Awards,Best Actor,Travesties,Nominated,None
Tom Hollander,2023,Laurence Olivier Awards,Best Actor,Patriots,Nominated,None
