0,1,2,3,4,5
Empire award for best actress,2000 (5th),Nicole Kidman,Alice Harford,Eyes Wide Shut,
Empire award for best actress,2000 (5th),Rene Russo,Catherine Banning,The Thomas Crown Affair,
Empire award for best actress,2000 (5th),Sophie Marceau,Elektra King,The World Is Not Enough,
Empire award for best actress,2000 (5th),Toni Collette,Lynn Sear,The Sixth Sense,
Empire award for best actress,2001 (6th),Angelina Jolie,Lisa Rowe,"Girl, Interrupted",
Empire award for best actress,2001 (6th),Hilary Swank,Brandon Teena,Boys Don't Cry,
Empire award for best actress,2001 (6th),Julia Roberts,Erin Brockovich,Erin Brockovich,
Empire award for best actress,2001 (6th),Kate Winslet,"Madeleine ""Maddy"" LeClerc",Quills,
Empire award for best actress,2002 (7th),Audrey Tautou,Amélie Poulain,Amélie,"
"
Empire award for best actress,2002 (7th),Frances O'Connor,Monica Swinton,A.I. Artificial Intelligence,"
"
Empire award for best actress,2002 (7th),Nicole Kidman,Grace Stewart,The Others,"
"
Empire award for best actress,2002 (7th),Renée Zellweger,Bridget Jones,Bridget Jones's Diary,"
"
Empire award for best actress,2003 (8th),Halle Berry,"Giacinta ""Jinx"" Johnson",Die Another Day,
Empire award for best actress,2003 (8th),Hilary Swank,Det. Ellie Burr,Insomnia,
Empire award for best actress,2003 (8th),Jennifer Connelly,Alicia Nash,A Beautiful Mind,
Empire award for best actress,2003 (8th),Miranda Otto,Éowyn,The Lord of the Rings: The Two Towers,
Empire award for best actress,2004 (9th),Uma Thurman,The Bride,Kill Bill: Volume 1,
Empire award for best actress,2004 (9th),Cate Blanchett,Veronica Guerin,Veronica Guerin,
Empire award for best actress,2004 (9th),Julianne Moore,Cathy Whitaker,Far from Heaven,
Empire award for best actress,2004 (9th),Maggie Gyllenhaal,Lee Holloway,Secretary,
Empire award for best actress,2004 (9th),Nicole Kidman,Ada Monroe,Cold Mountain,
Empire award for best actress,2005 (10th),Bryce Dallas Howard,Ivy Elizabeth Walker,The Village,
Empire award for best actress,2005 (10th),Cate Blanchett,Katharine Hepburn,The Aviator,
Empire award for best actress,2005 (10th),Kirsten Dunst,Mary Jane Watson,Spider-Man 2,
Empire award for best actress,2005 (10th),Uma Thurman,The Bride / Beatrix Kiddo,Kill Bill: Volume 2,
Empire award for best actress,2006 (11th),Hilary Swank,"Mary Margaret ""Maggie"" Fitzgerald",Million Dollar Baby,"
"
Empire award for best actress,2006 (11th),Keira Knightley,Elizabeth Bennet,Pride & Prejudice,"
"
Empire award for best actress,2006 (11th),Naomi Watts,Ann Darrow,King Kong,"
"
Empire award for best actress,2006 (11th),Renée Zellweger,Mae Braddock,Cinderella Man,"
"
Empire award for best actress,2007 (12th),Penélope Cruz,Raimunda,Volver,
Empire award for best actress,2007 (12th),Helen Mirren,Queen Elizabeth II,The Queen,
Empire award for best actress,2007 (12th),Kate Winslet,Sarah Pierce,Little Children,
Empire award for best actress,2007 (12th),Keira Knightley,Elizabeth Swann,Pirates of the Caribbean: Dead Man's Chest,
Empire award for best actress,2007 (12th),Reese Witherspoon,June Carter,Walk the Line,
Empire award for best actress,2008 (13th),Angelina Jolie,Mariane Pearl,A Mighty Heart,
Empire award for best actress,2008 (13th),Cate Blanchett,Queen Elizabeth I,Elizabeth: The Golden Age,
Empire award for best actress,2008 (13th),Emma Watson,Hermione Granger,Harry Potter and the Order of the Phoenix,
Empire award for best actress,2008 (13th),Katherine Heigl,Alison Scott,Knocked Up,
Empire award for best actress,2009 (14th),Helena Bonham Carter,Mrs. Lovett,Sweeney Todd: The Demon Barber of Fleet Street,
Empire award for best actress,2009 (14th),Angelina Jolie,Christine Collins,Changeling,
Empire award for best actress,2009 (14th),Elliot Page,Juno MacGuff,Juno,
Empire award for best actress,2009 (14th),Olga Kurylenko,Camille Montes,Quantum of Solace,
Empire award for best actress,2009 (14th),Sally Hawkins,"Pauline ""Poppy"" Cross",Happy-Go-Lucky,
