0,1,2,3,4,5
Cesar Award for Best Actress in a Supporting Role,1990(15th),Suzanne Flon,La Vouivre,La Vouivre,Louise Muselier
Cesar Award for Best Actress in a Supporting Role,1990(15th),Clémentine Célarié,Indian Nocturne,Nocturne indien,Christine
Cesar Award for Best Actress in a Supporting Role,1990(15th),Sabine Haudepin,Force majeure,Force majeure,Jeanne
Cesar Award for Best Actress in a Supporting Role,1990(15th),Ludmila Mikaël,White Wedding,Noce blanche,Catherine Hainaut
Cesar Award for Best Actress in a Supporting Role,1990(15th),Micheline Presle,I Want to Go Home,I Want to Go Home,Isabelle Gauthier
Cesar Award for Best Actress in a Supporting Role,1991(16th),Catherine Jacob,Tatie Danielle,Tatie Danielle,Catherine Billard
Cesar Award for Best Actress in a Supporting Role,1991(16th),Odette Laure,Daddy Nostalgie,Daddy Nostalgie,Miche
Cesar Award for Best Actress in a Supporting Role,1991(16th),Danièle Lebrun,Uranus,Uranus,Mrs. Archambaud
Cesar Award for Best Actress in a Supporting Role,1991(16th),Thérèse Liotard,My Father's Glory,La Gloire de mon père,Aunt Rose
Cesar Award for Best Actress in a Supporting Role,1991(16th),Thérèse Liotard,My Mother's Castle,Le Château de ma mère,Aunt Rose
Cesar Award for Best Actress in a Supporting Role,1992(17th),Jane Birkin,The Beautiful Troublemaker,La Belle Noiseuse,Liz Frenhofer
Cesar Award for Best Actress in a Supporting Role,1992(17th),Catherine Jacob,Thank You Life,Merci la vie,Evangéline Pelleveau
Cesar Award for Best Actress in a Supporting Role,1992(17th),Valérie Lemercier,L'Opération Corned-Beef,L'Opération Corned-Beef,Marie-Laurence Granianski
Cesar Award for Best Actress in a Supporting Role,1992(17th),Hélène Vincent,I Don't Kiss,J'embrasse pas,Evelyne
Cesar Award for Best Actress in a Supporting Role,1993(18th),Brigitte Catillon,A Heart in Winter,Un cœur en hiver,Regine
Cesar Award for Best Actress in a Supporting Role,1993(18th),Michèle Laroque,The Crisis,La Crise,Martine
Cesar Award for Best Actress in a Supporting Role,1993(18th),Maria Pacôme,The Crisis,La Crise,Mrs. Barelle
Cesar Award for Best Actress in a Supporting Role,1993(18th),Zabou Breitman,The Crisis,La Crise,Isa Barelle
Cesar Award for Best Actress in a Supporting Role,1994(19th),Valérie Lemercier,The Visitors,Les Visiteurs,Frénégonde de Pouille / Béatrice de Montmirail
Cesar Award for Best Actress in a Supporting Role,1994(19th),Myriam Boyer,"1, 2, 3, Sun","Un, deux, trois, soleil",Daniela Laspada
Cesar Award for Best Actress in a Supporting Role,1994(19th),Judith Henry,Germinal,Germinal,Catherine Maheu
Cesar Award for Best Actress in a Supporting Role,1994(19th),Marie Trintignant,Les Marmottes,Les Marmottes,Lucie
Cesar Award for Best Actress in a Supporting Role,1994(19th),Marthe Villalonga,My Favourite Season,Ma saison préférée,Berthe
Cesar Award for Best Actress in a Supporting Role,1995(20th),Dominique Blanc,Queen Margot,La Reine Margot,Henriette de Nevers
Cesar Award for Best Actress in a Supporting Role,1995(20th),Catherine Jacob,Neuf mois,Neuf mois,Dominique
Cesar Award for Best Actress in a Supporting Role,1995(20th),Michèle Moretti,Wild Reeds,Les Roseaux sauvages,Madame Alvarez
Cesar Award for Best Actress in a Supporting Role,1995(20th),Line Renaud,I Can't Sleep,J'ai pas sommeil,Ninon
Cesar Award for Best Actress in a Supporting Role,1996(21st),Annie Girardot,Les Misérables,Les Misérables,Madame Thénardier
Cesar Award for Best Actress in a Supporting Role,1996(21st),Jacqueline Bisset,The Ceremony,La Cérémonie,Catherine Lelièvre
Cesar Award for Best Actress in a Supporting Role,1996(21st),Clotilde Courau,Élisa,Élisa,Solange
Cesar Award for Best Actress in a Supporting Role,1996(21st),Carmen Maura,Happiness Is in the Field,Le Bonheur est dans le pré,Dolores Thivart
Cesar Award for Best Actress in a Supporting Role,1996(21st),Claire Nadeau,Nelly and Mr. Arnaud,Nelly & Monsieur Arnaud,Jacqueline
Cesar Award for Best Actress in a Supporting Role,1997(22nd),Valeria Bruni Tedeschi,My Man,Mon homme,Sanguine
Cesar Award for Best Actress in a Supporting Role,1997(22nd),Agnès Jaoui,Family Resemblances,Un air de famille,Betty Ménard
Cesar Award for Best Actress in a Supporting Role,1997(22nd),Sandrine Kiberlain,A Self Made Hero,Un héros très discret,Yvette
Cesar Award for Best Actress in a Supporting Role,1997(22nd),Michèle Laroque,Pédale douce,Pédale douce,Marie Hagutte
Cesar Award for Best Actress in a Supporting Role,1998(23rd),Agnès Jaoui,Same Old Song,On connaît la chanson,Camille Lalande
Cesar Award for Best Actress in a Supporting Role,1998(23rd),Pascale Roberts,Marius and Jeannette,Marius et Jeannette,Caroline
Cesar Award for Best Actress in a Supporting Role,1998(23rd),Mathilde Seigner,Dry Cleaning,Nettoyage à sec,Marylin
Cesar Award for Best Actress in a Supporting Role,1998(23rd),Marie Trintignant,The Cousin,Le Cousin,Judge Lambert
Cesar Award for Best Actress in a Supporting Role,1998(23rd),Karin Viard,Hikers,Les Randonneurs,Coralie
Cesar Award for Best Actress in a Supporting Role,1999(24th),Anémone,Lautrec,Lautrec,Countess Adèle de Toulouse-Lautrec
Cesar Award for Best Actress in a Supporting Role,1999(24th),Arielle Dombasle,Boredom,L'Ennui,Sophie
Cesar Award for Best Actress in a Supporting Role,1999(24th),Catherine Frot,The Dinner Game,Le Dîner de Cons,Marlène Sasseur
Cesar Award for Best Actress in a Supporting Role,1999(24th),Emmanuelle Seigner,Place Vendôme,Place Vendôme,Nathalie
