0,1,2,3,4,5,6,7
2016 FIA World Endurance Championship, Ford Chip Ganassi Team UK,Ford GT,Ford EcoBoost 3.5 L Turbo V6,M,66, Olivier Pla,All
2016 FIA World Endurance Championship, Ford Chip Ganassi Team UK,Ford GT,Ford EcoBoost 3.5 L Turbo V6,M,66, Stefan Mücke,All
2016 FIA World Endurance Championship, Ford Chip Ganassi Team UK,Ford GT,Ford EcoBoost 3.5 L Turbo V6,M,66, Billy Johnson,1–3
2016 FIA World Endurance Championship, Ford Chip Ganassi Team UK,Ford GT,Ford EcoBoost 3.5 L Turbo V6,M,67, Andy Priaulx,All
2016 FIA World Endurance Championship, Ford Chip Ganassi Team UK,Ford GT,Ford EcoBoost 3.5 L Turbo V6,M,67, Harry Tincknell,All
2016 FIA World Endurance Championship, Ford Chip Ganassi Team UK,Ford GT,Ford EcoBoost 3.5 L Turbo V6,M,67, Marino Franchitti,1–6
2016 FIA World Endurance Championship, Dempsey-Proton Racing,Porsche 911 RSR,Porsche 4.0 L Flat-6,M,77, Richard Lietz,All
2016 FIA World Endurance Championship, Dempsey-Proton Racing,Porsche 911 RSR,Porsche 4.0 L Flat-6,M,77, Michael Christensen,All
2016 FIA World Endurance Championship, Dempsey-Proton Racing,Porsche 911 RSR,Porsche 4.0 L Flat-6,M,77, Philipp Eng,3
2016 FIA World Endurance Championship, Aston Martin Racing,Aston Martin Vantage GTE,Aston Martin 4.5 L V8,D,95, Nicki Thiim,All
2016 FIA World Endurance Championship, Aston Martin Racing,Aston Martin Vantage GTE,Aston Martin 4.5 L V8,D,95, Marco Sørensen,All
2016 FIA World Endurance Championship, Aston Martin Racing,Aston Martin Vantage GTE,Aston Martin 4.5 L V8,D,95, Darren Turner,1–3
2016 FIA World Endurance Championship, Aston Martin Racing,Aston Martin Vantage GTE,Aston Martin 4.5 L V8,D,97, Richie Stanaway,"1–5, 7–8"
2016 FIA World Endurance Championship, Aston Martin Racing,Aston Martin Vantage GTE,Aston Martin 4.5 L V8,D,97, Fernando Rees,"1–3, 6"
2016 FIA World Endurance Championship, Aston Martin Racing,Aston Martin Vantage GTE,Aston Martin 4.5 L V8,D,97, Jonathan Adam,"2–3, 9"
2016 FIA World Endurance Championship, Aston Martin Racing,Aston Martin Vantage GTE,Aston Martin 4.5 L V8,D,97, Darren Turner,4–9
