0,1,2,3,4,5
Cesar Award for Best Actress in a Supporting Role,1980(5th),Nicole Garcia,Le Cavaleur,Le Cavaleur,Marie-France
Cesar Award for Best Actress in a Supporting Role,1980(5th),Myriam Boyer,Série noire,Série noire,Jeanne
Cesar Award for Best Actress in a Supporting Role,1980(5th),Dominique Lavanant,Courage – Let's Run,Courage – Let's Run,Mathilda
Cesar Award for Best Actress in a Supporting Role,1980(5th),Maria Schneider,Memoirs of a French Whore,La Dérobade,Maloup
Cesar Award for Best Actress in a Supporting Role,1981(6th),Andréa Ferréol,The Last Metro,Le Dernier Métro,Arlette Guillaume
Cesar Award for Best Actress in a Supporting Role,1981(6th),Claire Maurier,A Bad Son,Un mauvais fils,Madeleine
Cesar Award for Best Actress in a Supporting Role,1981(6th),Delphine Seyrig,I Sent a Letter to My Love,Chère inconnue,Yvette
Cesar Award for Best Actress in a Supporting Role,1982(7th),Stéphane Audran,Coup de torchon,Coup de torchon,Huguette Cordier
Cesar Award for Best Actress in a Supporting Role,1982(7th),Sabine Haudepin,Hotel America,Hôtel des Amériques,Elise Tisserand
Cesar Award for Best Actress in a Supporting Role,1982(7th),Véronique Silver,The Woman Next Door,La Femme d'à côté,Mathilde Bauchard
Cesar Award for Best Actress in a Supporting Role,1983(8th),Fanny Cottençon,L'Étoile du Nord,L'Étoile du Nord,Sylvie Baron
Cesar Award for Best Actress in a Supporting Role,1983(8th),Stéphane Audran,Paradis pour tous,Paradis pour tous,Edith
Cesar Award for Best Actress in a Supporting Role,1983(8th),Danielle Darrieux,Une chambre en ville,Une chambre en ville,Margot Langlois
Cesar Award for Best Actress in a Supporting Role,1983(8th),Denise Grey,La Boum 2,La Boum 2,Poupette
Cesar Award for Best Actress in a Supporting Role,1984(9th),Victoria Abril,Moon in the Gutter,La Lune dans le caniveau,Bella
Cesar Award for Best Actress in a Supporting Role,1984(9th),Stéphane Audran,Deadly Circuit,Mortelle Randonnée,Germaine
Cesar Award for Best Actress in a Supporting Role,1984(9th),Sabine Azéma,Life Is a Bed of Roses,La Vie est un roman,Elisabeth Rousseau
Cesar Award for Best Actress in a Supporting Role,1984(9th),Agnès Soral,"So Long, Stooge",Tchao Pantin,Lola
Cesar Award for Best Actress in a Supporting Role,1985(10th),Victoria Abril,L'Addition,L'Addition,Patty
Cesar Award for Best Actress in a Supporting Role,1985(10th),Carole Bouquet,"Rive droite, rive gauche","Rive droite, rive gauche",Babée Senanques
Cesar Award for Best Actress in a Supporting Role,1985(10th),Élizabeth Bourgine,La Septième Cible,La Septième Cible,Laura
Cesar Award for Best Actress in a Supporting Role,1985(10th),Maruschka Detmers,The Pirate,La Pirate,Carole
Cesar Award for Best Actress in a Supporting Role,1986(11th),Anémone,Death in a French Garden,Péril en la demeure,Edwige Ledieu
Cesar Award for Best Actress in a Supporting Role,1986(11th),Macha Méril,Vagabond,Sans Toit ni loi,Madame Landier
Cesar Award for Best Actress in a Supporting Role,1986(11th),Catherine Frot,Escalier C,Escalier C,Béatrice
Cesar Award for Best Actress in a Supporting Role,1986(11th),Dominique Lavanant,Three Men and a Cradle,Trois Hommes et un couffin,Madame Rapons
Cesar Award for Best Actress in a Supporting Role,1987(12th),Emmanuelle Béart,Manon des Sources,Manon des Sources,Manon
Cesar Award for Best Actress in a Supporting Role,1987(12th),Clémentine Célarié,Betty Blue,37°2 le matin,Annie
Cesar Award for Best Actress in a Supporting Role,1987(12th),Danielle Darrieux,Scene of the Crime,Le Lieu du crime,The Grandmother
Cesar Award for Best Actress in a Supporting Role,1987(12th),Marie Dubois,Descent Into Hell,Descente aux enfers,Lucette
Cesar Award for Best Actress in a Supporting Role,1987(12th),Jeanne Moreau,Le Paltoquet,Le Paltoquet,The Bartender
Cesar Award for Best Actress in a Supporting Role,1988(13th),Sylvie Joly,The Miracle,Le Miraculé,Madame Fox Terrier
Cesar Award for Best Actress in a Supporting Role,1988(13th),Anna Karina,Cayenne Palace,Cayenne Palace,Lola
Cesar Award for Best Actress in a Supporting Role,1988(13th),Marie Laforêt,Fucking Fernand,Fucking Fernand,Lotte
Cesar Award for Best Actress in a Supporting Role,1988(13th),Bernadette Lafont,Masks,Masques,Patricia Marquet
Cesar Award for Best Actress in a Supporting Role,1989(14th),Hélène Vincent,Life Is a Long Quiet River,La Vie est un long fleuve tranquille,Marielle Le Quesnoy
Cesar Award for Best Actress in a Supporting Role,1989(14th),María Casares,The Reader,La Lectrice,The General's widow
Cesar Award for Best Actress in a Supporting Role,1989(14th),Françoise Fabian,Three Seats for the 26th,Trois places pour le 26,Marie-Hélène
Cesar Award for Best Actress in a Supporting Role,1989(14th),Dominique Lavanant,Quelques jours avec moi,Quelques jours avec moi,Irène Frontin
Cesar Award for Best Actress in a Supporting Role,1989(14th),Marie Trintignant,Story of Women,Une Affaire de femmes,Lucie
