0,1,2,3,4,5,6,7,8,9,10
Tōkaidō Main Line,Tōkaidō Main Line, A13 ,Hikone,彦根,,●,●,■ Ohmi Railway Main Line,Hikone,Shiga
Tōkaidō Main Line,Tōkaidō Main Line, A14 ,Minami-Hikone,南彦根,,●,|,,Hikone,Shiga
Tōkaidō Main Line,Tōkaidō Main Line, A15 ,Kawase,河瀬,,●,|,,Hikone,Shiga
Tōkaidō Main Line,Tōkaidō Main Line, A16 ,Inae,稲枝,,●,|,,Hikone,Shiga
Tōkaidō Main Line,Tōkaidō Main Line, A17 ,Notogawa,能登川,,●,●,,Higashiōmi,Shiga
Tōkaidō Main Line,Tōkaidō Main Line, A18 ,Azuchi,安土,,●,|,,Ōmihachiman,Shiga
Tōkaidō Main Line,Tōkaidō Main Line, A19 ,Ōmi-Hachiman,近江八幡,,●,●,■ Ohmi Railway Yōkaichi Line,Ōmihachiman,Shiga
Tōkaidō Main Line,Tōkaidō Main Line, A20 ,Shinohara,篠原,,●,|,,Ōmihachiman,Shiga
Tōkaidō Main Line,Tōkaidō Main Line, A21 ,Yasu,野洲,○,●,●,,Yasu,Shiga
Tōkaidō Main Line,Tōkaidō Main Line, A22 ,Moriyama,守山,○,●,●,,Moriyama,Shiga
Tōkaidō Main Line,Tōkaidō Main Line, A23 ,Rittō,栗東,○,●,|,,Rittō,Shiga
Tōkaidō Main Line,Tōkaidō Main Line, A25 ,Minami-Kusatsu,南草津,●,●,●,,Kusatsu,Shiga
Tōkaidō Main Line,Tōkaidō Main Line, A26 ,Seta,瀬田,●,●,|,,Ōtsu,Shiga
Tōkaidō Main Line,Tōkaidō Main Line, A27 ,Ishiyama,石山,●,●,●, Keihan Ishiyama Sakamoto Line (OT03: Keihan Ishiyama Station),Ōtsu,Shiga
Tōkaidō Main Line,Tōkaidō Main Line, A28 ,Zeze,膳所,●,●,|, Keihan Ishiyama Sakamoto Line (OT09: Keihan Zeze Station),Ōtsu,Shiga
Tōkaidō Main Line,Tōkaidō Main Line, A29 ,Ōtsu,大津,●,●,●,,Ōtsu,Shiga
Tōkaidō Main Line,Within JR Kyoto Line:,Within JR Kyoto Line:,Within JR Kyoto Line:,Within JR Kyoto Line:,"Local
(Northbound only)",Rapid,Special Rapid,,None,None
