0,1,2,3,4
Cesar Award for Best Music Written for a Film,2010,Making Plans for Lena,"Non ma fille, tu n'iras pas danser",Alex Beaupain
Cesar Award for Best Music Written for a Film,2010,A Prophet,Un prophète,Alexandre Desplat
Cesar Award for Best Music Written for a Film,2010,In the Beginning,À l'origine,Cliff Martinez
Cesar Award for Best Music Written for a Film,2010,Welcome,Welcome,Nicola Piovani
Cesar Award for Best Music Written for a Film,2011,Oceans,Oceans,Bruno Coulais
Cesar Award for Best Music Written for a Film,2011,The Tree,L'Arbre,Grégoire Hetzel
Cesar Award for Best Music Written for a Film,2011,Liberté,Liberté,Delphine Mantoulet and Tony Gatlif
Cesar Award for Best Music Written for a Film,2011,Bus Palladium,Bus Palladium,Yarol Poupaud
Cesar Award for Best Music Written for a Film,2011,The Princess of Montpensier,La Princesse de Montpensier,Philippe Sarde
Cesar Award for Best Music Written for a Film,2012,Beloved,Les Bien-aimés,Alex Beaupain
Cesar Award for Best Music Written for a Film,2012,House of Tolerance,L'Apollonide: Souvenirs de la maison close,Bertrand Bonello
Cesar Award for Best Music Written for a Film,2012,A Monster in Paris,Un monstre à Paris,Matthieu Chedid and Patrice Renson
Cesar Award for Best Music Written for a Film,2012,The Minister,L'Exercice de l'État,Philippe Schoeller
Cesar Award for Best Music Written for a Film,2013,"Farewell, My Queen",Les Adieux à la reine,Bruno Coulais
Cesar Award for Best Music Written for a Film,2013,Populaire,Populaire,Rob and Emmanuel D'Orlando
Cesar Award for Best Music Written for a Film,2013,Camille Rewinds,Camille redouble,Joseph Dahan and Gaëtan Roussel
Cesar Award for Best Music Written for a Film,2013,In the House,Dans la maison,Philippe Rombi
Cesar Award for Best Music Written for a Film,2014,Michael Kohlhaas,Michael Kohlhaas,Martin Wheeler
Cesar Award for Best Music Written for a Film,2014,Bicycling with Molière,Alceste à bicyclette,Jorge Arriagada
Cesar Award for Best Music Written for a Film,2014,Mood Indigo,L'Écume des jours,Étienne Charry
Cesar Award for Best Music Written for a Film,2014,Venus in Fur,La Vénus à la fourrure,Alexandre Desplat
Cesar Award for Best Music Written for a Film,2014,Chinese Puzzle,Casse-tête chinois,Loïk Dury and Christophe Minck
Cesar Award for Best Music Written for a Film,2015,Timbuktu,Timbuktu,Amine Bouhafa
Cesar Award for Best Music Written for a Film,2015,Girlhood,Bande de filles,Jean-Baptiste de Laubier
Cesar Award for Best Music Written for a Film,2015,Bird People,Bird People,Béatrice Thiriet
Cesar Award for Best Music Written for a Film,2015,Love at First Fight,Les Combattants,"Lionel Flairs, Benoît Rault and Philippe Deshaies"
Cesar Award for Best Music Written for a Film,2015,Yves Saint Laurent,Yves Saint Laurent,Ibrahim Maalouf
Cesar Award for Best Music Written for a Film,2016,Mustang,Mustang,Warren Ellis
Cesar Award for Best Music Written for a Film,2016,Cowboys,Les Cowboys,Raphaël Haroche
Cesar Award for Best Music Written for a Film,2016,Come What May,"En mai, fais ce qu'il te plaît",Ennio Morricone
Cesar Award for Best Music Written for a Film,2016,Mon roi,Mon roi,Stephen Warbeck
Cesar Award for Best Music Written for a Film,2016,My Golden Days,Trois souvenirs de ma jeunesse,Grégoire Hetzel
Cesar Award for Best Music Written for a Film,2017,In the Forests of Siberia,Dans les forêts de Sibérie,Ibrahim Maalouf
Cesar Award for Best Music Written for a Film,2017,Chocolat,Chocolat,Gabriel Yared
Cesar Award for Best Music Written for a Film,2017,Elle,Elle,Anne Dudley
Cesar Award for Best Music Written for a Film,2017,Frantz,Frantz,Philippe Rombi
Cesar Award for Best Music Written for a Film,2017,My Life as a Courgette,Ma vie de courgette,Sophie Hunger
Cesar Award for Best Music Written for a Film,2018,BPM (Beats per Minute),120 battements par minutes ,Arnaud Rebotini
Cesar Award for Best Music Written for a Film,2018,See You Up There,Au revoir là-haut,Christophe Julien
Cesar Award for Best Music Written for a Film,2018,Raw,Grave,Jim Williams
Cesar Award for Best Music Written for a Film,2018,Bloody Milk,Petit Paysan,Myd
Cesar Award for Best Music Written for a Film,2018,Faces Places,"Visages, villages",Matthieu Chedid
Cesar Award for Best Music Written for a Film,2019,Guy,,"Romain Greffe, Vincent Blanchard"
Cesar Award for Best Music Written for a Film,2019,The Sisters Brothers,Les frères Sisters,Alexandre Desplat
Cesar Award for Best Music Written for a Film,2019,In Safe Hands,Pupille,Pascal Sangla
Cesar Award for Best Music Written for a Film,2019,An Impossible Love,Un amour impossible,Grégoire Hetzel
Cesar Award for Best Music Written for a Film,2019,Amanda,Amanda,Anton Sanko
Cesar Award for Best Music Written for a Film,2019,The Trouble with You,En Liberté !,Camille Bazbaz
