0,1,2,3,4
MTV Movie Award for Best Song from a Movie,1992,The Addams Family,"""Addams Groove""",MC Hammer
MTV Movie Award for Best Song from a Movie,1992,New Jack City,"""I Wanna Sex You Up""",Color Me Badd
MTV Movie Award for Best Song from a Movie,1992,Rush,"""Tears in Heaven""",Eric Clapton
MTV Movie Award for Best Song from a Movie,1992,Terminator 2: Judgment Day,"""You Could Be Mine""",Guns N' Roses
MTV Movie Award for Best Song from a Movie,1993,Boomerang,"""End of the Road""",Boyz II Men
MTV Movie Award for Best Song from a Movie,1993,Lethal Weapon 3,"""It's Probably Me""",Sting and Eric Clapton
MTV Movie Award for Best Song from a Movie,1993,Aladdin,"""A Whole New World""",Peabo Bryson and Regina Belle
MTV Movie Award for Best Song from a Movie,1993,Singles,"""Would?""",Alice in Chains
MTV Movie Award for Best Song from a Movie,1994,The Three Musketeers,"""All for Love""","Bryan Adams, Rod Stewart and Sting"
MTV Movie Award for Best Song from a Movie,1994,Sliver,"""Can't Help Falling in Love""",UB40
MTV Movie Award for Best Song from a Movie,1994,Benny & Joon,"""I'm Gonna Be (500 Miles)""",The Proclaimers
MTV Movie Award for Best Song from a Movie,1994,Philadelphia,"""Streets of Philadelphia""",Bruce Springsteen
MTV Movie Award for Best Song from a Movie,1994,Sleepless in Seattle,"""When I Fall in Love""",Céline Dion and Clive Griffin
MTV Movie Award for Best Song from a Movie,1995,The Lion King,"""Can You Feel the Love Tonight?""",Elton John
MTV Movie Award for Best Song from a Movie,1995,Pulp Fiction,"""Girl, You'll Be a Woman Soon""",Urge Overkill
MTV Movie Award for Best Song from a Movie,1995,With Honors,"""I'll Remember""",Madonna
MTV Movie Award for Best Song from a Movie,1995,Above the Rim,"""Regulate""",Warren G and Nate Dogg
MTV Movie Award for Best Song from a Movie,1996,Batman Forever,"""Kiss From a Rose""",Seal
MTV Movie Award for Best Song from a Movie,1996,Batman Forever,"""Hold Me, Thrill Me, Kiss Me, Kill Me""",U2
MTV Movie Award for Best Song from a Movie,1996,Dangerous Minds,"""Gangsta's Paradise""",Coolio
MTV Movie Award for Best Song from a Movie,1996,Waiting to Exhale,"""Exhale (Shoop Shoop)""",Whitney Houston
MTV Movie Award for Best Song from a Movie,1997,Evita,"""Don't Cry for Me, Argentina""",Madonna
MTV Movie Award for Best Song from a Movie,1997,Phenomenon,"""Change the World""",Eric Clapton and Babyface
MTV Movie Award for Best Song from a Movie,1997,Romeo + Juliet,"""#1 Crush""",Garbage
MTV Movie Award for Best Song from a Movie,1998,An American Werewolf in Paris,"""Mouth""",Bush
MTV Movie Award for Best Song from a Movie,1998,A Life Less Ordinary,"""Deadweight""",Beck
MTV Movie Award for Best Song from a Movie,1998,Soul Food,"""A Song for Mama""",Boyz II Men
MTV Movie Award for Best Song from a Movie,1998,Titanic,"""My Heart Will Go On""",Céline Dion
MTV Movie Award for Best Song from a Movie,1999,City of Angels,"""Iris""",Goo Goo Dolls
MTV Movie Award for Best Song from a Movie,1999,Dr. Dolittle,"""Are You That Somebody?""",Aaliyah
MTV Movie Award for Best Song from a Movie,1999,Rush Hour,"""Can I Get A...""","Jay-Z, Ja Rule and Amil"
MTV Movie Award for Best Song from a Movie,1999,Varsity Blues,"""Nice Guys Finish Last""",Green Day
MTV Movie Award for Best Song from a Movie,2009,Slumdog Millionaire,"""Jai Ho""",A. R. Rahman
MTV Movie Award for Best Song from a Movie,2009,Twilight,"""Decode""",Paramore
MTV Movie Award for Best Song from a Movie,2009,The Wrestler,"""The Wrestler""",Bruce Springsteen
MTV Movie Award for Best Song from a Movie,2012,Drive,"""A Real Hero""",College and Electric Youth
MTV Movie Award for Best Song from a Movie,2012,Hanna,"""The Devil Is in the Details""",Chemical Brothers
MTV Movie Award for Best Song from a Movie,2012,Like Crazy,"""IMpossible""",Figurine
MTV Movie Award for Best Song from a Movie,2012,Project X,"""Pursuit of Happiness (Steven Aoki remix)""",Kid Cudi
