0,1,2,3,4
British academy television award for best actress,1980 (26th),Judi Dench,On Giant's Shoulders,Hazel Wiles
British academy television award for best actress,1980 (26th),Kate Nelligan,Measure for Measure,Isabella
British academy television award for best actress,1980 (26th),Beryl Reid,Tinker Tailor Soldier Spy,Connie Sachs
British academy television award for best actress,1981 (27th),Peggy Ashcroft,Cream in My Coffee / Caught on a Train,Jean Wilsher / Frau Messner
British academy television award for best actress,1981 (27th),Celia Johnson,Staying On,Lucy Smalley
British academy television award for best actress,1981 (27th),Kate Nelligan,Dreams of Leaving / Thérèse Raquin / Forgive Our Foolish Ways,Caroline / Thérèse Raquin / Vivien Lanyon
British academy television award for best actress,1981 (27th),Pamela Stephenson,Not the Nine O'Clock News,Various Roles
British academy television award for best actress,1982 (28th),Judi Dench,Going Gently / A Fine Romance / The Cherry Orchard,Sister Scarli / Laura Dalton / Madame Ranevskaya
British academy television award for best actress,1982 (28th),Claire Bloom,Brideshead Revisited,Lady Marchmain
British academy television award for best actress,1982 (28th),Celia Johnson,The Potting Shed,Mrs. Callifer
British academy television award for best actress,1982 (28th),Diana Quick,Brideshead Revisited,Julia Flyte
British academy television award for best actress,1983 (29th),Jane Asher,"A Voyage Round My Father / Love Is Old, Love Is New",Elizabeth / Katha
British academy television award for best actress,1983 (29th),Maureen Lipman,Outside Edge / Rolling Home,Maggie / Val
British academy television award for best actress,1983 (29th),Julie Walters,Boys from the Blackstuff / Say Something Happened,Angie Todd / June Potter
British academy television award for best actress,1984 (30th),Blair Brown,Kennedy,Jacqueline Kennedy Onassis
British academy television award for best actress,1984 (30th),Judi Dench,Saigon: Year of the Cat,Barbara Dean
British academy television award for best actress,1984 (30th),Maggie Smith,Mrs. Silly,Mrs. Silly
British academy television award for best actress,1985 (31rd),Geraldine James,The Jewel in the Crown,Sarah Layton
British academy television award for best actress,1985 (31rd),Judy Parfitt,The Jewel in the Crown,Mildred Layton
British academy television award for best actress,1985 (31rd),Susan Wooldridge,The Jewel in the Crown,Daphne Manners
British academy television award for best actress,1986 (32nd),Frances de la Tour,Duet for One,Stephanie Anderson
British academy television award for best actress,1986 (32nd),Mary Steenburgen,Tender Is the Night,Nicole Warren Diver
British academy television award for best actress,1986 (32nd),Joanne Whalley,Edge of Darkness,Emma Craven
British academy television award for best actress,1987 (33rd),Anna Massey,Hotel du Lac,Edith Hope
British academy television award for best actress,1987 (33rd),Joan Hickson,Miss Marple: The Murder at the Vicarage,Miss Marple
British academy television award for best actress,1987 (33rd),Wendy Hiller,All Passion Spent,Lady Slane
British academy television award for best actress,1987 (33rd),Patricia Hodge,Hotel du Lac,Monica
British academy television award for best actress,1987 (33rd),Alison Steadman,The Singing Detective,Mrs. Marlow
British academy television award for best actress,1987 (33rd),Julie T. Wallace,The Life and Loves of a She-Devil,Ruth
British academy television award for best actress,1988 (34th),Jean Alexander,Coronation Street,Hilda Ogden
British academy television award for best actress,1988 (34th),Joan Hickson,Miss Marple: Nemesis,Miss Marple
British academy television award for best actress,1988 (34th),Miranda Richardson,After Pilkington,"Penny ""Patch"" Newhouse"
British academy television award for best actress,1989 (35th),Thora Hird,Talking Heads: A Cream Cracker Under The Settee,Doris
British academy television award for best actress,1989 (35th),Jane Lapotaire,Blind Justice,Katherine Hughes
British academy television award for best actress,1989 (35th),Patricia Routledge,Talking Heads: A Lady of Letters,Irene Ruddock
British academy television award for best actress,1989 (35th),Maggie Smith,Talking Heads: Bed Among the Lentils,Susan
