0,1,2,3,4,5,6,7,8,9,10,11,12,13,14,15
Canadian federal elections 2015,2011,Dissol.,Redist.,2015, % changefrom 2011, % seats,Votes,Votechange,%,pp change, % whererunning,None,None,None,None
Canadian federal elections 2015,,Bloc Québécois,Gilles Duceppe,78,4,2,4,10,+150%,2.96%,"821,144","−70,281",4.67%,−1.39pp,19.36%
Canadian federal elections 2015, ,Independent and No Affiliation,Independent and No Affiliation,80,0,8,0,0,0,0,"49,616","−23,245",0.28%,−0.21pp,1.18%
Canadian federal elections 2015,,Christian Heritage,Rod Taylor,30,0,0,0,0,0,0,"15,232","−3,678",0.09%,−0.04pp,0.97%
Canadian federal elections 2015,,Marxist–Leninist,Anna Di Carlo,70,0,0,0,0,0,0,"8,838","−1,087",0.05%,−0.02pp,0.23%
Canadian federal elections 2015,,Strength in Democracy,Jean-François Fortin,17,—,2,—,0,0,0,"8,274",*,0.05%,*,0.90%
Canadian federal elections 2015,,Rhinoceros,Sébastien Corriveau,27,0,0,0,0,0,0,"7,263","+3,463",0.04%,+0.02pp,0.52%
Canadian federal elections 2015,,Progressive Canadian,Sinclair Stevens,8,0,0,0,0,0,0,"4,476","−1,314",0.03%,−0.01pp,1.03%
Canadian federal elections 2015,,Animal Alliance,Liz White,8,0,0,0,0,0,0,"1,699",+355,0.01%,–,0.36%
Canadian federal elections 2015,,Democratic Advancement,Stephen Garvey,4,—,0,—,0,0,0,"1,187",*,0.01%,*,0.62%
Canadian federal elections 2015,,Pirate,Roderick Lim,5,0,0,0,0,0,0,908,"−2,289",0.01%,−0.02pp,0.32%
Canadian federal elections 2015,,Canadian Action,Jeremy Arney,3,0,0,0,0,0,0,401,"−1,550",0.00%,−0.01pp,0.24%
Canadian federal elections 2015,,Canada Party,Jim Pankiw,1,—,0,—,0,0,0,271,*,0.00%,*,0.72%
Canadian federal elections 2015,,Seniors,Daniel J. Patton,1,—,—,—,0,0,0,157,*,0.00%,*,0.29%
Canadian federal elections 2015,,Alliance of the North,François Bélanger,1,—,—,—,0,0,0,136,*,0.00%,*,0.22%
Canadian federal elections 2015,,Bridge,David Berlin,1,—,0,—,0,0,0,122,*,0.00%,*,0.29%
Canadian federal elections 2015,,PACT,Michael Nicula,1,—,0,—,0,0,0,91,*,0.00%,*,0.17%
Canadian federal elections 2015,,United,Bob Kesic,1,0,0,0,0,0,0,57,−237,0.00%,−0.00pp,0.10%
Canadian federal elections 2015,Total,Total,Total,"1,792",308,308,338,338,+9.74%,100%,"17,591,468","+2,870,888",100%,,100%
