0,1,2,3,4
Golden Raspberry Award for worst Actress - Motion Picture Musical or Comedy,2000(21st),Madonna,The Next Best Thing,Abbie Reynolds
Golden Raspberry Award for worst Actress - Motion Picture Musical or Comedy,2000(21st),Kim Basinger,Bless the Child,Maggie O'Connor
Golden Raspberry Award for worst Actress - Motion Picture Musical or Comedy,2000(21st),Kim Basinger,I Dreamed of Africa,Kuki Gallmann
Golden Raspberry Award for worst Actress - Motion Picture Musical or Comedy,2000(21st),Melanie Griffith,Cecil B. DeMented,Honey Whitlock
Golden Raspberry Award for worst Actress - Motion Picture Musical or Comedy,2000(21st),Bette Midler,Isn't She Great,Jacqueline Susann
Golden Raspberry Award for worst Actress - Motion Picture Musical or Comedy,2000(21st),Demi Moore,Passion of Mind,Martha Marie / 'Marty' Talridge
Golden Raspberry Award for worst Actress - Motion Picture Musical or Comedy,2001(22nd),Mariah Carey,Glitter,Billie Frank
Golden Raspberry Award for worst Actress - Motion Picture Musical or Comedy,2001(22nd),Penélope Cruz,Blow,Mirtha Jung
Golden Raspberry Award for worst Actress - Motion Picture Musical or Comedy,2001(22nd),Penélope Cruz,Captain Corelli's Mandolin,Pelagia
Golden Raspberry Award for worst Actress - Motion Picture Musical or Comedy,2001(22nd),Penélope Cruz,Vanilla Sky,Sofia Serrano
Golden Raspberry Award for worst Actress - Motion Picture Musical or Comedy,2001(22nd),Angelina Jolie,Lara Croft: Tomb Raider,Lara Croft
Golden Raspberry Award for worst Actress - Motion Picture Musical or Comedy,2001(22nd),Jennifer Lopez,Angel Eyes,Sharon Pogue
Golden Raspberry Award for worst Actress - Motion Picture Musical or Comedy,2001(22nd),Jennifer Lopez,The Wedding Planner,Mary Fiore
Golden Raspberry Award for worst Actress - Motion Picture Musical or Comedy,2001(22nd),Charlize Theron,Sweet November,Sara Deever
Golden Raspberry Award for worst Actress - Motion Picture Musical or Comedy,2002(23rd),Madonna (tie),Swept Away,Amber Leighton
Golden Raspberry Award for worst Actress - Motion Picture Musical or Comedy,2002(23rd),Britney Spears (tie),Crossroads,Lucy Wagner
Golden Raspberry Award for worst Actress - Motion Picture Musical or Comedy,2002(23rd),Jennifer Lopez,Enough,Slim Hiller
Golden Raspberry Award for worst Actress - Motion Picture Musical or Comedy,2002(23rd),Jennifer Lopez,Maid in Manhattan,Marisa Ventura
Golden Raspberry Award for worst Actress - Motion Picture Musical or Comedy,2002(23rd),Winona Ryder,Mr. Deeds,Babe Bennett
Golden Raspberry Award for worst Actress - Motion Picture Musical or Comedy,2003(24th),Jennifer Lopez,Gigli,Ricki
Golden Raspberry Award for worst Actress - Motion Picture Musical or Comedy,2003(24th),Drew Barrymore,Charlie's Angels: Full Throttle,Dylan Sanders
Golden Raspberry Award for worst Actress - Motion Picture Musical or Comedy,2003(24th),Drew Barrymore,Duplex,Nancy Kendricks
Golden Raspberry Award for worst Actress - Motion Picture Musical or Comedy,2003(24th),Kelly Clarkson,From Justin to Kelly,Kelly Taylor
Golden Raspberry Award for worst Actress - Motion Picture Musical or Comedy,2003(24th),Cameron Diaz,Charlie's Angels: Full Throttle,Natalie Cook
Golden Raspberry Award for worst Actress - Motion Picture Musical or Comedy,2003(24th),Angelina Jolie,Lara Croft: Tomb Raider – The Cradle of Life,Lara Croft
Golden Raspberry Award for worst Actress - Motion Picture Musical or Comedy,2004(25th),Hilary Duff,A Cinderella Story,Sam Montgomery
Golden Raspberry Award for worst Actress - Motion Picture Musical or Comedy,2004(25th),Hilary Duff,Raise Your Voice,Terri Fletcher
Golden Raspberry Award for worst Actress - Motion Picture Musical or Comedy,2004(25th),Mary-Kate and Ashley Olsen,New York Minute,Roxy and Jane Ryan
Golden Raspberry Award for worst Actress - Motion Picture Musical or Comedy,2004(25th),"Shawn & Marlon Wayans (the Wayans ""sisters"")",White Chicks,"""Brittany and Tiffany Wilson"""
Golden Raspberry Award for worst Actress - Motion Picture Musical or Comedy,2005(26th),Jenny McCarthy,Dirty Love,Rebecca Sommers
Golden Raspberry Award for worst Actress - Motion Picture Musical or Comedy,2005(26th),Jessica Alba,Fantastic Four,Sue Storm / Invisible Woman
Golden Raspberry Award for worst Actress - Motion Picture Musical or Comedy,2005(26th),Jessica Alba,Into the Blue,Sam
Golden Raspberry Award for worst Actress - Motion Picture Musical or Comedy,2005(26th),Hilary Duff,Cheaper by the Dozen 2,Lorraine Baker
Golden Raspberry Award for worst Actress - Motion Picture Musical or Comedy,2005(26th),Hilary Duff,The Perfect Man,Holly Hamilton
Golden Raspberry Award for worst Actress - Motion Picture Musical or Comedy,2005(26th),Jennifer Lopez,Monster-in-Law,Charlie Cantilini
Golden Raspberry Award for worst Actress - Motion Picture Musical or Comedy,2005(26th),Tara Reid,Alone in the Dark,Aline Cedrac
Golden Raspberry Award for worst Actress - Motion Picture Musical or Comedy,2006(27th),Sharon Stone,Basic Instinct 2,Catherine Tramell
Golden Raspberry Award for worst Actress - Motion Picture Musical or Comedy,2006(27th),Hilary and Haylie Duff,Material Girls,Tanzie and Ava Marchetta
Golden Raspberry Award for worst Actress - Motion Picture Musical or Comedy,2006(27th),Lindsay Lohan,Just My Luck,Ashley Albright
Golden Raspberry Award for worst Actress - Motion Picture Musical or Comedy,2006(27th),Kristanna Loken,BloodRayne,Rayne
Golden Raspberry Award for worst Actress - Motion Picture Musical or Comedy,2006(27th),Jessica Simpson,Employee of the Month,Amy Renfro
Golden Raspberry Award for worst Actress - Motion Picture Musical or Comedy,2007(28th),Lindsay Lohan,I Know Who Killed Me,Dakota Moss and Aubrey Fleming
Golden Raspberry Award for worst Actress - Motion Picture Musical or Comedy,2007(28th),Jessica Alba,Awake,Sam Lockwood
Golden Raspberry Award for worst Actress - Motion Picture Musical or Comedy,2007(28th),Jessica Alba,Fantastic Four: Rise of the Silver Surfer,Sue Storm / Invisible Woman
Golden Raspberry Award for worst Actress - Motion Picture Musical or Comedy,2007(28th),Jessica Alba,Good Luck Chuck,Cam Wexler
Golden Raspberry Award for worst Actress - Motion Picture Musical or Comedy,2007(28th),Elisha Cuthbert,Captivity,Jennifer Tree
Golden Raspberry Award for worst Actress - Motion Picture Musical or Comedy,2008(29th),Paris Hilton,The Hottie and the Nottie,Cristabel Abbott
Golden Raspberry Award for worst Actress - Motion Picture Musical or Comedy,2008(29th),Jessica Alba,The Eye,Sydney Wells
Golden Raspberry Award for worst Actress - Motion Picture Musical or Comedy,2008(29th),Jessica Alba,The Love Guru,Jane Bullard
Golden Raspberry Award for worst Actress - Motion Picture Musical or Comedy,2008(29th),"Annette Bening, Eva Mendes, Debra Messing, Jada Pinkett Smith and Meg Ryan",The Women,"Sylvie Fowler, Crystal Allen, Edie Cohen, Alex Fisher and Mary Haines"
Golden Raspberry Award for worst Actress - Motion Picture Musical or Comedy,2008(29th),Cameron Diaz,What Happens in Vegas,Joy McNally
Golden Raspberry Award for worst Actress - Motion Picture Musical or Comedy,2008(29th),Kate Hudson,Fool's Gold,Tess Finnegan
Golden Raspberry Award for worst Actress - Motion Picture Musical or Comedy,2008(29th),Kate Hudson,My Best Friend's Girl,Alexis
Golden Raspberry Award for worst Actress - Motion Picture Musical or Comedy,2009(30th),Sandra Bullock,All About Steve,Mary Horowitz
Golden Raspberry Award for worst Actress - Motion Picture Musical or Comedy,2009(30th),Beyoncé,Obsessed,Sharon Charles
Golden Raspberry Award for worst Actress - Motion Picture Musical or Comedy,2009(30th),Miley Cyrus,Hannah Montana: The Movie,Miley Stewart / Hannah Montana
Golden Raspberry Award for worst Actress - Motion Picture Musical or Comedy,2009(30th),Megan Fox,Jennifer's Body,Jennifer Check
Golden Raspberry Award for worst Actress - Motion Picture Musical or Comedy,2009(30th),Megan Fox,Transformers: Revenge of the Fallen,Mikaela Banes
Golden Raspberry Award for worst Actress - Motion Picture Musical or Comedy,2009(30th),Sarah Jessica Parker,Did You Hear About the Morgans?,Meryl Morgan
