0,1,2,3,4
Filmfare Award for Best Actress, ,Asha Parekh,Asha Chibber,Chirag
Filmfare Award for Best Actress, ,Nanda,Rekha,Ittefaq
Filmfare Award for Best Actress, ,Sharmila Tagore,Mrs. Neela Shekhar Kapoor,Safar
Filmfare Award for Best Actress, ,Waheeda Rehman,Radha,Khamoshi
Filmfare Award for Best Actress, ,Jaya Bachchan,Kusum (Guddi),Guddi
Filmfare Award for Best Actress, ,Jaya Bachchan,Meenu,Uphaar
Filmfare Award for Best Actress, ,Meena Kumari (posthumous),Nargis / Sahibjaan,Pakeezah
Filmfare Award for Best Actress, ,Raakhee,Parvati,Aankhon Aankhon Mein
Filmfare Award for Best Actress, ,Jaya Bachchan,Aarti Mathur,Koshish
Filmfare Award for Best Actress, ,Moushumi Chatterjee,Shivani,Anuraag
Filmfare Award for Best Actress, ,Nutan,Mahjubhi,Saudagar
Filmfare Award for Best Actress, ,Hema Malini,Sunita (Soni),Amir Garib
Filmfare Award for Best Actress, ,Hema Malini,Lata,Prem Nagar
Filmfare Award for Best Actress, ,Saira Banu,Lalita,Sagina
Filmfare Award for Best Actress, ,Shabana Azmi,Laxmi,Ankur
Filmfare Award for Best Actress, ,Hema Malini,Kusum,Khushboo
Filmfare Award for Best Actress, ,Hema Malini,Champa,Sanyasi
Filmfare Award for Best Actress, ,Jaya Bachchan,Mili Khanna,Mili
Filmfare Award for Best Actress, ,Suchitra Sen,Aarti Devi,Aandhi
Filmfare Award for Best Actress, ,Hema Malini,Ratna / Jhumri,Mehbooba
Filmfare Award for Best Actress, ,Raakhee,Pooja Khanna,Kabhie Kabhie
Filmfare Award for Best Actress, ,Reena Roy,Nagin,Nagin
Filmfare Award for Best Actress, ,Sharmila Tagore,Chanda Thapa / Kajli Thapa,Mausam
Filmfare Award for Best Actress, ,Hema Malini,Aarti Sanyal,Kinara
Filmfare Award for Best Actress, ,Raakhee,Nisha,Doosra Aadmi
Filmfare Award for Best Actress, ,Smita Patil,Usha (Urvashi) Dalvi,Bhumika
Filmfare Award for Best Actress, ,Zarina Wahab,Chhaya,Gharonda
Filmfare Award for Best Actress, ,Raakhee,Mrs. Aarti Gupta,Trishna
Filmfare Award for Best Actress, ,Ranjeeta Kaur,Lily Fernandes,Ankhiyon Ke Jharokhon Se
Filmfare Award for Best Actress, ,Rekha,Aarti Chandra,Ghar
Filmfare Award for Best Actress, ,Zeenat Aman,Rupa,Satyam Shivam Sundaram
