0,1,2,3,4,5
4,Ludmiła Łączyńska,Wisia Matysiakowa,Matysiakowie,1957–2019,62 years
6,Angela Piper,Jennifer Aldridge,The Archers,1963–2022,59 years
8,Eileen Derbyshire,Emily Bishop,Coronation Street,"1961, 1962–1966, 1967–2016, 2019",53 years
9,Barbara Knox,Rita Tanner,Coronation Street,"1964, 1972–present",51 years
10,Judy Bennett,Shula Hebden Lloyd,The Archers,1971–2022,51 years
11,Brian Hewlett,Neil Carter,The Archers,1973–present,50 years
12,Helen Wagner,Nancy Hughes,As the World Turns,"1956–1981, 1983, 1985–2010",50 years
13,Don Hastings,Bob Hughes,As the World Turns,1960–2010,50 years
14,Helen Worth,Gail Rodwell,Coronation Street,1974–present,49 years
15,Suzanne Rogers,Maggie Horton,Days of Our Lives,"1973–1984, 1985–2003, 2004–present",48 years
16,Charles Collingwood,Brian AldridgeDave Escott,The Archers,"1974, 1975–present",48 years
17,Patricia Gallimore,Pat Archer,The Archers,"1974–2019, 2021–present",47 years
19,Alan Devereux,Sid Perks,The Archers,1963–2010,47 years
20,Colin Skipp,Tony Archer,The Archers,1967–2013,46 years
21,Bob Arnold,Tom Forrest,The Archers,1951–1997,46 years
22,Leslie Charleson,Monica QuartermaineMary Butler,General Hospital,"1977–2010, 2011–present",45 years
24,Melody Thomas Scott,Nikki Newman,The Young and the Restless,1979–present,44 years
25,Trevor Harrison,Eddie Grundy,The Archers,1979–present,44 years
26,Jacklyn Zeman,Bobbie Spencer,General Hospital,"1977–2010, 2013–present",43 years
27,Eric Braeden,Victor Newman,The Young and the Restless,1980–present,43 years
28,Terry Molloy,Mike Tucker,The Archers,"1974–2015, 2021–2022",42 years
29,Doug Davidson,Paul Williams,The Young and the Restless,1978–2020,42 years
30,Arnold Peters,Len ThomasHarold GadsbyDavid LatimerSgt VernonMajor BigsbyDonald MooreJack Woolley,The Archers,"1953–1958, 1960–1961, 1962, 1963, 1964, 1965, 1966–1971, 1972, 1973, 1975, 1980–2011",42 years
31,Betty Driver,Betty Williams,Coronation Street,1969–2011,42 years
32,Frances Reid,Alice Horton,Days of Our Lives,1965–2007,42 years
34,Kate Linder,Esther Valentine,The Young and the Restless,1982–present,41 years
35,Timothy Bentinck,David Archer,The Archers,1982–present,41 years
37,Erika Slezak,Victoria Lord,One Life to Live,"1971–2012, 2013",41 years
38,Bill Hayes,Doug WilliamsByron Carmichael,Days of Our Lives,"1970–1984, 1986–1987, 1993–1994, 1996, 1999–present",40 years
39,James Reynolds,Abe Carver,Days of Our Lives,"1981–1990, 1991–2003, 2004–present",40 years
40,Charlotte Martin,Susan Carter,The Archers,1983–present,40 years
41,Anne Kirkbride,Deirdre Barlow,Coronation Street,"1972, 1973–1993, 1994–2014",40 years
42,Rachel Ames,Audrey Hardy,General Hospital,"1964–1965, 1967–1970, 1971–2007, 2009, 2013, 2015",40 years
44,Ray MacDonnell,Joe Martin,All My Children,"1970–2010, 2011, 2013",40 years
45,Carole Boyd,Fiona WatsonLynda Snell,The Archers,"1967–1969, 1986–present",39 years
46,Sue Nicholls,Audrey Roberts,Coronation Street,"1979, 1980–1981, 1982, 1984, 1985–present",39 years
47,Michael Le Vell,Kevin Webster,Coronation Street,"1983–2013, 2014–present",39 years
48,Alison Dowling,Elizabeth Pargetter,The Archers,1984–present,39 years
49,John Clarke,Mickey Horton,Days of Our Lives,1965–2004,39 years
50,Kathryn Hays,Kim Hughes,As the World Turns,1972–2010,38 years
