0,1,2,3,4
Golden Globe Award for Best Actor – Motion Picture Musical or Comedy,1951,Gene Kelly,Jerry Mulligan,An American in Paris
Golden Globe Award for Best Actor – Motion Picture Musical or Comedy,1956,Marlon Brando,Sakini,The Teahouse of the August Moon
Golden Globe Award for Best Actor – Motion Picture Musical or Comedy,1956,Glenn Ford,Captain Fisby,The Teahouse of the August Moon
Golden Globe Award for Best Actor – Motion Picture Musical or Comedy,1956,Yul Brynner,King Mongkut of Siam,The King and I
Golden Globe Award for Best Actor – Motion Picture Musical or Comedy,1956,Danny Kaye,Hubert Hawkins,The Court Jester
Golden Globe Award for Best Actor – Motion Picture Musical or Comedy,1957,Maurice Chevalier,Claude Chavasse,Love in the Afternoon
Golden Globe Award for Best Actor – Motion Picture Musical or Comedy,1957,Glenn Ford,Lt. J. G. Max Siegel,Don't Go Near the Water
Golden Globe Award for Best Actor – Motion Picture Musical or Comedy,1957,David Niven,Godfrey Smith,My Man Godfrey
Golden Globe Award for Best Actor – Motion Picture Musical or Comedy,1957,Tony Randall,Rockwell P. Hunter,Will Success Spoil Rock Hunter?
Golden Globe Award for Best Actor – Motion Picture Musical or Comedy,1958,Maurice Chevalier,Honoré Lachaille,Gigi
Golden Globe Award for Best Actor – Motion Picture Musical or Comedy,1958,Louis Jourdan,Gaston Lachaille,Gigi
Golden Globe Award for Best Actor – Motion Picture Musical or Comedy,1958,Clark Gable,James Gannon,Teacher's Pet
Golden Globe Award for Best Actor – Motion Picture Musical or Comedy,1958,Cary Grant,Philip Adams,Indiscreet
Golden Globe Award for Best Actor – Motion Picture Musical or Comedy,1959,Clark Gable,Russell Ward,But Not for Me
Golden Globe Award for Best Actor – Motion Picture Musical or Comedy,1959,Cary Grant,Lt. Cmdr. Matt T. Sherman,Operation Petticoat
Golden Globe Award for Best Actor – Motion Picture Musical or Comedy,1959,Dean Martin,Michael Haney,Who Was That Lady?
Golden Globe Award for Best Actor – Motion Picture Musical or Comedy,1959,Sidney Poitier,Porgy,Porgy and Bess
