0,1,2,3
Laurence Olivier Award for Best Actress,Jennifer Ehle,The Real Thing,Annie
Laurence Olivier Award for Best Actress,Maggie Smith,The Lady in the Van,Miss Shepherd
Laurence Olivier Award for Best Actress,Alison Steadman,The Memory of Water,Teresa
Laurence Olivier Award for Best Actress,Jessica Lange,Long Day's Journey Into Night,Mary Tyrone
Laurence Olivier Award for Best Actress,Helen Mirren,Orpheus Descending,Lady Torrance
Laurence Olivier Award for Best Actress,Julia Ormond,My Zinc Bed,Elsa
Laurence Olivier Award for Best Actress,Harriet Walter,Life x 3,Sonia
Laurence Olivier Award for Best Actress,Lindsay Duncan,Mouth to Mouth,Laura
Laurence Olivier Award for Best Actress,Victoria Hamilton,A Day in the Death of Joe Egg,Sheila
Laurence Olivier Award for Best Actress,Zoë Wanamaker,Boston Marriage,Anna
Laurence Olivier Award for Best Actress,Anita Dobson,Frozen,Nancy
Laurence Olivier Award for Best Actress,Gwyneth Paltrow,Proof,Catherine
Laurence Olivier Award for Best Actress,Emily Watson,Uncle Vanya,Sonya
Laurence Olivier Award for Best Actress,Helen Mirren,Mourning Becomes Electra,Christine Mannon
Laurence Olivier Award for Best Actress,Ann Mitchell,Through the Leaves,Martha
Laurence Olivier Award for Best Actress,Kelly Reilly,After Miss Julie,Miss Julie
Laurence Olivier Award for Best Actress,Kristin Scott Thomas,Three Sisters,Masha
Laurence Olivier Award for Best Actress,Victoria Hamilton,"Suddenly, Last Summer",Catharine
Laurence Olivier Award for Best Actress,Anna Maxwell Martin,His Dark Materials,Lyra
Laurence Olivier Award for Best Actress,Caroline O'Connor,Bombshells,Performer
Laurence Olivier Award for Best Actress,Clare Higgins,Death of a Salesman,Linda Loman
Laurence Olivier Award for Best Actress,Helen McCrory,As You Like It,Rosalind
Laurence Olivier Award for Best Actress,Janet McTeer,Mary Stuart,"Mary, Queen of Scots"
Laurence Olivier Award for Best Actress,Harriet Walter,Mary Stuart,Elizabeth I of England
Laurence Olivier Award for Best Actress,Eve Best,A Moon for the Misbegotten,Josie
Laurence Olivier Award for Best Actress,Sinéad Cusack,Rock 'n' Roll,Eleanor / Esme
Laurence Olivier Award for Best Actress,Kathleen Turner,Who's Afraid of Virginia Woolf?,Martha
Laurence Olivier Award for Best Actress,Anne-Marie Duff,Saint Joan,Joan of Arc
Laurence Olivier Award for Best Actress,Kelly Reilly,Othello,Desdemona
Laurence Olivier Award for Best Actress,Fiona Shaw,Happy Days,Winnie
Laurence Olivier Award for Best Actress,Penelope Wilton,John Gabriel Borkman,Ella Rentheim
Laurence Olivier Award for Best Actress,Deanna Dunagan,August: Osage County,Violet Weston
Laurence Olivier Award for Best Actress,Lindsay Duncan,That Face,Martha
Laurence Olivier Award for Best Actress,Penelope Wilton,The Chalk Garden,Miss Madrigal
