0,1,2,3,4,5,6,7,8,9,10,11,12,13
Akseli Pelvas,HJK,2008,Veikkausliiga,?,2,0,0,—,—,—,—,?,2
Akseli Pelvas,Klubi 04,2009,Ykkönen,5,3,—,—,—,—,—,—,5,3
Akseli Pelvas,Klubi 04,2010,Ykkönen,4,1,—,—,—,—,—,—,4,1
Akseli Pelvas,KuPS (loan),2013,Veikkausliiga,4,0,0,0,—,—,—,—,4,0
Akseli Pelvas,SJK,2013,Ykkönen,13,6,0,0,—,—,—,—,13,6
Akseli Pelvas,SJK,2014,Veikkausliiga,29,11,1,1,4,0,—,—,34,12
Akseli Pelvas,SJK,2015,Veikkausliiga,33,14,0,0,5,6,2,0,40,20
Akseli Pelvas,HJK,2016,Veikkausliiga,8,3,1,0,—,—,—,—,9,3
Akseli Pelvas,HJK,2017,Veikkausliiga,31,14,8,7,—,—,4,2,43,23
Akseli Pelvas,HJK,2018,Veikkausliiga,7,1,8,4,—,—,—,—,15,5
Akseli Pelvas,HJK,2019,Veikkausliiga,8,1,5,1,—,—,1,0,14,2
Akseli Pelvas,Klubi-04 (loan),2019,Kakkonen,1,0,—,—,—,—,—,—,1,0
