0,1,2,3,4,5,6,7,8,9
Shinano Railway Line,Karuizawa,軽井沢,●,●,●,,, Hokuriku Shinkansen,Karuizawa
Shinano Railway Line,Naka-Karuizawa,中軽井沢,●,●,▲,,,,Karuizawa
Shinano Railway Line,Shinano-Oiwake,信濃追分,●,●,｜,,,,Karuizawa
Shinano Railway Line,Miyota,御代田,●,｜,▲,,,,Miyota
Shinano Railway Line,Hirahara,平原,｜,｜,｜,,,,Komoro
Shinano Railway Line,Shigeno,滋野,｜,｜,｜,↓,,,Tōmi
Shinano Railway Line,Tanaka,田中,●,●,▲,↓,,,Tōmi
Shinano Railway Line,Ōya,大屋,●,｜,｜,↓,,,Ueda
Shinano Railway Line,Shinano-Kokubunji,信濃国分寺,｜,｜,｜,↓,,,Ueda
Shinano Railway Line,Nishi-Ueda,西上田,｜,｜,｜,↓,｜,,Ueda
Shinano Railway Line,Tekuno-Sakaki,テクノさかき,｜,｜,｜,↓,｜,,Sakaki
Shinano Railway Line,Sakaki,坂城,▲,｜,▲,↓,｜,,Sakaki
Shinano Railway Line,Togura,戸倉,●,●,▲,↓,｜,,Chikuma
Shinano Railway Line,Chikuma,千曲,｜,｜,｜,↓,｜,,Chikuma
Shinano Railway Line,Yashiro,屋代,●,●,▲,↓,｜,,Chikuma
Shinano Railway Line,Yashiro-kōkō-mae,屋代高校前,｜,｜,｜,↓,｜,,Chikuma
Shinano Railway Line,Imai,今井,｜,｜,｜,↓,｜,,Nagano
Shinano Railway Line,Kawanakajima,川中島,●,｜,｜,↓,｜,,Nagano
Shinano Railway Line,Amori,安茂里,｜,｜,｜,↓,｜,,Nagano
