0,1,2,3,4,5
Roberto benigni,1983,David di Donatello,Best New Director,Tu mi turbi,Nominated
Roberto benigni,1983,Nastro d'Argento,Best New Director,Tu mi turbi,Nominated
Roberto benigni,1986,Nastro d'Argento,Best Actor,Down by Law,Won
Roberto benigni,1986,Independent Spirit Award,Best Male Lead,Down by Law,Nominated
Roberto benigni,1988,David di Donatello,Best Actor,The Little Devil,Won
Roberto benigni,1988,Nastro d'Argento,Best Director,The Little Devil,Nominated
Roberto benigni,1988,Nastro d'Argento,Best Actor,Nominated,The Little Devil
Roberto benigni,1988,Nastro d'Argento,Best Actor,Johnny Stecchino,Won
Roberto benigni,1988,Nastro d'Argento,Best Screenplay,Johnny Stecchino,Nominated
Roberto benigni,1998,British Academy Film Award,Best Actor in a Leading Role,Life Is Beautiful,Won
Roberto benigni,1998,British Academy Film Award,Best Original Screenplay,Nominated,Life Is Beautiful
Roberto benigni,1998,Cannes Film Festival,Palme d'Or,Life Is Beautiful,Nominated
Roberto benigni,1998,Cannes Film Festival,Grand Prix – Cannes Film Festival,Won,Life Is Beautiful
Roberto benigni,1998,Critics' Choice Movie Awards,Best Leading Actor,Life Is Beautiful,Won
Roberto benigni,1998,Chicago Film Critics Association,Best Actor,Life Is Beautiful,Nominated
Roberto benigni,1998,Boston Society of Film Critics,Best Director,Life Is Beautiful,Nominated
Roberto benigni,1998,David di Donatello,Best Director,Life Is Beautiful,Won
Roberto benigni,1998,David di Donatello,Best Actor,Won,Life Is Beautiful
Roberto benigni,1998,David di Donatello,Best Screenplay,Won,Life Is Beautiful
Roberto benigni,1998,Directors Guild of America Award,Outstanding Directing - Feature Film,Life Is Beautiful,Nominated
Roberto benigni,1998,Screen Actors Guild Award,Outstanding Actor in a Leading Role,Life Is Beautiful,Won
Roberto benigni,1998,Screen Actors Guild Award,Outstanding Cast in a Motion Picture,Nominated,Life Is Beautiful
Roberto benigni,1998,Nastro d'Argento,Best Director,Life Is Beautiful,Won
Roberto benigni,1998,Nastro d'Argento,Best Actor,Won,Life Is Beautiful
Roberto benigni,1998,Nastro d'Argento,Best Screenplay,Won,Life Is Beautiful
Roberto benigni,2002,David di Donatello,Best Actor,Pinocchio,Nominated
Roberto benigni,2002,Razzie Award,Worst Actor,Pinocchio,Won
Roberto benigni,2002,Razzie Award,Worst Director,Nominated,Pinocchio
Roberto benigni,2002,Razzie Award,Worst Screen Couple,Nominated,Pinocchio
Roberto benigni,2002,Razzie Award,Worst Screenplay,Nominated,Pinocchio
Roberto benigni,2005,Nastro d'Argento,Best Actor,The Tiger and the Snow,Nominated
Roberto benigni,2019,Nastro d'Argento,Best Supporting Actor,Pinocchio,Won
Roberto benigni,2019,David di Donatello,Best Supporting Actor,Pinocchio,Nominated
