0,1,2,3,4
Hud (1963 film),Academy Awards,Best Art Direction – Black-and-White,"Hal Pereira, Tambi Larsen, Samuel M. Comer and Robert R. Benton",Nominated
Hud (1963 film),Academy Awards,Best Cinematography – Black-and-White,James Wong Howe,Won
Hud (1963 film),American Cinema Editors Awards,Best Edited Feature Film,Frank Bracht,Nominated
Hud (1963 film),British Academy Film Awards,Best Film from any Source,Best Film from any Source,Nominated
Hud (1963 film),British Academy Film Awards,Best Foreign Actor,Paul Newman,Nominated
Hud (1963 film),British Academy Film Awards,Best Foreign Actress,Patricia Neal,Won
Hud (1963 film),Directors Guild of America Awards,Outstanding Directorial Achievement in Motion Pictures,Martin Ritt,Nominated
Hud (1963 film),Golden Globe Awards,Best Motion Picture – Drama,Best Motion Picture – Drama,Nominated
Hud (1963 film),Golden Globe Awards,Best Actor in a Motion Picture – Drama,Paul Newman,Nominated
Hud (1963 film),Golden Globe Awards,Best Supporting Actor – Motion Picture,Melvyn Douglas,Nominated
Hud (1963 film),Golden Globe Awards,Best Supporting Actress – Motion Picture,Patricia Neal,Nominated
Hud (1963 film),Golden Globe Awards,Best Director – Motion Picture,Martin Ritt,Nominated
Hud (1963 film),Laurel Awards,Top Drama,Top Drama,Won
Hud (1963 film),Laurel Awards,Top Male Dramatic Performance,Paul Newman,Won
Hud (1963 film),Laurel Awards,Top Female Dramatic Performance,Patricia Neal,Won
Hud (1963 film),Laurel Awards,Top Male Supporting Performance,Melvyn Douglas,Won
Hud (1963 film),National Board of Review Awards,Top Ten Films,Top Ten Films,4th Place
Hud (1963 film),National Board of Review Awards,Best Actress,Patricia Neal,Won
Hud (1963 film),National Board of Review Awards,Best Supporting Actor,Melvyn Douglas,Won
Hud (1963 film),National Film Preservation Board,National Film Registry,National Film Registry,Inducted
Hud (1963 film),New York Film Critics Circle Awards,Best Film,Best Film,Nominated
Hud (1963 film),New York Film Critics Circle Awards,Best Director,Martin Ritt,Nominated
Hud (1963 film),New York Film Critics Circle Awards,Best Actor,Paul Newman,Nominated
Hud (1963 film),New York Film Critics Circle Awards,Best Actress,Patricia Neal,Won
Hud (1963 film),New York Film Critics Circle Awards,Best Screenplay,Irving Ravetch and Harriet Frank Jr.,Won
Hud (1963 film),Venice International Film Festival,Golden Lion,Martin Ritt,Nominated
Hud (1963 film),Venice International Film Festival,OCIC Award,Martin Ritt,Won
Hud (1963 film),Writers Guild of America Awards,Best Written American Drama,Harriet Frank Jr. and Irving Ravetch,Won
