0,1,2,3,4
AACTA Award for Best Adapted Screenplay,1978,The Chant of Jimmie Blacksmith,Fred Schepisi,The Chant of Jimmie Blacksmith (novel) by Thomas Keneally
AACTA Award for Best Adapted Screenplay,1978,The Mango Tree,Michael Pate,The Mango Tree (novel) by Ronald McKie
AACTA Award for Best Adapted Screenplay,1978,Weekend of Shadows,Peter Yeldham,The Reckoning (novel) by Hugh Atkinson
AACTA Award for Best Adapted Screenplay,1979,Cathy's Child,Ken Quinnell,A Piece of Paper (novel) by Dick Wordley
AACTA Award for Best Adapted Screenplay,1979,The Last of the Knucklemen,Tim Burstall,The Last of the Knucklemen (play) by John Power
AACTA Award for Best Adapted Screenplay,1979,Money Movers,Bruce Beresford,Money Movers (novel) by Devon Minchin
AACTA Award for Best Adapted Screenplay,1983,"Careful, He Might Hear You",Michael Jenkins,"Careful, He Might Hear You (novel) by Sumner Locke Elliott"
AACTA Award for Best Adapted Screenplay,1983,Now and Forever,Richard Cassidy,Now and Forever (novel) by Danielle Steel
AACTA Award for Best Adapted Screenplay,1983,The Wild Duck,"Tutte Lemkow, Dido Merwin, Henri Safran, Peter Smalley",The Wild Duck (play) by Henrik Ibsen
AACTA Award for Best Adapted Screenplay,1983,The Year of Living Dangerously,"Peter Weir, David Williamson",The Year of Living Dangerously (novel) by Christopher Koch
AACTA Award for Best Adapted Screenplay,1984,Annie's Coming Out,"John Patterson, Chris Borthwick",Annie's Coming Out (novel) by Rosemary Crossley & Anne McDonald
AACTA Award for Best Adapted Screenplay,1984,BMX Bandits,Russell Hagg,Story by Patrick Edgeworth
AACTA Award for Best Adapted Screenplay,1984,Razorback,Everett De Roche,Razorback (novel) by Peter Brennan
AACTA Award for Best Adapted Screenplay,1984,Strikebound,Richard Lowenstein,Dead Men Don't Dig Coal (novel) by Wendy Lowenstein
AACTA Award for Best Adapted Screenplay,1985,An Indecent Obsession,Denise Morgan,An Indecent Obsession (novel) by Colleen McCullough
AACTA Award for Best Adapted Screenplay,1985,The Coca-Cola Kid,Frank Moorhouse,The Americans Baby (novel) by Frank Moorhouse
AACTA Award for Best Adapted Screenplay,1985,Rebel,Michael Jenkins,"No Names, No Pack Drill (play) by Bob Herbert"
AACTA Award for Best Adapted Screenplay,1986,For Love Alone,Stephen Wallace,Stephen Wallace (novel) by Christina Stead
AACTA Award for Best Adapted Screenplay,1986,Kangaroo,Evan Jones,Kangaroo (novel) by D. H. Lawrence
AACTA Award for Best Adapted Screenplay,1986,Playing Beatie Bow,Peter Gawler,Playing Beatie Bow (novel) by Ruth Park
AACTA Award for Best Adapted Screenplay,1987,The Place at the Coast,Hilary Furlong,The Place at the Coast (novel) by Jane Hyde
AACTA Award for Best Adapted Screenplay,1987,"Slate, Wyn & Me",Don McLennan,"Slate, Wyn & Me (novel) by Georgia Savage"
AACTA Award for Best Adapted Screenplay,1987,Vincent,Paul Cox,The Letters of Vincent van Gogh
AACTA Award for Best Adapted Screenplay,1989,Campo,Abe Pogos,TBA
AACTA Award for Best Adapted Screenplay,1989,Dead Calm,Terry Hayes,Dead Calm (novel) by Charles F. Williams
AACTA Award for Best Adapted Screenplay,1989,Emerald City,David Williamson,Emerald City (play) by David Williamson
AACTA Award for Best Adapted Screenplay,1993,Black River,Kevin Lucas,Black River (opera) by Andrew & Julianne Schultz
AACTA Award for Best Adapted Screenplay,1993,No Worries,David Holman,No Worries (play) by David Holman
AACTA Award for Best Adapted Screenplay,1993,The Silver Brumby,"Elyne Mitchell, Jon Stephens",Silver Brumby (novels) by Elyne Mitchell
AACTA Award for Best Adapted Screenplay,1994,Country Life,"Michael Blakemore, Anton Chekhov",Uncle Vanya (play) by Anton Chekhov
AACTA Award for Best Adapted Screenplay,1994,Everynight ... Everynight,"Ray Mooney, Alkinos Tsilimidos",Everynight ... Everynight (play) by Ray Mooney
AACTA Award for Best Adapted Screenplay,1994,Traps,"Robert Carter, Pauline Chan",Dreamhouse (novel) by Kate Grenville
AACTA Award for Best Adapted Screenplay,1995,Dad and Dave: On Our Selection,"Geoffrey Atherden, Steele Rudd",Characters by Steele Rudd
AACTA Award for Best Adapted Screenplay,1995,Sanctuary,David Williamson,Sanctuary (play) by David Williamson
AACTA Award for Best Adapted Screenplay,1995,Traps,"Robert Carter, Pauline Chan","That Eye, the Sky (novel) by Jim Barton, John Ruane"
AACTA Award for Best Adapted Screenplay,1996,Dead Heart,Nick Parsons,Dead Heart (play) by Nick Parsons
AACTA Award for Best Adapted Screenplay,1996,Life,"John Brumpton, Lawrence Johnston",Containment (play) by John Brumpton
AACTA Award for Best Adapted Screenplay,1996,What I Have Written,John A. Scott,What I Have Written (novel) by John A. Scott
AACTA Award for Best Adapted Screenplay,1997,Blackrock,Nick Enright,Blackrock (play) by Nick Enright
AACTA Award for Best Adapted Screenplay,1997,Love in Ambush,Carl Schultz,Jarai (novel) by Loup Durand
AACTA Award for Best Adapted Screenplay,1998,Head On,Ana Kokkinos,Loaded (novel) by Christos Tsiolkas
AACTA Award for Best Adapted Screenplay,1998,Oscar and Lucinda,Laura Jones,Oscar and Lucinda (novel) by John Brumpton
AACTA Award for Best Adapted Screenplay,1998,Radiance,Louis Nowra,Radiance (play) by Louis Nowra
AACTA Award for Best Adapted Screenplay,2000,Chopper,Andrew Dominik,"The autobiographies of Mark ""Chopper"" Read"
AACTA Award for Best Adapted Screenplay,2000,The Magic Pudding,"Harry Cripps, Greg Haddrick, Simon Hopkinson",The Magic Pudding (book) by Norman Lindsay
AACTA Award for Best Adapted Screenplay,2001,He Died with a Felafel in His Hand,Richard Lowenstein,He Died with a Felafel in His Hand (novel) by John Birmingham
AACTA Award for Best Adapted Screenplay,2001,The Monkey's Mask,"Anne Kennedy, Dorothy Porter",The Monkey's Mask (novel) by Dorothy Porter
AACTA Award for Best Adapted Screenplay,2001,Silent Partner,Daniel Keene,Silent Partner (play) by Daniel Keene
AACTA Award for Best Adapted Screenplay,2002,Molokai: The Story of Father Damien,John Briley,Molokai: The Story of Father Damien (novel) by Hilde Eynikel
AACTA Award for Best Adapted Screenplay,2002,Rabbit-Proof Fence,Christine Olsen,Follow the Rabbit-Proof Fence (novel) by Doris Pilkington
AACTA Award for Best Adapted Screenplay,2002,Swimming Upstream,Tony Fingleton,Swimming Upstream (autobiography) by Diane & Tony Fingleton
AACTA Award for Best Adapted Screenplay,2003,The Rage in Placid Lake,Tony McNamara,The Cafe Latte Kid (play) by Tony McNamara
AACTA Award for Best Adapted Screenplay,2003,Blurred,"Stephen Davies, Kier Shorey",Blurred (play) by Stephen Davis
AACTA Award for Best Adapted Screenplay,2003,Ned Kelly,John Michael McDonagh,Our Sunshine (novel) by Robert Drewe
AACTA Award for Best Adapted Screenplay,2003,Teesh and Trude,Vanessa Lomma,Teesh and Trude (play) by Wilson McCaskill
AACTA Award for Best Adapted Screenplay,2005,Hating Alison Ashley,Christine Madafferi,Hating Alison Ashley (novel) by Robin Klein
AACTA Award for Best Adapted Screenplay,2005,The Illustrated Family Doctor,"David Snell, Kriv Stenders",The Illustrated Family Doctor (novel) by Robert Drewe
AACTA Award for Best Adapted Screenplay,2005,The Widower,Lyndon Terracini,"Evening Alone at Bunyah, Noonday Axeman, The Widower in the Country, Cowyard Gates and The Last Hellos (poems) by Les Murray"
AACTA Award for Best Adapted Screenplay,2006,The Book of Revelation,"Andrew Bovell, Ana Kokkinos",The Book of Revelation (novel) by Rupert Thomson
AACTA Award for Best Adapted Screenplay,2006,Jindabyne,Beatrix Christian,So Much Water So Close to Home (short story) by Raymond Carver
AACTA Award for Best Adapted Screenplay,2006,Last Train to Freo,Reg Cribb,The Return (play) by Reg Cribb
AACTA Award for Best Adapted Screenplay,2008,All My Friends Are Leaving Brisbane,Stephen Vagg,All My Friends Are Leaving Brisbane (play_ by Stephen Vagg
AACTA Award for Best Adapted Screenplay,2009,Beautiful Kate,Rachel Ward,Beautiful Kate (novel) by Newton Thornburg
AACTA Award for Best Adapted Screenplay,2009,Blessed,"Andrew Bovell, Patricia Cornelius, Melissa Reeves and Christos Tsiolkas",Who's Afraid of the Working Class? (play) by Andrew Bovell
AACTA Award for Best Adapted Screenplay,2009,Mao's Last Dancer,Jan Sardi,Mao's Last Dancer (autobiography) by Li Cunxin
AACTA Award for Best Adapted Screenplay,2010,"Tomorrow, When the War Began",Stuart Beattie,"Tomorrow, When the War Began (novel) by John Marsden"
AACTA Award for Best Adapted Screenplay,2010,Bran Nue Dae,"Reg Cribb, Rachel Perkins",Bran Nue Dae (musical) by Jimmy Chi
AACTA Award for Best Adapted Screenplay,2010,The Boys Are Back,Allan Cubitt,The Boys Are Back In Town (novel) by Simon Carr
AACTA Award for Best Adapted Screenplay,2010,The Tree,Julie Bertuccelli,Our Father Who Art in the Tree (novel) by Judy Pascoe
AACTA Award for Best Adapted Screenplay,2011(1st),Snowtown,Shaun Grant,The Snowtown murders
AACTA Award for Best Adapted Screenplay,2011(1st),The Eye of the Storm,Judy Morris,The Eye of the Storm (novel) by Patrick White
AACTA Award for Best Adapted Screenplay,2011(1st),The Hunter,Alice Addison,The Hunter (novel) by Julia Leigh
AACTA Award for Best Adapted Screenplay,2011(1st),Red Dog,Daniel Taplitz,Red Dog (novel) by Louis de Bernières
AACTA Award for Best Adapted Screenplay,2012(2nd),Lore,"Robin Mukherjee, Cate Shortland",The Dark Room (novel) by Rachel Seiffert
AACTA Award for Best Adapted Screenplay,2013(3rd),Adoration,Christopher Hampton,The Grandmothers (short story collection) by Doris Lessing
AACTA Award for Best Adapted Screenplay,2013(3rd),Dead Europe,Louise Fox,Dead Europe (novel) by Christos Tsiolkas
AACTA Award for Best Adapted Screenplay,2013(3rd),The Turning,The Turning Ensemble,The Turning (short story collection) by Tim Winton
AACTA Award for Best Adapted Screenplay,2014(4th),Predestination,The Spierig Brothers,All You Zombies (novel) by Robert A. Heinlein
AACTA Award for Best Adapted Screenplay,2015(5th),Holding the Man,Tommy Murphy,Holding the Man (autobiography) by Timothy Conigrave
AACTA Award for Best Adapted Screenplay,2015(5th),Ruben Guthrie,Brendan Cowell,Ruben Guthrie (play) by Brendan Cowell
AACTA Award for Best Adapted Screenplay,2016(6th),The Daughter,Simon Stone,The Wild Duck (play) by Henrik Ibsen
AACTA Award for Best Adapted Screenplay,2016(6th),Girl Asleep,Matthew Whittet,Girl Asleep (play) by Matthew Whittet
AACTA Award for Best Adapted Screenplay,2017(7th),Lion,Luke Davies,A Long Way Home by Saroo Brierley and Larry Buttrose
AACTA Award for Best Adapted Screenplay,2017(7th),Berlin Syndrome,Shaun Grant,Berlin Syndrome (book) by Melanie Joosten
AACTA Award for Best Adapted Screenplay,2017(7th),Don't Tell,"Anne Brooksbank, Ursula Cleary, James Greville",Based on a true story
AACTA Award for Best Adapted Screenplay,2017(7th),Jasper Jones,"Shaun Grant, Craig Silvey",Jasper Jones (book) by Craig Silvey
AACTA Award for Best Adapted Screenplay,2018(8th),Boy Erased,Joel Edgerton,Boy Erased: A Memoir by Garrard Conley
AACTA Award for Best Adapted Screenplay,2018(8th),Breath,"Simon Baker, Gerard Lee, Tim Winton",Breath (novel) by Tim Winton
AACTA Award for Best Adapted Screenplay,2018(8th),Cargo,Yolanda Ramke,"Cargo (short film) by Ben Howling, Yolanda Ramke"
AACTA Award for Best Adapted Screenplay,2018(8th),Ladies in Black,"Bruce Beresford, Sue Milliken",Ladies in Black (play) by Carolyn Burns
AACTA Award for Best Adapted Screenplay,2021(11th),The Dry,"Robert Connolly, Harry Cripps",The Dry (novel) by Jane Harper
AACTA Award for Best Adapted Screenplay,2021(11th),Penguin Bloom,"Shaun Grant, Harry Cripps",Penguin Bloom (novel) by Bradley Trevor Greive
AACTA Award for Best Adapted Screenplay,2021(11th),Peter Rabbit 2,"Patrick Burleigh, Will Gluck",Peter Rabbit (stories) by Beatrix Potter
AACTA Award for Best Adapted Screenplay,2021(11th),Rams,James Duncan,Rams (2015 film) by Grímur Hákonarson
