0,1,2,3,4,5
Mystic River (movie),"February 29, 2004",Best Director,Clint Eastwood,Nominated,
Mystic River (movie),2004,Best Edited Feature Film – Dramatic,Joel Cox,Nominated,
Mystic River (movie),February 2004,Feature Film – Contemporary Film,Henry Bumstead and Jack G. Taylor Jr.,Won,
Mystic River (movie),"February 15, 2004",Best Actor in a Leading Role,Sean Penn,Nominated,
Mystic River (movie),"February 15, 2004",Best Actor in a Supporting Role,Tim Robbins,Nominated,
Mystic River (movie),"February 15, 2004",Best Actress in a Supporting Role,Laura Linney,Nominated,
Mystic River (movie),"February 15, 2004",Best Screenplay – Adapted,Brian Helgeland,Nominated,
Mystic River (movie),"December 14, 2003",Best Film,Won,,None
Mystic River (movie),"December 14, 2003",Best Ensemble,Won,,None
Mystic River (movie),"May 14 – 25, 2003",Golden Coach,Clint Eastwood,Won,
Mystic River (movie),October 2004,Feature Film,Won,,None
Mystic River (movie),"February 21, 2004",Best Foreign Film,Won,,None
Mystic River (movie),"January 10, 2004",Best Picture,Nominated,,None
Mystic River (movie),"January 10, 2004",Best Director,Clint Eastwood,Nominated,
Mystic River (movie),"January 10, 2004",Best Actor,Sean Penn,Won,
Mystic River (movie),"January 10, 2004",Best Supporting Actress,Marcia Gay Harden,Nominated,
Mystic River (movie),"January 10, 2004",Best Supporting Actor,Tim Robbins,Won,
Mystic River (movie),"January 10, 2004",Best Ensemble,Nominated,,None
Mystic River (movie),"January 10, 2004",Best Screenplay,Brian Helgeland,Nominated,
Mystic River (movie),"January 10, 2004",Best Score,Clint Eastwood,Nominated,
Mystic River (movie),January 2004,Best Actor,Sean Penn,Won,
Mystic River (movie),6 December 2003,Best Non-European Film,Nominated,,None
Mystic River (movie),"January 2, 2004",Best Actor,Sean Penn,Won,
Mystic River (movie),"January 2, 2004",Best Supporting Actor,Tim Robbins,Won,
Mystic River (movie),"January 25, 2004",Best Motion Picture – Drama,Nominated,,None
Mystic River (movie),"January 25, 2004",Best Director – Motion Picture,Clint Eastwood,Nominated,
Mystic River (movie),"January 25, 2004",Best Screenplay – Motion Picture,Brian Helgeland,Nominated,
Mystic River (movie),"January 25, 2004",Best Actor in a Drama,Sean Penn,Won,
Mystic River (movie),"January 25, 2004",Best Supporting Actor in a Motion Picture,Tim Robbins,Won,
Mystic River (movie),"February 11, 2004",Director of the Year,Clint Eastwood,Won,
Mystic River (movie),"February 11, 2004",Actor of the Year,Sean Penn,Won,
Mystic River (movie),"December 3, 2003",Best Film,Won,,None
Mystic River (movie),"December 3, 2003",Best Actor,Sean Penn,Won,
Mystic River (movie),"January 3, 2004",Best Film,2nd Place,,None
Mystic River (movie),"January 3, 2004",Best Director,Clint Eastwood,Won,
Mystic River (movie),"January 3, 2004",Best Actor,Sean Penn,2nd Place,
Mystic River (movie),"January 3, 2004",Best Supporting Actor,Tim Robbins,2nd Place,
Mystic River (movie),"January 3, 2004",Best Screenplay,Brian Helgeland,2nd Place,
Mystic River (movie),"January 23, 2004",Best Drama Film,Nominated,,None
Mystic River (movie),"January 23, 2004",Best Director,Clint Eastwood,Nominated,
Mystic River (movie),"January 23, 2004",Best Actor – Drama,Sean Penn,Won,
Mystic River (movie),"January 23, 2004",Best Supporting Actress – Drama,Marcia Gay Harden,Nominated,
Mystic River (movie),"January 23, 2004",Best Adapted Screenplay,Brian Helgeland,Won,
Mystic River (movie),"January 23, 2004",Best Cinematography,Tom Stern,Nominated,
Mystic River (movie),"January 23, 2004",Best Editing,Joel Cox,Nominated,
Mystic River (movie),"January 23, 2004",Best Sound,Alan Robert Murray and Bub Asman,Nominated,
Mystic River (movie),"February 22, 2004",Outstanding Performance by a Supporting Male Actor,Tim Robbins,Won,
Mystic River (movie),"February 22, 2004",Outstanding Performance by a Male Actor,Sean Penn,Nominated,
Mystic River (movie),"February 22, 2004",Outstanding Ensemble,Nominated,,None
Mystic River (movie),"February 2, 2004",Best Actor,Sean Penn,Won,
Mystic River (movie),"February 21, 2004",Best Adapted Screenplay,Brian Helgeland,Nominated,
