0,1,2,3,4
GoodFellas,Academy Award,Best Director,Martin Scorsese,Nominated
GoodFellas,Academy Award,Best Adapted Screenplay,Martin Scorsese and Nicholas Pileggi,Nominated
GoodFellas,Golden Globe Award,Best Motion Picture – Drama,Martin Scorsese and Irwin Winkler,Nominated
GoodFellas,Golden Globe Award,Best Director,Martin Scorsese,Nominated
GoodFellas,Golden Globe Award,Best Supporting Actor,Joe Pesci,Nominated
GoodFellas,Golden Globe Award,Best Supporting Actress,Lorraine Bracco,Nominated
GoodFellas,Golden Globe Award,Best Screenplay,Martin Scorsese and Nicholas Pileggi,Nominated
GoodFellas,British Academy Film Award,Best Film,Martin Scorsese and Irwin Winkler,Won
GoodFellas,British Academy Film Award,Best Director,Martin Scorsese,Won
GoodFellas,British Academy Film Award,Best Adapted Screenplay,Martin Scorsese and Nicholas Pileggi,Won
GoodFellas,British Academy Film Award,Best Actor,Robert De Niro,Nominated
GoodFellas,British Academy Film Award,Best Editing,Thelma Schoonmaker,Won
GoodFellas,British Academy Film Award,Best Cinematography,Michael Ballhaus,Nominated
GoodFellas,British Academy Film Award,Best Costume Design,Richard Bruno,Won
GoodFellas,Directors Guild of America Award,Outstanding Directing – Feature,Martin Scorsese,Nominated
GoodFellas,Writers Guild of America Award,Best Adapted Screenplay,Martin Scorsese and Nicholas Pileggi,Nominated
GoodFellas,César Award,Best Non-French Film,Martin Scorsese and Irwin Winkler,Nominated
GoodFellas,Venice Film Festival,Silver Lion for Best Director,Martin Scorsese,Won
GoodFellas,Venice Film Festival,Audience Award,Martin Scorsese,Won
GoodFellas,Venice Film Festival,"Filmcritica ""Bastone Bianco"" Award",Martin Scorsese,Won
GoodFellas,New York Film Critics Circle Award,Best Film,Martin Scorsese and Irwin Winkler,Won
GoodFellas,New York Film Critics Circle Award,Best Director,Martin Scorsese,Won
GoodFellas,New York Film Critics Circle Award,Best Actor,Robert De Niro,Won
GoodFellas,Los Angeles Film Critics Association Award,Best Film,Martin Scorsese and Irwin Winkler,Won
GoodFellas,Los Angeles Film Critics Association Award,Best Director,Martin Scorsese,Won
GoodFellas,Los Angeles Film Critics Association Award,Best Supporting Actor,Joe Pesci,Won
GoodFellas,Los Angeles Film Critics Association Award,Best Supporting Actress,Lorraine Bracco,Won
GoodFellas,Los Angeles Film Critics Association Award,Best Cinematography,Michael Ballhaus,Won
GoodFellas,National Board of Review Award,Best Supporting Actor,Joe Pesci,Won
GoodFellas,Boston Society of Film Critics Award,Best Film,Martin Scorsese and Irwin Winkler,Won
GoodFellas,Boston Society of Film Critics Award,Best Director,Martin Scorsese,Won
GoodFellas,Boston Society of Film Critics Award,Best Supporting Actor,Joe Pesci,Won
GoodFellas,Chicago Film Critics Association Award,Best Film,Martin Scorsese and Irwin Winkler,Won
GoodFellas,Chicago Film Critics Association Award,Best Director,Martin Scorsese,Won
GoodFellas,Chicago Film Critics Association Award,Best Supporting Actor,Joe Pesci,Won
GoodFellas,Chicago Film Critics Association Award,Best Supporting Actress,Lorraine Bracco,Won
GoodFellas,Chicago Film Critics Association Award,Best Screenplay,Martin Scorsese and Nicholas Pileggi,Won
GoodFellas,National Society of Film Critics Award,Best Film,Martin Scorsese and Irwin Winkler,Won
GoodFellas,National Society of Film Critics Award,Best Director,Martin Scorsese,Won
GoodFellas,Bodil Award,Best American Film,Martin Scorsese and Irwin Winkler,Won
