0,1,2,3,4
Judgement at Nuremberg,Academy Awards,Best Art Direction – Black-and-White,Rudolph Sternad and George Milo,Nominated
Judgement at Nuremberg,Academy Awards,Best Cinematography – Black-and-White,Ernest Laszlo,Nominated
Judgement at Nuremberg,Academy Awards,Best Costume Design – Black-and-White,Jean Louis,Nominated
Judgement at Nuremberg,Academy Awards,Irving G. Thalberg Memorial Award,Stanley Kramer,Won
Judgement at Nuremberg,American Cinema Editors Awards,Best Edited Feature Film,Frederic Knudtson,Nominated
Judgement at Nuremberg,Bodil Awards,Best Non-European Film,Stanley Kramer,Won
Judgement at Nuremberg,British Academy Film Awards,Best Film,Best Film,Nominated
Judgement at Nuremberg,British Academy Film Awards,Best Foreign Actor,Montgomery Clift,Nominated
Judgement at Nuremberg,British Academy Film Awards,Best Foreign Actor,Maximilian Schell,Nominated
Judgement at Nuremberg,Cinema Writers Circle Awards,Best Foreign Film,Best Foreign Film,Won
Judgement at Nuremberg,David di Donatello Awards,Best Foreign Production,Best Foreign Production,Won
Judgement at Nuremberg,David di Donatello Awards,Best Foreign Actor,Spencer Tracy,Won
Judgement at Nuremberg,David di Donatello Awards,David Giovani Award,Marlene Dietrich,Won
Judgement at Nuremberg,Directors Guild of America Awards,Outstanding Directorial Achievement in Motion Pictures,Stanley Kramer,Nominated
Judgement at Nuremberg,Fotogramas de Plata Awards,Best Foreign Performer,Spencer Tracy,Won
Judgement at Nuremberg,Golden Globe Awards,Best Motion Picture – Drama,Best Motion Picture – Drama,Nominated
Judgement at Nuremberg,Golden Globe Awards,Best Actor in a Motion Picture – Drama,Maximilian Schell,Won
Judgement at Nuremberg,Golden Globe Awards,Best Supporting Actor – Motion Picture,Montgomery Clift,Nominated
Judgement at Nuremberg,Golden Globe Awards,Best Supporting Actress – Motion Picture,Judy Garland,Nominated
Judgement at Nuremberg,Golden Globe Awards,Best Director – Motion Picture,Stanley Kramer,Won
Judgement at Nuremberg,Golden Globe Awards,Best Film Promoting International Understanding,Best Film Promoting International Understanding,Nominated
Judgement at Nuremberg,Laurel Awards,Top Drama,Top Drama,Nominated
Judgement at Nuremberg,Laurel Awards,Top Male Dramatic Performance,Maximilian Schell,Nominated
Judgement at Nuremberg,Laurel Awards,Top Male Supporting Performance,Montgomery Clift,Nominated
Judgement at Nuremberg,Laurel Awards,Top Female Supporting Performance,Judy Garland,Nominated
Judgement at Nuremberg,Laurel Awards,Top Cinematography – Black and White,Ernest Laszlo,Nominated
Judgement at Nuremberg,Nastro d'Argento,Best Foreign Director,Stanley Kramer,Won
Judgement at Nuremberg,National Board of Review Awards,Top Ten Films,Top Ten Films,8th Place
Judgement at Nuremberg,National Film Preservation Board,National Film Registry,National Film Registry,Inducted
Judgement at Nuremberg,New York Film Critics Circle Awards,Best Film,Best Film,Nominated
Judgement at Nuremberg,New York Film Critics Circle Awards,Best Actor,Maximilian Schell,Won
Judgement at Nuremberg,New York Film Critics Circle Awards,Best Screenplay,Abby Mann,Won
Judgement at Nuremberg,Online Film & Television Association Awards,Hall of Fame – Motion Picture,Hall of Fame – Motion Picture,Won
Judgement at Nuremberg,Writers Guild of America Awards,Best Written American Drama,Abby Mann,Nominated
