0,1,2,3,4
Harold Kress,1939,Broadway Serenade,Robert Z. Leonard,
Harold Kress,1939,Remember?,Robert Z. Leonard,
Harold Kress,1939,It's a Wonderful World,W. S. Van Dyke,
Harold Kress,1939,These Glamour Girls,S. Sylvan Simon,
Harold Kress,1939,The Adventures of Huckleberry Finn,Richard Thorpe,"Supervising editor, apparently uncredited."
Harold Kress,1940,New Moon,Robert Z. LeonardW. S. Van Dyke,
Harold Kress,1940,Andy Hardy Meets Debutante,George B. Seitz,
Harold Kress,1940,Bitter Sweet,W. S. Van Dyke,
Harold Kress,1940,Comrade X,King Vidor,
Harold Kress,1941,Rage in Heaven,W. S. Van DykeRobert B. SinclairRichard Thorpe,
Harold Kress,1941,Unholy Partners,Mervyn LeRoy,The first of five films directed by LeRoy and edited by Kress.
Harold Kress,1941,"H. M. Pulham, Esq.",King Vidor,
Harold Kress,1942,Random Harvest,Mervyn LeRoy,
Harold Kress,1943,Madame Curie,Mervyn LeRoy,
Harold Kress,1943,Cabin in the Sky,Vincente Minnelli,The first of three films directed by Minnelli and edited by Kress.
Harold Kress,1946,Dragon Seed,Harold S. BucquetJack Conway,
Harold Kress,1948,A Date with Judy,Richard Thorpe,
Harold Kress,1948,Command Decision,Sam Wood,
Harold Kress,1949,The Great Sinner,Robert Siodmak,
Harold Kress,1949,"East Side, West Side",Mervyn LeRoy,
Harold Kress,1950,The Miniver Story,H. C. Potter,
Harold Kress,1951,The Painted Hills,Himself,Director only
Harold Kress,1951,No Questions Asked,Himself,Director only
Harold Kress,1952,Apache War Smoke,Himself,Director only
Harold Kress,1953,Saadia,Albert Lewin,
Harold Kress,1953,"Ride, Vaquero!",John Farrow,
Harold Kress,1954,Rose Marie,Mervyn LeRoy,The fifth and final film directed by LeRoy and edited by Kress.
Harold Kress,1954,Green Fire,Andrew Marton,
Harold Kress,1954,Valley of the Kings,Robert Pirosh,
Harold Kress,1955,I'll Cry Tomorrow,Daniel Mann,
Harold Kress,1955,The Cobweb,Vincente Minnelli,
Harold Kress,1955,The Prodigal,Richard Thorpe,
Harold Kress,1956,The Rack,Arnold Laven,
Harold Kress,1956,The Teahouse of the August Moon,Daniel Mann,
Harold Kress,1957,Until They Sail,Robert Wise,
Harold Kress,1957,Silk Stockings,Rouben Mamoulian,
Harold Kress,1958,Merry Andrew,Michael Kidd,
Harold Kress,1958,Imitation General,George Marshall,
Harold Kress,1959,"The World, the Flesh and the Devil",Ranald MacDougall,
Harold Kress,1959,Count Your Blessings,Jean Negulesco,
Harold Kress,1960,Home from the Hill,Vincente Minnelli,The third and last film directed by Minnelli and edited by Kress.
Harold Kress,1961,King of Kings,Nicholas Ray,
Harold Kress,1963,It Happened at the World's Fair,Norman Taurog,Uncredited. This was the last film Kress made at the MGM Studio; he'd worked for the studio for more than 25 years.
Harold Kress,1965,The Greatest Story Ever Told,George Stevens,
Harold Kress,1966,Alvarez Kelly,Edward Dmytryk,
Harold Kress,1967,The Ambushers,Henry Levin,
Harold Kress,1967,Luv,Clive Donner,
Harold Kress,1968,Star Spangled Salesman,Norman MaurerWingate Smith,
Harold Kress,1970,I Walk the LIne,John Frankenheimer,supervising editor
Harold Kress,1971,The Horsemen,John Frankenheimer,
Harold Kress,1972,Stand Up and Be Counted,Jackie Cooper,
Harold Kress,1973,The Iceman Cometh,John Frankenheimer,
Harold Kress,1974,99 and 44/100% Dead,John Frankenheimer,
Harold Kress,1976,Gator,Burt Reynolds,
Harold Kress,1977,Viva Knievel!,Gordon Douglas,
Harold Kress,1977,The Other Side of Midnight,Charles Jarrott,
Harold Kress,1978,The Swarm,Irwin Allen,
