0,1,2,3,4
Guardian Prize,2016,Alex Wheatle,Crongton Knights,Atom Books
Guardian Prize,2015,David Almond,A Song for Ella Grey,Hodder Children's Books
Guardian Prize,2014,Piers Torday,The Dark Wild,Quercus Publishing 
Guardian Prize,2013,Rebecca Stead,Liar & Spy,Andersen Press
Guardian Prize,2012,Frank Cottrell Boyce,The Unforgotten Coat,Walker Books
Guardian Prize,2011,Andy Mulligan,Return To Ribblestrop,Simon & Schuster  
Guardian Prize,1998,Henrietta Branford,"Fire, Bed and Bone",Walker Books
Guardian Prize,1996,Alison Prince,The Sherwood Hero,Macmillan
Guardian Prize,1995,Lesley Howarth,MapHead,Walker Books
Guardian Prize,1994,Sylvia Waugh,The Mennyms,Julia MacRae
Guardian Prize,1993,William Mayne,Low Tide,Jonathan Cape
Guardian Prize,1992,Rachel Anderson,Paper Faces,Oxford
Guardian Prize,1992,Hilary McKay,The Exiles,Gollancz
Guardian Prize,1991,Robert Westall,The Kingdom by the Sea,Methuen
Guardian Prize,1987,James Aldridge,The True Story of Spit MacPhee ,Viking Kestrel
Guardian Prize,1986,Ann Pilling,Henry's Leg,Viking Kestrel
Guardian Prize,1985,Ted Hughes,What is the Truth,Faber
Guardian Prize,1981,Peter Carter,The Sentinels,Oxford
Guardian Prize,1980,Ann Schlee,The Vandal,Macmillan
Guardian Prize,1979,Andrew Davies,Conrad's War,Blackie
Guardian Prize,1977,Peter Dickinson,The Blue Hawk,Gollancz
Guardian Prize,1976,Nina Bawden,The Peppermint Pig,Gollancz
Guardian Prize,1975,Winifred Cawley,Gran at Coalgate,Oxford
Guardian Prize,1974,Barbara Willard,The Iron Lily,Longman
Guardian Prize,1972,Gillian Avery,A Likely Lad,Collins
Guardian Prize,1970,K. M. Peyton,The Flambards trilogy (1967–1969),Oxford
Guardian Prize,1969,Joan Aiken,The Whispering Mountain,Jonathan Cape
Guardian Prize,1967,Leon Garfield,Devil-in-the-Fog,Constable
