0,1,2,3,4
Golden Globe Award for Best Actor – Motion Picture Musical or Comedy,1970,Elliott Gould,"Captain John ""Trapper"" McIntyre",M*A*S*H
Golden Globe Award for Best Actor – Motion Picture Musical or Comedy,1970,Donald Sutherland,"Captain Benjamin ""Hawkeye"" Pierce",M*A*S*H
Golden Globe Award for Best Actor – Motion Picture Musical or Comedy,1970,Richard Benjamin,Jonathan Balser,Diary of a Mad Housewife
Golden Globe Award for Best Actor – Motion Picture Musical or Comedy,1970,Jack Lemmon,George Kellerman,The Out-of-Towners
Golden Globe Award for Best Actor – Motion Picture Musical or Comedy,1971,Bud Cort,Harold Chasen,Harold and Maude
Golden Globe Award for Best Actor – Motion Picture Musical or Comedy,1971,Dean Jones,Professor Dooley,The Million Dollar Duck
Golden Globe Award for Best Actor – Motion Picture Musical or Comedy,1971,Walter Matthau,Joseph P. Kotcher,Kotch
Golden Globe Award for Best Actor – Motion Picture Musical or Comedy,1971,Gene Wilder,Willy Wonka,Willy Wonka & the Chocolate Factory
Golden Globe Award for Best Actor – Motion Picture Musical or Comedy,1972,Edward Albert,Don Baker,Butterflies Are Free
Golden Globe Award for Best Actor – Motion Picture Musical or Comedy,1972,Charles Grodin,Lenny Cantrow,The Heartbreak Kid
Golden Globe Award for Best Actor – Motion Picture Musical or Comedy,1972,Walter Matthau,Pete,Pete 'n' Tillie
Golden Globe Award for Best Actor – Motion Picture Musical or Comedy,1972,Peter O'Toole,Don Quixote de la Mancha / Miguel de Cervantes,Man of La Mancha
Golden Globe Award for Best Actor – Motion Picture Musical or Comedy,1973,Carl Anderson,Judas Iscariot,Jesus Christ Superstar
Golden Globe Award for Best Actor – Motion Picture Musical or Comedy,1973,Ted Neeley,Jesus Christ,Jesus Christ Superstar
Golden Globe Award for Best Actor – Motion Picture Musical or Comedy,1973,Richard Dreyfuss,Curt Henderson,American Graffiti
Golden Globe Award for Best Actor – Motion Picture Musical or Comedy,1973,Ryan O'Neal,Moses Pray,Paper Moon
Golden Globe Award for Best Actor – Motion Picture Musical or Comedy,1974,Jack Lemmon,Hildy Johnson,The Front Page
Golden Globe Award for Best Actor – Motion Picture Musical or Comedy,1974,Walter Matthau,Walter Burns,The Front Page
Golden Globe Award for Best Actor – Motion Picture Musical or Comedy,1974,James Earl Jones,Rupert Marshall,Claudine
Golden Globe Award for Best Actor – Motion Picture Musical or Comedy,1974,Burt Reynolds,"Paul ""Wrecking"" Crewe",The Longest Yard
Golden Globe Award for Best Actor – Motion Picture Musical or Comedy,1975,Warren Beatty,George Roundy,Shampoo
Golden Globe Award for Best Actor – Motion Picture Musical or Comedy,1975,James Caan,Billy Rose,Funny Lady
Golden Globe Award for Best Actor – Motion Picture Musical or Comedy,1975,Peter Sellers,Inspector Jacques Clouseau,The Return of the Pink Panther
Golden Globe Award for Best Actor – Motion Picture Musical or Comedy,1976,Mel Brooks,Mel Funn,Silent Movie
Golden Globe Award for Best Actor – Motion Picture Musical or Comedy,1976,Peter Sellers,Inspector Jacques Clouseau,The Pink Panther Strikes Again
Golden Globe Award for Best Actor – Motion Picture Musical or Comedy,1976,Jack Weston,Gaetano Proclo,The Ritz
Golden Globe Award for Best Actor – Motion Picture Musical or Comedy,1976,Gene Wilder,George Caldwell,Silver Streak
Golden Globe Award for Best Actor – Motion Picture Musical or Comedy,1977,Woody Allen,Alvy Singer,Annie Hall
Golden Globe Award for Best Actor – Motion Picture Musical or Comedy,1977,Mel Brooks,Dr. Richard H. Thorndyke,High Anxiety
Golden Globe Award for Best Actor – Motion Picture Musical or Comedy,1977,Robert De Niro,Jimmy Doyle,"New York, New York"
Golden Globe Award for Best Actor – Motion Picture Musical or Comedy,1977,John Travolta,Tony Manero,Saturday Night Fever
Golden Globe Award for Best Actor – Motion Picture Musical or Comedy,1978,Alan Alda,George,"Same Time, Next Year"
Golden Globe Award for Best Actor – Motion Picture Musical or Comedy,1978,Gary Busey,Buddy Holly,The Buddy Holly Story
Golden Globe Award for Best Actor – Motion Picture Musical or Comedy,1978,Chevy Chase,Detective Tony Carlson,Foul Play
Golden Globe Award for Best Actor – Motion Picture Musical or Comedy,1978,George C. Scott,Gloves Malloy / Spats Baxter,Movie Movie
Golden Globe Award for Best Actor – Motion Picture Musical or Comedy,1978,John Travolta,Danny Zuko,Grease
Golden Globe Award for Best Actor – Motion Picture Musical or Comedy,1979,Peter Sellers,Chance,Being There
Golden Globe Award for Best Actor – Motion Picture Musical or Comedy,1979,George Hamilton,Count Dracula,Love at First Bite
Golden Globe Award for Best Actor – Motion Picture Musical or Comedy,1979,Dudley Moore,George Webber,10
Golden Globe Award for Best Actor – Motion Picture Musical or Comedy,1979,Burt Reynolds,Phil Potter,Starting Over
Golden Globe Award for Best Actor – Motion Picture Musical or Comedy,1979,Roy Scheider,Joe Gideon,All That Jazz
