0,1,2,3
MTV Europe Music Award for Best Song,2010,Eminem (feat. Rihanna),"""Love the Way You Lie"""
MTV Europe Music Award for Best Song,2010,Katy Perry (feat. Snoop Dogg),"""California Gurls"""
MTV Europe Music Award for Best Song,2010,Rihanna,"""Rude Boy"""
MTV Europe Music Award for Best Song,2010,Usher (feat. will.i.am),"""OMG"""
MTV Europe Music Award for Best Song,2011,Adele,"""Rolling in the Deep"""
MTV Europe Music Award for Best Song,2011,Bruno Mars,"""Grenade"""
MTV Europe Music Award for Best Song,2011,Jennifer Lopez (feat. Pitbull),"""On the Floor"""
MTV Europe Music Award for Best Song,2011,Katy Perry,"""Firework"""
MTV Europe Music Award for Best Song,2012,Fun (feat. Janelle Monáe),"""We Are Young"""
MTV Europe Music Award for Best Song,2012,Gotye (feat. Kimbra),"""Somebody That I Used to Know"""
MTV Europe Music Award for Best Song,2012,Pitbull (feat. Chris Brown),"""International Love"""
MTV Europe Music Award for Best Song,2012,Rihanna (feat. Calvin Harris),"""We Found Love"""
MTV Europe Music Award for Best Song,2013,Macklemore & Ryan Lewis (feat. Wanz),"""Thrift Shop"""
MTV Europe Music Award for Best Song,2013,Daft Punk (feat. Pharrell Williams),"""Get Lucky"""
MTV Europe Music Award for Best Song,2013,Robin Thicke (feat. T.I. and Pharrell Williams),"""Blurred Lines"""
MTV Europe Music Award for Best Song,2013,Rihanna,"""Diamonds"""
MTV Europe Music Award for Best Song,2014,Eminem and Rihanna,"""The Monster"""
MTV Europe Music Award for Best Song,2014,Katy Perry (feat. Juicy J),"""Dark Horse"""
MTV Europe Music Award for Best Song,2014,Pharrell Williams,"""Happy"""
MTV Europe Music Award for Best Song,2014,Sam Smith,"""Stay With Me"""
MTV Europe Music Award for Best Song,2015,Ellie Goulding,"""Love Me Like You Do"""
MTV Europe Music Award for Best Song,2015,Major Lazer  and DJ Snake (feat. MØ),"""Lean On"""
MTV Europe Music Award for Best Song,2015,Mark Ronson (feat. Bruno Mars),"""Uptown Funk"""
MTV Europe Music Award for Best Song,2015,Wiz Khalifa (feat. Charlie Puth),"""See You Again"""
MTV Europe Music Award for Best Song,2016,Justin Bieber,"""Sorry"""
MTV Europe Music Award for Best Song,2016,Adele,"""Hello"""
MTV Europe Music Award for Best Song,2016,Lukas Graham,"""7 Years"""
MTV Europe Music Award for Best Song,2016,Mike Posner,"""I Took a Pill in Ibiza (Seeb Remix)"""
MTV Europe Music Award for Best Song,2016,Rihanna (feat. Drake),"""Work"""
MTV Europe Music Award for Best Song,2017,Shawn Mendes,"""There's Nothing Holdin' Me Back"""
MTV Europe Music Award for Best Song,2017,Clean Bandit (feat. Sean Paul and Anne-Marie),"""Rockabye"""
MTV Europe Music Award for Best Song,2017,DJ Khaled (feat. Rihanna and Bryson Tiller),"""Wild Thoughts"""
MTV Europe Music Award for Best Song,2017,Ed Sheeran,"""Shape of You"""
MTV Europe Music Award for Best Song,2017,Luis Fonsi & Daddy Yankee (feat. Justin Bieber),"""Despacito (Remix)"""
MTV Europe Music Award for Best Song,2018,Camila Cabello (feat. Young Thug),"""Havana"""
MTV Europe Music Award for Best Song,2018,Bebe Rexha (feat. Florida Georgia Line),"""Meant to Be"""
MTV Europe Music Award for Best Song,2018,Ariana Grande,"""No Tears Left to Cry"""
MTV Europe Music Award for Best Song,2018,Drake,"""God's Plan"""
MTV Europe Music Award for Best Song,2018,Post Malone (feat. 21 Savage),"""Rockstar"""
MTV Europe Music Award for Best Song,2019,Billie Eilish,"""Bad guy"""
MTV Europe Music Award for Best Song,2019,Ariana Grande,"""7 Rings"""
MTV Europe Music Award for Best Song,2019,Lil Nas X (feat. Billy Ray Cyrus),"""Old Town Road (Remix)"""
MTV Europe Music Award for Best Song,2019,Post Malone and Swae Lee,"""Sunflower"""
MTV Europe Music Award for Best Song,2019,Shawn Mendes and Camila Cabello,"""Señorita"""
