0,1,2,3,4,5,6
The Nun's Story (film),Academy Awards,Best Cinematography – Color,Franz Planer,Nominated,,None
The Nun's Story (film),Academy Awards,Best Scoring of a Dramatic or Comedy Picture,Franz Waxman,Nominated,,None
The Nun's Story (film),British Academy Film Awards,Best Film from any Source,Fred Zinnemann,Nominated,,None
The Nun's Story (film),British Academy Film Awards,Best British Actor,Peter Finch,Nominated,,None
The Nun's Story (film),British Academy Film Awards,Best British Actress,Peggy Ashcroft,Nominated,,None
The Nun's Story (film),British Academy Film Awards,Best British Actress,Audrey Hepburn,Won,,None
The Nun's Story (film),British Academy Film Awards,United Nations Award,Fred Zinnemann,Nominated,,None
The Nun's Story (film),David di Donatello Awards,Best Foreign Actress,Audrey Hepburn,Won,,None
The Nun's Story (film),Directors Guild of America Awards,Outstanding Directorial Achievement in Motion Pictures,Fred Zinnemann,Nominated,,None
The Nun's Story (film),Faro Island Film Festival,Best Film (Golden Train Award),Fred Zinnemann,Nominated,,None
The Nun's Story (film),Golden Globe Awards,Best Motion Picture – Drama,Best Motion Picture – Drama,Nominated,,None
The Nun's Story (film),Golden Globe Awards,Best Actress in a Motion Picture – Drama,Audrey Hepburn,Nominated,,None
The Nun's Story (film),Golden Globe Awards,Best Supporting Actress – Motion Picture,Edith Evans,Nominated,,None
The Nun's Story (film),Golden Globe Awards,Best Director – Motion Picture,Fred Zinnemann,Nominated,,None
The Nun's Story (film),Golden Globe Awards,Best Film Promoting International Understanding,Fred Zinnemann,Best Film Promoting International Understanding,Nominated,
The Nun's Story (film),Golden Globe Awards,Special Achievement Award,Fred Zinnemann,Special Achievement Award,Won,
The Nun's Story (film),Grammy Awards,Best Soundtrack Album – Background Score from a Motion Picture or Television,Franz Waxman,Nominated,,None
The Nun's Story (film),Laurel Awards,Top Drama,Top Drama,Nominated,,None
The Nun's Story (film),Laurel Awards,Top Female Dramatic Performance,Audrey Hepburn,Nominated,,None
The Nun's Story (film),Laurel Awards,Top Score,Franz Waxman,Nominated,,None
The Nun's Story (film),National Board of Review Awards,Best Film,Best Film,Won,,None
The Nun's Story (film),National Board of Review Awards,Top Ten Films,Top Ten Films,Won,,None
The Nun's Story (film),National Board of Review Awards,Best Director,Fred Zinnemann,Won,,None
The Nun's Story (film),National Board of Review Awards,Best Supporting Actress,Edith Evans,Won,,None
The Nun's Story (film),New York Film Critics Circle Awards,Best Director,Fred Zinnemann,Won,,None
The Nun's Story (film),New York Film Critics Circle Awards,Best Actress,Audrey Hepburn,Won,,None
The Nun's Story (film),San Sebastián International Film Festival,Golden Shell,Fred Zinnemann,Won,,None
The Nun's Story (film),San Sebastián International Film Festival,Best Actress,Audrey Hepburn,Won,,None
The Nun's Story (film),Writers Guild of America Awards,Best Written American Drama,Robert Anderson,Nominated,,None
