0,1,2,3,4,5,6,7,8,9
San'yō Line,X19  G17,Itozaki,糸崎,230.9,,,,Mihara,Hiroshima
San'yō Line,X20  G16,Mihara,三原,233.3,,, San'yō ShinkansenY Kure Line,Mihara,Hiroshima
San'yō Line,G15,Hongō,本郷,242.8,,,,Mihara,Hiroshima
San'yō Line,G14,Kōchi,河内,255.1,,,,Higashihiroshima,Hiroshima
San'yō Line,G13,Nyūno,入野,259.5,,,,Higashihiroshima,Hiroshima
San'yō Line,G12,Shiraichi,白市,263.9,,,,Higashihiroshima,Hiroshima
San'yō Line,G11,Nishitakaya,西高屋,268.3,,,,Higashihiroshima,Hiroshima
San'yō Line,G10,Saijō,西条,272.9,,,,Higashihiroshima,Hiroshima
San'yō Line,G09,Jike,寺家,275.2,,,,Higashihiroshima,Hiroshima
San'yō Line,G08,Hachihommatsu,八本松,278.9,,,,Higashihiroshima,Hiroshima
San'yō Line,G07,Seno,瀬野,289.5,,,Skyrail Midorizaka Line (Midoriguchi),"Aki-ku, Hiroshima",Hiroshima
San'yō Line,G06,Nakanohigashi,中野東,292.4,,,,"Aki-ku, Hiroshima",Hiroshima
San'yō Line,G05,Aki-Nakano,安芸中野,294.4,,,,"Aki-ku, Hiroshima",Hiroshima
San'yō Line,G03,Mukainada,向洋,300.6,｜,,,"Fuchū, Aki",Hiroshima
San'yō Line,G02,Tenjingawa,天神川,302.4,｜,,,"Minami-ku, Hiroshima",Hiroshima
San'yō Line,,Hiroshima Freight Terminal,広島貨物ターミナル,303.1,｜,,,"Minami-ku, Hiroshima",Hiroshima
San'yō Line,R04,Nishi-Hiroshima,西広島,310.2,○,｜,  Route 2  Route 3Main Line and Hiroden Miyajima Line (Hiroden-nishi-hiroshima),"Nishi-ku, Hiroshima",Hiroshima
San'yō Line,R05,Shin-Inokuchi,新井口,314.4,○,｜,  Route 2Hiroden Miyajima Line (Shoko Center-iriguchi),"Nishi-ku, Hiroshima",Hiroshima
San'yō Line,R06,Itsukaichi,五日市,316.8,○,｜,  Route 2Miyajima Line (Hiroden-itsukaichi),"Saeki-ku, Hiroshima",Hiroshima
San'yō Line,R07,Hatsukaichi,廿日市,320.2,○,●,  Route 2Miyajima Line (Hiroden-hatsukaichi),Hatsukaichi,Hiroshima
San'yō Line,R08,Miyauchi-Kushido,宮内串戸,321.8,○,｜,  Route 2Miyajima Line (Miyauchi),Hatsukaichi,Hiroshima
San'yō Line,R09,Ajina,阿品,324.8,○,｜,  Route 2Miyajima Line (Hiroden-ajina),Hatsukaichi,Hiroshima
San'yō Line,R10,Miyajimaguchi,宮島口,326.5,○,●,  Route 2Miyajima Line (Hiroden-miyajima-guchi) JR Miyajima Ferry,Hatsukaichi,Hiroshima
San'yō Line,R11,Maezora,前空,328.3,○,｜,,Hatsukaichi,Hiroshima
San'yō Line,R12,Ōnoura,大野浦,331.4,○,●,,Hatsukaichi,Hiroshima
San'yō Line,R13,Kuba,玖波,336.4,○,●,,Ōtake,Hiroshima
San'yō Line,R14,Ōtake,大竹,340.8,○,●,,Ōtake,Hiroshima
San'yō Line,R15,Waki,和木,342.3,○,●,,"Waki, Kuga",Yamaguchi
San'yō Line,R16,Iwakuni,岩国,346.1,○,●,     Gantoku Line,Iwakuni,Yamaguchi
San'yō Line,,Minami-Iwakuni,南岩国,350.7,,,Yamaguchi,Iwakuni,None
San'yō Line,,Fujū,藤生,353.4,,,Yamaguchi,Iwakuni,None
San'yō Line,,Tsuzu,通津,358.6,,,Yamaguchi,Iwakuni,None
San'yō Line,,Yū,由宇,361.6,,,Yamaguchi,Iwakuni,None
San'yō Line,,Kōjiro,神代,366.8,,,Yamaguchi,Iwakuni,None
San'yō Line,,Ōbatake,大畠,371.9,,,,Yanai,Yamaguchi
San'yō Line,,Yanaiminato,柳井港,376.4,,,Yamaguchi,Yanai,None
San'yō Line,,Yanai,柳井,379.2,,,Yamaguchi,Yanai,None
San'yō Line,,Tabuse,田布施,385.4,,,,"Tabuse, Kumage",Yamaguchi
San'yō Line,,Iwata,岩田,390.9,,,,Hikari,Yamaguchi
San'yō Line,,Shimata,島田,395.9,,,Yamaguchi,Hikari,None
San'yō Line,,Hikari,光,400.7,,,Yamaguchi,Hikari,None
San'yō Line,,Kudamatsu,下松,406.9,,,,Kudamatsu,Yamaguchi
San'yō Line,,Tokuyama,徳山,414.9,,, San'yō Shinkansen,Shūnan,Yamaguchi
