0,1,2,3,4,5
Primetime Emmy Award for Outstanding Directing for a Limited or Anthology Series or Movie,1990(42nd) ,Caroline?,Caroline?,Joseph Sargent,CBS
Primetime Emmy Award for Outstanding Directing for a Limited or Anthology Series or Movie,1990(42nd) ,Do You Know the Muffin Man?,Do You Know the Muffin Man?,Gilbert Cates,CBS
Primetime Emmy Award for Outstanding Directing for a Limited or Anthology Series or Movie,1990(42nd) ,The Final Days,The Final Days,Richard Pearce,ABC
Primetime Emmy Award for Outstanding Directing for a Limited or Anthology Series or Movie,1990(42nd) ,The Kennedys of Massachusetts,The Kennedys of Massachusetts,Lamont Johnson,ABC
Primetime Emmy Award for Outstanding Directing for a Limited or Anthology Series or Movie,1990(42nd) ,A Killing in a Small Town,A Killing in a Small Town,Stephen Gyllenhaal,CBS
Primetime Emmy Award for Outstanding Directing for a Limited or Anthology Series or Movie,1991(43rd) ,Absolute Strangers,Absolute Strangers,Gilbert Cates,CBS
Primetime Emmy Award for Outstanding Directing for a Limited or Anthology Series or Movie,1991(43rd) ,Decoration Day,Decoration Day,Robert Markowitz,NBC
Primetime Emmy Award for Outstanding Directing for a Limited or Anthology Series or Movie,1991(43rd) ,"Sarah, Plain and Tall","Sarah, Plain and Tall",Glenn Jordan,CBS
Primetime Emmy Award for Outstanding Directing for a Limited or Anthology Series or Movie,1992(44th) ,Broadway Bound,Broadway Bound,Paul Bogart,ABC
Primetime Emmy Award for Outstanding Directing for a Limited or Anthology Series or Movie,1992(44th) ,Crash Landing: The Rescue of Flight 232,Crash Landing: The Rescue of Flight 232,Lamont Johnson,ABC
Primetime Emmy Award for Outstanding Directing for a Limited or Anthology Series or Movie,1992(44th) ,Homefront,"""Pilot""",Ron Lagomarsino,ABC
Primetime Emmy Award for Outstanding Directing for a Limited or Anthology Series or Movie,1992(44th) ,I'll Fly Away,"""Pilot""",Joshua Brand,NBC
Primetime Emmy Award for Outstanding Directing for a Limited or Anthology Series or Movie,1992(44th) ,Mark Twain and Me,Mark Twain and Me,Daniel Petrie,Disney
Primetime Emmy Award for Outstanding Directing for a Limited or Anthology Series or Movie,1993(45th) ,Barbarians at the Gate,Barbarians at the Gate,Glenn Jordan,HBO
Primetime Emmy Award for Outstanding Directing for a Limited or Anthology Series or Movie,1993(45th) ,Citizen Cohn,Citizen Cohn,Frank Pierson,HBO
Primetime Emmy Award for Outstanding Directing for a Limited or Anthology Series or Movie,1993(45th) ,The Positively True Adventures of the Alleged Texas Cheerleader-Murdering Mom,The Positively True Adventures of the Alleged Texas Cheerleader-Murdering Mom,Michael Ritchie,HBO
Primetime Emmy Award for Outstanding Directing for a Limited or Anthology Series or Movie,1993(45th) ,A Town Torn Apart,A Town Torn Apart,Daniel Petrie,NBC
Primetime Emmy Award for Outstanding Directing for a Limited or Anthology Series or Movie,1994(46th) ,And the Band Played On,And the Band Played On,Roger Spottiswoode,HBO
Primetime Emmy Award for Outstanding Directing for a Limited or Anthology Series or Movie,1994(46th) ,Gypsy,Gypsy,Emile Ardolino,CBS
Primetime Emmy Award for Outstanding Directing for a Limited or Anthology Series or Movie,1994(46th) ,My Breast,My Breast,Betty Thomas,CBS
Primetime Emmy Award for Outstanding Directing for a Limited or Anthology Series or Movie,1994(46th) ,To Dance with the White Dog,To Dance with the White Dog,Glenn Jordan,CBS
Primetime Emmy Award for Outstanding Directing for a Limited or Anthology Series or Movie,1995(47th) ,Citizen X,Citizen X,Chris Gerolmo,HBO
Primetime Emmy Award for Outstanding Directing for a Limited or Anthology Series or Movie,1995(47th) ,Indictment: The McMartin Trial,Indictment: The McMartin Trial,Mick Jackson,HBO
Primetime Emmy Award for Outstanding Directing for a Limited or Anthology Series or Movie,1995(47th) ,The Piano Lesson,The Piano Lesson,Lloyd Richards,CBS
Primetime Emmy Award for Outstanding Directing for a Limited or Anthology Series or Movie,1995(47th) ,Serving in Silence: The Margarethe Cammermeyer Story,Serving in Silence: The Margarethe Cammermeyer Story,Jeff Bleckner,NBC
Primetime Emmy Award for Outstanding Directing for a Limited or Anthology Series or Movie,1996(48th) ,Almost Golden: The Jessica Savitch Story,Almost Golden: The Jessica Savitch Story,Peter Werner,Lifetime
Primetime Emmy Award for Outstanding Directing for a Limited or Anthology Series or Movie,1996(48th) ,Gulliver's Travels,Gulliver's Travels,Charles Sturridge,NBC
Primetime Emmy Award for Outstanding Directing for a Limited or Anthology Series or Movie,1996(48th) ,The Heidi Chronicles,The Heidi Chronicles,Paul Bogart,TNT
Primetime Emmy Award for Outstanding Directing for a Limited or Anthology Series or Movie,1996(48th) ,The Late Shift,The Late Shift,Betty Thomas,HBO
Primetime Emmy Award for Outstanding Directing for a Limited or Anthology Series or Movie,1997(49th) ,Bastard out of Carolina,Bastard out of Carolina,Anjelica Huston,Showtime
Primetime Emmy Award for Outstanding Directing for a Limited or Anthology Series or Movie,1997(49th) ,Crime of the Century,Crime of the Century,Mark Rydell,HBO
Primetime Emmy Award for Outstanding Directing for a Limited or Anthology Series or Movie,1997(49th) ,Gotti,Gotti,Robert Harmon,HBO
Primetime Emmy Award for Outstanding Directing for a Limited or Anthology Series or Movie,1997(49th) ,In the Gloaming,In the Gloaming,Christopher Reeve,HBO
Primetime Emmy Award for Outstanding Directing for a Limited or Anthology Series or Movie,1998(50th) ,Don King: Only in America,Don King: Only in America,John Herzfeld,HBO
Primetime Emmy Award for Outstanding Directing for a Limited or Anthology Series or Movie,1998(50th) ,From the Earth to the Moon,"""Can We Do This?""",Tom Hanks,HBO
Primetime Emmy Award for Outstanding Directing for a Limited or Anthology Series or Movie,1998(50th) ,Merlin,Merlin,Steve Barron,NBC
Primetime Emmy Award for Outstanding Directing for a Limited or Anthology Series or Movie,1998(50th) ,12 Angry Men,12 Angry Men,William Friedkin,Showtime
Primetime Emmy Award for Outstanding Directing for a Limited or Anthology Series or Movie,1999(51st) ,The Baby Dance,The Baby Dance,Jane Anderson,Showtime
Primetime Emmy Award for Outstanding Directing for a Limited or Anthology Series or Movie,1999(51st) ,Dash and Lilly,Dash and Lilly,Kathy Bates,A&E
Primetime Emmy Award for Outstanding Directing for a Limited or Anthology Series or Movie,1999(51st) ,Joan of Arc,Joan of Arc,Christian Duguay,CBS
Primetime Emmy Award for Outstanding Directing for a Limited or Anthology Series or Movie,1999(51st) ,A Lesson Before Dying,A Lesson Before Dying,Joseph Sargent,HBO
