0,1,2,3,4,5,6,7,8,9
Kentucky derby 2019,6.0,15,Master Fencer,Japan Road,Koichi Tsunoda,Julien Leparoux,50–1,58.60,4 lengths
Kentucky derby 2019,8.0,9,Plus Que Parfait,104,Brendan Walsh,Ricardo Santana Jr.,30–1,57.10,5+1⁄4 lengths
Kentucky derby 2019,9.0,14,Win Win Win,50,Michael J. Trombetta,Julian Pimentel,15–1,16.80,8+1⁄2 lengths
Kentucky derby 2019,10.0,10,Cutting Humor,50,Todd Pletcher,Mike E. Smith,30–1,24.10,9+1⁄4 lengths
Kentucky derby 2019,12.0,6,Vekoma,110,George Weaver,Javier Castellano,20–1,16.80,14+3⁄4 lengths
Kentucky derby 2019,13.0,21,Bodexpress,40,Gustavo Delgado,Chris Landeros,30–1,71.00,15 lengths
Kentucky derby 2019,14.0,2,Tax,52,Danny Gargan,Junior Alvarado,20–1,35.50,15 lengths
Kentucky derby 2019,15.0,17,Roadster,100,Bob Baffert,Florent Geroux,6–1,11.60,16+1⁄2 lengths
Kentucky derby 2019,16.0,18,Long Range Toddy,53.5,Steve Asmussen,Jon Court,30–1,54.80,18 lengths
Kentucky derby 2019,18.0,19,Spinoff,40,Todd Pletcher,Manuel Franco,30–1,52.30,18 lengths
Kentucky derby 2019,19.0,4,Gray Magician,41,Peter Miller,Drayden Van Dyke,50–1,33.80,26+1⁄4 lengths
Kentucky derby 2019,,11,Haikal,70,Kiaran McLaughlin,Rajiv Maragh,30–1,Scratched,
Kentucky derby 2019,,12,Omaha Beach,137.5,Richard E. Mandella,Mike E. Smith,4–1,Scratched,
