0,1,2
American music award for favorite country album,Dixie Chicks,Fly
American music award for favorite country album,George Strait,Always Never the Same
American music award for favorite country album,Alan Jackson,Under the Influence
American music award for favorite country album,Toby Keith,How Do You Like Me Now?!
American music award for favorite country album,Brooks & Dunn,Steers & Stripes
American music award for favorite country album,Lonestar,I'm Already There
American music award for favorite country album,Kenny Chesney,"No Shoes, No Shirt, No Problems"
American music award for favorite country album,Alan Jackson,Drive
American music award for favorite country album,Tim McGraw,Tim McGraw and the Dancehall Doctors
American music award for favorite country album,Rascal Flatts,Melt
American music award for favorite country album,Shania Twain,Up!
American music award for favorite country album,Kenny Chesney,When the Sun Goes Down
American music award for favorite country album,Martina McBride,Martina
American music award for favorite country album,Toby Keith,Honkytonk University
American music award for favorite country album,Gretchen Wilson,Here for the Party
American music award for favorite country album,Tim McGraw,Reflected: Greatest Hits Vol. 2
American music award for favorite country album,Johnny Cash,The Legend of Johnny Cash
American music award for favorite country album,Rascal Flatts,Me and My Gang
American music award for favorite country album,Rascal Flatts,Me and My Gang
American music award for favorite country album,Tim McGraw,Let It Go
American music award for favorite country album,Garth Brooks,The Ultimate Hits
American music award for favorite country album,Rascal Flatts,Still Feels Good
American music award for favorite country album,Rascal Flatts,Unstoppable
American music award for favorite country album,Zac Brown Band,The Foundation
