0,1,2,3,4,5,6
Brazil flag,Amapá,Beta Canis Majoris (Mirzam),"Canis Major, the Great Dog",2,1991,1992
Brazil flag,Rondônia,Gamma Canis Majoris (Muliphen),"Canis Major, the Great Dog",4,1982,1992
Brazil flag,Pará,Alpha Virginis (Spica),"Virgo, the Virgin",1,1889,1889
Brazil flag,Piauí,Alpha Scorpii (Antares),"Scorpius, the Scorpion",1,1889,1889
Brazil flag,Maranhão,Beta Scorpii (Graffias),"Scorpius, the Scorpion",3,1889,1889
Brazil flag,Ceará,Epsilon Scorpii (Larawag),"Scorpius, the Scorpion",2,1889,1889
Brazil flag,Paraíba,Kappa Scorpii,"Scorpius, the Scorpion",3,1889,1889
Brazil flag,Rio Grande do Norte,Lambda Scorpii (Shaula),"Scorpius, the Scorpion",2,1889,1889
Brazil flag,São Paulo,Alpha Crucis (Acrux or Estrela de Magalhães),"Crux, the Southern Cross",1,1889,1889
Brazil flag,Bahia,Gamma Crucis (Gacrux),"Crux, the Southern Cross",2,1889,1889
Brazil flag,Espírito Santo,Epsilon Crucis (Ginan),"Crux, the Southern Cross",4,1889,1889
Brazil flag,Paraná,Gamma Trianguli Australis,"Triangulum Australe, the Southern Triangle",3,1889,1889
Brazil flag,Goiás,Alpha Carinae (Canopus),"Carina, the Keel of Argo",1,1889,1889
