0,1,2,3,4
MTV Movie Award for Best Villain,1992,Robert De Niro,Cape Fear,Max Cady
MTV Movie Award for Best Villain,1992,Robert Patrick,Terminator 2: Judgment Day,T-1000
MTV Movie Award for Best Villain,1992,Alan Rickman,Robin Hood: Prince of Thieves,Sheriff of Nottingham
MTV Movie Award for Best Villain,1992,Wesley Snipes,New Jack City,Nino Brown
MTV Movie Award for Best Villain,1993,Danny DeVito,Batman Returns,Oswald Cobblepot / The Penguin
MTV Movie Award for Best Villain,1993,Ray Liotta,Unlawful Entry,Officer Pete Davis
MTV Movie Award for Best Villain,1993,Jack Nicholson,A Few Good Men,Colonel Nathan R. Jessup
MTV Movie Award for Best Villain,1993,Sharon Stone,Basic Instinct,Catherine Tramell
MTV Movie Award for Best Villain,1994,Macaulay Culkin,The Good Son,Henry Evans
MTV Movie Award for Best Villain,1994,John Malkovich,In the Line of Fire,Mitch Leary
MTV Movie Award for Best Villain,1994,Wesley Snipes,Demolition Man,Simon Phoenix
MTV Movie Award for Best Villain,1994,—,Jurassic Park,T. Rex
MTV Movie Award for Best Villain,1995,Tom Cruise,Interview with the Vampire,Lestat de Lioncourt
MTV Movie Award for Best Villain,1995,Jeremy Irons,The Lion King,Scar (voice)
MTV Movie Award for Best Villain,1995,Tommy Lee Jones,Blown Away,Ryan Gaerity
MTV Movie Award for Best Villain,1995,Demi Moore,Disclosure,Meredith Johnson
MTV Movie Award for Best Villain,1996,Jim Carrey,Batman Forever,Edward Nygma / The Riddler
MTV Movie Award for Best Villain,1996,Tommy Lee Jones,Batman Forever,Harvey Dent / Two-Face
MTV Movie Award for Best Villain,1996,Joe Pesci,Casino,Nicky Santoro
MTV Movie Award for Best Villain,1996,John Travolta,Broken Arrow,"USAF Major Vick ""Deak"" Deakins"
MTV Movie Award for Best Villain,1997,Robert De Niro,The Fan,Gil Renard
MTV Movie Award for Best Villain,1997,Edward Norton,Primal Fear,Aaron Stampler
MTV Movie Award for Best Villain,1997,Kiefer Sutherland,A Time to Kill,Freddie Lee Cobb
MTV Movie Award for Best Villain,1997,Mark Wahlberg,Fear,David McCall
MTV Movie Award for Best Villain,1998,Mike Myers,Austin Powers: International Man of Mystery,Dr. Evil
MTV Movie Award for Best Villain,1998,Nicolas Cage and John Travolta,Face/Off,Castor Troy
MTV Movie Award for Best Villain,1998,Gary Oldman,Air Force One,Egor Korshunov
MTV Movie Award for Best Villain,1998,Al Pacino,The Devil's Advocate,John Milton
MTV Movie Award for Best Villain,1998,Billy Zane,Titanic,Cal Hockley
MTV Movie Award for Best Villain,1999(tie),Brad Dourif,Bride of Chucky,Chucky
MTV Movie Award for Best Villain,1999(tie),Jet Li,Lethal Weapon 4,Wah Sing Ku
MTV Movie Award for Best Villain,1999(tie),Rose McGowan,Jawbreaker,Courtney Shayne
MTV Movie Award for Best Villain,2000,Mike Myers,Austin Powers: The Spy Who Shagged Me,Dr. Evil
MTV Movie Award for Best Villain,2000,Matt Damon,The Talented Mr. Ripley,Tom Ripley
MTV Movie Award for Best Villain,2000,Sarah Michelle Gellar,Cruel Intentions,Kathryn Merteuil
MTV Movie Award for Best Villain,2000,Ray Park,Star Wars: Episode I – The Phantom Menace,Darth Maul
MTV Movie Award for Best Villain,2000,Christopher Walken,Sleepy Hollow,The Headless Horseman
MTV Movie Award for Best Villain,2001,Kevin Bacon,Hollow Man,Sebastian Caine
MTV Movie Award for Best Villain,2001,Vincent D'Onofrio,The Cell,Carl Rudolph Stargher
MTV Movie Award for Best Villain,2001,Anthony Hopkins,Hannibal,Dr. Hannibal Lecter
MTV Movie Award for Best Villain,2001,Joaquin Phoenix,Gladiator,Commodus
MTV Movie Award for Best Villain,2002,Aaliyah,Queen of the Damned,Queen Akasha
MTV Movie Award for Best Villain,2002,Christopher Lee,The Lord of the Rings: The Fellowship of the Ring,Saruman the White
MTV Movie Award for Best Villain,2002,Tim Roth,Planet of the Apes,General Thade
MTV Movie Award for Best Villain,2002,Zhang Ziyi,Rush Hour 2,Hu Li
MTV Movie Award for Best Villain,2003,Willem Dafoe,Spider-Man,Norman Osborn / Green Goblin
MTV Movie Award for Best Villain,2003,Daniel Day-Lewis,Gangs of New York,"William ""Bill the Butcher"" Cutting"
MTV Movie Award for Best Villain,2003,Colin Farrell,Daredevil,Bullseye
MTV Movie Award for Best Villain,2003,Mike Myers,Austin Powers in Goldmember,Dr. Evil / Goldmember
MTV Movie Award for Best Villain,2004,Lucy Liu,Kill Bill: Volume 1,O-Ren Ishii
MTV Movie Award for Best Villain,2004,Andrew Bryniarski,The Texas Chainsaw Massacre,Thomas Hewitt / Leatherface
MTV Movie Award for Best Villain,2004,Demi Moore,Charlie's Angels: Full Throttle,Madison Lee
MTV Movie Award for Best Villain,2004,Geoffrey Rush,Pirates of the Caribbean: The Curse of the Black Pearl,Captain Hector Barbossa
MTV Movie Award for Best Villain,2004,Kiefer Sutherland,Phone Booth,The Caller
MTV Movie Award for Best Villain,2005,Ben Stiller,DodgeBall: A True Underdog Story,White Goodman
MTV Movie Award for Best Villain,2005,Jim Carrey,Lemony Snicket's A Series of Unfortunate Events,Count Olaf
MTV Movie Award for Best Villain,2005,Tom Cruise,Collateral,Vincent
MTV Movie Award for Best Villain,2005,Rachel McAdams,Mean Girls,Regina George
MTV Movie Award for Best Villain,2005,Alfred Molina,Spider-Man 2,Otto Octavius / Doctor Octopus
MTV Movie Award for Best Villain,2006,Hayden Christensen,Star Wars: Episode III – Revenge of the Sith,Anakin Skywalker / Darth Vader
MTV Movie Award for Best Villain,2006,Tobin Bell,Saw II,John Kramer / Jigsaw
MTV Movie Award for Best Villain,2006,Ralph Fiennes,Harry Potter and the Goblet of Fire,Lord Voldemort
MTV Movie Award for Best Villain,2006,Cillian Murphy,Batman Begins,Jonathan Crane / Scarecrow
MTV Movie Award for Best Villain,2006,Tilda Swinton,"The Chronicles of Narnia: The Lion, the Witch and the Wardrobe",White Witch
MTV Movie Award for Best Villain,2007,Tobin Bell,Saw III,John Kramer / Jigsaw
MTV Movie Award for Best Villain,2007,Bill Nighy,Pirates of the Caribbean: Dead Man's Chest,Davy Jones
MTV Movie Award for Best Villain,2007,Rodrigo Santoro,300,King Xerxes
MTV Movie Award for Best Villain,2007,Meryl Streep,The Devil Wears Prada,Miranda Priestly
MTV Movie Award for Best Villain,2008,Johnny Depp,Sweeney Todd: The Demon Barber of Fleet Street,Benjamin Barker / Sweeney Todd
MTV Movie Award for Best Villain,2008,Javier Bardem,No Country for Old Men,Anton Chigurh
MTV Movie Award for Best Villain,2008,Topher Grace,Spider-Man 3,Eddie Brock / Venom
MTV Movie Award for Best Villain,2008,Angelina Jolie,Beowulf,Grendel's Mother
MTV Movie Award for Best Villain,2008,Denzel Washington,American Gangster,Frank Lucas
MTV Movie Award for Best Villain,2009,Luke Goss,Hellboy II: The Golden Army,Prince Nuada Silverlance
MTV Movie Award for Best Villain,2009,Dwayne Johnson,Get Smart,Agent 23
MTV Movie Award for Best Villain,2009,Derek Mears,Friday the 13th,Jason Voorhees
MTV Movie Award for Best Villain,2009,Johnathon Schaech,Prom Night,Richard Fenton
MTV Movie Award for Best Villain,2010,Helena Bonham Carter,Alice in Wonderland,Iracebeth of Crims / Red Queen
MTV Movie Award for Best Villain,2010,Ken Jeong,The Hangover,Leslie Chow
MTV Movie Award for Best Villain,2010,Stephen Lang,Avatar,Colonel Miles Quaritch
MTV Movie Award for Best Villain,2010,Christoph Waltz,Inglourious Basterds,Colonel Hans Landa
MTV Movie Award for Best Villain,2011,Tom Felton,Harry Potter and the Deathly Hallows – Part 1,Draco Malfoy
MTV Movie Award for Best Villain,2011,Ned Beatty,Toy Story 3,Lots-O'-Huggin' Bear (voice)
MTV Movie Award for Best Villain,2011,Leighton Meester,The Roommate,Rebecca Evans
MTV Movie Award for Best Villain,2011,Mickey Rourke,Iron Man 2,Ivan Vanko / Whiplash
MTV Movie Award for Best Villain,2011,Christoph Waltz,The Green Hornet,Benjamin Chudnofsky / Bloodnofsky
MTV Movie Award for Best Villain,2012,Oliver Cooper,Project X,Costa
MTV Movie Award for Best Villain,2012,Bryce Dallas Howard,The Help,Hilly Holbrook
MTV Movie Award for Best Villain,2012,Colin Farrell,Horrible Bosses,Bobby Pellitt
MTV Movie Award for Best Villain,2012,Jon Hamm,Bridesmaids,Ted
MTV Movie Award for Best Villain,2013,Javier Bardem,Skyfall,Raoul Silva
MTV Movie Award for Best Villain,2013,Marion Cotillard,The Dark Knight Rises,Miranda Tate / Talia al Ghul
MTV Movie Award for Best Villain,2013,Leonardo DiCaprio,Django Unchained,Calvin J. Candie
MTV Movie Award for Best Villain,2013,Tom Hardy,The Dark Knight Rises,Bane
MTV Movie Award for Best Villain,2014,Barkhad Abdi,Captain Phillips,Abduwali Muse
MTV Movie Award for Best Villain,2014,Benedict Cumberbatch,Star Trek Into Darkness,Khan Noonien Singh
MTV Movie Award for Best Villain,2014,Michael Fassbender,12 Years a Slave,Edwin Epps
MTV Movie Award for Best Villain,2014,Donald Sutherland,The Hunger Games: Catching Fire,President Coriolanus Snow
MTV Movie Award for Best Villain,2015,Jillian Bell,22 Jump Street,Mercedes
MTV Movie Award for Best Villain,2015,Peter Dinklage,X-Men: Days of Future Past,Bolivar Trask
MTV Movie Award for Best Villain,2015,Rosamund Pike,Gone Girl,Amy Elliott-Dunne
MTV Movie Award for Best Villain,2015,J. K. Simmons,Whiplash,Terence Fletcher
MTV Movie Award for Best Villain,2016,Adam Driver,Star Wars: The Force Awakens,Kylo Ren
MTV Movie Award for Best Villain,2016,Tom Hardy,The Revenant,John Fitzgerald
MTV Movie Award for Best Villain,2016,Samuel L. Jackson,Kingsman: The Secret Service,Richmond Valentine
MTV Movie Award for Best Villain,2016,Hugh Keays-Byrne,Mad Max: Fury Road,Immortan Joe
MTV Movie Award for Best Villain,2016,Ed Skrein,Deadpool,Francis Freeman / Ajax
MTV Movie Award for Best Villain,2016,James Spader,Avengers: Age of Ultron,Ultron
MTV Movie Award for Best Villain,2017,Wes Bentley,American Horror Story: Roanoke,Ambrose White
MTV Movie Award for Best Villain,2017,Mark Steger,Stranger Things,Demogorgon
MTV Movie Award for Best Villain,2017,Jared Leto,Suicide Squad,The Joker
MTV Movie Award for Best Villain,2017,Allison Williams,Get Out,Rose Armitage
MTV Movie Award for Best Villain,2018,Josh Brolin,Avengers: Infinity War,Thanos
MTV Movie Award for Best Villain,2018,Adam Driver,Star Wars: The Last Jedi,Kylo Ren
MTV Movie Award for Best Villain,2018,Aubrey Plaza,Legion,Lenny Busker
MTV Movie Award for Best Villain,2018,Bill Skarsgård,It,It / Pennywise the Dancing Clown
MTV Movie Award for Best Villain,2019,Josh Brolin,Avengers: Endgame,Thanos
MTV Movie Award for Best Villain,2019,Penn Badgley,You,Joe Goldberg
MTV Movie Award for Best Villain,2019,Jodie Comer,Killing Eve,Villanelle / Oksana Astankova
MTV Movie Award for Best Villain,2019,Joseph Fiennes,The Handmaid's Tale,Commander Fred Waterford
MTV Movie Award for Best Villain,2019,Lupita Nyong'o,Us,Red / Adelaide Wilson
MTV Movie Award for Best Villain,2021,Kathryn Hahn,WandaVision,Agatha Harkness
MTV Movie Award for Best Villain,2021,Aya Cash,The Boys,Klara Risinger / Stormfront
MTV Movie Award for Best Villain,2021,Giancarlo Esposito,The Mandalorian,Moff Gideon
MTV Movie Award for Best Villain,2021,Nicholas Hoult,The Great,Peter III of Russia
MTV Movie Award for Best Villain,2021,Ewan McGregor,Birds of Prey,Roman Sionis / Black Mask
MTV Movie Award for Best Villain,2022,Daniel Radcliffe,The Lost City,Abigail Fairfax
MTV Movie Award for Best Villain,2022,James Jude Courtney,Halloween Kills,Michael Myers / The Shape
MTV Movie Award for Best Villain,2022,Willem Dafoe,Spider-Man: No Way Home,Norman Osborn / Green Goblin
MTV Movie Award for Best Villain,2022,Colin Farrell,The Batman,"Oswald ""Oz"" Cobblepot / The Penguin"
MTV Movie Award for Best Villain,2022,Victoria Pedretti,You,Love Quinn
