0,1,2,3,4,5,6,7,8,9,10,11,12,13,14,15
Nankai Koya Line,Nankai Main Line,NK01,Namba,難波,(3.9),-,●,●,●,●,,●,"Osaka Metro:

 Midosuji Line (M20)
 Yotsubashi Line (Y15)
 Sennichimae Line (S16)
 A  Kintetsu Namba Line (A01: Osaka Namba)
 Hanshin Namba Line (HS41: Osaka Namba)
 JR West Kansai Main Line (Yamatoji Line) (JR-Q17:JR Namba)","Chūō-ku, Osaka",Osaka Prefecture
Nankai Koya Line,Nankai Main Line,NK02,Imamiyaebisu,今宮戎,(3.0),-,｜,｜,｜,｜,,｜, ,"Naniwa-ku, Osaka",Osaka Prefecture
Nankai Koya Line,Nankai Main Line,NK04,Haginochaya,萩ノ茶屋,(1.9),-,｜,｜,｜,｜,,｜,,"Nishinari-ku, Osaka",Osaka Prefecture
Nankai Koya Line,Kōya Line,NK51,Tezukayama,帝塚山,1.1,5.7,｜,｜,｜,｜,｜,,,"Sumiyoshi-ku, Osaka",Osaka Prefecture
Nankai Koya Line,Kōya Line,NK52,Sumiyoshihigashi,住吉東,2.0,6.6,｜,｜,｜,｜,｜,,"
 Hankai Tramway Uemachi Line (HN09: Kaminoki)
","Sumiyoshi-ku, Osaka",Osaka Prefecture
Nankai Koya Line,Kōya Line,NK53,Sawanochō,沢ノ町,2.9,7.5,｜,｜,｜,｜,｜,,Osaka Prefecture,"Sumiyoshi-ku, Osaka",None
Nankai Koya Line,Kōya Line,NK54,Abikomae,我孫子前,3.5,8.1,｜,｜,｜,｜,｜,,,"Sumiyoshi-ku, Osaka",Osaka Prefecture
Nankai Koya Line,Kōya Line,NK55,Asakayama,浅香山,4.8,9.4,｜,｜,｜,｜,｜,,,"Sakai-ku, Sakai",Osaka Prefecture
Nankai Koya Line,Kōya Line,NK56,Sakaihigashi,堺東,6.4,11.0,●,●,●,●,▲,,,"Sakai-ku, Sakai",Osaka Prefecture
Nankai Koya Line,Kōya Line,NK58,Mozuhachiman,百舌鳥八幡,8.8,13.4,●,｜,｜,｜,｜,,,"Sakai-ku, Sakai",Osaka Prefecture
Nankai Koya Line,Kōya Line,NK60,Shirasagi,白鷺,10.5,15.1,●,｜,｜,｜,｜,,,"Kita-ku, Sakai",Osaka Prefecture
Nankai Koya Line,Kōya Line,NK61,Hatsushiba,初芝,12.0,16.6,●,｜,｜,｜,｜,,,"Higashi-ku, Sakai",Osaka Prefecture
Nankai Koya Line,Kōya Line,NK62,Hagiharatenjin,萩原天神,12.9,17.5,●,｜,｜,｜,｜,,,"Higashi-ku, Sakai",Osaka Prefecture
Nankai Koya Line,Kōya Line,NK63,Kitanoda,北野田,14.7,19.3,●,●,●,●,｜,,,"Higashi-ku, Sakai",Osaka Prefecture
Nankai Koya Line,Kōya Line,NK64,Sayama,狭山,15.6,20.2,●,●,｜,｜,｜,,,Ōsakasayama,Osaka Prefecture
Nankai Koya Line,Kōya Line,NK65,Ōsakasayamashi,大阪狭山市,17.2,21.8,●,●,｜,｜,｜,,,Ōsakasayama,Osaka Prefecture
Nankai Koya Line,Kōya Line,NK66,Kongō,金剛,18.3,22.9,●,●,●,●,●,,,Ōsakasayama,Osaka Prefecture
Nankai Koya Line,Kōya Line,NK67,Takidani,滝谷,20.0,24.6,●,●,｜,｜,｜,,,Tondabayashi,Osaka Prefecture
Nankai Koya Line,Kōya Line,NK68,Chiyoda,千代田,21.3,25.9,●,●,｜,｜,｜,,,Kawachinagano,Osaka Prefecture
Nankai Koya Line,Kōya Line,NK70,Mikkaichichō,三日市町,25.1,29.7,●,●,●,●,｜,,,Kawachinagano,Osaka Prefecture
Nankai Koya Line,Kōya Line,NK71,Mikanodai,美加の台,26.7,31.3,,●,●,●,｜,,,Kawachinagano,Osaka Prefecture
Nankai Koya Line,Kōya Line,NK72,Chihayaguchi,千早口,28.6,33.2,,●,●,｜,｜,,,Osaka Prefecture,Kawachinagano
Nankai Koya Line,Kōya Line,NK73,Amami,天見,30.3,34.9,,●,●,｜,｜,,,Osaka Prefecture,Kawachinagano
Nankai Koya Line,Kōya Line,NK74,Kimitōge,紀見峠,34.0,38.6,,●,●,｜,｜,,,Hashimoto,Wakayama Prefecture
Nankai Koya Line,Kōya Line,NK75,Rinkanden'entoshi,林間田園都市,35.3,39.9,,●,●,●,●,,,Hashimoto,Wakayama Prefecture
Nankai Koya Line,Kōya Line,NK76,Miyukitsuji,御幸辻,37.3,41.9,,,●,●,｜,,,Hashimoto,Wakayama Prefecture
Nankai Koya Line,Kōya Line,NK78,Kii-Shimizu,紀伊清水,43.2,47.8,,,●,●,｜,｜,,Hashimoto,Wakayama Prefecture
Nankai Koya Line,Kōya Line,NK79,Kamuro,学文路,45.8,50.4,,,●,●,●,◆,,Hashimoto,Wakayama Prefecture
Nankai Koya Line,Kōya Line,NK80,Kudoyama,九度山,47.6,52.2,,,●,●,●,◆,,"Kudoyama, Ito District",Wakayama Prefecture
Nankai Koya Line,Kōya Line,NK81,Kōyashita,高野下,49.6,54.2,,,●,●,｜,｜,,"Kudoyama, Ito District",Wakayama Prefecture
Nankai Koya Line,Kōya Line,NK82,Shimo-Kosawa,下古沢,51.3,55.9,,,●,●,｜,｜,,"Kudoyama, Ito District",Wakayama Prefecture
Nankai Koya Line,Kōya Line,NK83,Kami-Kosawa,上古沢,53.0,57.6,,,●,●,｜,｜,,"Kudoyama, Ito District",Wakayama Prefecture
Nankai Koya Line,Kōya Line,NK84,Kii-Hosokawa,紀伊細川,56.0,60.6,,,●,●,｜,｜,,"Kōya, Ito District",Wakayama Prefecture
Nankai Koya Line,Kōya Line,NK85,Kii-Kamiya,紀伊神谷,58.4,63.0,,,●,●,｜,｜,,"Kōya, Ito District",Wakayama Prefecture
