0,1,2,3,4
Academy Award: Best Art Direction,2010(83rd)  ,Harry Potter and the Deathly Hallows – Part 1,Stuart Craig,Stephenie McMillan
Academy Award: Best Art Direction,2010(83rd)  ,The King's Speech,Eve Stewart,Judy Farr
Academy Award: Best Art Direction,2011(84th)  ,Harry Potter and the Deathly Hallows – Part 2,Stuart Craig,Stephenie McMillan
Academy Award: Best Art Direction,2011(84th)  ,Midnight in Paris,Anne Seibel,Hélène Dubreuil
Academy Award: Best Art Direction,2012(85th)  ,The Hobbit: An Unexpected Journey,Dan Hennah,Ra Vincent and Simon Bright
Academy Award: Best Art Direction,2012(85th)  ,Les Misérables,Eve Stewart,Anna Lynch-Robinson
Academy Award: Best Art Direction,2014(87th)  ,The Imitation Game,Maria Djurkovic,Tatiana Macdonald
Academy Award: Best Art Direction,2014(87th)  ,Mr. Turner,Suzie Davies,Charlotte Watts
Academy Award: Best Art Direction,2015(88th)  ,Mad Max: Fury Road,Colin Gibson,Lisa Thompson
Academy Award: Best Art Direction,2016(89th)  ,La La Land,David Wasco,Sandy Reynolds-Wasco
Academy Award: Best Art Direction,2016(89th)  ,Arrival,Patrice Vermette,Paul Hotte
Academy Award: Best Art Direction,2016(89th)  ,"Hail, Caesar!",Jess Gonchor,Nancy Haigh
Academy Award: Best Art Direction,2017(90th),The Shape of Water,Paul Denham Austerberry,Shane Vieau and Jeff Melvin
Academy Award: Best Art Direction,2017(90th),Beauty and the Beast,Sarah Greenwood,Katie Spencer
Academy Award: Best Art Direction,2017(90th),Blade Runner 2049,Dennis Gassner,Alessandra Querzola
Academy Award: Best Art Direction,2017(90th),Darkest Hour,Sarah Greenwood,Katie Spencer
Academy Award: Best Art Direction,2017(90th),Dunkirk,Nathan Crowley,Gary Fettis
Academy Award: Best Art Direction,2018(91st),Black Panther,Hannah Beachler,Jay Hart
Academy Award: Best Art Direction,2018(91st),The Favourite,Fiona Crombie,Alice Felton
Academy Award: Best Art Direction,2018(91st),First Man,Nathan Crowley,Kathy Lucas
Academy Award: Best Art Direction,2018(91st),Mary Poppins Returns,John Myhre,Gordon Sim
Academy Award: Best Art Direction,2018(91st),Roma,Eugenio Caballero,Bárbara Enrı́quez
Academy Award: Best Art Direction,2019(92nd),Once Upon a Time in Hollywood,Barbara Ling,Nancy Haigh
Academy Award: Best Art Direction,2019(92nd),The Irishman,Bob Shaw,Regina Graves
Academy Award: Best Art Direction,2019(92nd),Jojo Rabbit,Ra Vincent,Nora Sopková
Academy Award: Best Art Direction,2019(92nd),1917,Dennis Gassner,Lee Sandales
Academy Award: Best Art Direction,2019(92nd),Parasite,Lee Ha-jun,Cho Won-woo
