0,1,2,3,4,5
Primetime Emmy Award for Outstanding Supporting Actor in a Drama Series,2000(52nd),John Spencer,Leo McGarry,The West Wing,NBC
Primetime Emmy Award for Outstanding Supporting Actor in a Drama Series,2000(52nd),Steve Harris,Eugene Young,The Practice,ABC
Primetime Emmy Award for Outstanding Supporting Actor in a Drama Series,2000(52nd),Dominic Chianese,Junior Soprano,The Sopranos,HBO
Primetime Emmy Award for Outstanding Supporting Actor in a Drama Series,2001(53rd),Richard Schiff,Toby Ziegler,The West Wing,NBC
Primetime Emmy Award for Outstanding Supporting Actor in a Drama Series,2001(53rd),John Spencer,Leo McGarry,The West Wing,NBC
Primetime Emmy Award for Outstanding Supporting Actor in a Drama Series,2001(53rd),Dominic Chianese,Junior Soprano,The Sopranos,HBO
Primetime Emmy Award for Outstanding Supporting Actor in a Drama Series,2002(54th),Richard Schiff,Toby Ziegler,The West Wing,NBC
Primetime Emmy Award for Outstanding Supporting Actor in a Drama Series,2002(54th),Bradley Whitford,Josh Lyman,The West Wing,NBC
Primetime Emmy Award for Outstanding Supporting Actor in a Drama Series,2002(54th),Dulé Hill,Charlie Young,The West Wing,NBC
Primetime Emmy Award for Outstanding Supporting Actor in a Drama Series,2002(54th),Victor Garber,Jack Bristow,Alias,ABC
Primetime Emmy Award for Outstanding Supporting Actor in a Drama Series,2002(54th),Freddy Rodriguez,"Federico ""Rico"" Diaz",Six Feet Under,HBO
Primetime Emmy Award for Outstanding Supporting Actor in a Drama Series,2003(55th),Victor Garber,Jack Bristow,Alias,ABC
Primetime Emmy Award for Outstanding Supporting Actor in a Drama Series,2003(55th),Michael Imperioli,Christopher Moltisanti,The Sopranos,HBO
Primetime Emmy Award for Outstanding Supporting Actor in a Drama Series,2004(56th),Steve Buscemi,Tony Blundetto,The Sopranos,HBO
Primetime Emmy Award for Outstanding Supporting Actor in a Drama Series,2004(56th),Brad Dourif,"Dr. Amos ""Doc"" Cochran",Deadwood,HBO
Primetime Emmy Award for Outstanding Supporting Actor in a Drama Series,2004(56th),Victor Garber,Jack Bristow,Alias,ABC
Primetime Emmy Award for Outstanding Supporting Actor in a Drama Series,2005(57th),William Shatner,Denny Crane,Boston Legal,ABC
Primetime Emmy Award for Outstanding Supporting Actor in a Drama Series,2005(57th),Naveen Andrews,Sayid Jarrah,Lost,ABC
Primetime Emmy Award for Outstanding Supporting Actor in a Drama Series,2005(57th),Terry O'Quinn,John Locke,Lost,ABC
Primetime Emmy Award for Outstanding Supporting Actor in a Drama Series,2005(57th),Oliver Platt,Russell Tupper,Huff,Showtime
Primetime Emmy Award for Outstanding Supporting Actor in a Drama Series,2006(58th),Gregory Itzin,Charles Logan,24,Fox
Primetime Emmy Award for Outstanding Supporting Actor in a Drama Series,2006(58th),Oliver Platt,Russell Tupper,Huff,Showtime
Primetime Emmy Award for Outstanding Supporting Actor in a Drama Series,2006(58th),William Shatner,Denny Crane,Boston Legal,ABC
Primetime Emmy Award for Outstanding Supporting Actor in a Drama Series,2007(59th),Terry O'Quinn,John Locke,Lost,ABC
Primetime Emmy Award for Outstanding Supporting Actor in a Drama Series,2007(59th),Michael Emerson,Ben Linus,Lost,ABC
Primetime Emmy Award for Outstanding Supporting Actor in a Drama Series,2007(59th),T. R. Knight,George O'Malley,Grey's Anatomy,ABC
Primetime Emmy Award for Outstanding Supporting Actor in a Drama Series,2007(59th),Masi Oka,Hiro Nakamura,Heroes,NBC
Primetime Emmy Award for Outstanding Supporting Actor in a Drama Series,2007(59th),William Shatner,Denny Crane,Boston Legal,ABC
Primetime Emmy Award for Outstanding Supporting Actor in a Drama Series,2008(60th),Željko Ivanek,Ray Fiske,Damages,FX
Primetime Emmy Award for Outstanding Supporting Actor in a Drama Series,2008(60th),Ted Danson,Arthur Frobisher,Damages,FX
Primetime Emmy Award for Outstanding Supporting Actor in a Drama Series,2008(60th),Michael Emerson,Ben Linus,Lost,ABC
Primetime Emmy Award for Outstanding Supporting Actor in a Drama Series,2008(60th),William Shatner,Denny Crane,Boston Legal,ABC
Primetime Emmy Award for Outstanding Supporting Actor in a Drama Series,2008(60th),John Slattery,Roger Sterling,Mad Men,AMC
Primetime Emmy Award for Outstanding Supporting Actor in a Drama Series,2009(61st),Michael Emerson,Ben Linus,Lost,ABC
Primetime Emmy Award for Outstanding Supporting Actor in a Drama Series,2009(61st),Christian Clemenson,Jerry Espenson,Boston Legal,ABC
Primetime Emmy Award for Outstanding Supporting Actor in a Drama Series,2009(61st),William Shatner,Denny Crane,Boston Legal,ABC
Primetime Emmy Award for Outstanding Supporting Actor in a Drama Series,2009(61st),William Hurt,Daniel Purcell,Damages,FX
Primetime Emmy Award for Outstanding Supporting Actor in a Drama Series,2009(61st),John Slattery,Roger Sterling,Mad Men,AMC
