0,1,2,3,4,5
Koketso Mojela,79th Academy Awards,"Feb 25, 2007",Best Sound Editing,Lon Bender,Nominated
Koketso Mojela,Broadcast Film Critics Association Awards 2006,"Jan 14, 2007",Best Actor,Leonardo DiCaprio,Nominated
Koketso Mojela,Broadcast Film Critics Association Awards 2006,"Jan 14, 2007",Best Film,,Nominated
Koketso Mojela,Broadcast Film Critics Association Awards 2006,"Jan 14, 2007",Best Supporting Actor,Djimon Hounsou,Nominated
Koketso Mojela,64th Golden Globe Awards,"Jan 15, 2007",Best Actor – Motion Picture Drama,Leonardo DiCaprio,Nominated
Koketso Mojela,Dallas–Fort Worth Film Critics Association,"Dec 19, 2006",Best Film,,Nominated
Koketso Mojela,Dallas–Fort Worth Film Critics Association,"Dec 19, 2006",Best Actor,Leonardo DiCaprio,Nominated
Koketso Mojela,Dallas–Fort Worth Film Critics Association,"Dec 19, 2006",Best Supporting Actor,Djimon Hounsou,Nominated
Koketso Mojela,Las Vegas Film Critics Society Awards 2006,"Dec 18, 2006",Best Supporting Actor,Djimon Hounsou,Won
Koketso Mojela,National Board of Review Awards 2006,"Dec 6, 2006",Best Supporting Actor,Djimon Hounsou,Won
Koketso Mojela,Satellite Awards 2006,"Dec 18, 2006",Best Actor – Motion Picture Drama,Leonardo DiCaprio,Nominated
Koketso Mojela,13th Screen Actors Guild Awards,"Jan 28, 2007",Outstanding Performance by a Male Actor in a Leading Role,Leonardo DiCaprio,Nominated
Koketso Mojela,13th Screen Actors Guild Awards,"Jan 28, 2007",Outstanding Performance by a Male Actor in a Supporting Role,Djimon Hounsou,Nominated
Koketso Mojela,Teen Choice Awards,"Aug 26, 2007",Choice Movie Actor – Drama,Leonardo DiCaprio (Also for The Departed),Nominated
Koketso Mojela,Visual Effects Society Awards 2006,"Feb 12, 2007",Outstanding Supporting Visual Effects in a Motion Picture,"Jeffrey A. Okun, Thomas Boland, Tim Crosbie, Neil Greenberg",Nominated
Koketso Mojela,Washington D.C. Area Film Critics Association Awards 2006,"Dec 11, 2006",Best Supporting Actor,Djimon Hounsou,Won
