0,1,2,3,4,5
Army Wives,Lifetime,Nicole Galassini,Kellie Martin,Nicole is lesbian and an Army intelligence captain. Nicole eventually proposes to Charlie,2007–2013
Army Wives,Lifetime,Charlie Mayfield,Ryan Michelle Bathe,Charlie is lesbian and the civilian partner of Nicole.,2007–2013
The Best Years,Global,Lee Campbell,Alan Van Sprang,Lee is bisexual and is HIV-positive. He owns the local hot spot nightclub Colony.,2007–2009
Damages,FX  Audience,Ray Fiske,Željko Ivanek,"Fiske was closeted and concealing a relationship with a witness in a court case. After he is outed, he commits suicide.",2007–2012
Dirt,FX,Leo Spiller,Will McCormack,Leo is bisexual and the brother of lead character Lucy Spiller (Courteney Cox).,2007–2008
Dirt,FX,Lucy Spiller,Courteney Cox,"Lucy is bisexual and is the editor-in-chief of the fictional magazine DirtNow, a trashy tabloid.",2007–2008
Dirt,FX,Jack Dawson,Grant Show,"Jack is married, and a closeted gay action movie star who has a short tryst with Leo.",2007–2008
Dirt,FX,Garbo,Carly Pope,Garbo is lesbian and a drug dealer.,2007–2008
Dirt,FX,Julia Mallory,Laura Allen,"Julia is bisexual, and has a sexual relationship with Garbo.",2007–2008
Dirt,FX,Willa McPherson,Alexandra Breckenridge,"Willa is a lesbian, and a reporter for the tabloid. She takes drugs, has one night stands, and befriends the mentally unstable, all in order to get the story.",2007–2008
Dirty Sexy Money,ABC,Carmelita,Candis Cayne,"Carmelita is a trans woman, and a prostitute having an affair with Patrick Darling IV (William Baldwin), a United States Senate candidate. She is eventually killed in a revenge plot. Candis Cayne came out as transgender in 1996, and  her role as Carmelita, makes Cayne the first transgender actress to play a recurring transgender character in primetime.",2007–2008
Gossip Girl,The CW,Harold Waldorf,John Shea,"Harold is gay, and after his divorce, he left for France with his boyfriend Roman.",2007–2012
Gossip Girl,The CW,Roman,William Abadie,"Roman is gay, and Harold's boyfriend.",2007–2012
Gossip Girl,The CW,Asher Hornsby,Jesse Swenson,"Asher is gay, and was Eric's first sexual encounter with a male. They kept their relationship secret, because they were both in the closet at the time.",2007–2012
Gossip Girl,The CW,Jonathan Whitney,Matt Doyle,"Jonathan is gay, and was Eric's first boyfriend. Their friends and family were very supportive of their relationship.",2007–2012
Gossip Girl,The CW,Josh Ellis,Neal Bledsoe,"Josh is gay, and shares a kiss with Chuck.",2007–2012
Gossip Girl,The CW,Elliot Leichter,Luke Kleintank,Elliot is bisexual and Eric's brief love interest.,2007–2012
Greek,ABC Family,Calvin Owens,Paul James,"Calvin is secretly gay when he arrives at college, but eventually comes out. He had a relationship with Heath on and off throughout the series, and at the end of the series, went to India with him.",2007–2011
Greek,ABC Family,Heath Anderson,Zack Lively,"Heath is openly gay, and had several one night stands with Calvin. By the end of the series, Heath and Calvin are in a committed relationship and going to India together.",2007–2011
Greek,ABC Family,Michael,Max Greenfield,"Michael is gay, and an older love interest of Calvin's for a few episodes.",2007–2011
Greek,ABC Family,Grant Ellis,Gregory Michael,"Grant is gay and Calvin's college roommate. He comes out to Calvin, and at first is in a secret relationship with him.",2007–2011
Jekyll,BBC One,Miranda Calendar,Meera Syal,Miranda is a lesbian private investigator.,2007
Jekyll,BBC One,Min,Fenella Woolgar,Min is Miranda's partner and is having their baby.,2007
Mad Men,AMC,Salvatore Romano,Bryan Batt,Sal is a closeted member of the ad agency's art department.,2007–2015
Mad Men,AMC,Carol,Kate Norby,"Carol is lesbian, and in love with her roommate Joan.",2007–2015
Mad Men,AMC,Joyce,Zosia Mamet,Joyce is a lesbian friend of Peggy's.,2007–2015
Mad Men,AMC,Kurt,Edin Gali,"Kurt is gay, and an art director with the agency.",2007–2015
Mad Men,AMC,Bellhop,Orestes Arcuni,"The bellhop is gay, and has a one-night stand with Sal while he's on a business trip, until a fire in the hotel interrupts them.",2007–2015
Mad Men,AMC,Bill Hartley,Matthew Glave,"Bill is a closeted gay executive at GM. He gets arrested for offering a blow job to an undercover officer, Hartley is badly beaten and humiliated by the police.",2007–2015
Mad Men,AMC,Kenneth,Anthony Gioe,Kenneth and Hugh are a gay couple that Don encounters when he goes looking for an old girlfriend; they now live in the apartment where she used to live.,2007–2015
Mad Men,AMC,Hugh,Scot Zeller,Kenneth and Hugh are a gay couple that Don encounters when he goes looking for an old girlfriend; they now live in the apartment where she used to live.,2007–2015
Notruf Hafenkante,ZDF,Melanie Hansen,Sanna Englund,"Melanie and Helen are a lesbian couple. Melanie is a police officer, and Helen is an anesthesiologist at the hospital.",2007–
Notruf Hafenkante,ZDF,Helen Anneza,Dennenesch Zoudé,"Melanie and Helen are a lesbian couple. Melanie is a police officer, and Helen is an anesthesiologist at the hospital.",2007–
Pushing Daisies,ABC,The Coroner,Sy Richardson,The coroner is gay and has a crush on Emerson Cod (Chi McBride).,2007–2009
Skins,E4,Dale,Matthew Hayfield,"Dale is a closeted gay, and one of Maxxie's bullies. Maxxie finds out he is gay when Dale chases him down and they share a passionate kiss.",2007–2013
Skins,E4,Alex Henley,Sam Jackson,Alex is gay.,2007–2013
The Tudors,Showtime  BBC  CBC,Thomas Tallis,Joe Van Moyland,"Thomas has a gay romp with a courtier, and a relationship with nobleman William Compton.",2007–2010
The Tudors,Showtime  BBC  CBC,William Compton,Kristen Holden-Ried,William is closeted and in a secret relationship with Thomas Tallis.,2007–2010
The Tudors,Showtime  BBC  CBC,George Boleyn,Pádraic Delaney,"George is gay, and has a relationship with Mark Smeaton.",2007–2010
