0,1,2,3
Drama Desk Award for Outstanding Actor in a Play,F. Murray Abraham,Teibele and Her Demon,Alchonon
Drama Desk Award for Outstanding Actor in a Play,Philip Bosco,Major Barbara,Andrew Undershaft
Drama Desk Award for Outstanding Actor in a Play,Charles Brown,Home,Cephus Miles
Drama Desk Award for Outstanding Actor in a Play,Gerald Hiken,Strider,Strider
Drama Desk Award for Outstanding Actor in a Play,Judd Hirsch,Talley's Folly,Matt Friedman
Drama Desk Award for Outstanding Actor in a Play,Tim Curry,Amadeus,Wolfgang Amadeus Mozart
Drama Desk Award for Outstanding Actor in a Play,John Heard,The Chekhov Sketchbook,Various Characters
Drama Desk Award for Outstanding Actor in a Play,Derek Jacobi,The Suicide,Semyon Semyonovich Podsekalnikov
Drama Desk Award for Outstanding Actor in a Play,Milo O'Shea,Mass Appeal,Tim Farley
Drama Desk Award for Outstanding Actor in a Play,Remak Ramsay,The Winslow Boy,Sir Robert Morton
Drama Desk Award for Outstanding Actor in a Play,Bob Gunton,How I Got That Story,The Historical Event
Drama Desk Award for Outstanding Actor in a Play,Zakes Mokae,"""Master Harold""...and the Boys",Sam
Drama Desk Award for Outstanding Actor in a Play,Paul Rogers,The Dresser,Sir
Drama Desk Award for Outstanding Actor in a Play,Robert Stattel,King Lear,Edgar
Drama Desk Award for Outstanding Actor in a Play,Matthew Broderick,Torch Song Trilogy,David
Drama Desk Award for Outstanding Actor in a Play,Jeff Daniels,Johnny Got His Gun,Joe Bonham
Drama Desk Award for Outstanding Actor in a Play,John Malkovich,True West,Lee
Drama Desk Award for Outstanding Actor in a Play,Remak Ramsay,Quartermaine's Terms,St. John Quartermaine
Drama Desk Award for Outstanding Actor in a Play,John Rubinstein,The Caine Mutiny Court-Martial,Barney Greenwald
Drama Desk Award for Outstanding Actor in a Play,James Russo,Extremities,Raul
Drama Desk Award for Outstanding Actor in a Play,Rex Harrison,Heartbreak House,Captain Shotover
Drama Desk Award for Outstanding Actor in a Play,Jeremy Irons,The Real Thing,Henry
Drama Desk Award for Outstanding Actor in a Play,David McCallum,The Philanthropist,Philip
Drama Desk Award for Outstanding Actor in a Play,Donald Moffat,Play Memory,Cam MacMillan
Drama Desk Award for Outstanding Actor in a Play,Al Pacino,American Buffalo,Walter Cole
Drama Desk Award for Outstanding Actor in a Play,John Lithgow,Requiem for a Heavyweight,"Harlan ""Mountain"" McClintock "
Drama Desk Award for Outstanding Actor in a Play,Jim Dale,A Day in the Death of Joe Egg,Bri
Drama Desk Award for Outstanding Actor in a Play,Anthony Heald,Digby,Digby Merton
Drama Desk Award for Outstanding Actor in a Play,Anthony Heald,The Foreigner,Charlie
Drama Desk Award for Outstanding Actor in a Play,Jonathan Hogan,As Is,Rich
Drama Desk Award for Outstanding Actor in a Play,Derek Jacobi,Cyrano de Bergerac,Cyrano de Bergerac
Drama Desk Award for Outstanding Actor in a Play,Derek Jacobi,Much Ado About Nothing,Benedick
Drama Desk Award for Outstanding Actor in a Play,Patrick McGoohan,Pack of Lies,Stewart
Drama Desk Award for Outstanding Actor in a Play,Jonathan Pryce,Accidental Death of an Anarchist,The Fool
Drama Desk Award for Outstanding Actor in a Play,Ed Harris,Precious Sons,Fred 
Drama Desk Award for Outstanding Actor in a Play,Jeff Daniels,Lemon Sky,Alan
Drama Desk Award for Outstanding Actor in a Play,Kevin Kline,Hamlet,Prince Hamlet
Drama Desk Award for Outstanding Actor in a Play,Jack Lemmon,Long Day's Journey into Night,"James Tyrone, Sr."
Drama Desk Award for Outstanding Actor in a Play,John Mahoney,The House of Blue Leaves,Artie Shaughnessy
Drama Desk Award for Outstanding Actor in a Play,Roshan Seth,A Map of the World,Victor Mehta
Drama Desk Award for Outstanding Actor in a Play,Don Bloomfield,Lily Dale,Horace Robedaux
Drama Desk Award for Outstanding Actor in a Play,Morgan Freeman,Driving Miss Daisy,Hoke Coleburn
Drama Desk Award for Outstanding Actor in a Play,Victor Garber,You Never Can Tell,Dr. Valentine
Drama Desk Award for Outstanding Actor in a Play,Ian McKellen,Wild Honey,Mikhail Platonov
Drama Desk Award for Outstanding Actor in a Play,Alan Rickman,Les Liaisons Dangereuses,Le Vicomte de Valmont
Drama Desk Award for Outstanding Actor in a Play,Derek Jacobi,Breaking the Code,Alan Turing
Drama Desk Award for Outstanding Actor in a Play,Delroy Lindo,Joe Turner's Come and Gone,Herald Loomis
Drama Desk Award for Outstanding Actor in a Play,John Lithgow,M. Butterfly,Rene Gallimard
Drama Desk Award for Outstanding Actor in a Play,John Malkovich,Burn This,Pale
Drama Desk Award for Outstanding Actor in a Play,Joe Mantegna,Speed-the-Plow,Gould
Drama Desk Award for Outstanding Actor in a Play,Mikhail Baryshnikov,Metamorphosis,Gregor Samsa
Drama Desk Award for Outstanding Actor in a Play,Niall Buggy,Aristocrats,Casimir
Drama Desk Award for Outstanding Actor in a Play,Peter Friedman,The Heidi Chronicles,Scoop
Drama Desk Award for Outstanding Actor in a Play,John Kavanagh,Juno and the Paycock,Joxer Daly
Drama Desk Award for Outstanding Actor in a Play,Stephen McHattie,Ghetto,Kittel
Drama Desk Award for Outstanding Actor in a Play,Paul Provenza,Only Kidding!,Jerry Goldstein
