0,1,2,3,4,5
Independent Spirit Award for Best Foreign Language Film,2010,Kisses,Kisses,Lance Daly, Ireland
Independent Spirit Award for Best Foreign Language Film,2010,Mademoiselle Chambon,Mademoiselle Chambon,Stéphane Brizé, France
Independent Spirit Award for Best Foreign Language Film,2010,Of Gods and Men,Des hommes et des dieux,Xavier Beauvois," Morocco, France"
Independent Spirit Award for Best Foreign Language Film,2010,Uncle Boonmee Who Can Recall His Past Lives,ลุงบุญมีระลึกชาติ / Lung Bunmi Raluek Chat,Apichatpong Weerasethakul, Thailand
Independent Spirit Award for Best Foreign Language Film,2011,The Kid with a Bike,Le gamin au vélo,Jean-Pierre and Luc Dardenne, Belgium
Independent Spirit Award for Best Foreign Language Film,2011,Shame,Shame,Steve McQueen, United Kingdom
Independent Spirit Award for Best Foreign Language Film,2011,Tyrannosaur,Tyrannosaur,Paddy Considine, United Kingdom
Independent Spirit Award for Best Foreign Language Film,2011,Melancholia,Melancholia,Lars von Trier, Denmark
Independent Spirit Award for Best Foreign Language Film,2012,Once Upon a Time in Anatolia,Bir zamanlar Anadolu'da,Nuri Bilge Ceylan," Turkey,  Bosnia and Herzegovina"
Independent Spirit Award for Best Foreign Language Film,2012,Rust and Bone,De rouille et d'os,Jacques Audiard," France,  Belgium"
Independent Spirit Award for Best Foreign Language Film,2012,War Witch,Rebelle,Kim Nguyen, Canada
Independent Spirit Award for Best Foreign Language Film,2012,Sister,L'enfant d'en haut,Ursula Meier," France,  Switzerland"
Independent Spirit Award for Best Foreign Language Film,2013,Gloria,Gloria,Sebastian Lelio, Chile
Independent Spirit Award for Best Foreign Language Film,2013,The Great Beauty,La grande bellezza,Paolo Sorrentino, Italy
Independent Spirit Award for Best Foreign Language Film,2013,The Hunt,Jagten,Thomas Vinterberg, Denmark
Independent Spirit Award for Best Foreign Language Film,2013,A Touch of Sin,天注定 / Tiān Zhùdìng,Jia Zhangke, China
Independent Spirit Award for Best Foreign Language Film,2014,Ida,Ida,Paweł Pawlikowski, Poland
Independent Spirit Award for Best Foreign Language Film,2014,Force Majeure,Turist,Ruben Östlund, Sweden
Independent Spirit Award for Best Foreign Language Film,2014,Leviathan,Левиафан / Leviafan,Andrey Zvyagintsev, Russia
Independent Spirit Award for Best Foreign Language Film,2014,Mommy,Mommy,Xavier Dolan, Canada
Independent Spirit Award for Best Foreign Language Film,2014,"Norte, the End of History","Norte, hangganan ng kasaysayan",Lav Diaz, Philippines
Independent Spirit Award for Best Foreign Language Film,2014,Under the Skin,Under the Skin,Jonathan Glazer, United Kingdom
Independent Spirit Award for Best Foreign Language Film,2015,Son of Saul,Saul Fia,László Nemes, Hungary
Independent Spirit Award for Best Foreign Language Film,2015,Embrace of the Serpent,El abrazo de la serpiente,Ciro Guerra, Colombia
Independent Spirit Award for Best Foreign Language Film,2015,Girlhood,Bande de fillies,Céline Sciamma, France
Independent Spirit Award for Best Foreign Language Film,2015,A Pigeon Sat on a Branch Reflecting on Existence,En duva satt på en gren och funderade på tillvaron,Roy Andersson, Sweden
Independent Spirit Award for Best Foreign Language Film,2015,Mustang,Mustang,Deniz Gamze Ergüven," France,  Turkey"
Independent Spirit Award for Best Foreign Language Film,2016,Toni Erdmann,Toni Erdmann,Maren Ade," Germany,  Romania"
Independent Spirit Award for Best Foreign Language Film,2016,Aquarius,Aquarius,Kleber Mendonça Filho, Brazil
Independent Spirit Award for Best Foreign Language Film,2016,Chevalier,Chevalier,Athina Rachel Tsangari, Greece
Independent Spirit Award for Best Foreign Language Film,2016,My Golden Days,Trois souvenirs de ma jeunesse,Arnaud Desplechin, France
Independent Spirit Award for Best Foreign Language Film,2016,Under the Shadow,زیر سایه / Zeer-e sāye,Babak Anvari," Iran,  United Kingdom"
Independent Spirit Award for Best Foreign Language Film,2017,A Fantastic Woman,Una mujer fantástica,Sebastián Lelio, Chile
Independent Spirit Award for Best Foreign Language Film,2017,120 Beats Per Minute,120 battements par minute,Robin Campillo, France
Independent Spirit Award for Best Foreign Language Film,2017,I Am Not a Witch,I Am Not a Witch,Rungano Nyoni, United Kingdom
Independent Spirit Award for Best Foreign Language Film,2017,Lady Macbeth,Lady Macbeth,William Oldroyd, United Kingdom
Independent Spirit Award for Best Foreign Language Film,2017,Loveless,Нелюбовь / Nelyubov,Andrey Zvyagintsev, Russia
Independent Spirit Award for Best Foreign Language Film,2018,Roma,Roma,Alfonso Cuarón, Mexico
Independent Spirit Award for Best Foreign Language Film,2018,Burning,버닝 / Beoning,Lee Chang-dong, South Korea
Independent Spirit Award for Best Foreign Language Film,2018,Happy as Lazzaro,Lazzaro felice,Alice Rohrwacher, Italy
Independent Spirit Award for Best Foreign Language Film,2018,The Favourite,The Favourite,Yorgos Lanthimos, United Kingdom
Independent Spirit Award for Best Foreign Language Film,2018,Shoplifters,万引き家族 / Manbiki Kazoku,Hirokazu Kore-eda, Japan
Independent Spirit Award for Best Foreign Language Film,2019,Parasite,기생충 / Gisaengchung,Bong Joon-ho, South Korea
Independent Spirit Award for Best Foreign Language Film,2019,The Invisible Life of Eurídice Gusmão,A Vida Invisível,Karim Aïnouz, Brazil
Independent Spirit Award for Best Foreign Language Film,2019,Les Misérables,Les Misérables,Ladj Ly, France
Independent Spirit Award for Best Foreign Language Film,2019,Portrait of a Lady on Fire,Portrait de la jeune fille en feu,Céline Sciamma, France
Independent Spirit Award for Best Foreign Language Film,2019,Retablo,Retablo,Alvaro Delgado-Aparicio, Peru
Independent Spirit Award for Best Foreign Language Film,2019,The Souvenir,The Souvenir,Joanna Hogg, United Kingdom
