0,1,2,3,4,5
Lalaw,1987,Outstanding Drama Series,,,Won
Lalaw,1987,Outstanding Directing for a Drama Series,Donald Petrie,"""The Venus Butterfly""",Nominated
Lalaw,1987,Outstanding Writing for a Drama Series,Steven Bochco & Terry Louise Fisher,"""The Venus Butterfly""",Won
Lalaw,1987,Outstanding Writing for a Drama Series,William M. Finkelstein,"""Sidney, the Dead-Nosed Reindeer""",Nominated
Lalaw,1987,Outstanding Lead Actor in a Drama Series,Corbin Bernsen,,Nominated
Lalaw,1987,Outstanding Lead Actress in a Drama Series,Susan Dey,,Nominated
Lalaw,1987,Outstanding Lead Actress in a Drama Series,Jill Eikenberry,,Nominated
Lalaw,1987,Outstanding Supporting Actor in a Drama Series,Michael Tucker,,Nominated
Lalaw,1987,Outstanding Supporting Actress in a Drama Series,Susan Ruttan,,Nominated
Lalaw,1987,Outstanding Guest Performer in a Drama Series,Jeanne Cooper,"""The Venus Butterfly""",Nominated
Lalaw,1988,Outstanding Drama Series,,,Nominated
Lalaw,1988,Outstanding Directing for a Drama Series,Kim Friedman,"""Hand Roll Express""",Nominated
Lalaw,1988,Outstanding Directing for a Drama Series,Win Phelps,"""Full Marital Jacket""",Nominated
Lalaw,1988,Outstanding Directing for a Drama Series,Sam Weisman,"""Beauty and Obese""",Nominated
Lalaw,1988,Outstanding Writing for a Drama Series,Terry Louise Fisher & David E. Kelley,"""Beauty and Obese""",Nominated
Lalaw,1988,Outstanding Writing for a Drama Series,"Terry Louise Fisher, David E. Kelley & Steven Bochco","""Full Marital Jacket""",Nominated
Lalaw,1988,Outstanding Lead Actor in a Drama Series,Corbin Bernsen,,Nominated
Lalaw,1988,Outstanding Lead Actor in a Drama Series,Michael Tucker,,Nominated
Lalaw,1988,Outstanding Lead Actress in a Drama Series,Susan Dey,,Nominated
Lalaw,1988,Outstanding Lead Actress in a Drama Series,Jill Eikenberry,,Nominated
Lalaw,1988,Outstanding Supporting Actor in a Drama Series,Alan Rachins,,Nominated
Lalaw,1988,Outstanding Supporting Actress in a Drama Series,Susan Ruttan,"""Leaping Lizards""",Nominated
Lalaw,1989,Outstanding Drama Series,,,Won
Lalaw,1989,Outstanding Directing for a Drama Series,Eric Laneuville,"""I'm In The Nude For Love""",Nominated
Lalaw,1989,Outstanding Directing for a Drama Series,John Pasquin,"""To Live And Diet In L.A.""",Nominated
Lalaw,1989,Outstanding Writing for a Drama Series,"Steven Bochco, David E. Kelley, William M. Finkelstein & Michele Gallery","""His Suit Is Hirsute""",Nominated
Lalaw,1989,Outstanding Writing for a Drama Series,David E. Kelley,"""I'm In The Nude For Love""",Nominated
Lalaw,1989,Outstanding Writing for a Drama Series,"David E. Kelley, William M. Finkelstein, Michele Gallery & Judith Parker","""Urine Trouble Now""",Nominated
Lalaw,1989,Outstanding Lead Actor in a Drama Series,Michael Tucker,,Nominated
Lalaw,1989,Outstanding Lead Actress in a Drama Series,Susan Dey,,Nominated
Lalaw,1989,Outstanding Lead Actress in a Drama Series,Jill Eikenberry,,Nominated
Lalaw,1989,Outstanding Supporting Actress in a Drama Series,Susan Ruttan,"""Romancing The Drone""",Nominated
Lalaw,1989,Outstanding Supporting Actress in a Drama Series,Amanda Plummer,"""Urine Trouble Now""",Nominated
Lalaw,1989,Outstanding Supporting Actress in a Drama Series,Michele Greene,"""America The Beautiful""",Nominated
Lalaw,1990,Outstanding Drama Series,,,Won
Lalaw,1990,Outstanding Directing for a Drama Series,Win Phelps,"""Noah's Bark""",Nominated
Lalaw,1990,Outstanding Directing for a Drama Series,Rick Wallace,"""The Last Gasp""",Nominated
Lalaw,1990,Outstanding Writing for a Drama Series,David E. Kelley,"""Blood, Sweat & Fears""",Won
Lalaw,1990,Outstanding Writing for a Drama Series,David E. Kelley & William M. Finkelstein,"""Bang... Zoom... Zap""",Nominated
Lalaw,1990,Outstanding Lead Actress in a Drama Series,Jill Eikenberry,,Nominated
Lalaw,1990,Outstanding Supporting Actress in a Drama Series,Susan Ruttan,"""The Good Human Bar""",Nominated
Lalaw,1990,Outstanding Supporting Actress in a Drama Series,Diana Muldaur,"""Whatever Happened to Hannah?""",Nominated
Lalaw,1991,Outstanding Drama Series,,,Won
Lalaw,1991,Outstanding Directing for a Drama Series,Tom Moore,"""God Rest Ye Murray Gentleman""",Nominated
Lalaw,1991,Outstanding Writing for a Drama Series,David E. Kelley,"""On The Toad Again""",Won
Lalaw,1991,Outstanding Writing for a Drama Series,Judith Feldman & Sarah Woodside Gallagher,"""Lie Harder""",Nominated
Lalaw,1991,Outstanding Writing for a Drama Series,"David E. Kelley, Patricia Green & Alan Brennert","""Mutinies On The Banzai""",Nominated
Lalaw,1991,Outstanding Supporting Actress in a Drama Series,Diana Muldaur,"""He's a Crowd""",Nominated
Lalaw,1991,Outstanding Guest Actor in a Drama Series,John Glover,"""God Rest Ye Murray Gentleman""",Nominated
Lalaw,1992,Outstanding Drama Series,,,Nominated
Lalaw,1992,Outstanding Directing for a Drama Series,Rick Wallace,"""Say Goodnight Gracie""",Nominated
Lalaw,1992,Outstanding Supporting Actress in a Drama Series,Conchata Ferrell,"""P.S. Your Shrink Is Dead""",Nominated
Lalaw,1994,Outstanding Supporting Actress in a Drama Series,Jill Eikenberry,"""Safe Sex""",Nominated
