0,1,2,3,4
NAACP Image Award for Outstanding Actress in a Daytime Drama Series,2010,Daphnée Duplaix,One Life to Live,ABC
NAACP Image Award for Outstanding Actress in a Daytime Drama Series,2010,Eva Marcille,The Young and the Restless,CBS
NAACP Image Award for Outstanding Actress in a Daytime Drama Series,2011,Yvette Freeman,The Bold and the Beautiful,CBS
NAACP Image Award for Outstanding Actress in a Daytime Drama Series,2011,Julia Pace Mitchell,The Young and the Restless,CBS
NAACP Image Award for Outstanding Actress in a Daytime Drama Series,2012,Yvette Freeman,The Bold and the Beautiful,CBS
NAACP Image Award for Outstanding Actress in a Daytime Drama Series,2012,Julia Pace Mitchell,The Young and the Restless,CBS
NAACP Image Award for Outstanding Actress in a Daytime Drama Series,2013,Angell Conwell,The Young and the Restless,CBS
NAACP Image Award for Outstanding Actress in a Daytime Drama Series,2013,Shenell Edmonds,One Life to Live,ABC
NAACP Image Award for Outstanding Actress in a Daytime Drama Series,2013,Kristolyn Lloyd,The Bold and the Beautiful,CBS
NAACP Image Award for Outstanding Actress in a Daytime Drama Series,2013,Julia Pace Mitchell,The Young and the Restless,CBS
NAACP Image Award for Outstanding Actress in a Daytime Drama Series,2014,Angell Conwell,The Young and the Restless,CBS
NAACP Image Award for Outstanding Actress in a Daytime Drama Series,2014,Kristolyn Lloyd,The Bold and the Beautiful,CBS
NAACP Image Award for Outstanding Actress in a Daytime Drama Series,2014,Karla Mosley,The Bold and the Beautiful,CBS
