0,1,2,3,4,5
Rutte III,Minister of Foreign Affairs,Halbe Zijlstra,26 October 2017,13 February 2018,VVD
Rutte III,Minister of Foreign Affairs,Sigrid Kaag (ad interim),13 February 2018,7 March 2018,D66
Rutte III,Minister of Foreign Affairs,Stef Blok,7 March 2018,25 May 2021,VVD
Rutte III,Minister of Foreign Affairs,Sigrid Kaag,25 May 2021,17 September 2021,D66
Rutte III,Minister of Foreign Affairs,Tom de Bruijn (ad interim),17 September 2021,24 September 2021,D66
Rutte III,Minister of Foreign Affairs,Ben Knapen,24 September 2021,10 January 2022,CDA
Rutte III,Minister of Justice and Security,Ferd Grapperhaus,26 October 2017,10 January 2022,CDA
Rutte III,Minister of the Interior and Kingdom Relations,Kajsa Ollongren,26 October 2017,1 November 2019,D66
Rutte III,Minister of the Interior and Kingdom Relations,Raymond Knops (acting),1 November 2019,14 April 2020,CDA
Rutte III,Minister of the Interior and Kingdom Relations,Kajsa Ollongren,14 April 2020,10 January 2022,D66
Rutte III,"Minister of Education, Culture and Science",Ingrid van Engelshoven,26 October 2017,10 January 2022,D66
Rutte III,Minister of Finance,Wopke Hoekstra,26 October 2017,10 January 2022,CDA
Rutte III,Minister of Defence,Ank Bijleveld,26 October 2017,17 September 2021,CDA
Rutte III,Minister of Defence,Ferd Grapperhaus (ad interim),17 September 2021,24 September 2021,CDA
Rutte III,Minister of Defence,Henk Kamp,24 September 2021,10 January 2022,VVD
Rutte III,Minister of Infrastructure and Water Management,Cora van Nieuwenhuizen,26 October 2017,31 August 2021,VVD
Rutte III,Minister of Infrastructure and Water Management,Barbara Visser,31 August 2021,10 January 2022,VVD
Rutte III,Minister of Economic Affairs and Climate Policy,Eric Wiebes,26 October 2017,15 January 2021,VVD
Rutte III,Minister of Economic Affairs and Climate Policy,Cora van Nieuwenhuizen (ad interim),15 January 2021,20 January 2021,VVD
Rutte III,Minister of Economic Affairs and Climate Policy,Bas van 't Wout,20 January 2021,25 May 2021,VVD
Rutte III,Minister of Economic Affairs and Climate Policy,Stef Blok,25 May 2021,10 January 2022,VVD
Rutte III,Minister of Social Affairs and Employment,Wouter Koolmees,26 October 2017,10 January 2022,D66
