0,1,2,3,4,5,6
1958 Kentucky Derby,3rd,10,Noureddin,Jimmy Combest,James H. Pierce,Crabgrass Stable (Peter Graffagnino)
1958 Kentucky Derby,5th,5,Martins Rullah,Conn McCreary,Eugene Jacobs,Mr. & Mrs. George Lewis
1958 Kentucky Derby,6th,9,Chance It Tony,Logan Batcheller,Willie Manzi,Mrs. Anthony Cannuli
1958 Kentucky Derby,7th,8,A Dragon Killer,Lawrence Hansman,Norman L. Haymaker,Mrs. S. Helene Sadacca
1958 Kentucky Derby,8th,4,Gone Fishin',Ralph Neves,Charles E. Whittingham,Llangollen Farm Stable
1958 Kentucky Derby,9th,14,Benedicto,Robert Dever,Walter Coleman,Bellardi & Harkins
1958 Kentucky Derby,10th,1A,Ebony Pearl,Manuel Ycaza,Ivan H. Parke,Maine Chance Farm
1958 Kentucky Derby,11th,12,Red Hot Pistol,Douglas Dodson,John W. Fernandez,Mrs. Sam E. Wilson Jr.
1958 Kentucky Derby,13th,6,Flamingo,Gordon Glisson,Sylvester Veitch,Cornelius Vanderbilt Whitney
1958 Kentucky Derby,14th,2,Warren G.,Kenneth Church,Harry Saladin,William G. Reynolds
