0,1,2,3
George Washington,Joseph Kilgour,Washington Under the American Flag,1909
George Washington,Joseph Kilgour,The Battle Cry of Peace,1915
George Washington,Joseph Kilgour,Janice Meredith,1924
George Washington,Arthur Dewey,America,1924
George Washington,Francis X. Bushman,The Flag,1927
George Washington,Alan Mowbray,Alexander Hamilton,1931
George Washington,Alan Mowbray,The Phantom President,1932
George Washington,Alan Mowbray,Where Do We Go from Here?,1945
George Washington,Alan Dinehart,The Road Is Open Again,1933
George Washington,Robert Warwick,Give Me Liberty,1936
George Washington,Montagu Love,Sons of Liberty,1939
George Washington,Montagu Love,The Remarkable Andrew,1942
George Washington,George Houston,The Howards of Virginia,1940
George Washington,Douglass Dumbrille,Monsieur Beaucaire,1946
George Washington,Richard Gaines,Unconquered,1947
George Washington,James Seay,When the Redskins Rode,1951
George Washington,Howard St. John,La Fayette,1961
George Washington,Michael McGuire,A More Perfect Union,1989
George Washington,Jeff Daniels,The Crossing,2000
George Washington,Terry Layman,The Patriot,2000
George Washington,Sebastian Roché,We Fight to Be Free,2006
George Washington,Jon Voight,An American Carol,2008
George Washington,Jess Harnell (voice),Mr. Peabody & Sherman,2014
John Adams,Robert Ayres,John Paul Jones,1959
John Adams,William Daniels,1776,1972
John Adams,Ivan Crosland,A More Perfect Union,1989
Thomas Jefferson,Frank Walsh,America,1924
Thomas Jefferson,Lionel Adams,Janice Meredith,1924
Thomas Jefferson,Montagu Love,Alexander Hamilton,1931
Thomas Jefferson,George Irving,Hearts Divided,1936
Thomas Jefferson,George Irving,Give Me Liberty,1936
Thomas Jefferson,Richard Carlson,The Howards of Virginia,1940
Thomas Jefferson,Gilbert Emery,The Remarkable Andrew,1942
Thomas Jefferson,Gilbert Emery,The Loves of Edgar Allan Poe,1942
Thomas Jefferson,Grandon Rhodes,Magnificent Doll,1946
Thomas Jefferson,Ken Howard,1776,1972
Thomas Jefferson,Scott Wilkinson,A More Perfect Union,1989
Thomas Jefferson,Nick Nolte,Jefferson in Paris,1995
Thomas Jefferson,Ronald McAdams,National Treasure,2004
James Madison,Burgess Meredith,Magnificent Doll,1946
James Madison,Craig Wasson,A More Perfect Union,1989
James Monroe,Morgan Wallace,Alexander Hamilton,1931
James Monroe,John Elliott,Hearts Divided,1936
James Monroe,Charles Waldron,The Monroe Doctrine,1939
John Quincy Adams,Grant Mitchell,The Monroe Doctrine,1939
Andrew Jackson,Lionel Barrymore,The Gorgeous Hussy,1936
Andrew Jackson,Lionel Barrymore,Lone Star,1952
Andrew Jackson,Erville Alderson,The Man Without a Country,1937
Andrew Jackson,Hugh Sothern,The Buccaneer,1938
Andrew Jackson,Edward Ellis,Man of Conquest,1939
Andrew Jackson,Brian Donlevy,The Remarkable Andrew,1942
Andrew Jackson,Basil Ruysdael,"Davy Crockett, King of the Wild Frontier",1955
Andrew Jackson,Charlton Heston,The President's Lady,1953
Andrew Jackson,Charlton Heston,The Buccaneer,1958
Martin Van Buren,Charles Trowbridge,The Gorgeous Hussy,1936
Martin Van Buren,Francis Sayles,Man of Conquest,1939
William Henry Harrison,Douglass Dumbrille,Ten Gentlemen from West Point,1942
John Tyler,Richard Cline,John Tyler: Gateaway Driver,2012
James K. Polk,Edwin Stanley,The Monroe Doctrine,1939
James K. Polk,Edward Earle,Can't Help Singing,1944
James K. Polk,Ian Wolfe,California,1947
James K. Polk,Addison Richards,The Oregon Trail,1959
Zachary Taylor,Allan Cavan,Rebellion,1936
Zachary Taylor,Robert Barrat,Distant Drums,1951
Millard Fillmore,Millard Vincent,The Monroe Doctrine,1939
Franklin Pierce,Porter Hall,The Great Moment,1944
James Buchanan,René Auberjonois,Raising Buchanan,2019
Abraham Lincoln,Francis Ford,On Secret Service,1912
Abraham Lincoln,Francis Ford,When Lincoln Paid,1913
Abraham Lincoln,Francis Ford,The Battle of Bull Run,1913
Abraham Lincoln,Francis Ford,From Rail Splitter to President,1913
Abraham Lincoln,Francis Ford,The Toll of War,1913
Abraham Lincoln,Francis Ford,With Lee in Virginia,1913
Abraham Lincoln,Francis Ford,The Great Sacrifice,1913
Abraham Lincoln,Francis Ford,The Heart of Maryland,1915
Abraham Lincoln,Francis Ford,The Heart of Lincoln,1915
Abraham Lincoln,Joseph Henabery,The Birth of a Nation,1915
Abraham Lincoln,Charles Edward Bull,The Iron Horse,1924
Abraham Lincoln,Walter Huston,Abraham Lincoln,1930
Abraham Lincoln,Charles Middleton,The Phantom President,1932
Abraham Lincoln,Charles Middleton,The Road Is Open Again,1933
Abraham Lincoln,Charles Middleton,The Man Without a Country,1937
Abraham Lincoln,Frank McGlynn Sr.,The Littlest Rebel,1935
Abraham Lincoln,Frank McGlynn Sr.,The Prisoner of Shark Island,1936
Abraham Lincoln,Frank McGlynn Sr.,Hearts in Bondage,1936
Abraham Lincoln,Frank McGlynn Sr.,The Plainsman,1936
Abraham Lincoln,Frank McGlynn Sr.,Wells Fargo,1937
Abraham Lincoln,Percy Parsons,Victoria the Great,1937
Abraham Lincoln,John Carradine,Of Human Hearts,1938
Abraham Lincoln,Henry Fonda,Young Mr. Lincoln,1939
Abraham Lincoln,Raymond Massey,Abe Lincoln in Illinois,1940
Abraham Lincoln,Raymond Massey,How the West Was Won,1962
Abraham Lincoln,Victor Kilian,Virginia City,1940
Abraham Lincoln,Leslie Kimmell,The Tall Target,1951
Abraham Lincoln,Stanley Hall,Prince of Players,1955
Abraham Lincoln,Austin Green,The Story of Mankind,1957
Abraham Lincoln,John Anderson,The Lincoln Conspiracy,1977
Abraham Lincoln,Robert V. Barron,Bill & Ted's Excellent Adventure,1989
Abraham Lincoln,Brendan Fraser,Bedazzled,2000
Abraham Lincoln,Glenn Beck,National Treasure: Book of Secrets,2007
Abraham Lincoln,Gerald Bestrom,The Conspirator,2010
Abraham Lincoln,Benjamin Walker,Abraham Lincoln: Vampire Hunter,2012
Abraham Lincoln,Tom Amandes,Saving Lincoln,2013
Abraham Lincoln,Billy Campbell,Killing Lincoln,2013
Abraham Lincoln,Jess Harnell,Mr. Peabody & Sherman,2014
Abraham Lincoln,Michael Krebs,Field of Lost Shoes,2014
Abraham Lincoln,Gilbert Gottfried,A Million Ways to Die in the West,2014
Abraham Lincoln,Will Forte,The Lego Movie,2014
Abraham Lincoln,Will Forte,The Lego Movie 2: The Second Part,2019
Andrew Johnson,Van Heflin,Tennessee Johnson,1942
Andrew Johnson,Bill Hindman,The Ordeal of Dr Mudd,1980
Ulysses S. Grant,Donald Crisp,The Birth of a Nation,1915
Ulysses S. Grant,E. Alyn Warren,Abraham Lincoln,1930
Ulysses S. Grant,E. Alyn Warren,Secret Service,1931
Ulysses S. Grant,E. Alyn Warren,Operator 13,1934
Ulysses S. Grant,Walter Rodgers,Silver Dollar,1932
Ulysses S. Grant,Joseph Crehan,Union Pacific,1939
Ulysses S. Grant,Joseph Crehan,They Died with Their Boots On,1941
Ulysses S. Grant,Joseph Crehan,The Adventures of Mark Twain,1944
Ulysses S. Grant,Joseph Crehan,Silver River,1948
Ulysses S. Grant,Harrison Greene,Tennessee Johnson,1942
Ulysses S. Grant,John Hamilton,Sitting Bull,1954
Ulysses S. Grant,Hayden Rorke,Drum Beat,1954
Ulysses S. Grant,Morris Ankrum,From the Earth to the Moon,1958
Ulysses S. Grant,Stan Jones,The Horse Soldiers,1959
Ulysses S. Grant,Harry Morgan,How the West Was Won,1962
Ulysses S. Grant,Jason Robards,The Legend of the Lone Ranger,1981
Ulysses S. Grant,Kevin Kline,Wild Wild West,1999
Ulysses S. Grant,Peter O' Meara,Saving Lincoln,2013
Ulysses S. Grant,Mike Marunde,Killing Lincoln,2013
Ulysses S. Grant,Tom Skerritt,Field of Lost Shoes,2014
Rutherford B. Hayes,John Dilson,Buffalo Bill,1944
James A. Garfield,Francis Sayles,The Night Riders,1939
James A. Garfield,Van Johnson,The Price of Power,1969
Chester A. Arthur,Emmett Corrigan,Silver Dollar,1932
Chester A. Arthur,Larry Gates,Cattle King,1963
Grover Cleveland,Stuart Holmes,The Monroe Doctrine,1939
Grover Cleveland,Stuart Holmes,The Oklahoma Kid,1939
Grover Cleveland,William Davidson,Lillian Russell,1940
Grover Cleveland,Pat McCormick,"Buffalo Bill and the Indians, or Sitting Bull's History Lesson",1976
Benjamin Harrison,Roy Gordon,Stars and Stripes Forever,1952
William McKinley,Dell Henderson,A Message to Garcia,1936
William McKinley,Frank Conroy,This Is My Affair,1937
William McKinley,Douglas Wood,"Teddy, the Rough Rider",1940
Theodore Roosevelt,E. J. Ratcliffe,I Loved a Woman,1933
Theodore Roosevelt,Sidney Blackmer,This Is My Affair,1937
Theodore Roosevelt,Sidney Blackmer,The Monroe Doctrine,1939
Theodore Roosevelt,Sidney Blackmer,"Teddy, the Rough Rider",1940
Theodore Roosevelt,Sidney Blackmer,In Old Oklahoma,1943
Theodore Roosevelt,Sidney Blackmer,Buffalo Bill,1944
Theodore Roosevelt,Sidney Blackmer,My Girl Tisa,1948
Theodore Roosevelt,Thomas A. Curran,Citizen Kane,1941
Theodore Roosevelt,Wallis Clark,Yankee Doodle Dandy,1942
Theodore Roosevelt,Wallis Clark,Jack London,1943
Theodore Roosevelt,Ed Cassidy,Sun Valley Cyclone,1946
Theodore Roosevelt,Ed Cassidy,Take Me Out to the Ball Game,1949
Theodore Roosevelt,Ed Cassidy,The First Traveling Saleslady,1956
Theodore Roosevelt,John Alexander,Fancy Pants,1950
Theodore Roosevelt,Brian Keith,The Wind and the Lion,1975
Theodore Roosevelt,William Phipps,Eleanor and Franklin,1976
Theodore Roosevelt,David Healy,Eleanor and Franklin: The White House Years,1977
Theodore Roosevelt,Robert Boyd,Ragtime,1981
Theodore Roosevelt,David James Alexander,Newsies,1992
Theodore Roosevelt,Ray Geer,Geronimo,1993
Theodore Roosevelt,Tom Berenger,Rough Riders,1997
Theodore Roosevelt,Robin Williams,Night at the Museum,2006
Theodore Roosevelt,Robin Williams,Night at the Museum: Battle of the Smithsonian,2009
Theodore Roosevelt,Robin Williams,Night at the Museum: Secret of the Tomb,2014
Theodore Roosevelt,Ed Metzger,The Curious Case of Benjamin Button,2008
William Howard Taft,Walter Massey,The Greatest Game Ever Played,2005
Woodrow Wilson,Samuel S. Hinds,The Road Is Open Again,1933
Woodrow Wilson,Fred Lee,You Can't Buy Everything,1934
Woodrow Wilson,Alexander Knox,Wilson,1944
Woodrow Wilson,Earl Lee,The Story of Will Rogers,1952
Woodrow Wilson,Frank Forsyth,Oh! What a Lovely War,1969
Woodrow Wilson,Ian Kelly,The King's Man,2021
Warren G. Harding,Harry Dean Stanton,The Legendary Curse of the Hope Diamond,1975
Calvin Coolidge,Ian Wolfe,The Court-Martial of Billy Mitchell,1955
Calvin Coolidge,Bruce McGill,Cristiada,2012
Herbert Hoover,Thomas Peacocke,The Angel of Pennsylvania Avenue,1996
Herbert Hoover,Eric Lord,The Legendary Curse of the Hope Diamond,1975
Franklin D. Roosevelt,Al Richardson,Cash and Carry,1937
Franklin D. Roosevelt,Jack Young,Yankee Doodle Dandy,1942
Franklin D. Roosevelt,Jack Young,Mission to Moscow,1943
Franklin D. Roosevelt,Jack Young,This Is the Army,1943
Franklin D. Roosevelt,Godfrey Tearle,The Beginning or the End,1947
Franklin D. Roosevelt,Oleg Frelikh,The Fall of Berlin,1949
Franklin D. Roosevelt,Dick Nelson,Beau James,1957
Franklin D. Roosevelt,Ralph Bellamy,Sunrise at Campobello,1960
Franklin D. Roosevelt,Stanisław Jaśkiewicz,Liberation,1971
Franklin D. Roosevelt,Innokenty Smoktunovsky,Take Aim,1974
Franklin D. Roosevelt,Edward Herrmann,Eleanor and Franklin,1976
Franklin D. Roosevelt,Edward Herrmann,Eleanor and Franklin: The White House Years,1977
Franklin D. Roosevelt,Edward Herrmann,Annie,1982
Franklin D. Roosevelt,Dan O'Herlihy,MacArthur,1977
Franklin D. Roosevelt,Howard Da Silva,The Private Files of J. Edgar Hoover,1977
Franklin D. Roosevelt,Stanisław Jaśkiewicz,Soldiers of Freedom,1977
Franklin D. Roosevelt,Lee Richardson,Truman,1995
Franklin D. Roosevelt,Kenneth Branagh,Warm Springs,2005
Franklin D. Roosevelt,Bill Murray,Hyde Park on Hudson,2012
Franklin D. Roosevelt,Michael Dalton,The Monuments Men,2014
Franklin D. Roosevelt,Darin De Paul (voice),Justice Society: World War II,2021
Harry S. Truman,Art Baker,The Beginning or the End,1947
Harry S. Truman,Jack Gargan,Glory Alley,1952
Harry S. Truman,Jerzy Kaliszewski,Take Aim,1974
Harry S. Truman,Robert Vaughn,The Man from Independence,1974
Harry S. Truman,James Whitmore,"Give 'em Hell, Harry!",1975
Harry S. Truman,Ed Flanders,MacArthur,1977
Harry S. Truman,Gary Sinise,Truman,1995
Harry S. Truman,David Patrick Kelly,Flags of Our Fathers,2006
Harry S. Truman,Kerry Shale,The Hundred-Year-Old Man Who Climbed Out of the Window and Disappeared,2013
Harry S. Truman,Christian Rodska,The Monuments Men,2014
Dwight D. Eisenhower,Harry Carey Jr.,The Long Gray Line,1955
Dwight D. Eisenhower,Elbert Steele,The Long Gray Line,1955
Dwight D. Eisenhower,Henry Grace,The Longest Day,1962
Dwight D. Eisenhower,Robert Beer,The Right Stuff,1983
Dwight D. Eisenhower,Robert Beer,My Science Project,1985
Dwight D. Eisenhower,Tom Selleck,Ike: Countdown to D-Day,2004
John F. Kennedy,Martin Donovan,RFK,2002
John F. Kennedy,Chriss Anglin,An American Carol,2008
John F. Kennedy,Brett Stimely,Watchmen,2009
John F. Kennedy,Brett Stimely,Transformers: Dark of the Moon,2011
John F. Kennedy,Brett Stimely,Kill the Dictator aka El teniente Amado,2013
John F. Kennedy,Brett Stimely,Parkland,2013
John F. Kennedy,John Allen Nelson,Fire Bay,2011
John F. Kennedy,Rick Kelly,Trumbo,2015
John F. Kennedy,Caspar Phillipson,Jackie,2016
John F. Kennedy,Jeffrey Donovan,LBJ,2017
John F. Kennedy,Jim Meskimen (voice),Superman: Red Son,2020
John F. Kennedy,Ansel Elgort,Mayday 109,upcoming
Lyndon B. Johnson,Randy Quaid,LBJ: The Early Years,1987
Lyndon B. Johnson,Tom Howard,JFK,1991
Lyndon B. Johnson,Michael Gambon,Path to War,2002
Lyndon B. Johnson,Bryan Cranston,All the Way,2016
Lyndon B. Johnson,John Carroll Lynch,Jackie,2016
Lyndon B. Johnson,Woody Harrelson,LBJ,2017
Richard Nixon,Rip Torn,Blind Ambition,1979
Richard Nixon,Lane Smith,The Final Days,1989
Richard Nixon,Frank Langella,Frost/Nixon,2008
Richard Nixon,James McManus,Black Dynamite,2009
Richard Nixon,John H. Tobin,Transformers: Dark of the Moon,2011
Richard Nixon,Mark Camacho,X-Men: Days of Future Past,2014
Richard Nixon,Kevin Spacey,Elvis & Nixon,2016
Richard Nixon,Darrell Duffey,The 101-Year-Old Man Who Skipped Out on the Bill and Disappeared,2016
Richard Nixon,Bruce Campbell (voice),18½,2021
Gerald Ford,Dick Crockett,The Pink Panther Strikes Again,1976
Gerald Ford,Larry Lindsay,Hot Shots! Part Deux,1993
Gerald Ford,Corbin Bernsen,The Commission,2003
Gerald Ford,Neal Matarazzo,Crisis 76 (short),2004
Gerald Ford,Bill Camp,Vice,2018
Jimmy Carter,Ed Beheler,Sextette,1978
Jimmy Carter,Ed Beheler,Hot Shots! Part Deux,1993
Jimmy Carter,Skip Schwink,Reagan,2023
Ronald Reagan,Rip Torn,Airplane II: The Sequel,1982
Ronald Reagan,Jay Koch,Back to the Future Part II,1989
Ronald Reagan,Bryan Clark,Pizza Man,1991
Ronald Reagan,Jay Koch,Hot Shots! Part Deux,1993
Ronald Reagan,Jay Koch,Panther,1995
Ronald Reagan,Fred Ward,L'affaire Farewell,2009
Ronald Reagan,Reginald Green,The Iron Lady,2011
Ronald Reagan,Keith Chanter,The Hundred-Year-Old Man Who Climbed Out of the Window and Disappeared,2013
Ronald Reagan,David Henrie,Reagan,2023
Ronald Reagan,Dennis Quaid,Reagan,2023
Ronald Reagan,Michael Douglas,Reykjavik,upcoming
George H. W. Bush,John Roarke,The Naked Gun 2½: The Smell of Fear,1991
George H. W. Bush,Daniel T. Healy,Hot Shots! Part Deux,1993
George H. W. Bush,James Cromwell,W.,2008
George H. W. Bush,John Hillner,Vice,2018
Bill Clinton,Scott Herriot,Naked Gun 33+1⁄3: The Final Insult,1994
Bill Clinton,Pat Rick,The Silence of the Hams,1994
Bill Clinton,Dale Reeves,Beavis and Butthead Do America,1996
Bill Clinton,Craig Barnett,The Godson,1998
Bill Clinton,Damian Mason,2001: A Space Travesty,2000
Bill Clinton,Timothy Watters,Life or Something Like It,2002
Bill Clinton,Jess Harnell,Mr. Peabody & Sherman,2014
George W. Bush,Timothy Bottoms,The Crocodile Hunter: Collision Course,2002
George W. Bush,Timothy Bottoms,DC 9/11: Time of Crisis,2003
George W. Bush,Bruce Mendenhall,Postal,2007
George W. Bush,Kamal Haasan,Dasavathaaram,2008
George W. Bush,James Adomian,Harold & Kumar Escape from Guantanamo Bay,2008
George W. Bush,Josh Brolin,W.,2008
George W. Bush,Connor Trinneer,American Made,2017
George W. Bush,Sam Rockwell,Vice,2018
Barack Obama,Christopher B. Duncan,My Name Is Khan,2010
Barack Obama,Hasan Al Farouq,Obama Anak Menteng,2010
Barack Obama,Orlando Eric Street,The Butler,2013
