0,1,2,3,4
The town (movie),National Board of Review,Top Ten Films,,Won
The town (movie),National Board of Review,Best Acting by an Ensemble Cast,,Won
The town (movie),Broadcast Film Critics Association Award,Best Film,,Nominated
The town (movie),Broadcast Film Critics Association Award,Best Cast,,Nominated
The town (movie),Broadcast Film Critics Association Award,Best Screenplay,"Ben Affleck, Peter Craig and Aaron Stockard",Nominated
The town (movie),Broadcast Film Critics Association Award,Best Action Film,,Nominated
The town (movie),Golden Globe Award,Best Supporting Actor,Jeremy Renner,Nominated
The town (movie),Dallas–Fort Worth Film Critics Association,Best Supporting Actor,Jeremy Renner,Nominated
The town (movie),St. Louis Gateway Film Critics Association,Best Supporting Actor,Jeremy Renner,Nominated
The town (movie),San Diego Film Critics Society,Best Supporting Actor,Jeremy Renner,Nominated
The town (movie),San Diego Film Critics Society,Best Supporting Actress,Blake Lively,Nominated
The town (movie),Satellite Award,Best Supporting Actor,Jeremy Renner,Nominated
The town (movie),Satellite Award,Best Adapted Screenplay,Peter Craig,Nominated
The town (movie),Satellite Award,Best Adapted Screenplay,Aaron Stockard,Nominated
The town (movie),Satellite Award,Best Adapted Screenplay,Ben Affleck,Nominated
The town (movie),Satellite Award,Best Director,Ben Affleck,Nominated
The town (movie),Satellite Award,Best Editing,Dylan Tichenor,Nominated
The town (movie),Producers Guild of America,Best Film,,Nominated
The town (movie),BAFTA Award,Best Supporting Actor,Pete Postlethwaite (posthumous),Nominated
