0,1,2,3,4
César Award for Best Costume Design,2010(35th),Coco Before Chanel(nominated for the Academy Award),Coco avant Chanel,Catherine Leterrier
César Award for Best Costume Design,2010(35th),Coco Chanel & Igor Stravinsky,Coco Chanel & Igor Stravinsky,Chattoune and  Fab
César Award for Best Costume Design,2010(35th),OSS 117: Lost in Rio,OSS 117: Rio ne répond plus,Charlotte David
César Award for Best Costume Design,2010(35th),A Prophet,Un prophète,Virginie Montel
César Award for Best Costume Design,2011(36th),The Princess of Montpensier,La Princesse de Montpensier,Caroline De Vivaise
César Award for Best Costume Design,2011(36th),The Extraordinary Adventures of Adèle Blanc-Sec,Les Aventures extraordinaires d'Adèles Blanc-Sec,Olivier Bériot
César Award for Best Costume Design,2011(36th),Potiche,Potiche,Pascaline Chavanne
César Award for Best Costume Design,2011(36th),On Tour,Tournée,Alexia Crisp-Jones
César Award for Best Costume Design,2011(36th),Of Gods and Men,Des hommes et des dieux,Marielle Robaut
César Award for Best Costume Design,2012(37th),House of Tolerance,L'Apollonide: Souvenirs de la maison close,Anaïs Romand
César Award for Best Costume Design,2012(37th),My Little Princess,My Little Princess,Catherine Baba
César Award for Best Costume Design,2012(37th),The Artist,The Artist,Mark Bridges
César Award for Best Costume Design,2012(37th),The Women on the 6th Floor,Les Femmes du 6ème étage,Christian Gasc
César Award for Best Costume Design,2012(37th),The Source,La Source des femmes,Viorica Petrovici
César Award for Best Costume Design,2013(38th),"Farewell, My Queen",Les Adieux à la reine,Christian Gasc
César Award for Best Costume Design,2013(38th),Augustine,Augustine,Pascaline Chavanne
César Award for Best Costume Design,2013(38th),Populaire,Populaire,Charlotte David
César Award for Best Costume Design,2013(38th),My Way,Cloclo,Mimi Lempicka
César Award for Best Costume Design,2014(39th),Renoir,Renoir,Pascaline Chavanne
César Award for Best Costume Design,2014(39th),"Me, Myself and Mum","Les Garçons et Guillaume, à table!",Olivier Bériot
César Award for Best Costume Design,2014(39th),Michael Kohlhaas,Michael Kohlhaas,Anina Diener
César Award for Best Costume Design,2014(39th),Mood Indigo,L'Écume des jours,Florence Fontaine
César Award for Best Costume Design,2015(40th),Saint Laurent,Saint Laurent,Anaïs Romand
César Award for Best Costume Design,2015(40th),Beauty and the Beast, La Belle et la Bête,Pierre-Yves Gayraud
César Award for Best Costume Design,2015(40th),The Connection,La French,Carine Sarfati
César Award for Best Costume Design,2015(40th),The New Girlfriend,Une nouvelle amie,Pascaline Chavanne
César Award for Best Costume Design,2015(40th),Yves Saint Laurent,Yves Saint Laurent,Madeline Fontaine
César Award for Best Costume Design,2016(41st),Marguerite,Marguerite,Pierre-Jean Larroque
César Award for Best Costume Design,2016(41st),Diary of a Chambermaid,Journal d'une femme de chambre,Anaïs Romand
César Award for Best Costume Design,2016(41st),Mustang,Mustang,Selin Sözen
César Award for Best Costume Design,2016(41st),L'Odeur de la mandarine,L'Odeur de la mandarine,Catherine Leterrier
César Award for Best Costume Design,2016(41st),My Golden Days,Trois souvenirs de ma jeunesse,Nathalie Raoul
César Award for Best Costume Design,2017(42nd),The Dancer,La Danseuse,Anaïs Romand
César Award for Best Costume Design,2017(42nd),Frantz,Frantz,Pascaline Chavanne
César Award for Best Costume Design,2017(42nd),Slack Bay,Ma Loute,Alexandra Charles
César Award for Best Costume Design,2017(42nd),From the Land of the Moon,Mal de pierres,Catherine Leterrier
César Award for Best Costume Design,2018(43rd),See You Up There,Au revoir là-haut,Mimi Lempicka
César Award for Best Costume Design,2018(43rd),BPM (Beats per Minute),120 battements par minute,Isabelle Pannetier
César Award for Best Costume Design,2018(43rd),Barbara,Barbara,Pascaline Chavanne
César Award for Best Costume Design,2018(43rd),The Guardians,Les Gardiennes,Anaïs Romand
César Award for Best Costume Design,2018(43rd),Promise at Dawn,La Promesse de l'aube,Catherine Bouchard
César Award for Best Costume Design,2019(44th),Mademoiselle de Joncquières,Mademoiselle de Joncquières,Pierre-Jean Larroque
César Award for Best Costume Design,2019(44th),The Emperor of Paris,L'Empereur de Paris,Pierre-Yves Gayraud
César Award for Best Costume Design,2019(44th),The Sisters Brothers,Les Frères Sisters,Milena Canonero
César Award for Best Costume Design,2019(44th),Memoir of War,La Douleur,Sergio Ballo and Anaïs Romand
César Award for Best Costume Design,2019(44th),"One Nation, One King",Un peuple et son roi,Anaïs Romand
