0,1,2,3
Satellite Award for Best Best Television Series - Drama,2010,Boardwalk Empire,HBO
Satellite Award for Best Best Television Series - Drama,2010,Dexter,Showtime
Satellite Award for Best Best Television Series - Drama,2010,The Tudors,Showtime
Satellite Award for Best Best Television Series - Drama,2010,Friday Night Lights,NBC / The 101 Network
Satellite Award for Best Best Television Series - Drama,2010,The Good Wife,CBS
Satellite Award for Best Best Television Series - Drama,2010,Mad Men,AMC
Satellite Award for Best Best Television Series - Drama,2011,Justified,FX
Satellite Award for Best Best Television Series - Drama,2011,Boardwalk Empire,HBO
Satellite Award for Best Best Television Series - Drama,2011,Friday Night Lights,NBC / The 101 Network
Satellite Award for Best Best Television Series - Drama,2011,Sons of Anarchy,FX
Satellite Award for Best Best Television Series - Drama,2011,Treme,HBO
Satellite Award for Best Best Television Series - Drama,2012,Homeland,Showtime
Satellite Award for Best Best Television Series - Drama,2012,Downton Abbey,PBS
Satellite Award for Best Best Television Series - Drama,2012,Game of Thrones,HBO
Satellite Award for Best Best Television Series - Drama,2012,The Good Wife,CBS
Satellite Award for Best Best Television Series - Drama,2012,Justified,FX
Satellite Award for Best Best Television Series - Drama,2012,The Newsroom,HBO
Satellite Award for Best Best Television Series - Drama,2012,Nashville,ABC
Satellite Award for Best Best Television Series - Drama,2013,The Americans,FX
Satellite Award for Best Best Television Series - Drama,2013,Downton Abbey,PBS
Satellite Award for Best Best Television Series - Drama,2013,The Good Wife,CBS
Satellite Award for Best Best Television Series - Drama,2013,Homeland,Showtime
Satellite Award for Best Best Television Series - Drama,2013,House of Cards,Netflix
Satellite Award for Best Best Television Series - Drama,2013,Last Tango in Halifax,BBC One / PBS
Satellite Award for Best Best Television Series - Drama,2013,Mad Men,AMC
Satellite Award for Best Best Television Series - Drama,2013,Masters of Sex,Showtime
Satellite Award for Best Best Television Series - Drama,2013,Rectify,Sundance Channel
Satellite Award for Best Best Television Series - Drama,2014,The Knick,Cinemax
Satellite Award for Best Best Television Series - Drama,2014,The Affair,Showtime
Satellite Award for Best Best Television Series - Drama,2014,The Fall,BBC Two / Netflix
Satellite Award for Best Best Television Series - Drama,2014,Fargo,FX
Satellite Award for Best Best Television Series - Drama,2014,Halt and Catch Fire,AMC
Satellite Award for Best Best Television Series - Drama,2014,Hannibal,NBC
Satellite Award for Best Best Television Series - Drama,2014,House of Cards,Netflix
Satellite Award for Best Best Television Series - Drama,2014,True Detective,HBO
Satellite Award for Best Best Television Series - Drama,2015,Better Call Saul,AMC
Satellite Award for Best Best Television Series - Drama,2015,American Crime,ABC
Satellite Award for Best Best Television Series - Drama,2015,Bloodline,Netflix
Satellite Award for Best Best Television Series - Drama,2015,Deutschland 83,Sundance TV
Satellite Award for Best Best Television Series - Drama,2015,Fargo,FX
Satellite Award for Best Best Television Series - Drama,2015,Mr. Robot,USA Network
Satellite Award for Best Best Television Series - Drama,2015,Narcos,Netflix
Satellite Award for Best Best Television Series - Drama,2015,Ray Donovan,Showtime
Satellite Award for Best Best Television Series - Drama,2016,The Crown,Netflix
Satellite Award for Best Best Television Series - Drama,2016,The Affair,Showtime
Satellite Award for Best Best Television Series - Drama,2016,American Crime,ABC
Satellite Award for Best Best Television Series - Drama,2016,The Americans,FX
Satellite Award for Best Best Television Series - Drama,2016,Better Call Saul,AMC
Satellite Award for Best Best Television Series - Drama,2016,The Fall,BBC Two / Netflix
Satellite Award for Best Best Television Series - Drama,2016,Mr. Robot,USA Network
Satellite Award for Best Best Television Series - Drama,2016,Poldark,PBS
Satellite Award for Best Best Television Series - Drama,2017,Vikings,History
Satellite Award for Best Best Television Series - Drama,2017,13 Reasons Why,Netflix
Satellite Award for Best Best Television Series - Drama,2017,The Affair,Showtime
Satellite Award for Best Best Television Series - Drama,2017,The Handmaid's Tale,Hulu
Satellite Award for Best Best Television Series - Drama,2017,Mindhunter,Netflix
Satellite Award for Best Best Television Series - Drama,2017,Taboo,FX
Satellite Award for Best Best Television Series - Drama,2017,This Is Us,NBC
Satellite Award for Best Best Television Series - Drama,2018,Homecoming,Amazon Prime Video
Satellite Award for Best Best Television Series - Drama,2018,The Bold Type,Freeform
Satellite Award for Best Best Television Series - Drama,2018,The Handmaid's Tale,Hulu
Satellite Award for Best Best Television Series - Drama,2018,Mr. Mercedes,Audience
Satellite Award for Best Best Television Series - Drama,2018,Succession,HBO
Satellite Award for Best Best Television Series - Drama,2018,This Is Us,NBC
Satellite Award for Best Best Television Series - Drama,2019,Succession,HBO
Satellite Award for Best Best Television Series - Drama,2019,The Affair,Showtime
Satellite Award for Best Best Television Series - Drama,2019,The Crown,Netflix
Satellite Award for Best Best Television Series - Drama,2019,Killing Eve,BBC America
Satellite Award for Best Best Television Series - Drama,2019,Mindhunter,Netflix
Satellite Award for Best Best Television Series - Drama,2019,Mr. Mercedes,Audience
