0,1,2,3,4
Tootsie (film),Academy Awards,Best Director,Sydney Pollack,Nominated
Tootsie (film),Academy Awards,Best Original Song,"""It Might Be You""  Music by Dave Grusin;  Lyrics by Alan and Marilyn Bergman",Nominated
Tootsie (film),American Cinema Editors Awards,Best Edited Feature Film,Fredric Steinkamp and William Steinkamp,Nominated
Tootsie (film),Bambi Awards,Best Film – International,Jessica Lange (also for The Postman Always Rings Twice),Won
Tootsie (film),Bodil Awards,Best Non-European Film,Sydney Pollack,Won
Tootsie (film),Boston Society of Film Critics Awards,Best Actor,Dustin Hoffman,Won
Tootsie (film),Boston Society of Film Critics Awards,Best Supporting Actress,Jessica Lange,Won
Tootsie (film),British Academy Film Awards,Best Film,Sydney Pollack and Dick Richards,Nominated
Tootsie (film),British Academy Film Awards,Best Direction,Sydney Pollack,Nominated
Tootsie (film),British Academy Film Awards,Best Actor in a Leading Role,Dustin Hoffman,Won
Tootsie (film),British Academy Film Awards,Best Actress in a Leading Role,Jessica Lange,Nominated
Tootsie (film),British Academy Film Awards,Best Actress in a Supporting Role,Teri Garr,Nominated
Tootsie (film),British Academy Film Awards,Best Screenplay – Adapted,Larry Gelbart and Murray Schisgal,Nominated
Tootsie (film),British Academy Film Awards,Best Costume Design,Ruth Morley,Nominated
Tootsie (film),British Academy Film Awards,Best Make Up Artist,"Dorothy Pearl, George Masters, C. Romaina Ford and Allen Weisinger",Won
Tootsie (film),British Academy Film Awards,Best Original Song,"""It Might Be You""  Music by Dave Grusin;  Lyrics by Alan and Marilyn Bergman",Nominated
Tootsie (film),César Awards,Best Foreign Film,Sydney Pollack,Nominated
Tootsie (film),David di Donatello Awards,Best Foreign Actor,Dustin Hoffman,Nominated
Tootsie (film),David di Donatello Awards,Best Foreign Actress,Jessica Lange,Nominated
Tootsie (film),Directors Guild of America Awards,Outstanding Directorial Achievement in Motion Pictures,Sydney Pollack,Nominated
Tootsie (film),Golden Globe Awards,Best Motion Picture – Musical or Comedy,Best Motion Picture – Musical or Comedy,Won
Tootsie (film),Golden Globe Awards,Best Actor in a Motion Picture – Musical or Comedy,Dustin Hoffman,Won
Tootsie (film),Golden Globe Awards,Best Supporting Actress – Motion Picture,Jessica Lange,Won
Tootsie (film),Golden Globe Awards,Best Director – Motion Picture,Sydney Pollack,Nominated
Tootsie (film),Golden Globe Awards,Best Screenplay – Motion Picture,Larry Gelbart and Murray Schisgal,Nominated
Tootsie (film),Golden Screen Awards,Golden Screen,Golden Screen,Won
Tootsie (film),Grammy Awards,Best Album of Original Score Written for a Motion Picture or Television Special,Dave Grusin,Nominated
Tootsie (film),Kansas City Film Critics Circle Awards,Best Supporting Actress,Jessica Lange,Won
Tootsie (film),Kinema Junpo Awards,Best Foreign Language Film,Sydney Pollack,Won
Tootsie (film),Los Angeles Film Critics Association Awards,Best Screenplay,Larry Gelbart and Murray Schisgal,Won
Tootsie (film),National Board of Review Awards,Top Ten Films,Top Ten Films,8th Place
Tootsie (film),National Film Preservation Board,National Film Registry,National Film Registry,Inducted
Tootsie (film),National Society of Film Critics Awards,Best Film,Best Film,Won
Tootsie (film),National Society of Film Critics Awards,Best Director,Sydney Pollack,2nd Place
Tootsie (film),National Society of Film Critics Awards,Best Actor,Dustin Hoffman,Won
Tootsie (film),National Society of Film Critics Awards,Best Actress,Jessica Lange (also for Frances),2nd Place
Tootsie (film),National Society of Film Critics Awards,Best Supporting Actress,Teri Garr,3rd Place
Tootsie (film),National Society of Film Critics Awards,Best Supporting Actress,Jessica Lange,Won
Tootsie (film),National Society of Film Critics Awards,Best Screenplay,Murray Schisgal and Larry Gelbart,Won
Tootsie (film),New York Film Critics Circle Awards,Best Film,Best Film,Runner-up
Tootsie (film),New York Film Critics Circle Awards,Best Director,Sydney Pollack,Won
Tootsie (film),New York Film Critics Circle Awards,Best Actor,Dustin Hoffman,Runner-up
Tootsie (film),New York Film Critics Circle Awards,Best Supporting Actor,George Gaynes,Runner-up
Tootsie (film),New York Film Critics Circle Awards,Best Supporting Actress,Jessica Lange,Won
Tootsie (film),New York Film Critics Circle Awards,Best Screenplay,Murray Schisgal and Larry Gelbart,Won
Tootsie (film),Online Film & Television Association Awards,Hall of Fame – Motion Picture,Hall of Fame – Motion Picture,Inducted
Tootsie (film),Writers Guild of America Awards,Best Comedy Written Directly for the Screenplay,Larry Gelbart and Murray Schisgal,Won
