0,1,2,3,4
Star Wars Anthology Rogue One,"February 12, 2017",Best Special Visual Effects,"Neil Corbould, Hal Hickel, John Knoll, Mohen Leo and Nigel Sumner",Nominated
Star Wars Anthology Rogue One,"February 18, 2017",Outstanding Achievement in Sound Mixing for a Motion Picture – Live Action,"Joel Iwataki, Nick Kray, David Parker, Frank Rinella, Christopher Scarabosio and Stuart Wilson",Nominated
Star Wars Anthology Rogue One,"February 21, 2017",Excellence in Fantasy Film,David Crossman and Glyn Dillon,Nominated
Star Wars Anthology Rogue One,"September 3, 2017",Best Science Fiction or Fantasy Movie,Rogue One,Nominated
Star Wars Anthology Rogue One,"March 19, 2017",Best Film,Rogue One,Won
Star Wars Anthology Rogue One,"March 19, 2017",Best Sci-Fi/Fantasy,Nominated,Rogue One
Star Wars Anthology Rogue One,"March 19, 2017",Best Director,Gareth Edwards,Won
Star Wars Anthology Rogue One,"March 19, 2017",Best Costume Design,Rogue One,Nominated
Star Wars Anthology Rogue One,"March 19, 2017",Best Production Design,Rogue One,Nominated
Star Wars Anthology Rogue One,"March 19, 2017",Best Make-Up and Hairstyling,Rogue One,Nominated
Star Wars Anthology Rogue One,"March 19, 2017",Best Visual Effects,Rogue One,Nominated
Star Wars Anthology Rogue One,"August 11, 2017",Best Dramatic Presentation – Long form,Chris Weitz and Tony Gilroy,Nominated
Star Wars Anthology Rogue One,"April 8, 2017",Outstanding Locations in Period Film,Mark Somner and David O'Reily,Nominated
Star Wars Anthology Rogue One,"April 8, 2017",Outstanding Film Commission,"""Jedha"" – Royal Film Commission Jordan",Won
Star Wars Anthology Rogue One,"May 17, 2017",Movie of the Year,Rogue One,Nominated
Star Wars Anthology Rogue One,"May 17, 2017",Best Hero,Felicity Jones,Nominated
Star Wars Anthology Rogue One,"May 20, 2017",Outstanding Dramatic Presentation,"Chris Weitz, Tony Gilroy and Gareth Edwards",Nominated
Star Wars Anthology Rogue One,"June 28, 2017",Best Science Fiction Film,Rogue One,Won
Star Wars Anthology Rogue One,"June 28, 2017",Best Director,Gareth Edwards,Won
Star Wars Anthology Rogue One,"June 28, 2017",Best Writing,Chris Weitz and Tony Gilroy,Nominated
Star Wars Anthology Rogue One,"June 28, 2017",Best Actress,Felicity Jones,Nominated
Star Wars Anthology Rogue One,"June 28, 2017",Best Supporting Actor,Diego Luna,Nominated
Star Wars Anthology Rogue One,"June 28, 2017",Best Music,Michael Giacchino,Nominated
Star Wars Anthology Rogue One,"June 28, 2017",Best Editing,"John Gilroy, Colin Goudie and Jabez Olssen",Nominated
Star Wars Anthology Rogue One,"June 28, 2017",Best Production Design,Doug Chiang and Neil Lamont,Nominated
Star Wars Anthology Rogue One,"June 28, 2017",Best Costume Design,David Crossman and Glyn Dillon,Nominated
Star Wars Anthology Rogue One,"June 28, 2017",Best Make-up,Amy Byrne,Nominated
Star Wars Anthology Rogue One,"June 28, 2017",Best Special Effects,"Neil Corbould, Hal Hickel, John Knoll and Mohen Leo",Won
Star Wars Anthology Rogue One,"August 13, 2017",Choice Sci-Fi Movie,Rogue One,Nominated
Star Wars Anthology Rogue One,"August 13, 2017",Choice Sci-Fi Movie Actor,Diego Luna,Nominated
Star Wars Anthology Rogue One,"August 13, 2017",Choice Sci-Fi Movie Actress,Felicity Jones,Nominated
Star Wars Anthology Rogue One,"February 7, 2017",Outstanding Visual Effects in a Photoreal Feature,"Neil Corbould, Erin Dusseault, Hal Hickel, John Knoll and Nigel Sumner",Nominated
Star Wars Anthology Rogue One,"February 7, 2017",Outstanding Animated Performance in a Photoreal Feature,"""Grand Moff Tarkin"" – Cyrus Jam, Sven Jensen, Jee Young Park and Steve Walton",Nominated
Star Wars Anthology Rogue One,"February 7, 2017",Outstanding Created Environment in a Photoreal Feature,"""Scarif Complex"" – Enrico Damm, Yanick Dusseault, Kevin George and Olivier Vernay-Kim",Nominated
Star Wars Anthology Rogue One,"February 7, 2017",Outstanding Virtual Cinematography in a Photoreal Project,"""Space Battle"" – Steve Ellis, Barry Howell, Euising Lee and John Levin",Nominated
Star Wars Anthology Rogue One,"February 7, 2017",Outstanding Model in a Photoreal or Animated Project,"""Princess Leia"" – Paul Giacoppo, Gareth Jensen, James Tooley and Todd Vaziri",Nominated
Star Wars Anthology Rogue One,"February 7, 2017",Outstanding Model in a Photoreal or Animated Project,"""Star Destroyer"" – Marko Chulev, Steven Knipping, Jay Machado and Akira Orikasa",Nominated
Star Wars Anthology Rogue One,"February 7, 2017",Outstanding Effects Simulations in a Photoreal Feature,"""Jedha Destruction"" – Luca Mignardi, Ciaran Moloney, Matt Puchala and Miguel Perez Senent",Nominated
