0,1,2,3,4,5,6
Primetime Emmy Award for Outstanding Voice-Over Performace,2009(61st),Ron Rifkin,Narrator,American Masters,"""Jerome Robbins: Something To Dance About""",PBS
Primetime Emmy Award for Outstanding Voice-Over Performace,2009(61st),Seth Green,Various,Robot Chicken,"""Robot Chicken: Star Wars Episode II""",Cartoon Network
Primetime Emmy Award for Outstanding Voice-Over Performace,2009(61st),Seth MacFarlane,Peter Griffin,Family Guy,"""I Dream of Jesus""",Fox
Primetime Emmy Award for Outstanding Voice-Over Performace,2009(61st),Harry Shearer,"Mr. Burns, Smithers, Kent Brockman and Lenny",The Simpsons,"""The Burns and the Bees""",Fox
Primetime Emmy Award for Outstanding Voice-Over Performace,2009(61st),Hank Azaria,Moe Szyslak,The Simpsons,"""Eeny Teeny Maya Moe""",Fox
Primetime Emmy Award for Outstanding Voice-Over Performace,2010(62nd),H. Jon Benjamin,Sterling Archer,Archer,"""Mole Hunt""",FX
Primetime Emmy Award for Outstanding Voice-Over Performace,2010(62nd),Dave Foley,Wayne,Prep & Landing,Prep & Landing,ABC
Primetime Emmy Award for Outstanding Voice-Over Performace,2010(62nd),Seth Green,"Cobra Commander, Movie Narrator and Robot Chicken Nerd",Robot Chicken,"""Cannot Be Erased, So Sorry""",Cartoon Network
Primetime Emmy Award for Outstanding Voice-Over Performace,2010(62nd),Hank Azaria,Apu and Moe Szyslak,The Simpsons,"""Moe Letter Blues""",Fox
Primetime Emmy Award for Outstanding Voice-Over Performace,2010(62nd),Dan Castellaneta,Grampa Simpson and Homer Simpson,The Simpsons,"""Thursdays with Abie""",Fox
Primetime Emmy Award for Outstanding Voice-Over Performace,2011(63rd),Maurice LaMarche,"Lrrr, Orson Welles",Futurama,"""Lrrreconcilable Ndndifferences""",Comedy Central
Primetime Emmy Award for Outstanding Voice-Over Performace,2011(63rd),Bob Bergen,Porky Pig,The Looney Tunes Show,"""Jailbird And Jailbunny""",Cartoon Network
Primetime Emmy Award for Outstanding Voice-Over Performace,2011(63rd),Seth Green,"Batman, Cobra Commander, Judge, Light Cycle Driver, Newscaster, Robot Chicken Nerd, Teenager, Venger",Robot Chicken,"""Catch Me If You Kangaroo Jack""",Cartoon Network
Primetime Emmy Award for Outstanding Voice-Over Performace,2011(63rd),Christopher Plummer,Narrator,Moguls and Movie Stars,"""The Birth of Hollywood""",TCM
Primetime Emmy Award for Outstanding Voice-Over Performace,2011(63rd),Brenda Strong,Mary Alice Young,Desperate Housewives,"""Come on Over for Dinner""",ABC
Primetime Emmy Award for Outstanding Voice-Over Performace,2012(64th),Maurice LaMarche,"Clamps, Donbot, Hyperchicken, Calculon, Hedonismbot, Morbo",Futurama,"""The Silence of the Clamps""",Comedy Central
Primetime Emmy Award for Outstanding Voice-Over Performace,2012(64th),Dan Povenmire,Doctor Doofenshmirtz,Disney Phineas And Ferb: Across The 2nd Dimension,Disney Phineas And Ferb: Across The 2nd Dimension,Disney
Primetime Emmy Award for Outstanding Voice-Over Performace,2012(64th),Rob Riggle,Noel,Prep & Landing: Naughty vs. Nice,Prep & Landing: Naughty vs. Nice,ABC
Primetime Emmy Award for Outstanding Voice-Over Performace,2012(64th),Brenda Strong,Mary Alice Young,Desperate Housewives,"""Give Me the Blame"" / ""Finishing the Hat""",ABC
Primetime Emmy Award for Outstanding Voice-Over Performace,2012(64th),Kristen Wiig,Lola,The Looney Tunes Show,"""Double Date""",Cartoon Network
Primetime Emmy Award for Outstanding Voice-Over Performace,2013(65th),Lily Tomlin,Narrator,An Apology to Elephants,An Apology to Elephants,HBO
Primetime Emmy Award for Outstanding Voice-Over Performace,2013(65th),Seth MacFarlane,"Brian Griffin, Stewie Griffin, Peter Griffin",Family Guy,"""Brian's Play""",Fox
Primetime Emmy Award for Outstanding Voice-Over Performace,2013(65th),Alex Borstein,Lois Griffin and Tricia Takanawa,Family Guy,"""Lois Comes Out Of Her Shell""",Fox
Primetime Emmy Award for Outstanding Voice-Over Performace,2013(65th),Seth Green,"Abin Sur, Aquaman, Batman, Green Arrow, Martian Manhunter, Nerd and Robin",Robot Chicken,"""Robot Chicken DC Comics Special""",Cartoon Network
Primetime Emmy Award for Outstanding Voice-Over Performace,2013(65th),Sam Elliott,Narrator,Robot Chicken,"""Hurtled From A Helicopter Into A Speeding Train""",Cartoon Network
Primetime Emmy Award for Outstanding Voice-Over Performace,2013(65th),Bob Bergen,Porky Pig,The Looney Tunes Show,"""We’re In Big Truffle""",Cartoon Network
