0,1,2,3,4,5,6,7
Japan National Route 1,Tokyo,Chuo,," National Route 4 north – Asakusabashi, Aomori",Highway continues beyond eastern terminus as a concurrency of several national routes,None,None
Japan National Route 1,Tokyo,Chuo,,Nihonbashi Bridge (Inner Circular Route),Eastern terminus of National Route 1; no direct access to Inner Circular Route,None,None
Japan National Route 1,Tokyo,Chuo,," National Route 15 – to Harumi Route, Ginza, Minamisuna, Eitaibashi",Western end of National Route 15 concurrency,None,None
Japan National Route 1,Tokyo,Chiyoda,,"Metropolitan Route 403 – Kitaikebekuro, Shibuya",,None,None
Japan National Route 1,Tokyo,Chiyoda,,Metropolitan Route 404,,None,None
Japan National Route 1,Tokyo,Chiyoda,,Metropolitan Route 406,,None,None
Japan National Route 1,Tokyo,Chiyoda,,Metropolitan Route 304,,None,None
Japan National Route 1,Tokyo,Chiyoda,,"Metropolitan Route 301 – Kudanshita, Kokyomae",,None,None
Japan National Route 1,Tokyo,Chiyoda,," National Route 20 – Shinjuku, Hanzomon",Western end of National Route 20 concurrency,None,None
Japan National Route 1,Tokyo,Minato,,"Metropolitan Route 405 – Tameike, Shinbashi",,None,None
Japan National Route 1,Tokyo,Minato,,Metropolitan Route 319 – Roppongi,,None,None
Japan National Route 1,Tokyo,Minato,,Metropolitan Route 301 / Metropolitan Route 319,,None,None
Japan National Route 1,Tokyo,Minato,," Metropolitan Route 301 – to National Route 15, Fudanotsuji",,None,None
Japan National Route 1,Tokyo,Minato,,"Metropolitan Route 305 – Ebisu / Metropolitan Route 415 – Tameike, Furukawabashi",,None,None
Japan National Route 1,Tokyo,Minato,,Metropolitan Route 312 – Meguro,,None,None
Japan National Route 1,Tokyo,Shinagawa,, Meguro Route north – to Inner Circular Route,"Togoshi entrance and exit; entrance to northbound expressway, exit from southbound expressway",None,None
Japan National Route 1,Tokyo,Shinagawa,,"Metropolitan Route 317 – Ohashi, Osaki",,None,None
Japan National Route 1,Tokyo,Shinagawa,,Metropolitan Route 317 – Shinagawa,,None,None
Japan National Route 1,Tokyo,Shinagawa,,Metropolitan Route 2 – Tengenjibashi,,None,None
Japan National Route 1,Tokyo,Shinagawa,,Metropolitan Route 420 – Musashikoyoma,,None,None
Japan National Route 1,Tokyo,Ota,,Metropolitan Route 318 – Omori,,None,None
Japan National Route 1,Tokyo,Ota,,Metropolitan Route 421,,None,None
Japan National Route 1,Tokyo,Ota,,"Metropolitan Route 311 – Kamata, Shimo-Maruko Station",,None,None
Japan National Route 1,Kanagawa,Kawasaki,," National Route 409 (Tokyo-Wan Aqua-Line Expressway) – Ukishima, Kosugi, Mizonokuchi",,None,None
Japan National Route 1,Kanagawa,Kawasaki,,"Prefectural Route 140 (Tomei Expressway) – Mizonokuchi, Kawasaki Station",,None,None
Japan National Route 1,Kanagawa,Yokohama,,"Prefectural Route 14 – Tsunashima, Tsurumi Station",,None,None
Japan National Route 1,Kanagawa,Yokohama,,Prefectural Route 2 – Tsunashima,,None,None
Japan National Route 1,Kanagawa,Yokohama,," National Route 1 (Yokohama Bypass) – Odawara, Totsuka",Interchange; eastbound exit and westbound entrance,None,None
Japan National Route 1,Kanagawa,Yokohama,,Prefectural Route 12 – Rokkakabushi,,None,None
Japan National Route 1,Kanagawa,Yokohama,,Prefectural Route 84 – Kamakura,,None,None
Japan National Route 1,Kanagawa,Yokohama,,"  Yokohama–Yokosuka Road – to Tōmei Expressway, Yokosuka, Hachiōji",Kariba Interchange,None,None
Japan National Route 1,Kanagawa,Yokohama,,"Prefectural Route 218 – Sakuragicho, Idogaya",,None,None
Japan National Route 1,Kanagawa,Yokohama,," National Route 1 west (Yokohama Bypass) – Odawara, FujisawaPrefectural Route 401 – Seya",,None,None
Japan National Route 1,Kanagawa,Yokohama,,Prefectural Route 22 east – Kaminagaya,Eastern end of Kanagawa Prefecture Route 22 concurrency,None,None
Japan National Route 1,Kanagawa,Yokohama,," Prefectural Route 22 (Chōgo Kaidō) west – to Yokohama Shindō, Isehara",Western end of Kanagawa Prefecture Route 22 concurrency,None,None
Japan National Route 1,Kanagawa,Yokohama,, National Route 1 (Yokohama Bypass),Interchange; eastbound exit and westbound entrance,None,None
Japan National Route 1,Kanagawa,Yokohama,,"Prefectural Route 23 – Ofuna, Shonandai",Interchange,None,None
Japan National Route 1,Kanagawa,Yokohama,,"Prefectural Route 30 – Enoshima, Fujisawa",Interchange westbound; at-grade intersection eastbound,None,None
Japan National Route 1,Kanagawa,Fujisawa,, National Route 467,Interchange; no exits,None,None
Japan National Route 1,Kanagawa,Fujisawa,,"Prefectural Route 43 – Atsugi, Yoda",,None,None
Japan National Route 1,Kanagawa,Fujisawa,,"  Shin-Shōnan Bypass west – to Ken-Ō Expressway, Odawara, Hiratsuka",No access from Shin-Shōnan Bypass to westbound National Route 1; Fujisawa Interchange,None,None
Japan National Route 1,Kanagawa,Chigasaki,,Prefectural Route 44 (Old Tōkaidō) east – Enoshima,Eastern end of Kanagawa Prefecture Route 44 concurrency,None,None
Japan National Route 1,Kanagawa,Chigasaki,,"Prefectural Route 44 west – Atsugi, Isehara",Western end of Kanagawa Prefecture Route 44 concurrency,None,None
Japan National Route 1,Kanagawa,Chigasaki,," Prefectural Route 404 (Itchu-dōri) – to National Route 134, Shonan Life Town",,None,None
Japan National Route 1,Kanagawa,Chigasaki,," Shin-Shōnan Bypass – Yokohama, Fujisawa",Access only to eastbound traffic and from westbound traffic; Chigasaki-nishi Interchange,None,None
Japan National Route 1,Kanagawa,Chigasaki,," Prefectural Route 46 – to National Route 134, Enoshima, Samukawa",,None,None
Japan National Route 1,Kanagawa,Hiratsuka,," National Route 129 – to National Route 134, Atsugi",,None,None
Japan National Route 1,Kanagawa,Hiratsuka,,"Prefectural Route 606 north – Hadano, Isehara",,None,None
Japan National Route 1,Kanagawa,Hiratsuka,," Prefectural Route 61 – to National Route 134, Isehara",,None,None
Japan National Route 1,Kanagawa,Oiso,,Prefectural Route 62 – Hadano,Eastern end of Kanagawa Prefecture Route 62 concurrency,None,None
Japan National Route 1,Kanagawa,Oiso,, Prefectural Route 62 – to National Route 134Prefectural Route 609 – Guzo,Western end of Kanagawa Prefecture Route 62 concurrency,None,None
Japan National Route 1,Kanagawa,Oiso,," National Route 134 – Kamakura, Enoshima",,None,None
Japan National Route 1,Kanagawa,Oiso,,Seishō Bypass,,None,None
Japan National Route 1,Kanagawa,Oiso,,"Prefectural Route 63 – to Odawara-Atsugi Road, Isehara",,None,None
Japan National Route 1,Kanagawa,Ninomiya,,Prefectural Route 71 to Odawara-Atsugi Road / to Tomei Expressway – Hadano / Seisho Bypass,,None,None
Japan National Route 1,Kanagawa,Odawara,,"Prefectural Route 709 – Matsuda, Nakai",,None,None
Japan National Route 1,Kanagawa,Odawara,,"Seishō Bypass – Tachikara, Yokohama",Interchange,None,None
Japan National Route 1,Kanagawa,Odawara,,Prefectural Route 72 to Tomei Expressway – Matsuda / Seisho Bypass,,None,None
Japan National Route 1,Kanagawa,Odawara,,Prefectural Route 719 / Seisho Bypass – Yokohama,,None,None
Japan National Route 1,Kanagawa,Odawara,,"Seishō Bypass – Odawara, Yokohama",Interchange,None,None
Japan National Route 1,Kanagawa,Odawara,," National Route 138 west / National Route 255 north – Matsuda, Odawara Station",Eastern end of unsigned National Route 138 concurrency,None,None
Japan National Route 1,Kanagawa,Odawara,," National Route 135 – Atami, Yugawara /  Prefectural Route 73 – Odawara Station",,None,None
Japan National Route 1,Kanagawa,Odawara,,Seishō Bypass to Odawara-Atsugi Road / to Hakone Toll Road,Interchange,None,None
Japan National Route 1,Kanagawa,Hakone,,Hakone Bypass – Yugawara,,None,None
Japan National Route 1,Kanagawa,Hakone,,Prefectural Route 732 – Hatajuka,,None,None
Japan National Route 1,Kanagawa,Hakone,," National Route 138 – Gotenba, Sengokuhara",Western end of unsigned National Route 138 concurrency,None,None
Japan National Route 1,Kanagawa,Hakone,,Prefectural Route 723 – Gora,,None,None
Japan National Route 1,Kanagawa,Hakone,,"Prefectural Route 734 – Kojiri, Owakudani",,None,None
Japan National Route 1,Kanagawa,Hakone,,"Prefectural Route 75 – Gotenba, Sengokuhara",,None,None
Japan National Route 1,Kanagawa,Hakone,,"Prefectural Route 732 – Odawara, Hatajuka",,None,None
Japan National Route 1,Kanagawa,Hakone,,Prefectural Route 75 to Hakone Toll Road – Yagawara,,None,None
Japan National Route 1,Kanagawa,Hakone,, National Route 1 (Hakone Toll Road) – Odawara,Interchange,None,None
Japan National Route 1,Kanagawa,Hakone,,Prefectural Route 20 – Atami / Ashinoko Skyline – Kojiri,,None,None
Japan National Route 1,Shizuoka,Mishima,,Shin-Tomei Expressway – to Tōmei Expressway,,None,None
Japan National Route 1,Shizuoka,Mishima,,Prefectural Route 22 – Central Mishima,,None,None
Japan National Route 1,Shizuoka,Mishima,,Prefectural Route 142,,None,None
Japan National Route 1,Shizuoka,Mishima,," National Route 136 – Shimoda, Izu City /  Prefectural Route 21 – Susono",Interchange,None,None
Japan National Route 1,Shizuoka,Mishima,,Prefectural Route 140 /  Prefectural Route 51 – Mishima Station,,None,None
Japan National Route 1,Shizuoka,Mishima,,Prefectural Route 144,,None,None
Japan National Route 1,Shizuoka,Mishima,,Prefectural Route 145,,None,None
Japan National Route 1,Shizuoka,Mishima,,Prefectural Route 380,Interchange,None,None
Japan National Route 1,Shizuoka,Numazu,," National Route 246 – to Tomei Expressway, Shin-Tomei Expressway Gotemba",,None,None
Japan National Route 1,Shizuoka,Numazu,,Prefectural Route 162 – Numazu Station /  Prefectural Route 22,,None,None
Japan National Route 1,Shizuoka,Numazu,,Prefectural Route 164 – Katahama Station,,None,None
Japan National Route 1,Shizuoka,Numazu,,Prefectural Route 165 – Hara Station,,None,None
Japan National Route 1,Shizuoka,Numazu,,Prefectural Route 166,,None,None
Japan National Route 1,Shizuoka,Fuji,,Prefectural Route 167,,None,None
Japan National Route 1,Shizuoka,Fuji,," National Route 139 – Central Fuji, Tagonoura Port",Interchange,None,None
Japan National Route 1,Shizuoka,Fuji,," National Route 139 – Central Fuji, Tagonoura Port",,None,None
Japan National Route 1,Shizuoka,Fuji,,Prefectural Route 174 – Fujinomiya,,None,None
Japan National Route 1,Shizuoka,Shizuoka,,Fujikawa,Interchange,None,None
Japan National Route 1,Shizuoka,Shizuoka,,Kanbara,Interchange,None,None
Japan National Route 1,Shizuoka,Shizuoka,," National Route 1 (Seishin Bypass) – Okitsu Station /  National Route 52 – Kofu, Minobu",Interchange,None,None
Japan National Route 1,Shizuoka,Shizuoka,,Prefectural Route 193,,None,None
Japan National Route 1,Shizuoka,Shizuoka,,"Prefectural Route 338 to Seishin Bypass / to Tomei Expressway, Shin-Tomei Expressway / Miho, Shimizu Port",,None,None
Japan National Route 1,Shizuoka,Shizuoka,," National Route 149 – Miho, Shimizu Port /  Prefectural Route 54 – Shimizu Station",,None,None
Japan National Route 1,Shizuoka,Shizuoka,,"Prefectural Route 54 – to Tomei Expressway, Nuzamu /  Prefectural Route 67 to Seishin Bypass – Hamamatsu",,None,None
Japan National Route 1,Shizuoka,Shizuoka,,"Prefectural Route 197 – Miho, Shimizu Port",,None,None
Japan National Route 1,Shizuoka,Shizuoka,,Prefectural Route 354 – to Prefectural Route 384,,None,None
Japan National Route 1,Shizuoka,Shizuoka,,Prefectural Route 27,,None,None
Japan National Route 1,Shizuoka,Shizuoka,, National Route 362 – Kawanehon / Toro Ruins,,None,None
Japan National Route 1,Shizuoka,Shizuoka,,Prefectural Route 207 /  Prefectural Route 366,,None,None
Japan National Route 1,Shizuoka,Shizuoka,,Prefectural Route 208,,None,None
Japan National Route 1,Shizuoka,Shizuoka,," National Route 1 (Seishin Bypass) – Numazu, Fuji",Interchange,None,None
Japan National Route 1,Shizuoka,Shizuoka,,Prefectural Route 208 (Utsunoya Pass),,None,None
Japan National Route 1,Shizuoka,Fujieda–Shizuoka border,,Okabe Tunnel,Okabe Tunnel,Okabe Tunnel,None
Japan National Route 1,Shizuoka,Fujieda,," Shin-Tōmei Expressway – Nagoya, Tokyo Prefectural Route 81 east – to Tōmei Expressway, Yaizu, Okabe",Hirohata Interchange,None,None
Japan National Route 1,Shizuoka,Fujieda,,"Prefectural Route 209 – Central Fujieda, Asahina",Interchange,None,None
Japan National Route 1,Shizuoka,Fujieda,,"Prefectural Route 215 – Nishigata, Central Fujieda",Interchange,None,None
Japan National Route 1,Shizuoka,Fujieda,,"Prefectural Route 32 – Central Fujieda, Setonoya",Interchange,None,None
Japan National Route 1,Shizuoka,Shimada,,"  National Route 1 (Fujieda Bypass) – Airport, Numazu, Shizuoka, Shimada Station",Interchange,None,None
Japan National Route 1,Shizuoka,Shimada,,Central Shimada,Interchange,None,None
Japan National Route 1,Shizuoka,Shimada,,Kawanehon,Interchange,None,None
Japan National Route 1,Shizuoka,Shimada,," National Route 473 – Kawanehon, Airport",Interchange,None,None
Japan National Route 1,Shizuoka,Shimada,,Makinohara First Tunnel,Makinohara First Tunnel,Makinohara First Tunnel,None
Japan National Route 1,Shizuoka,Shimada,,Makinohara Second Tunnel,Makinohara Second Tunnel,Makinohara Second Tunnel,None
Japan National Route 1,Shizuoka,Shimada,,Makinohara Third Tunnel,Makinohara Third Tunnel,Makinohara Third Tunnel,None
Japan National Route 1,Shizuoka,Shimada,," National Route 1 (Nissaka Bypass) – Hamamatsu, Kakegawa",Interchange,None,None
Japan National Route 1,Shizuoka,Shimada,,Prefectural Route 381,,None,None
Japan National Route 1,Shizuoka,Kakegawa,,Sayononakayama Tunnel,Sayononakayama Tunnel,Sayononakayama Tunnel,None
Japan National Route 1,Shizuoka,Kakegawa,,Prefectural Route 415,,None,None
Japan National Route 1,Shizuoka,Kakegawa,, National Route 1 (Nissaka Bypass) – Shizuoka,Interchange,None,None
Japan National Route 1,Shizuoka,Kakegawa,,Kotonomama Tunnel,Kotonomama Tunnel,Kotonomama Tunnel,None
Japan National Route 1,Shizuoka,Kakegawa,," National Route 1 (Kakegawa Bypass) – Hamamatsu, Shizuoka, Fukuroi, Shizuoka",Interchange,None,None
Japan National Route 1,Shizuoka,Kakegawa,,"Prefectural Route 39 – Kurami, Central Kakegawa",Interchange,None,None
Japan National Route 1,Shizuoka,Kakegawa,,"Prefectural Route 40 – Mori, Central Kakegawa",Interchange,None,None
Japan National Route 1,Shizuoka,Fukuroi,,Prefectural Route 253 – Harakawa,,None,None
Japan National Route 1,Shizuoka,Fukuroi,," National Route 1 (Kakegawa Bypass) – Shizuoka, Shimada",Interchange; eastbound exit and westbound entrance,None,None
Japan National Route 1,Shizuoka,Fukuroi,,"Prefectural Route 402 – Aino Station, ECOPA Stadium",,None,None
Japan National Route 1,Shizuoka,Fukuroi,,Prefectural Route 413 – Central Fukuroi,,None,None
Japan National Route 1,Shizuoka,Fukuroi,,"Prefectural Route 61 to Tomei Expressway – Mori, Central Fukuroi",Interchange,None,None
Japan National Route 1,Shizuoka,Fukuroi,,Central Fukuroi,Interchange,None,None
Japan National Route 1,Shizuoka,Iwata,," National Route 1 (Iwata Bypass) – Nagoya, Hamamatsu",Interchange; westbound exit and eastbound entrance,None,None
Japan National Route 1,Shizuoka,Iwata,,"Prefectural Route 86 – Tomei Expressway, Central Iwata, Fukude Fishing Port",Interchange,None,None
Japan National Route 1,Shizuoka,Iwata,,"Prefectural Route 43 – Fukude, Central Iwata",,None,None
Japan National Route 1,Shizuoka,Iwata,,"Prefectural Route 44 – Tenryu, Iwata Station",Interchange,None,None
Japan National Route 1,Shizuoka,Iwata,, National Route 1 (Iwata Bypass),Interchange,None,None
Japan National Route 1,Shizuoka,Iwata,,Prefectural Route 262 – Central Iwata,Interchange,None,None
Japan National Route 1,Shizuoka,Hamamatsu,,Prefectural Route 261 – Hamakita,Interchange,None,None
Japan National Route 1,Shizuoka,Hamamatsu,, National Route 152 – Central Hamamatsu /  Prefectural Route 65 to Tomei Expressway – Tenryu,Interchange,None,None
Japan National Route 1,Shizuoka,Hamamatsu,,Prefectural Route 313,,None,None
Japan National Route 1,Shizuoka,Hamamatsu,, National Route 150 – Central Hamamatsu,,None,None
Japan National Route 1,Shizuoka,Hamamatsu,,Prefectural Route 316 – Maisaka Station,,None,None
Japan National Route 1,Shizuoka,Hamamatsu,, National Route 150 to Enshuu-Ohashi Bridge – Omaezaki / Central Hamamatsu,,None,None
Japan National Route 1,Shizuoka,Hamamatsu,,Prefectural Route 317 – Central Hamamatsu,,None,None
Japan National Route 1,Shizuoka,Hamamatsu,," National Route 1 (Hamana Bypass) – Nagoya, Toyohashi",Interchange; eastbound exit and westbound entrance,None,None
Japan National Route 1,Shizuoka,Hamamatsu,," National Route 257 – Tenryu, Hamamatsu Station",,None,None
Japan National Route 1,Shizuoka,Hamamatsu,,Prefectural Route 65,,None,None
Japan National Route 1,Shizuoka,Hamamatsu,,"Prefectural Route 49 – Toyohashi, Hosoe",,None,None
Japan National Route 1,Shizuoka,Hamamatsu,,Prefectural Route 49,,None,None
Japan National Route 1,Shizuoka,Kosai,,Prefectural Route 323 – Kanzanji,,None,None
Japan National Route 1,Shizuoka,Kosai,," National Route 301 – Mikkabi, Central Kosai",,None,None
Japan National Route 1,Shizuoka,Kosai,," National Route 42 – Toyohashi, Kosai",,None,None
Japan National Route 1,Shizuoka,Kosai,," National Route 1 (Hamana Bypass) – Shizuoka, Hamamatsu",Interchange,None,None
Japan National Route 1,Shizuoka,Kosai,, National Route 42 – Central Kosai,,None,None
Japan National Route 1,Shizuoka,Kosai,,Shiomi Tunnel,Shiomi Tunnel,Shiomi Tunnel,None
Japan National Route 1,Aichi,Toyohashi,,Prefectural Route 402,,None,None
Japan National Route 1,Aichi,Toyohashi,,Prefectural Route 404,,None,None
Japan National Route 1,Aichi,Toyohashi,,Prefectural Route 3 / Prefectural Route 386,,None,None
Japan National Route 1,Aichi,Toyohashi,,Prefectural Route 31,,None,None
Japan National Route 1,Aichi,Toyohashi,,Prefectural Route 502,,None,None
Japan National Route 1,Aichi,Toyohashi,,Prefectural Route 69,,None,None
Japan National Route 1,Aichi,Toyohashi,, National Route 23 – Gamgagori /  National Route 255 – Iragomisaki,,None,None
Japan National Route 1,Aichi,Toyohashi,,Prefectural Route 382 – Toyohashi Station /  Prefectural Route 460 to Tomei Expressway – Toyokawa,,None,None
Japan National Route 1,Aichi,Toyokawa,, National Route 151 /  National Route 247,,None,None
Japan National Route 1,Aichi,Toyokawa,,Prefectural Route 495,,None,None
Japan National Route 1,Aichi,Toyokawa,,Prefectural Route 373,,None,None
Japan National Route 1,Aichi,Toyokawa,,Prefectural Route 21,,None,None
Japan National Route 1,Aichi,Toyokawa,,Prefectural Route 31,,None,None
Japan National Route 1,Aichi,Toyokawa,,Prefectural Route 374,,None,None
Japan National Route 1,Aichi,Toyokawa,,Prefectural Route 5 /  Prefectural Route 368,,None,None
Japan National Route 1,Aichi,Toyokawa,,Prefectural Route 374,,None,None
Japan National Route 1,Aichi,Okazaki,, National Route 473,East end of National Route 473 concurrency,None,None
Japan National Route 1,Aichi,Okazaki,, National Route 473,West end of National Route 473 concurrency,None,None
Japan National Route 1,Aichi,Okazaki,,Prefectural Route 329,,None,None
Japan National Route 1,Aichi,Okazaki,,Prefectural Route 48,,None,None
Japan National Route 1,Aichi,Okazaki,,Prefectural Route 35,,None,None
Japan National Route 1,Aichi,Okazaki,,Tomei Expressway – Okazaki,Interchange,None,None
Japan National Route 1,Aichi,Okazaki,,Prefectural Route 477 – Higashi-Okazaki Station,,None,None
Japan National Route 1,Aichi,Okazaki,,Prefectural Route 39 – Asuke /  Prefectural Route 483 – Kota,,None,None
Japan National Route 1,Aichi,Okazaki,," National Route 248 – Toyota, Gamagori",,None,None
Japan National Route 1,Aichi,Okazaki,,Prefectural Route 290,,None,None
Japan National Route 1,Aichi,Okazaki,,Prefectural Route 47 – Central Anjo,,None,None
Japan National Route 1,Aichi,Okazaki,,"Prefectural Route 26 – Nishio, Toyota",,None,None
Japan National Route 1,Aichi,Anjo,,"Prefectural Route 76 – Central Anjo, Toyota",,None,None
Japan National Route 1,Aichi,Anjo,,"Prefectural Route 12 – Toyota, Mikawa-Anjo Station",,None,None
Japan National Route 1,Aichi,Chiryu,,"Kinuura-Toyota Road – Toyota, Takahama",Interchange,None,None
Japan National Route 1,Aichi,Chiryu,,Prefectural Route 51,,None,None
Japan National Route 1,Aichi,Chiryu,," National Route 155 – to Isewangan Expressway, Tomei Expressway",Interchange,None,None
Japan National Route 1,Aichi,Chiryu,,Prefectural Route 54,,None,None
Japan National Route 1,Aichi,Chiryu,,Prefectural Route 289,,None,None
Japan National Route 1,Aichi,Toyoake,," National Route 23 / Nagoya Expressway, to Isewangan Expressway – Tsu, Yokkaichi",Interchange; westbound exit and eastbound entrance,None,None
Japan National Route 1,Aichi,Toyoake,,"Prefectural Route 57 – Seto, Tojo",Interchange; southbound traffic access only; no access to Prefectural Route 57 south,None,None
Japan National Route 1,Aichi,Nagoya,,Prefectural Route 222,,None,None
Japan National Route 1,Aichi,Nagoya,,Prefectural Route 243 – Obu / Arimatsu Station,,None,None
Japan National Route 1,Aichi,Nagoya,,"  National Route 302 (Nagoya Second Belt Highway) – to Mei-Nikan Expressway, Isewangan Expressway, National Route 19, National Route 23, National Route 153, National Route 247, Tajimi, Gamagōri, Toyota, Tokoname, Kamiyashiro",,None,None
Japan National Route 1,Aichi,Nagoya,,Prefectural Route 50,,None,None
Japan National Route 1,Aichi,Nagoya,,"  Prefectural Route 59 – to Central Japan Airport, Isewangan Expressway, National Route 153, Nagoya Interchange, Tōkai",,None,None
Japan National Route 1,Aichi,Nagoya,,"Airport Route – to National Route 41, Komaki, Tsuruma ParkPrefectural Route 222 – National Highway Office",,None,None
Japan National Route 1,Aichi,Nagoya,,Prefectural Route 271,,None,None
Japan National Route 1,Aichi,Nagoya,," National Route 19 north / National Route 22 north – Gifu, Tajimi National Route 247 south – Handa, Tokai",,None,None
Japan National Route 1,Aichi,Nagoya,," Nagoya Expressway – Rokuban, Nagoya Station / Nagoya Port",Interchange,None,None
Japan National Route 1,Aichi,Nagoya,,Prefectural Route 107 – Yaguma-dori / Kinjo Pier,,None,None
Japan National Route 1,Aichi,Nagoya,,Prefectural Route 70,,None,None
Japan National Route 1,Aichi,Nagoya,,Prefectural Route 106,,None,None
Japan National Route 1,Aichi,Nagoya,,"  National Route 302 (Nagoya Second Belt Highway) – to Isewangan Expressway, Mei-Nikan Expressway, Nagoya Expressway, National Route 22, National Route 23, Gifu, Tobishima",Interchange,None,None
Japan National Route 1,Aichi,Kanie,,Prefectural Route 103 – Central Kanie,,None,None
Japan National Route 1,Aichi,Kanie,,Prefectural Route 66 southPrefectural Route 114 north,,None,None
Japan National Route 1,Aichi,Kanie,," Prefectural Route 65 – to Higashi-Meihan Expressway Prefectural Route 66 south – to Isewangan Expressway, National Route 23 Ichinomiya",Interchange,None,None
Japan National Route 1,Aichi,Kanie,,Prefectural Route 462 south,Eastern end of Aichi Prefecture Route 462 concurrency,None,None
Japan National Route 1,Aichi,Aisai,,Prefectural Route 462 north – Eiwa Station,Western end of Aichi Prefecture Route 462 concurrency,None,None
Japan National Route 1,Aichi,Yatomi,,Prefectural Route 109 – Aisai,,None,None
Japan National Route 1,Aichi,Yatomi,," National Route 155 north (Yatomi Bypass) – to Higashi-Meihan Expressway, Ichinomiya, TsushimaPrefectural Route 105 south",Eastern end of Aichi Prefecture Route 105 concurrency,None,None
Japan National Route 1,Aichi,Yatomi,,Prefectural Route 29 / Prefectural Route 105 north,Western end of Aichi Prefecture Route 105 concurrency,None,None
Japan National Route 1,Aichi,Yatomi,,Prefectural Route 108,,None,None
Japan National Route 1,Aichi,Yatomi,," Prefectural Route 458 north – to Higashi-Meihan Expressway, Ichinomiya, Tsushima",,None,None
Japan National Route 1,Mie–Aichi border,,Owari Bridge (east span),Owari Bridge (east span),Owari Bridge (east span),None,None
Japan National Route 1,Mie,Kuwana,,"  Prefectural Route 7 – to Isewangan Expressway, Higashi-Meihan Expressway, National Route 23, Nagashima Spa, Gifu",,None,None
Japan National Route 1,Mie,Kuwana,,Prefectural Route 518 west,,None,None
Japan National Route 1,Mie,Kuwana,,Prefectural Route 106 north – Kaizu,,None,None
Japan National Route 1,Mie,Kuwana,,Owari Bridge (west span),Owari Bridge (west span),Owari Bridge (west span),None
Japan National Route 1,Mie,Kuwana,,Prefectural Route 613 south,,None,None
Japan National Route 1,Mie,Kuwana,," Prefectural Route 142 – to National Route 258, Tōin",,None,None
Japan National Route 1,Mie,Kuwana,,Prefectural Route 504 east – Kuwana Post Office,,None,None
Japan National Route 1,Mie,Kuwana,," National Route 258 – to National Route 23, Isewangan Expressway, Higashi-Meihan Expressway, Ogaki",Interchange,None,None
Japan National Route 1,Mie,Asahi,,Prefectural Route 143,,None,None
Japan National Route 1,Mie,Asahi,,Prefectural Route 66,,None,None
Japan National Route 1,Mie,Asahi,,"  National Route 1 (Hokusei Bypass) – to Isewangan Expressway, Higashi-Meihan Expressway, National Route 23, Kawagoe",Interchange,None,None
Japan National Route 1,Mie,Kawagoe,,Prefectural Route 26 – Tōin,,None,None
Japan National Route 1,Mie,Kawagoe,,Prefectural Route 401,,None,None
Japan National Route 1,Mie,Kawagoe,,Prefectural Route 8,,None,None
Japan National Route 1,Mie,Kawagoe,,Prefectural Route 64 to Higashi-Meihan Expressway /  Prefectural Route 401 – Kasumigaura,,None,None
Japan National Route 1,Mie,Kawagoe,,Prefectural Route 9,,None,None
Japan National Route 1,Mie,Yokkaichi,," National Route 365 – Seigahara, Yunoyamaonsen",,None,None
Japan National Route 1,Mie,Yokkaichi,, National Route 164 – Yokkaichi Port,,None,None
Japan National Route 1,Mie,Yokkaichi,,Prefectural Route 44 /  Prefectural Route 629,,None,None
Japan National Route 1,Mie,Yokkaichi,," National Route 25 – to  National Route 23, Shiohama, Tsu, Suzuka",,None,None
Japan National Route 1,Mie,Yokkaichi,,Prefectural Route 631,,None,None
Japan National Route 1,Mie,Yokkaichi,,Prefectural Route 407,,None,None
Japan National Route 1,Mie,Yokkaichi,,"Prefectural Route 8 – Sasagawa, Central Suzuka / Kokubu",,None,None
Japan National Route 1,Mie,Suzuka,,"Prefectural Route 115 – Suzawa, Central Suzuka",,None,None
Japan National Route 1,Mie,Suzuka,,Prefectural Route 27 to Higashi-Meihan Expressway – Central Suzuka,,None,None
Japan National Route 1,Mie,Suzuka,," Prefectural Route 643 – to National Route 23, Suzuka Circuit",,None,None
Japan National Route 1,Mie,Suzuka,,"Prefectural Route 637 / Central Suzuka, Suzuka Circuit",Interchange,None,None
Japan National Route 1,Mie,Suzuka,,Prefectural Route 641,,None,None
Japan National Route 1,Mie,Suzuka,,Prefectural Route 78,,None,None
Japan National Route 1,Mie,Kameyama,, National Route 306 /  Prefectural Route 648,,None,None
Japan National Route 1,Mie,Kameyama,,To  Prefectural Route 647,Interchange,None,None
Japan National Route 1,Mie,Kameyama,,Prefectural Route 647,Interchange,None,None
Japan National Route 1,Mie,Kameyama,," National Route 25 – to Shin-Meishin Expressway, Higashi-Meihan Expressway, Ise Expressway, Osaka",Interchange,None,None
Japan National Route 1,Mie,Kameyama,,Prefectural Route 11,,None,None
Japan National Route 1,Mie,Kameyama,, National Route 25 – Iga,,None,None
Japan National Route 1,Shiga–Mie border,,Shizuka–Toge Tunnel,Shizuka–Toge Tunnel,Shizuka–Toge Tunnel,None,None
Japan National Route 1,Shiga,Koka,,Prefectural Route 607,,None,None
Japan National Route 1,Shiga,Koka,,Prefectural Route 129,,None,None
Japan National Route 1,Shiga,Koka,,Prefectural Route 9,,None,None
Japan National Route 1,Shiga,Koka,,Prefectural Route 24,,None,None
Japan National Route 1,Shiga,Koka,,Prefectural Route 24 /  Prefectural Route 41,,None,None
Japan National Route 1,Shiga,Koka,,Prefectural Route 183,,None,None
Japan National Route 1,Shiga,Koka,, National Route 307,Interchange,None,None
Japan National Route 1,Shiga,Koka,, National Route 307,Interchange; eastbound exit and westbound entrance,None,None
Japan National Route 1,Shiga,Koka,,Prefectural Route 549,,None,None
Japan National Route 1,Shiga,Koka,,Prefectural Route 537,,None,None
Japan National Route 1,Shiga,Koka,,Prefectural Route 121 /  Prefectural Route 164,,None,None
Japan National Route 1,Shiga,Koka,,Prefectural Route 128,,None,None
Japan National Route 1,Shiga,Koka,,Prefectural Route 178,,None,None
Japan National Route 1,Shiga,Konan,, National Route 1 (Konan Bypass),,None,None
Japan National Route 1,Shiga,Konan,,Prefectural Route 22 /  Prefectural Route 113,,None,None
Japan National Route 1,Shiga,Konan,, National Route 1 (Konan Bypass),,None,None
Japan National Route 1,Shiga,Konan,,Prefectural Route 11,,None,None
Japan National Route 1,Shiga,Konan,,Prefectural Route 12 /  Prefectural Route 145,,None,None
Japan National Route 1,Shiga,Ritto–Konan border,, Meishin Expressway,Interchange,None,None
Japan National Route 1,Shiga,Ritto,," National Route 8 – Tsuruga, Omihachiman",Eastern end of National Route 8 concurrency; interchange,None,None
Japan National Route 1,Shiga,Ritto,,Prefectural Route 55 – Shigaraki,,None,None
Japan National Route 1,Shiga,Ritto,,Prefectural Route 31 – Hamakaido / Shigaraki,,None,None
Japan National Route 1,Shiga,Ritto,,Prefectural Route 2 – Moriyama,,None,None
Japan National Route 1,Shiga,Kusatsu–Ritto border,,Prefectural Route 142,,None,None
Japan National Route 1,Shiga,Kusatsu,,Prefectural Route 116 /  Prefectural Route 143,,None,None
Japan National Route 1,Shiga,Kusatsu,,"  National Route 1 west (Keiji Bypass) – to Osaka, Meishin Expressway, Shin-Meishin Expressway",,None,None
Japan National Route 1,Shiga,Kusatsu,,Prefectural Route 28,,None,None
Japan National Route 1,Shiga,Kusatsu,," Prefectural Route 43 – to Keiji Bypass, Shigaraki",,None,None
Japan National Route 1,Shiga,Kusatsu,,Prefectural Route 26,,None,None
Japan National Route 1,Shiga,Kusatsu,, National Route 422 south – UjiPrefectural Route 102 north (Kogan Road),,None,None
Japan National Route 1,Shiga,Kusatsu,,Prefectural Route 781,,None,None
Japan National Route 1,Shiga,Kusatsu,," Prefectural Route 56 south – to Meishin Expressway, Central Ōtsu, Biwako Hall, Ōtsu Station, Shiga Prefecture Office",Interchange,None,None
Japan National Route 1,Shiga,Kusatsu,," National Route 161 north (Nishi-Otsu Bypass) – Tsuruga, Takashima",,None,None
Japan National Route 1,Kyoto,Kyoto,," Meishin Expressway – Osaka, NagoyaPrefectural Route 143 west – Okazaki",Kyoto-higashi Interchange (E1 exit 32),None,None
Japan National Route 1,Kyoto,Kyoto,,"Prefectural Route 35 – Keage, Shinomiza",,None,None
Japan National Route 1,Kyoto,Kyoto,,"Prefectural Route 117 – Yamashinaekimaen, Uji, Nara",,None,None
Japan National Route 1,Kyoto,Kyoto,,Higashiyama Tunnel,Higashiyama Tunnel,Higashiyama Tunnel,None
Japan National Route 1,Kyoto,Kyoto,,Prefectural Route 116 (Shibutani Road),,None,None
Japan National Route 1,Kyoto,Kyoto,,Prefectural Route 143 – Nara,,None,None
Japan National Route 1,Kyoto,Kyoto,,"Prefectural Route 32 – Kyokawaramachi, Shimongo",,None,None
Japan National Route 1,Kyoto,Kyoto,, National Route 8 ends / National Route 9 ends National Route 24 south – Kyoto Station National Route 367 north – Ohara,"Western end of National Route 8 concurrency, eastern end of National Route 9 concurrency",None,None
Japan National Route 1,Kyoto,Kyoto,," National Route 9 west – to Kyoto Jūkan Expressway, Fukuchiyama, NishiojigojoPrefectural Route 38 north – Kamigamo",Western end of National Route 9 concurrency,None,None
Japan National Route 1,Kyoto,Kyoto,," Prefectural Route 113 – to Kyoto Jūkan Expressway, Higashiyama, Nishioji",,None,None
Japan National Route 1,Kyoto,Kyoto,," Prefectural Route 143 east – to National Route 24, Nara",,None,None
Japan National Route 1,Kyoto,Kyoto,,Prefectural Route 114 – Shichijo-omiya,,None,None
Japan National Route 1,Kyoto,Kyoto,," National Route 171 – Kobe, Nishiojigojo",,None,None
Japan National Route 1,Kyoto,Kyoto,,Prefectural Route 201,,None,None
Japan National Route 1,Kyoto,Kyoto,," Meishin Expressway – Osaka, Nagoya",Kyoto-minami Interchange (E1 exit 33-1),None,None
Japan National Route 1,Kyoto,Kyoto,,Prefectural Route 202 – Kogabashi,,None,None
Japan National Route 1,Kyoto,Kyoto,,Prefectural Route 13 – Takedakaido /  Prefectural Route 35 – Yodo,,None,None
Japan National Route 1,Kyoto,Kyoto,,"Prefectural Route 188 – Kongetsukyo, Nagokakyo",,None,None
Japan National Route 1,Kyoto,Kyoto,,Prefectural Route 124,,None,None
Japan National Route 1,Kyoto,Kyoto,," National Route 478 – to Keiji Bypass, Uji, Oyamazaki",,None,None
Japan National Route 1,Kyoto,Kyoto,," Prefectural Route 81 – to National Route 24, Uji, Yodo",,None,None
Japan National Route 1,Kyoto,Kyoto,,"Prefectural Route 15 – Uji, Yodo",,None,None
Japan National Route 1,Kyoto,Yawata,,"Prefectural Route 22 – Uji, Yodo",,None,None
Japan National Route 1,Kyoto,Yawata,,Prefectural Route 281 – Central Yawata,,None,None
Japan National Route 1,Kyoto,Yawata,,Prefectural Route 736 – Kyotanabe / Central Yawata,,None,None
Japan National Route 1,Kyoto,Yawata,,Prefectural Route 251 – Kyotanabe /  Prefectural Route 735 – Central Yawata,,None,None
Japan National Route 1,Kyoto,Yawata,,Prefectural Route 735 – Nagao,,None,None
Japan National Route 1,Kyoto,Yawata,,"Prefectural Route 284 – Kyotanabe, Central Yawata",,None,None
Japan National Route 1,Osaka,Hirakata,,Prefectural Route 735,,None,None
Japan National Route 1,Osaka,Hirakata,,"Prefectural Route 144 – Nagao, Central Hirakata",,None,None
Japan National Route 1,Osaka,Hirakata,,Prefectural Route 18 – Makino,,None,None
Japan National Route 1,Osaka,Hirakata,, National Route 307 – Kyotanabe / Prefectural Route 139 – Central Hirataka,,None,None
Japan National Route 1,Osaka,Hirakata,, National Route 168 – Oji / Prefectural Route 20,,None,None
Japan National Route 1,Osaka,Hirakata,," National Route 170 – Takatsuki, Koridachi",Interchange eastbound; at-grade intersection westbound; east end of National Route 170 concurrency,None,None
Japan National Route 1,Osaka,Hirakata,," National Route 170 – Kawachinagano, Neyagawa, Central Hirataka",Interchange westbound; at-grade intersection eastbound; west end of National Route 170 concurrency,None,None
Japan National Route 1,Osaka,Hirakata,," National Route 120 – Kawachinagano, Neyagawa",,None,None
Japan National Route 1,Osaka,Hirakata,,Prefectural Route 13,,None,None
Japan National Route 1,Osaka,Neyagawa,,Prefectural Route 148 – Kadono / Prefectural Route 149,,None,None
Japan National Route 1,Osaka,Neyagawa,,Prefectural Route 19,,None,None
Japan National Route 1,Osaka,Neyagawa,,Prefectural Route 15 – Settsu,,None,None
Japan National Route 1,Osaka,Moriguchi,, Prefectural Route 155 – to Hanshin Expressway Moriguchi Route,,None,None
Japan National Route 1,Osaka,Moriguchi,,"Prefectural Route 2 – to Dainikahan Expressway, Sakai / Prefectural Route 13 – Neyagawa",,None,None
Japan National Route 1,Osaka,Osaka,,Prefectural Route 155 – Yoigumo /  Prefectural Route 158 – Kadoma,,None,None
Japan National Route 1,Osaka,Osaka,," National Route 163 – Kizugawa City, Kahoma / Miyakojimahondori",,None,None
Japan National Route 1,Osaka,Osaka,,"Prefectural Route 8 – Nara, Daito",,None,None
Japan National Route 1,Osaka,Osaka,, National Route 25 – Imazato,,None,None
Japan National Route 1,Osaka,Osaka,,Sakuranomiya Bridge,Sakuranomiya Bridge,Sakuranomiya Bridge,None
Japan National Route 1,Osaka,Osaka,,Prefectural Route 30 – Tennoji Station / Hinokuchicho,,None,None
Japan National Route 1,Osaka,Osaka,, Hanshin Expressway Loop Route – Moriguchi,,None,None
Japan National Route 1,Osaka,Osaka,," National Route 423 – to  National Route 25, Namba, Shin-Osaka Station",,None,None
Japan National Route 1,Osaka,Osaka,," National Route 2 west – Kobe, Nodahanshin National Route 25 – Namba, Yodoyabashi, Toyonaka, Osaka Station",Western terminus of National Route 1; highway continues west as National Route 2,None,None
