0,1,2,3,4
Proved innocent (book),Australian Film Institute Awards,Best Foreign Film,Jim Sheridan,Nominated
Proved innocent (book),Academy Awards,Best Director,Nominated,Jim Sheridan
Proved innocent (book),Academy Awards,Best Adapted Screenplay,Nominated,Jim Sheridan
Proved innocent (book),Academy Awards,Best Adapted Screenplay,Terry George,Nominated
Proved innocent (book),ACE Eddie,Best Edited Feature Film – Dramatic,Gerry Hambling,Nominated
Proved innocent (book),BAFTA Awards,Best Adapted Screenplay,Jim Sheridan,Nominated
Proved innocent (book),BAFTA Awards,Best Adapted Screenplay,Terry George,Nominated
Proved innocent (book),BAFTA Awards,Best Actor,Daniel Day-Lewis,Nominated
Proved innocent (book),Berlin International Film Festival,Golden Bear,Jim Sheridan,Won
Proved innocent (book),BSFC Award,Best Actor,Daniel Day-Lewis,Won
Proved innocent (book),DFWFCA Award,Best Film,Best Film,Nominated
Proved innocent (book),David di Donatello Awards,Best Foreign Actor,Daniel Day-Lewis,Nominated
Proved innocent (book),David di Donatello Awards,Best Foreign Film,Jim Sheridan,Won
Proved innocent (book),European Film Award,European Film of the Year,Jim Sheridan,Nominated
Proved innocent (book),Evening Standard British Film Award,Best Film,Jim Sheridan,Won
Proved innocent (book),Golden Globe Awards,Best Motion Picture – Drama,Jim Sheridan,Nominated
Proved innocent (book),Golden Globe Awards,Best Actor – Motion Picture Drama,Daniel Day-Lewis,Nominated
Proved innocent (book),Golden Globe Awards,Best Supporting Actress – Motion Picture,Emma Thompson,Nominated
Proved innocent (book),Golden Globe Awards,"Best Original Song(""You Made Me the Thief of Your Heart"")",Bono,Nominated
Proved innocent (book),Golden Globe Awards,"Best Original Song(""You Made Me the Thief of Your Heart"")",Gavin Friday,Nominated
Proved innocent (book),Golden Globe Awards,"Best Original Song(""You Made Me the Thief of Your Heart"")",Maurice Seezer,Nominated
Proved innocent (book),Humanitas Prize,Feature Film Category,Terry George,Nominated
Proved innocent (book),Humanitas Prize,Feature Film Category,Jim Sheridan,Nominated
Proved innocent (book),Nastro d'Argento,European Silver Ribbon,Jim Sheridan,Nominated
Proved innocent (book),Kansas City Film Critics Circle Awards,Best Supporting Actress,Emma Thompson,Won
Proved innocent (book),LAFCA Award,Best Actor,Daniel Day-Lewis,2nd place
Proved innocent (book),NBR Award,Top Ten Films,Top Ten Films,Won
Proved innocent (book),NSFC Award,Best Actor,Daniel Day-Lewis,2nd place
Proved innocent (book),NYFCC Award,Best Actor,Daniel Day-Lewis,3rd place
Proved innocent (book),PGA Award,Best Theatrical Motion Picture,Jim Sheridan,Nominated
Proved innocent (book),PFS Award,Exposé,Exposé,Won
Proved innocent (book),PFS Award,Human Rights,Human Rights,Nominated
Proved innocent (book),PFS Award,Peace,Peace,Nominated
Proved innocent (book),WGA Award,Best Adapted Screenplay,Jim Sheridan,Nominated
Proved innocent (book),WGA Award,Best Adapted Screenplay,Terry George,Nominated
