0,1,2,3
Canadian Screen Award for Best Actor in a Continuing Leading Dramatic Role,1990  5th Gemini Awards,Bruno Gerussi,The Beachcombers
Canadian Screen Award for Best Actor in a Continuing Leading Dramatic Role,1990  5th Gemini Awards,C. David Johnson,Street Legal
Canadian Screen Award for Best Actor in a Continuing Leading Dramatic Role,1990  5th Gemini Awards,Pat Mastroianni,Degrassi High
Canadian Screen Award for Best Actor in a Continuing Leading Dramatic Role,1990  5th Gemini Awards,Duncan Waugh,Degrassi High
Canadian Screen Award for Best Actor in a Continuing Leading Dramatic Role,1991  6th Gemini Awards,C. David Johnson,Street Legal
Canadian Screen Award for Best Actor in a Continuing Leading Dramatic Role,1991  6th Gemini Awards,Simon MacCorkindale,Counterstrike
Canadian Screen Award for Best Actor in a Continuing Leading Dramatic Role,1991  6th Gemini Awards,Christopher Plummer,Counterstrike
Canadian Screen Award for Best Actor in a Continuing Leading Dramatic Role,1991  6th Gemini Awards,Mickey Rooney,The Adventures of the Black Stallion
Canadian Screen Award for Best Actor in a Continuing Leading Dramatic Role,1992  7th Gemini Awards,Zachary Bennett,Road to Avonlea
Canadian Screen Award for Best Actor in a Continuing Leading Dramatic Role,1992  7th Gemini Awards,Geraint Wyn Davies,Forever Knight
Canadian Screen Award for Best Actor in a Continuing Leading Dramatic Role,1992  7th Gemini Awards,C. David Johnson,Street Legal
Canadian Screen Award for Best Actor in a Continuing Leading Dramatic Role,1993  8th Gemini Awards,James Purcell,Counterstrike
Canadian Screen Award for Best Actor in a Continuing Leading Dramatic Role,1993  8th Gemini Awards,C. David Johnson,Street Legal
Canadian Screen Award for Best Actor in a Continuing Leading Dramatic Role,1993  8th Gemini Awards,John Oliver,North of 60
Canadian Screen Award for Best Actor in a Continuing Leading Dramatic Role,1993  8th Gemini Awards,Winston Rekert,Neon Rider
Canadian Screen Award for Best Actor in a Continuing Leading Dramatic Role,1994  9th Gemini Awards,Tom Jackson,North of 60
Canadian Screen Award for Best Actor in a Continuing Leading Dramatic Role,1994  9th Gemini Awards,David Marciano,Due South
Canadian Screen Award for Best Actor in a Continuing Leading Dramatic Role,1995  10th Gemini Awards,Geraint Wyn Davies,Forever Knight
Canadian Screen Award for Best Actor in a Continuing Leading Dramatic Role,1995  10th Gemini Awards,Tom Jackson,North of 60
Canadian Screen Award for Best Actor in a Continuing Leading Dramatic Role,1995  10th Gemini Awards,David Marciano,Due South
Canadian Screen Award for Best Actor in a Continuing Leading Dramatic Role,1995  10th Gemini Awards,Albert Schultz,Side Effects
Canadian Screen Award for Best Actor in a Continuing Leading Dramatic Role,1996  11th Gemini Awards,Robert Bockstael,North of 60
Canadian Screen Award for Best Actor in a Continuing Leading Dramatic Role,1996  11th Gemini Awards,Chris William Martin,Madison
Canadian Screen Award for Best Actor in a Continuing Leading Dramatic Role,1996  11th Gemini Awards,Peter Stebbings,Madison
Canadian Screen Award for Best Actor in a Continuing Leading Dramatic Role,1997  12th Gemini Awards,Bruce Gray,Traders
Canadian Screen Award for Best Actor in a Continuing Leading Dramatic Role,1997  12th Gemini Awards,Robert Bockstael,North of 60
Canadian Screen Award for Best Actor in a Continuing Leading Dramatic Role,1997  12th Gemini Awards,Tom Jackson,North of 60
Canadian Screen Award for Best Actor in a Continuing Leading Dramatic Role,1997  12th Gemini Awards,David Meyer,Ekhaya: A Family Chronicle
Canadian Screen Award for Best Actor in a Continuing Leading Dramatic Role,1997  12th Gemini Awards,Peter Stebbings,Madison
Canadian Screen Award for Best Actor in a Continuing Leading Dramatic Role,1998  13th Gemini Awards,Ryan Rajendra Black,The Rez
Canadian Screen Award for Best Actor in a Continuing Leading Dramatic Role,1998  13th Gemini Awards,Geraint Wyn Davies,Black Harbour
Canadian Screen Award for Best Actor in a Continuing Leading Dramatic Role,1998  13th Gemini Awards,Stephen McHattie,Emily of New Moon
Canadian Screen Award for Best Actor in a Continuing Leading Dramatic Role,1999  14th Gemini Awards,Michael Easton,Total Recall 2070
Canadian Screen Award for Best Actor in a Continuing Leading Dramatic Role,1999  14th Gemini Awards,John Neville,Emily of New Moon
Canadian Screen Award for Best Actor in a Continuing Leading Dramatic Role,1999  14th Gemini Awards,Callum Keith Rennie,Due South
