0,1,2,3
Producers Guild of America Award for Best Theatrical Motion Picture,2010(22nd),127 Hours,Danny Boyle and Christian Colson
Producers Guild of America Award for Best Theatrical Motion Picture,2010(22nd),Black Swan,"Scott Franklin, Mike Medavoy, and Brian Oliver"
Producers Guild of America Award for Best Theatrical Motion Picture,2010(22nd),The Fighter,"David Hoberman, Todd Lieberman, and Mark Wahlberg"
Producers Guild of America Award for Best Theatrical Motion Picture,2010(22nd),Inception,Christopher Nolan and Emma Thomas
Producers Guild of America Award for Best Theatrical Motion Picture,2010(22nd),The Kids Are All Right,"Gary Gilbert, Jeffrey Levy-Hinte, and Celine Rattray"
Producers Guild of America Award for Best Theatrical Motion Picture,2010(22nd),The Social Network,"Dana Brunetti, Ceán Chaffin, Michael De Luca, and Scott Rudin"
Producers Guild of America Award for Best Theatrical Motion Picture,2010(22nd),The Town,Basil Iwanyk and Graham King
Producers Guild of America Award for Best Theatrical Motion Picture,2010(22nd),Toy Story 3,Darla K. Anderson
Producers Guild of America Award for Best Theatrical Motion Picture,2010(22nd),True Grit,"Joel Coen, Ethan Coen, and Scott Rudin"
Producers Guild of America Award for Best Theatrical Motion Picture,2011(23rd),Bridesmaids,"Judd Apatow, Barry Mendel, and Clayton Townsend"
Producers Guild of America Award for Best Theatrical Motion Picture,2011(23rd),The Descendants,"Jim Burke, Alexander Payne, and Jim Taylor"
Producers Guild of America Award for Best Theatrical Motion Picture,2011(23rd),The Girl with the Dragon Tattoo,Ceán Chaffin and Scott Rudin
Producers Guild of America Award for Best Theatrical Motion Picture,2011(23rd),The Help,"Michael Barnathan, Chris Columbus, and Brunson Green"
Producers Guild of America Award for Best Theatrical Motion Picture,2011(23rd),Hugo,Graham King and Martin Scorsese
Producers Guild of America Award for Best Theatrical Motion Picture,2011(23rd),The Ides of March,"George Clooney, Grant Heslov, and Brian Oliver"
Producers Guild of America Award for Best Theatrical Motion Picture,2011(23rd),Midnight in Paris,Letty Aronson and Stephen Tenenbaum
Producers Guild of America Award for Best Theatrical Motion Picture,2011(23rd),Moneyball,"Michael De Luca, Rachael Horovitz, and Brad Pitt"
Producers Guild of America Award for Best Theatrical Motion Picture,2011(23rd),War Horse,Kathleen Kennedy and Steven Spielberg
Producers Guild of America Award for Best Theatrical Motion Picture,2012(24th),Beasts of the Southern Wild,"Michael Gottwald, Dan Janvey, and Josh Penn"
Producers Guild of America Award for Best Theatrical Motion Picture,2012(24th),Django Unchained,"Reginald Hudlin, Pilar Savone, and Stacey Sher"
Producers Guild of America Award for Best Theatrical Motion Picture,2012(24th),Les Misérables,"Tim Bevan, Eric Fellner, Debra Hayward, and Cameron Mackintosh"
Producers Guild of America Award for Best Theatrical Motion Picture,2012(24th),Life of Pi,"Ang Lee, Gil Netter, and David Womark"
Producers Guild of America Award for Best Theatrical Motion Picture,2012(24th),Lincoln,Kathleen Kennedy and Steven Spielberg
Producers Guild of America Award for Best Theatrical Motion Picture,2012(24th),Moonrise Kingdom,"Wes Anderson, Jeremy Dawson, Steven Rales, and Scott Rudin"
Producers Guild of America Award for Best Theatrical Motion Picture,2012(24th),Silver Linings Playbook,"Bruce Cohen, Donna Gigliotti, and Jonathan Gordon"
Producers Guild of America Award for Best Theatrical Motion Picture,2012(24th),Skyfall,Barbara Broccoli and Michael G. Wilson
Producers Guild of America Award for Best Theatrical Motion Picture,2012(24th),Zero Dark Thirty,"Kathryn Bigelow, Mark Boal, and Megan Ellison"
Producers Guild of America Award for Best Theatrical Motion Picture,2013(25th),American Hustle,"Megan Ellison, Jonathan Gordon, Charles Roven, and Richard Suckle"
Producers Guild of America Award for Best Theatrical Motion Picture,2013(25th),Blue Jasmine,Letty Aronson and Stephen Tenenbaum
Producers Guild of America Award for Best Theatrical Motion Picture,2013(25th),Captain Phillips,"Dana Brunetti, Michael De Luca, and Scott Rudin"
Producers Guild of America Award for Best Theatrical Motion Picture,2013(25th),Dallas Buyers Club,Robbie Brenner and Rachel Winter
Producers Guild of America Award for Best Theatrical Motion Picture,2013(25th),Her,"Megan Ellison, Spike Jonze, and Vincent Landay"
Producers Guild of America Award for Best Theatrical Motion Picture,2013(25th),Nebraska,Albert Berger and Ron Yerxa
Producers Guild of America Award for Best Theatrical Motion Picture,2013(25th),Saving Mr. Banks,"Ian Collie, Alison Owen, and Philip Steuer"
Producers Guild of America Award for Best Theatrical Motion Picture,2013(25th),The Wolf of Wall Street,"Riza Aziz, Emma Tillinger Koskoff, and Joey McFarland"
Producers Guild of America Award for Best Theatrical Motion Picture,2014(26th),Birdman or (The Unexpected Virtue of Ignorance),"Alejandro G. Iñárritu, John Lesher, and James W. Skotchdopole"
Producers Guild of America Award for Best Theatrical Motion Picture,2014(26th),American Sniper,"Clint Eastwood, Robert Lorenz, Andrew Lazar, Bradley Cooper, and Peter Morgan"
Producers Guild of America Award for Best Theatrical Motion Picture,2014(26th),Boyhood,Richard Linklater and Cathleen Sutherland
Producers Guild of America Award for Best Theatrical Motion Picture,2014(26th),Foxcatcher,"Bennett Miller, Megan Ellison, and Jon Kilik"
Producers Guild of America Award for Best Theatrical Motion Picture,2014(26th),Gone Girl,Ceán Chaffin
Producers Guild of America Award for Best Theatrical Motion Picture,2014(26th),The Grand Budapest Hotel,"Wes Anderson, Jeremy Dawson, Steven Rales, and Scott Rudin"
Producers Guild of America Award for Best Theatrical Motion Picture,2014(26th),The Imitation Game,"Nora Grossman, Ido Ostrowsky, and Teddy Schwarzman"
Producers Guild of America Award for Best Theatrical Motion Picture,2014(26th),Nightcrawler,Jennifer Fox and Tony Gilroy
Producers Guild of America Award for Best Theatrical Motion Picture,2014(26th),The Theory of Everything,"Tim Bevan, Eric Fellner, Lisa Bruce, and Anthony McCarten"
Producers Guild of America Award for Best Theatrical Motion Picture,2014(26th),Whiplash,"Jason Blum, Helen Estabrook, and David Lancaster"
Producers Guild of America Award for Best Theatrical Motion Picture,2015(27th),The Big Short,"Dede Gardner, Jeremy Kleiner, and Brad Pitt"
Producers Guild of America Award for Best Theatrical Motion Picture,2015(27th),Bridge of Spies,"Steven Spielberg, Marc Platt, and Kristie Macosko Krieger"
Producers Guild of America Award for Best Theatrical Motion Picture,2015(27th),Brooklyn,Finola Dwyer and Amanda Posey
Producers Guild of America Award for Best Theatrical Motion Picture,2015(27th),Ex Machina,Andrew Macdonald and Allon Reich
Producers Guild of America Award for Best Theatrical Motion Picture,2015(27th),Mad Max: Fury Road,Doug Mitchell and George Miller
Producers Guild of America Award for Best Theatrical Motion Picture,2015(27th),The Martian,"Simon Kinberg, Ridley Scott, Michael Schaefer, and Mark Huffam"
Producers Guild of America Award for Best Theatrical Motion Picture,2015(27th),The Revenant,"Arnon Milchan, Steve Golin, Alejandro G. Iñárritu, Mary Parent, and Keith Redmon"
Producers Guild of America Award for Best Theatrical Motion Picture,2015(27th),Sicario,"Basil Iwanyk, Edward L. McDonnell, and Molly Smith"
Producers Guild of America Award for Best Theatrical Motion Picture,2015(27th),Spotlight,"Michael Sugar, Steve Golin, Nicole Rocklin, and Blye Pagon Faust"
Producers Guild of America Award for Best Theatrical Motion Picture,2015(27th),Straight Outta Compton,"Ice Cube, Matt Alvarez, F. Gary Gray, Dr. Dre, and Scott Bernstein"
Producers Guild of America Award for Best Theatrical Motion Picture,2016(28th),La La Land,"Fred Berger, Jordan Horowitz, and Marc Platt"
Producers Guild of America Award for Best Theatrical Motion Picture,2016(28th),Arrival,"Dan Levine, Shawn Levy, Aaron Ryder, and David Linde"
Producers Guild of America Award for Best Theatrical Motion Picture,2016(28th),Deadpool,"Simon Kinberg, Ryan Reynolds, and Lauren Shuler Donner"
Producers Guild of America Award for Best Theatrical Motion Picture,2016(28th),Fences,"Scott Rudin, Denzel Washington, and Todd Black"
Producers Guild of America Award for Best Theatrical Motion Picture,2016(28th),Hacksaw Ridge,Bill Mechanic and David Permut
Producers Guild of America Award for Best Theatrical Motion Picture,2016(28th),Hell or High Water,Carla Hacken and Julie Yorn
Producers Guild of America Award for Best Theatrical Motion Picture,2016(28th),Hidden Figures,"Donna Gigliotti, Peter Chernin, Jenno Topping, Pharrell Williams, and Theodore Melfi"
Producers Guild of America Award for Best Theatrical Motion Picture,2016(28th),Lion,"Emile Sherman, Iain Canning, and Angie Fielder"
Producers Guild of America Award for Best Theatrical Motion Picture,2016(28th),Manchester by the Sea,"Matt Damon, Kimberly Steward, Chris Moore, Lauren Beck, and Kevin J. Walsh"
Producers Guild of America Award for Best Theatrical Motion Picture,2016(28th),Moonlight,"Adele Romanski, Dede Gardner, and Jeremy Kleiner"
Producers Guild of America Award for Best Theatrical Motion Picture,2017(29th),The Shape of Water,Guillermo del Toro and J. Miles Dale
Producers Guild of America Award for Best Theatrical Motion Picture,2017(29th),The Big Sick,Judd Apatow and Barry Mendel
Producers Guild of America Award for Best Theatrical Motion Picture,2017(29th),Call Me by Your Name,"Peter Spears, Luca Guadagnino, Émilie Georges, and Marco Morabito"
Producers Guild of America Award for Best Theatrical Motion Picture,2017(29th),Dunkirk,Emma Thomas and Christopher Nolan
Producers Guild of America Award for Best Theatrical Motion Picture,2017(29th),Get Out,"Sean McKittrick, Edward H. Hamm Jr., Jason Blum, and Jordan Peele"
Producers Guild of America Award for Best Theatrical Motion Picture,2017(29th),"I, Tonya","Bryan Unkeless, Steven Rogers, Margot Robbie, and Tom Ackerley"
Producers Guild of America Award for Best Theatrical Motion Picture,2017(29th),Lady Bird,"Scott Rudin, Eli Bush, and Evelyn O'Neill"
Producers Guild of America Award for Best Theatrical Motion Picture,2017(29th),Molly's Game,"Mark Gordon, Amy Pascal, and Matt Jackson"
Producers Guild of America Award for Best Theatrical Motion Picture,2017(29th),The Post,"Amy Pascal, Steven Spielberg, and Kristie Macosko Krieger"
Producers Guild of America Award for Best Theatrical Motion Picture,2017(29th),"Three Billboards Outside Ebbing, Missouri","Graham Broadbent, Pete Czernin, and Martin McDonagh"
Producers Guild of America Award for Best Theatrical Motion Picture,2017(29th),Wonder Woman,"Charles Roven, Richard Suckle, Zack Snyder, and Deborah Snyder"
Producers Guild of America Award for Best Theatrical Motion Picture,2018(30th),Green Book,"Jim Burke, Charles B. Wessler, Brian Hayes Currie, Peter Farrelly, and Nick Vallelonga"
Producers Guild of America Award for Best Theatrical Motion Picture,2018(30th),Black Panther,Kevin Feige
Producers Guild of America Award for Best Theatrical Motion Picture,2018(30th),BlacKkKlansman,"Sean McKittrick, Jason Blum, Raymond Mansfield, Jordan Peele, and Spike Lee"
Producers Guild of America Award for Best Theatrical Motion Picture,2018(30th),Bohemian Rhapsody,Graham King
Producers Guild of America Award for Best Theatrical Motion Picture,2018(30th),Crazy Rich Asians,"Nina Jacobson, Brad Simpson, and John Penotti"
Producers Guild of America Award for Best Theatrical Motion Picture,2018(30th),The Favourite,"Ceci Dempsey, Ed Guiney, Lee Magiday, and Yorgos Lanthimos"
Producers Guild of America Award for Best Theatrical Motion Picture,2018(30th),A Quiet Place,"Michael Bay, Andrew Form, and Bradley Fuller"
Producers Guild of America Award for Best Theatrical Motion Picture,2018(30th),Roma,Gabriela Rodríguez and Alfonso Cuarón
Producers Guild of America Award for Best Theatrical Motion Picture,2018(30th),A Star Is Born,"Bill Gerber, Bradley Cooper, and Lynette Howell Taylor"
Producers Guild of America Award for Best Theatrical Motion Picture,2018(30th),Vice,"Dede Gardner, Jeremy Kleiner, Kevin J. Messick, and Adam McKay"
Producers Guild of America Award for Best Theatrical Motion Picture,2019(31st),1917,"Sam Mendes, Pippa Harris, Jayne-Ann Tenggren, and Callum McDougall"
Producers Guild of America Award for Best Theatrical Motion Picture,2019(31st),Ford v Ferrari,"Peter Chernin, Jenno Topping, and James Mangold"
Producers Guild of America Award for Best Theatrical Motion Picture,2019(31st),The Irishman,"Jane Rosenthal, Robert De Niro, Emma Tillinger Koskoff, and Martin Scorsese"
Producers Guild of America Award for Best Theatrical Motion Picture,2019(31st),Jojo Rabbit,Carthew Neal and Taika Waititi
Producers Guild of America Award for Best Theatrical Motion Picture,2019(31st),Joker,"Todd Phillips, Bradley Cooper, and Emma Tillinger Koskoff"
Producers Guild of America Award for Best Theatrical Motion Picture,2019(31st),Knives Out,Rian Johnson and Ram Bergman
Producers Guild of America Award for Best Theatrical Motion Picture,2019(31st),Little Women,Amy Pascal
Producers Guild of America Award for Best Theatrical Motion Picture,2019(31st),Marriage Story,Noah Baumbach and David Heyman
Producers Guild of America Award for Best Theatrical Motion Picture,2019(31st),Once Upon a Time in Hollywood,"David Heyman, Shannon McIntosh, and Quentin Tarantino"
Producers Guild of America Award for Best Theatrical Motion Picture,2019(31st),Parasite,Kwak Sin-ae and Bong Joon-ho
