0,1,2,3,4
In Cold Blood (film),David di Donatello Awards,Best Foreign Director,Richard Brooks,Won
In Cold Blood (film),Directors Guild of America Awards,Outstanding Directorial Achievement in Motion Pictures,Richard Brooks,Nominated
In Cold Blood (film),Edgar Allan Poe Awards,Best Motion Picture Screenplay,Richard Brooks,Nominated
In Cold Blood (film),Faro Island Film Festival,Best Film (Golden Moon Award),Richard Brooks,Nominated
In Cold Blood (film),Golden Globe Awards,Best Motion Picture – Drama,Best Motion Picture – Drama,Nominated
In Cold Blood (film),Karlovy Vary International Film Festival,Crystal Globe,Richard Brooks,Nominated
In Cold Blood (film),National Board of Review Awards,Top Ten Films,Top Ten Films,4th Place
In Cold Blood (film),National Board of Review Awards,Best Director,Richard Brooks,Won
In Cold Blood (film),National Film Preservation Board,National Film Registry,National Film Registry,Inducted
In Cold Blood (film),National Society of Film Critics Awards,Best Cinematography,Conrad L. Hall (also for Cool Hand Luke),2nd Place
In Cold Blood (film),Writers Guild of America Awards,Best Written American Drama,Richard Brooks,Nominated
