0,1,2,3,4,5,6,7,8,9,10,11,12,13,14
2017-18 FC Barcelona season,1,GK, GER,Marc-André ter Stegen,48,0,37,0,9,0,0,0,2,0
2017-18 FC Barcelona season,31,GK, ESP,Adrián Ortolá,0,0,0,0,0,0,0,0,0,0
2017-18 FC Barcelona season,2,DF, POR,Nélson Semedo,36,0,24,0,7,0,4,0,1,0
2017-18 FC Barcelona season,3,DF, ESP,Gerard Piqué,50,4,30,2,9,1,9,1,2,0
2017-18 FC Barcelona season,4,MF, CRO,Ivan Rakitić,56,4,35,1,10,1,9,2,2,0
2017-18 FC Barcelona season,6,MF, ESP,Denis Suárez,27,3,17,2,3,0,6,1,1,0
2017-18 FC Barcelona season,8,MF, ESP,Andrés Iniesta,45,3,31,1,8,0,5,2,1,0
2017-18 FC Barcelona season,15,MF, BRA,Paulinho,49,9,34,9,9,0,6,0,0,0
2017-18 FC Barcelona season,21,MF, POR,André Gomes,31,0,15,0,9,0,6,0,1,0
2017-18 FC Barcelona season,26,MF, ESP,Carles Aleñá,3,0,0,0,0,0,3,0,0,0
2017-18 FC Barcelona season,9,FW, URU,Luis Suárez,51,33,33,25,10,1,6,7,2,0
2017-18 FC Barcelona season,11,FW, FRA,Ousmane Dembélé,24,4,17,3,3,1,4,0,0,0
2017-18 FC Barcelona season,17,FW, ESP,Paco Alcácer,21,7,16,4,2,1,2,2,1,0
2017-18 FC Barcelona season,37,FW, ESP,José Arnaiz,5,3,1,0,0,0,4,3,0,0
2017-18 FC Barcelona season,12,MF, BRA,Rafinha,1,0,0,0,0,0,1,0,0,0
