0,1,2,3,4,5
British academy television award for best actress,2000 (46th),Francesca Annis,Wives and Daughters,Hyacinth Gibson,BBC One
British academy television award for best actress,2000 (46th),Maggie Smith,David Copperfield,Betsey Trotwood,BBC One
British academy television award for best actress,2000 (46th),Lindsay Duncan,Shooting the Past,Marilyn Truman,BBC Two
British academy television award for best actress,2001 (47th),Amanda Redman,At Home with the Braithwaites,Alison Braithwaite,ITV
British academy television award for best actress,2001 (47th),Fay Ripley,Cold Feet,Jenny Gifford,ITV
British academy television award for best actress,2001 (47th),Alison Steadman,Fat Friends,Betty Simpson,ITV
British academy television award for best actress,2001 (47th),Geraldine James,The Sins,Gloria Green,BBC One
British academy television award for best actress,2002 (48th),Julie Walters,My Beautiful Son,Sheila Fitzpatrick,ITV
British academy television award for best actress,2002 (48th),Lindsay Duncan,Perfect Strangers,Alice Hagerty,BBC Two
British academy television award for best actress,2002 (48th),Sheila Hancock,The Russian Bride,Dora Blossom,ITV
British academy television award for best actress,2002 (48th),Lesley Sharp,Bob & Rose,Rose Cooper,ITV
British academy television award for best actress,2003 (49th),Julie Walters,Murder,Angela Maurer,BBC Two
British academy television award for best actress,2003 (49th),Sheila Hancock,Bedtime,Alice Oldfield,BBC One
British academy television award for best actress,2003 (49th),Jessica Hynes,Tomorrow La Scala!,Victoria Stevenson,BBC Two
British academy television award for best actress,2003 (49th),Vanessa Redgrave,The Gathering Storm,Clementine Churchill,BBC
British academy television award for best actress,2004 (50th),Gina McKee,The Lost Prince,Charlotte Bill,BBC One
British academy television award for best actress,2004 (50th),Miranda Richardson,The Lost Prince,Queen Mary,BBC One
British academy television award for best actress,2005 (51st),Brenda Blethyn,Belonging,Jess Cople,ITV
British academy television award for best actress,2005 (51st),Anne-Marie Duff,Shameless,Fiona Gallagher,Channel 4
British academy television award for best actress,2005 (51st),Lia Williams,May 33rd,Ella Wilson,BBC One
British academy television award for best actress,2006 (52nd),Anne-Marie Duff,Shameless,Fiona Gallagher,Channel 4
British academy television award for best actress,2006 (52nd),Lucy Cohu,The Queen's Sister,Princess Margaret,Channel 4
British academy television award for best actress,2006 (52nd),Gillian Anderson,Bleak House,Lady Dedlock,BBC One
British academy television award for best actress,2007 (53rd),Victoria Wood,"Housewife, 49",Nella Last,ITV
British academy television award for best actress,2007 (53rd),Anne-Marie Duff,The Virgin Queen,Elizabeth I,BBC One
British academy television award for best actress,2007 (53rd),Ruth Wilson,Jane Eyre,Jane Eyre,BBC One
British academy television award for best actress,2007 (53rd),Samantha Morton,Longford,Myra Hindley,Channel 4
British academy television award for best actress,2008 (54th),Kierston Wareing,It's a Free World...,Angela,Channel 4
British academy television award for best actress,2008 (54th),Gina McKee,The Street,Jan Parr,BBC One
British academy television award for best actress,2008 (54th),Judi Dench,Cranford,"Matilda ""Matty"" Jenkyns",BBC One
British academy television award for best actress,2009 (55th),June Brown,EastEnders,Dot Cotton,BBC One
British academy television award for best actress,2009 (55th),Maxine Peake,Hancock and Joan,Joan Le Mesurier,BBC Four
British academy television award for best actress,2009 (55th),Andrea Riseborough,Margaret Thatcher: The Long Walk to Finchley,Margaret Thatcher,BBC Four
