0,1,2,3,4
Atlantic City (1980 film),Academy Awards,Best Picture,Denis Héroux and John Kemeny,Nominated
Atlantic City (1980 film),Boston Society of Film Critics Awards,Best Actor,Burt Lancaster,Won
Atlantic City (1980 film),British Academy Film Awards,Best Film,Denis Héroux,Nominated
Atlantic City (1980 film),British Academy Film Awards,Best Direction,Louis Malle,Won
Atlantic City (1980 film),British Academy Film Awards,Best Actor in a Leading Role,Burt Lancaster,Won
Atlantic City (1980 film),British Academy Film Awards,Best Screenplay,John Guare,Nominated
Atlantic City (1980 film),British Society of Cinematographers,Best Cinematography,Richard Ciupka,Nominated
Atlantic City (1980 film),César Awards,"Best Screenplay, Original or Adaptation",John Guare,Nominated
Atlantic City (1980 film),César Awards,Best Music,Michel Legrand,Nominated
Atlantic City (1980 film),David di Donatello Awards,Best Foreign Actor,Burt Lancaster,Won
Atlantic City (1980 film),David di Donatello Awards,Best Foreign Actress,Susan Sarandon,Nominated
Atlantic City (1980 film),Directors Guild of America Awards,Outstanding Directorial Achievement in Motion Pictures,Louis Malle,Nominated
Atlantic City (1980 film),Fotogramas de Plata,Best Foreign Film,Louis Malle,Won
Atlantic City (1980 film),Fotogramas de Plata,Best Foreign Movie Performer,Burt Lancaster,Won
Atlantic City (1980 film),Genie Awards,Best Actor in a Supporting Role,Robert Joy,Nominated
Atlantic City (1980 film),Genie Awards,Best Actress in a Supporting Role,Kate Reid,Won
Atlantic City (1980 film),Genie Awards,Best Foreign Actor,Burt Lancaster,Nominated
Atlantic City (1980 film),Genie Awards,Best Foreign Actress,Susan Sarandon,Won
Atlantic City (1980 film),Genie Awards,Best Art Direction,Anne Pritchard,Won
Atlantic City (1980 film),Genie Awards,Bes Cinematography,Richard Ciupka,Nominated
Atlantic City (1980 film),Genie Awards,Best Costume Design,François Barbeau,Nominated
Atlantic City (1980 film),Golden Globe Awards,Best Foreign Film,Best Foreign Film,Nominated
Atlantic City (1980 film),Golden Globe Awards,Best Actor in a Motion Picture – Drama,Burt Lancaster,Nominated
Atlantic City (1980 film),Golden Globe Awards,Best Director – Motion Picture,Louis Malle,Nominated
Atlantic City (1980 film),Kansas City Film Critics Circle Awards,Best Actor,Burt Lancaster,Won
Atlantic City (1980 film),Kansas City Film Critics Circle Awards,Best Actress,Susan Sarandon,Won
Atlantic City (1980 film),Los Angeles Film Critics Association Awards,Best Film,Best Film,Won
Atlantic City (1980 film),Los Angeles Film Critics Association Awards,Best Actor,Burt Lancaster,Won
Atlantic City (1980 film),Los Angeles Film Critics Association Awards,Best Screenplay,John Guare,Won
Atlantic City (1980 film),Los Angeles Film Critics Association Awards,New Generation Award,John Guare,Won
Atlantic City (1980 film),National Board of Review Awards,Top Ten Films,Top Ten Films,2nd Place
Atlantic City (1980 film),National Film Preservation Board,National Film Registry,National Film Registry,Inducted
Atlantic City (1980 film),National Society of Film Critics Awards,Best Film,Best Film,Won
Atlantic City (1980 film),National Society of Film Critics Awards,Best Director,Louis Malle,Won
Atlantic City (1980 film),National Society of Film Critics Awards,Best Actor,Burt Lancaster,Won
Atlantic City (1980 film),National Society of Film Critics Awards,Best Screenplay,John Guare,Won
Atlantic City (1980 film),New York Film Critics Circle Awards,Best Film,Best Film,Runner-up
Atlantic City (1980 film),New York Film Critics Circle Awards,Best Director,Louis Malle,Runner-up
Atlantic City (1980 film),New York Film Critics Circle Awards,Best Actor,Burt Lancaster,Won
Atlantic City (1980 film),New York Film Critics Circle Awards,Best Screenplay,John Guare,Won
Atlantic City (1980 film),Sant Jordi Awards,Best Foreign Film,Louis Malle,Won
Atlantic City (1980 film),Venice International Film Festival,Golden Lion,Louis Malle,Won
Atlantic City (1980 film),Writers Guild of America Awards,Best Drama Written Directly for the Screen,John Guare,Nominated
