0,1,2,3,4
Cabaret (1972 movie),Academy Awards,Best Scoring: Adaptation and Original Song Score,Ralph Burns,Won
Cabaret (1972 movie),American Cinema Editors Awards,Best Edited Feature Film,David Bretherton,Won
Cabaret (1972 movie),Bodil Awards,Best Non-European Film,Bob Fosse,Won
Cabaret (1972 movie),British Academy Film Awards,Best Film,Best Film,Won
Cabaret (1972 movie),British Academy Film Awards,Best Direction,Bob Fosse,Won
Cabaret (1972 movie),British Academy Film Awards,Best Actress in a Leading Role,Liza Minnelli,Won
Cabaret (1972 movie),British Academy Film Awards,Best Actress in a Supporting Role,Marisa Berenson,Nominated
Cabaret (1972 movie),British Academy Film Awards,Best Screenplay,Jay Presson Allen,Nominated
Cabaret (1972 movie),British Academy Film Awards,Best Art Direction,Rolf Zehetbauer,Won
Cabaret (1972 movie),British Academy Film Awards,Best Cinematography,Geoffrey Unsworth (also for Alice's Adventures in Wonderland),Won
Cabaret (1972 movie),British Academy Film Awards,Best Costume Design,Charlotte Flemming,Nominated
Cabaret (1972 movie),British Academy Film Awards,Best Film Editing,David Bretherton,Nominated
Cabaret (1972 movie),British Academy Film Awards,Best Soundtrack,"David Hildyard, Robert Knudson, and Arthur Piantadosi",Won
Cabaret (1972 movie),British Academy Film Awards,Most Promising Newcomer to Leading Film Roles,Joel Grey,Won
Cabaret (1972 movie),British Society of Cinematographers,Best Cinematography,Geoffrey Unsworth,Won
Cabaret (1972 movie),David di Donatello Awards,Best Foreign Director,Bob Fosse,Won
Cabaret (1972 movie),David di Donatello Awards,Best Foreign Actress,Liza Minnelli,Won
Cabaret (1972 movie),Directors Guild of America Awards,Outstanding Directorial Achievement in Motion Pictures,Bob Fosse,Nominated
Cabaret (1972 movie),Faro Island Film Festival,Best Film (Audience Award),Bob Fosse,Nominated
Cabaret (1972 movie),Faro Island Film Festival,Best Film (Golden Train Award),Won,Bob Fosse
Cabaret (1972 movie),Faro Island Film Festival,Best Feature Film (Queer Train Award),Won,Bob Fosse
Cabaret (1972 movie),Faro Island Film Festival,Main Competition (Humanitarian Award),Won,Bob Fosse
Cabaret (1972 movie),Faro Island Film Festival,Best Actress (Audience Award),Liza Minnelli,Won
Cabaret (1972 movie),Faro Island Film Festival,Outstanding Artistic Contribution (Golden Train Award),"John Kander, Fred Ebb, Jutta Beil, and Bob Fosse",Won
Cabaret (1972 movie),Golden Globe Awards,Best Motion Picture – Musical or Comedy,Best Motion Picture – Musical or Comedy,Won
Cabaret (1972 movie),Golden Globe Awards,Best Actress in a Motion Picture – Musical or Comedy,Liza Minnelli,Won
Cabaret (1972 movie),Golden Globe Awards,Best Supporting Actor – Motion Picture,Joel Grey,Won
Cabaret (1972 movie),Golden Globe Awards,Best Supporting Actress – Motion Picture,Marisa Berenson,Nominated
Cabaret (1972 movie),Golden Globe Awards,Most Promising Newcomer – Female,Marisa Berenson,Nominated
Cabaret (1972 movie),Golden Globe Awards,Best Director – Motion Picture,Bob Fosse,Nominated
Cabaret (1972 movie),Golden Globe Awards,Best Screenplay – Motion Picture,Jay Presson Allen,Nominated
Cabaret (1972 movie),Golden Globe Awards,Best Original Song – Motion Picture,"""Mein Herr""  Music by John Kander;  Lyrics by Fred Ebb",Nominated
Cabaret (1972 movie),Golden Globe Awards,Best Original Song – Motion Picture,"""Money, Money""  Music by John Kander;  Lyrics by Fred Ebb",Nominated
Cabaret (1972 movie),Grand Prix,Best Film,Best Film,Won
Cabaret (1972 movie),Kansas City Film Critics Circle Awards,Best Supporting Actor,Joel Grey,Won
Cabaret (1972 movie),National Board of Review Awards,Top Ten Films,Top Ten Films,Won
Cabaret (1972 movie),National Board of Review Awards,Best Film,Best Film,Won
Cabaret (1972 movie),National Board of Review Awards,Best Director,Bob Fosse,Won
Cabaret (1972 movie),National Board of Review Awards,Best Supporting Actor,Joel Grey,Won
Cabaret (1972 movie),National Board of Review Awards,Best Supporting Actress,Marisa Berenson,Won
Cabaret (1972 movie),National Film Preservation Board,National Film Registry,National Film Registry,Inducted
Cabaret (1972 movie),National Society of Film Critics Awards,Best Actress,Liza Minnelli,5th Place
Cabaret (1972 movie),National Society of Film Critics Awards,Best Supporting Actor,Joel Grey,Won
Cabaret (1972 movie),National Society of Film Critics Awards,Best Cinematography,Geoffrey Unsworth,4th Place
Cabaret (1972 movie),Online Film & Television Association Awards,Hall of Fame – Motion Picture,Hall of Fame – Motion Picture,Inducted
Cabaret (1972 movie),Sant Jordi Awards,Best Performance in a Foreign Film,Liza Minnelli,Won
Cabaret (1972 movie),Writers Guild of America Awards,Best Comedy – Adapted from Another Medium,Jay Presson Allen,Won
