0,1,2,3,4
Daytime Emmy Award for Outstanding Lead Actor in a Drama Series,Michael Park ,As the World Turns,Jack Snyder,CBS
Daytime Emmy Award for Outstanding Lead Actor in a Drama Series,Peter Bergman,The Young and the Restless,Jack Abbott, CBS
Daytime Emmy Award for Outstanding Lead Actor in a Drama Series,Doug Davidson,The Young and the Restless,Paul Williams,CBS
Daytime Emmy Award for Outstanding Lead Actor in a Drama Series,Jon Lindstrom,As the World Turns,Craig Montgomery,CBS
Daytime Emmy Award for Outstanding Lead Actor in a Drama Series,James Scott,Days of Our Lives,EJ DiMera,NBC
Daytime Emmy Award for Outstanding Lead Actor in a Drama Series,Michael Park ,As the World Turns,Jack Snyder,CBS
Daytime Emmy Award for Outstanding Lead Actor in a Drama Series,Ricky Paull Goldin,All My Children,Jake Martin, ABC
Daytime Emmy Award for Outstanding Lead Actor in a Drama Series,Christian LeBlanc,The Young and the Restless,Michael Baldwin,CBS
Daytime Emmy Award for Outstanding Lead Actor in a Drama Series,James Scott,Days of Our Lives,EJ DiMera,NBC
Daytime Emmy Award for Outstanding Lead Actor in a Drama Series,John McCook,The Bold and the Beautiful,Eric Forrester,CBS
Daytime Emmy Award for Outstanding Lead Actor in a Drama Series,Darnell Williams,All My Children,Jesse Hubbard,ABC
Daytime Emmy Award for Outstanding Lead Actor in a Drama Series,Robert S. Woods,One Life to Live,Bo Buchanan,ABC
Daytime Emmy Award for Outstanding Lead Actor in a Drama Series,Doug Davidson ,The Young and the Restless,Paul Williams,CBS
Daytime Emmy Award for Outstanding Lead Actor in a Drama Series,Peter Bergman,The Young and the Restless,Jack Abbott, CBS
Daytime Emmy Award for Outstanding Lead Actor in a Drama Series,Michael Muhney,The Young and the Restless,Adam Newman,CBS
Daytime Emmy Award for Outstanding Lead Actor in a Drama Series,Jason Thompson,General Hospital,Dr. Patrick Drake,ABC
Daytime Emmy Award for Outstanding Lead Actor in a Drama Series,Billy Miller ,The Young and the Restless,Billy Abbott,CBS
Daytime Emmy Award for Outstanding Lead Actor in a Drama Series,Peter Bergman,The Young and the Restless,Jack Abbott, CBS
Daytime Emmy Award for Outstanding Lead Actor in a Drama Series,Doug Davidson,The Young and the Restless,Paul Williams,CBS
Daytime Emmy Award for Outstanding Lead Actor in a Drama Series,Christian LeBlanc,The Young and the Restless,Michael Baldwin,CBS
Daytime Emmy Award for Outstanding Lead Actor in a Drama Series,Jason Thompson,General Hospital,Dr. Patrick Drake,ABC
Daytime Emmy Award for Outstanding Lead Actor in a Drama Series,Christian LeBlanc,The Young and the Restless,Michael Baldwin,CBS
Daytime Emmy Award for Outstanding Lead Actor in a Drama Series,Billy Miller,The Young and the Restless,Billy Abbott,CBS
Daytime Emmy Award for Outstanding Lead Actor in a Drama Series,Jason Thompson,General Hospital,Dr. Patrick Drake,ABC
Daytime Emmy Award for Outstanding Lead Actor in a Drama Series,Tyler Christopher ,General Hospital,Nikolas Cassadine,ABC
Daytime Emmy Award for Outstanding Lead Actor in a Drama Series,Justin Hartley,The Young and the Restless,Adam Newman,CBS
Daytime Emmy Award for Outstanding Lead Actor in a Drama Series,Christian LeBlanc,The Young and the Restless,Michael Baldwin,CBS
Daytime Emmy Award for Outstanding Lead Actor in a Drama Series,Kristoff St. John,The Young and the Restless,Neil Winters, CBS
Daytime Emmy Award for Outstanding Lead Actor in a Drama Series,Scott Clifton ,The Bold and the Beautiful,Liam Spencer,CBS
Daytime Emmy Award for Outstanding Lead Actor in a Drama Series,Peter Bergman,The Young and the Restless,Jack Abbott, CBS
Daytime Emmy Award for Outstanding Lead Actor in a Drama Series,Billy Flynn,Days of Our Lives,Chad DiMera,NBC
Daytime Emmy Award for Outstanding Lead Actor in a Drama Series,Vincent Irizarry,Days of Our Lives,Deimos Kiriakis,NBC
Daytime Emmy Award for Outstanding Lead Actor in a Drama Series,Kristoff St. John,The Young and the Restless,Neil Winters, CBS
Daytime Emmy Award for Outstanding Lead Actor in a Drama Series,James Reynolds ,Days of Our Lives,Abe Carver, NBC
Daytime Emmy Award for Outstanding Lead Actor in a Drama Series,Peter Bergman,The Young and the Restless,Jack Abbott, CBS
Daytime Emmy Award for Outstanding Lead Actor in a Drama Series,Michael Easton,General Hospital,Dr. Hamilton Finn,ABC
Daytime Emmy Award for Outstanding Lead Actor in a Drama Series,John McCook,The Bold and the Beautiful,Eric Forrester,CBS
Daytime Emmy Award for Outstanding Lead Actor in a Drama Series,Billy Miller,General Hospital,Jason Morgan/Andrew Cain,ABC
Daytime Emmy Award for Outstanding Lead Actor in a Drama Series,Peter Bergman,The Young and the Restless,Jack Abbott, CBS
Daytime Emmy Award for Outstanding Lead Actor in a Drama Series,Tyler Christopher,Days of Our Lives,Stefan DiMera,NBC
Daytime Emmy Award for Outstanding Lead Actor in a Drama Series,Billy Flynn,Days of Our Lives,Chad DiMera,NBC
Daytime Emmy Award for Outstanding Lead Actor in a Drama Series,Jon Lindstrom,General Hospital,Dr. Kevin Collins/Ryan Chamberlain,ABC
