0,1,2,3
Academy Awards/Best Actress,Joan Allen,Laine Hanson,The Contender
Academy Awards/Best Actress,Juliette Binoche,Vianne Rocher,Chocolat
Academy Awards/Best Actress,Ellen Burstyn,Sara Goldfarb,Requiem for a Dream
Academy Awards/Best Actress,Laura Linney,"Samantha ""Sammy"" Prescott",You Can Count on Me
Academy Awards/Best Actress,Judi Dench,Iris Murdoch,Iris
Academy Awards/Best Actress,Nicole Kidman,Satine,Moulin Rouge!
Academy Awards/Best Actress,Sissy Spacek,Ruth Fowler,In the Bedroom
Academy Awards/Best Actress,Renée Zellweger,Bridget Jones,Bridget Jones's Diary
Academy Awards/Best Actress,Salma Hayek,Frida Kahlo,Frida
Academy Awards/Best Actress,Diane Lane,"Constance ""Connie"" Sumner",Unfaithful
Academy Awards/Best Actress,Julianne Moore,Cathy Whitaker,Far from Heaven
Academy Awards/Best Actress,Renée Zellweger,Roxie Hart,Chicago
Academy Awards/Best Actress,Keisha Castle-Hughes,Paikea Apirana,Whale Rider
Academy Awards/Best Actress,Diane Keaton,Erica Jane Berry,Something's Gotta Give
Academy Awards/Best Actress,Samantha Morton,Sarah Sullivan,In America
Academy Awards/Best Actress,Naomi Watts,Cristina Williams-Peck,21 Grams
Academy Awards/Best Actress,Annette Bening,Julia Lambert,Being Julia
Academy Awards/Best Actress,Catalina Sandino Moreno,María Álvarez,Maria Full of Grace
Academy Awards/Best Actress,Imelda Staunton,Vera Rose Drake,Vera Drake
Academy Awards/Best Actress,Kate Winslet,Clementine Kruczynski,Eternal Sunshine of the Spotless Mind
Academy Awards/Best Actress,Judi Dench,Laura Forster-Henderson,Mrs Henderson Presents
Academy Awards/Best Actress,Felicity Huffman,"Sabrina ""Bree"" Osbourne / Stanley Schupak",Transamerica
Academy Awards/Best Actress,Keira Knightley,Elizabeth Bennet,Pride & Prejudice
Academy Awards/Best Actress,Charlize Theron,Josey Aimes,North Country
Academy Awards/Best Actress,Penélope Cruz,Raimunda,Volver
Academy Awards/Best Actress,Judi Dench,Barbara Covett,Notes on a Scandal
Academy Awards/Best Actress,Meryl Streep,Miranda Priestly,The Devil Wears Prada
Academy Awards/Best Actress,Kate Winslet,Sarah Pierce,Little Children
Academy Awards/Best Actress,Cate Blanchett,Queen Elizabeth I,Elizabeth: The Golden Age
Academy Awards/Best Actress,Julie Christie,Fiona Anderson,Away from Her
Academy Awards/Best Actress,Laura Linney,Wendy Savage,The Savages
Academy Awards/Best Actress,Elliot Page,Juno MacGuff,Juno
Academy Awards/Best Actress,Anne Hathaway,Kym Buchman,Rachel Getting Married
Academy Awards/Best Actress,Angelina Jolie,Christine Collins,Changeling
Academy Awards/Best Actress,Melissa Leo,Ray Eddy,Frozen River
Academy Awards/Best Actress,Meryl Streep,Sister Aloysius Beauvier,Doubt
Academy Awards/Best Actress,Helen Mirren,Countess Sophia Tolstaya,The Last Station
Academy Awards/Best Actress,Carey Mulligan,Jenny Mellor,An Education
Academy Awards/Best Actress,Gabourey Sidibe,"Claireece ""Precious"" Jones",Precious
Academy Awards/Best Actress,Meryl Streep,Julia Child,Julie & Julia
