0,1,2,3,4
The Lord of the Rings The Two Towers,Academy Awards,Best Sound Editing,Ethan Van der Ryn and Mike Hopkins,Won
The Lord of the Rings The Two Towers,British Academy Film Awards,Best Film,"Barrie M. Osborne, Fran Walsh and Peter Jackson",Nominated
The Lord of the Rings The Two Towers,British Academy Film Awards,Best Direction,Peter Jackson,Nominated
The Lord of the Rings The Two Towers,British Academy Film Awards,Best Cinematography,Andrew Lesnie,Nominated
The Lord of the Rings The Two Towers,British Academy Film Awards,Best Costume Design,Ngila Dickson and Richard Taylor,Won
The Lord of the Rings The Two Towers,British Academy Film Awards,Best Editing,Michael J. Horton,Nominated
The Lord of the Rings The Two Towers,British Academy Film Awards,Best Makeup and Hair,"Peter Owen, Peter King and Richard Taylor",Nominated
The Lord of the Rings The Two Towers,British Academy Film Awards,Best Production Design,Grant Major,Nominated
The Lord of the Rings The Two Towers,British Academy Film Awards,Best Sound,"Ethan Van der Ryn, David Farmer, Mike Hopkins, Hammond Peek, Christopher Boyes, Michael Semanick and Michael Hedges",Nominated
The Lord of the Rings The Two Towers,British Academy Film Awards,Best Special Visual Effects,"Jim Rygiel, Joe Letteri, Randall William Cook and Alex Funke",Won
The Lord of the Rings The Two Towers,Golden Globe Awards,Best Motion Picture – Drama,The Lord of the Rings: The Two Towers,Nominated
The Lord of the Rings The Two Towers,Golden Globe Awards,Best Director,Peter Jackson,Nominated
The Lord of the Rings The Two Towers,Saturn Awards,Best Fantasy Film,The Lord of the Rings: The Two Towers,Won
The Lord of the Rings The Two Towers,Saturn Awards,Best Director,Peter Jackson,Nominated
The Lord of the Rings The Two Towers,Saturn Awards,Best Actor,Viggo Mortensen,Nominated
The Lord of the Rings The Two Towers,Saturn Awards,Best Supporting Actor,Andy Serkis,Won
The Lord of the Rings The Two Towers,Saturn Awards,Best Performance by a Younger Actor,Elijah Wood,Nominated
The Lord of the Rings The Two Towers,Saturn Awards,Best Writing,"Fran Walsh, Philippa Boyens, Stephen Sinclair and Peter Jackson",Nominated
The Lord of the Rings The Two Towers,Saturn Awards,Best Costume Design,Ngila Dickson and Richard Taylor,Won
The Lord of the Rings The Two Towers,Saturn Awards,Best Make-up,Peter Owen and Peter King,Won
The Lord of the Rings The Two Towers,Saturn Awards,Best Music,Howard Shore,Nominated
The Lord of the Rings The Two Towers,Saturn Awards,Best Special Effects,"Jim Rygiel, Joe Letteri, Randall William Cook and Alex Funke",Nominated
