0,1,2,3,4
Elmer Gantry (film),Academy Awards,Best Music Score of a Dramatic or Comedy Picture,André Previn,Nominated
Elmer Gantry (film),British Academy Film Awards,Best Film,Best Film,Nominated
Elmer Gantry (film),British Academy Film Awards,Best Foreign Actor,Burt Lancaster,Nominated
Elmer Gantry (film),British Academy Film Awards,Best Foreign Actress,Jean Simmons,Nominated
Elmer Gantry (film),Cahiers du cinéma,Top 10 Film Award,Top 10 Film Award,9th Place
Elmer Gantry (film),Directors Guild of America Awards,Outstanding Directorial Achievement in Motion Pictures,Richard Brooks,Nominated
Elmer Gantry (film),Golden Globe Awards,Best Motion Picture – Drama,Best Motion Picture – Drama,Nominated
Elmer Gantry (film),Golden Globe Awards,Best Actor in a Motion Picture – Drama,Burt Lancaster,Won
Elmer Gantry (film),Golden Globe Awards,Best Actress in a Motion Picture – Drama,Jean Simmons,Nominated
Elmer Gantry (film),Golden Globe Awards,Best Supporting Actress – Motion Picture,Shirley Jones,Nominated
Elmer Gantry (film),Golden Globe Awards,Best Director – Motion Picture,Richard Brooks,Nominated
Elmer Gantry (film),Laurel Awards,Top Drama,Top Drama,Won
Elmer Gantry (film),Laurel Awards,Top Male Dramatic Performance,Burt Lancaster,Won
Elmer Gantry (film),Laurel Awards,Top Female Dramatic Performance,Jean Simmons,Nominated
Elmer Gantry (film),Laurel Awards,Top Female Supporting Performance,Shirley Jones,Won
Elmer Gantry (film),National Board of Review Awards,Top 10 Films,Top 10 Films,6th Place
Elmer Gantry (film),National Board of Review Awards,Best Supporting Actress,Shirley Jones,Won
Elmer Gantry (film),New York Film Critics Circle Awards,Best Film,Best Film,Nominated
Elmer Gantry (film),New York Film Critics Circle Awards,Best Actor,Burt Lancaster,Won
Elmer Gantry (film),Writers Guild of America Awards,Best Written American Drama,Richard Brooks,Won
