0,1,2,3,4,5
British academy television award for best actress,2010 (56th),Helena Bonham Carter,Enid,Enid Blyton,BBC Four
British academy television award for best actress,2010 (56th),Sophie Okonedo,Mrs. Mandela,Winnie Mandela,BBC Four
British academy television award for best actress,2010 (56th),Julie Walters,A Short Stay in Switzerland,Dr. Anne Turner,BBC One
British academy television award for best actress,2011 (57th),Anna Maxwell Martin,South Riding,Sarah Burton,BBC One
British academy television award for best actress,2011 (57th),Natalie Press,Five Daughters,Paula Clennell,BBC One
British academy television award for best actress,2011 (57th),Juliet Stevenson,Accused,Helen Ryland,BBC One
British academy television award for best actress,2012 (58th),Romola Garai,The Crimson Petal and the White,Sugar,BBC Two
British academy television award for best actress,2012 (58th),Vicky McClure,This Is England '88,"Lorranie ""Lol"" Jenkins",Channel 4
British academy television award for best actress,2012 (58th),Nadine Marshall,Random,Sister,Channel 4
British academy television award for best actress,2013 (59th),Rebecca Hall,Parade's End,Sylvia Tietjens,BBC Two
British academy television award for best actress,2013 (59th),Sienna Miller,The Girl,Tippi Hedren,BBC Two
British academy television award for best actress,2013 (59th),Anne Reid,Last Tango in Halifax,Celia Dawson,BBC One
British academy television award for best actress,2014 (60th),Helena Bonham Carter,Burton & Taylor,Elizabeth Taylor,BBC Four
British academy television award for best actress,2014 (60th),Kerrie Hayes,The Mill,Esther Price,Channel 4
British academy television award for best actress,2014 (60th),Maxine Peake,The Village,Grace Middleton,BBC One
British academy television award for best actress,2015 (61st),Keeley Hawes,Line of Duty,Lindsay Denton,BBC Two
British academy television award for best actress,2015 (61st),Sarah Lancashire,Happy Valley,Catherine Cawood,BBC One
British academy television award for best actress,2015 (61st),Sheridan Smith,Cilla,Cilla Black,ITV
British academy television award for best actress,2016 (62nd),Claire Foy,Wolf Hall,Anne Boleyn,BBC Two
British academy television award for best actress,2016 (62nd),Sheridan Smith,The C-Word,Lisa Lynch,BBC One
British academy television award for best actress,2016 (62nd),Ruth Madeley,Don't Take My Baby,Anna Howard,BBC Three
British academy television award for best actress,2017 (63rd),Sarah Lancashire,Happy Valley,Catherine Cawood,BBC One
British academy television award for best actress,2017 (63rd),Nikki Amuka-Bird,NW,Natalie Blake,BBC Two
British academy television award for best actress,2017 (63rd),Claire Foy,The Crown,Queen Elizabeth II,Netflix
British academy television award for best actress,2017 (63rd),Jodie Comer,Thirteen,Ivy Moxam,BBC Three/BBC Two
British academy television award for best actress,2018 (64th),Molly Windsor,Three Girls,Holly Winshaw,BBC One
British academy television award for best actress,2018 (64th),Claire Foy,The Crown,Queen Elizabeth II,Netflix
British academy television award for best actress,2018 (64th),Sinead Keenan,Little Boy Blue,Melanie Jones,ITV
British academy television award for best actress,2018 (64th),Thandie Newton,Line of Duty,"Roseanne ""Roz"" Huntley",BBC Two
British academy television award for best actress,2019 (65th),Jodie Comer,Killing Eve,Villanelle / Oksana Astankova,BBC One
British academy television award for best actress,2019 (65th),Keeley Hawes,Bodyguard,Julia Montague,BBC One
British academy television award for best actress,2019 (65th),Sandra Oh,Killing Eve,Eve Polastri,BBC One
British academy television award for best actress,2019 (65th),Ruth Wilson,Mrs Wilson,Alison Wilson,BBC One
