0,1,2,3,4,5
Primetime Emmy Award for Outstanding Directing for a Variety Series,2000,Chris Rock: Bigger & Blacker,Chris Rock: Bigger & Blacker,Keith Truesdell,HBO
Primetime Emmy Award for Outstanding Directing for a Variety Series,2000,"The Gershwins' ""Crazy for You"" (Great Performances)","The Gershwins' ""Crazy for You"" (Great Performances)",Matthew Diamond,PBS
Primetime Emmy Award for Outstanding Directing for a Variety Series,2000,Late Show with David Letterman,"""1294""",Jerry Foley,CBS
Primetime Emmy Award for Outstanding Directing for a Variety Series,2000,Saturday Night Live: The 25th Anniversary Special,Saturday Night Live: The 25th Anniversary Special,Beth McCarthy-Miller,NBC
Primetime Emmy Award for Outstanding Directing for a Variety Series,2000,The Tonight Show with Jay Leno,"""1770""",Ellen Brown,NBC
Primetime Emmy Award for Outstanding Directing for a Variety Series,2001,The 73rd Annual Academy Awards,The 73rd Annual Academy Awards,Louis J. Horvitz,ABC
Primetime Emmy Award for Outstanding Directing for a Variety Series,2001,Bruce Springsteen & The E Street Band: Live in New York City,Bruce Springsteen & The E Street Band: Live in New York City,Chris Hilson,HBO
Primetime Emmy Award for Outstanding Directing for a Variety Series,2001,Late Show with David Letterman,"""1527""",Jerry Foley,CBS
Primetime Emmy Award for Outstanding Directing for a Variety Series,2001,The 54th Annual Tony Awards,The 54th Annual Tony Awards,Paul Miller,CBS
Primetime Emmy Award for Outstanding Directing for a Variety Series,2002,The 74th Annual Academy Awards,The 74th Annual Academy Awards,Louis J. Horvitz,ABC
Primetime Emmy Award for Outstanding Directing for a Variety Series,2002,America: A Tribute to Heroes,America: A Tribute to Heroes,Joel Gallen and Beth McCarthy-Miller,
Primetime Emmy Award for Outstanding Directing for a Variety Series,2002,From Broadway: Fosse (Great Performances),From Broadway: Fosse (Great Performances),Matthew Diamond,PBS
Primetime Emmy Award for Outstanding Directing for a Variety Series,2002,Late Show with David Letterman,Late Show with David Letterman,Jerry Foley,CBS
Primetime Emmy Award for Outstanding Directing for a Variety Series,2003,The 75th Annual Academy Awards,The 75th Annual Academy Awards,Louis J. Horvitz,ABC
Primetime Emmy Award for Outstanding Directing for a Variety Series,2003,Bruce Springsteen & The E Street Band: Live in Barcelona,Bruce Springsteen & The E Street Band: Live in Barcelona,Chris Hilson,CBS
Primetime Emmy Award for Outstanding Directing for a Variety Series,2003,Late Show with David Letterman,"""1876""",Jerry Foley,CBS
Primetime Emmy Award for Outstanding Directing for a Variety Series,2003,Saturday Night Live,"""Host: Christopher Walken""",Beth McCarthy-Miller,NBC
Primetime Emmy Award for Outstanding Directing for a Variety Series,2004,Bill Maher: Victory Begins at Home,Bill Maher: Victory Begins at Home,John Moffitt,HBO
Primetime Emmy Award for Outstanding Directing for a Variety Series,2004,Chappelle's Show,"""204""","Neal Brennan, Andre Allen and Scott Vincent",Comedy Central
Primetime Emmy Award for Outstanding Directing for a Variety Series,2004,The Daily Show with Jon Stewart,"""8086""",Chuck O'Neil,Comedy Central
Primetime Emmy Award for Outstanding Directing for a Variety Series,2004,Elaine Stritch: At Liberty,Elaine Stritch: At Liberty,"Andy Picheta, Nick Doob, Chris Hegedus and D.A. Pennebaker",HBO
Primetime Emmy Award for Outstanding Directing for a Variety Series,2004,Late Show with David Letterman,"""2170""",Jerry Foley,CBS
Primetime Emmy Award for Outstanding Directing for a Variety Series,2005,The 77th Annual Academy Awards,The 77th Annual Academy Awards,Louis J. Horvitz,ABC
Primetime Emmy Award for Outstanding Directing for a Variety Series,2005,Da Ali G Show,"""Rekognize""",James Bobin,HBO
Primetime Emmy Award for Outstanding Directing for a Variety Series,2005,The Daily Show with Jon Stewart,"""9010""",Chuck O'Neil,Comedy Central
Primetime Emmy Award for Outstanding Directing for a Variety Series,2005,Late Show with David Letterman,"""2269""",Jerry Foley,CBS
Primetime Emmy Award for Outstanding Directing for a Variety Series,2006,The Colbert Report,"""110""",Jim Hoskinson,Comedy Central
Primetime Emmy Award for Outstanding Directing for a Variety Series,2006,The Daily Show with Jon Stewart,"""10140""",Chuck O'Neil,Comedy Central
Primetime Emmy Award for Outstanding Directing for a Variety Series,2006,Saturday Night Live,"""Host: Steve Martin""",Beth McCarthy-Miller,NBC
Primetime Emmy Award for Outstanding Directing for a Variety Series,2007,Tony Bennett: An American Classic,Tony Bennett: An American Classic,Rob Marshall,NBC
Primetime Emmy Award for Outstanding Directing for a Variety Series,2007,The Colbert Report,"""2161""",Jim Hoskinson,Comedy Central
Primetime Emmy Award for Outstanding Directing for a Variety Series,2007,The Daily Show with Jon Stewart,"""12061""",Chuck O'Neil,Comedy Central
Primetime Emmy Award for Outstanding Directing for a Variety Series,2008,The Colbert Report,"""4051""",Jim Hoskinson,Comedy Central
Primetime Emmy Award for Outstanding Directing for a Variety Series,2008,Company (Great Performances),Company (Great Performances),Lonny Price,PBS
Primetime Emmy Award for Outstanding Directing for a Variety Series,2008,The Daily Show with Jon Stewart,"""13050""",Chuck O'Neil,Comedy Central
Primetime Emmy Award for Outstanding Directing for a Variety Series,2009,The Colbert Report,"""4159""",Jim Hoskinson,Comedy Central
Primetime Emmy Award for Outstanding Directing for a Variety Series,2009,The Daily Show with Jon Stewart,"""13107""",Chuck O'Neil,Comedy Central
Primetime Emmy Award for Outstanding Directing for a Variety Series,2009,Late Show with David Letterman,"""2932""",Jerry Foley,CBS
Primetime Emmy Award for Outstanding Directing for a Variety Series,2009,Real Time with Bill Maher,"""705""",Hal Grant,HBO
