0,1,2,3,4
Camoens Prize,1990,João Cabral de Melo Neto (1920–1999), Brazil,poetry
Camoens Prize,1991,José Craveirinha (1922–2003), Mozambique,"poetry, journalism"
Camoens Prize,1992,Vergílio Ferreira (1916–1996), Portugal,"novel, short story, memoirs, essay"
Camoens Prize,1995,José Saramago (1922–2010), Portugal,"novel, short story, drama, poetry, memoirs, journalism, children's literature"
Camoens Prize,1996,Eduardo Lourenço (1923–2020), Portugal,"philosophy, literary criticism, essay"
Camoens Prize,2001,Eugénio de Andrade (1923–2005), Portugal,"poetry, children's literature, translation, short story"
Camoens Prize,2004,Agustina Bessa-Luís (1922–2019), Portugal,"novel, short story, drama, essay, children's literature, biography, memoirs"
Camoens Prize,2006,José Luandino Vieira (1935 – ) – refused, Portugal /  Angola,"novel, short story, journalism, children's literature, translation"
Camoens Prize,2007,António Lobo Antunes (1942 – ), Portugal,"novel, short story"
Camoens Prize,2008,João Ubaldo Ribeiro (1941 – 2014), Brazil,"novel, short story, journalism, children's literature, essay"
Camoens Prize,2009,Arménio Vieira (1941 – ), Cape Verde,"poetry, journalism"
Camoens Prize,2011,Manuel António Pina (1943–2012), Portugal,"poetry, children's literature, drama, short story, journalism"
Camoens Prize,2015,Hélia Correia (1949 – ), Portugal,"novel, children's literature, drama, poetry"
Camoens Prize,2020,Vítor Manuel de Aguiar e Silva (1939 –), Portugal,essay
Camoens Prize,2021,Paulina Chiziane (1955 –), Mozambique,novel
Camoens Prize,2022,Silviano Santiago (1936 –), Brazil,"novel, essay, literary criticism"
