0,1,2,3
Best Actor Academy Award,George Arliss ,The Raja,The Green Goddess
Best Actor Academy Award,Wallace Beery,"Butch ""Machine Gun"" Schmidt",The Big House
Best Actor Academy Award,Maurice Chevalier ,Pierre Mirande,The Big Pond
Best Actor Academy Award,Maurice Chevalier ,Count Alfred Renard,The Love Parade
Best Actor Academy Award,Ronald Colman ,"Capt. Hugh ""Bulldog"" Drummond",Bulldog Drummond
Best Actor Academy Award,Ronald Colman ,Michel,Condemned
Best Actor Academy Award,Lawrence Tibbett,Yegor,The Rogue Song
Best Actor Academy Award,Jackie Cooper,Skippy Skinner,Skippy
Best Actor Academy Award,Richard Dix,Yancey Cravat,Cimarron
Best Actor Academy Award,Fredric March,Tony Cavendish,The Royal Family of Broadway
Best Actor Academy Award,Adolphe Menjou,Walter Burns,The Front Page
Best Actor Academy Award,Fredric March  (Tie) ,Dr. Henry Jekyll / Mr. Edward Hyde,Dr. Jekyll and Mr. Hyde
Best Actor Academy Award,Alfred Lunt,The Actor,The Guardsman
Best Actor Academy Award,Leslie Howard,Peter Standish,Berkeley Square
Best Actor Academy Award,Paul Muni,James Allen,I Am a Fugitive from a Chain Gang
Best Actor Academy Award,Frank Morgan,"Alessandro, Duke of Florence",The Affairs of Cellini
Best Actor Academy Award,William Powell,Nick Charles,The Thin Man
Best Actor Academy Award,Victor McLaglen ,Gypo Nolan,The Informer
Best Actor Academy Award,Clark Gable,Lt. Fletcher Christian,Mutiny on the Bounty
Best Actor Academy Award,Charles Laughton,Captain William Bligh,Mutiny on the Bounty
Best Actor Academy Award,Franchot Tone,Midshipman Roger Byam,Mutiny on the Bounty
Best Actor Academy Award,Gary Cooper,Longfellow Deeds,Mr. Deeds Goes to Town
Best Actor Academy Award,Walter Huston,Sam Dodsworth,Dodsworth
Best Actor Academy Award,William Powell,Godfrey Park,My Man Godfrey
Best Actor Academy Award,Spencer Tracy,Father Tim Mullin,San Francisco
Best Actor Academy Award,Charles Boyer,Emperor Napoleon Bonaparte,Conquest
Best Actor Academy Award,Fredric March,Norman Maine,A Star Is Born
Best Actor Academy Award,Robert Montgomery,Danny,Night Must Fall
Best Actor Academy Award,Paul Muni,Émile Zola,The Life of Emile Zola
Best Actor Academy Award,Charles Boyer,Pepe le Moko,Algiers
Best Actor Academy Award,James Cagney,Rocky Sullivan,Angels with Dirty Faces
Best Actor Academy Award,Robert Donat,Dr. Andrew Manson,The Citadel
Best Actor Academy Award,Leslie Howard,Professor Henry Higgins,Pygmalion
Best Actor Academy Award,Robert Donat ,Charles Edward Chipping,"Goodbye, Mr. Chips"
Best Actor Academy Award,Clark Gable,Rhett Butler,Gone with the Wind
Best Actor Academy Award,Laurence Olivier,Heathcliff,Wuthering Heights
Best Actor Academy Award,Mickey Rooney,Mickey Moran,Babes in Arms
Best Actor Academy Award,James Stewart,Jefferson Smith,Mr. Smith Goes to Washington
