0,1,2,3,4
The Right Stuff (film),American Cinema Editors Awards,Best Edited Feature Film,"Glenn Farr, Lisa Fruchtman, Stephen A. Rotter and Tom Rolf",Nominated
The Right Stuff (film),Blue Ribbon Awards,Best Foreign Language Film,Philip Kaufman,Won
The Right Stuff (film),Bodil Awards,Best Non-European Film,Philip Kaufman,Won
The Right Stuff (film),Cahiers du Cinéma,Best Film,Philip Kaufman,7th Place
The Right Stuff (film),Directors Guild of America Awards,Outstanding Directorial Achievement in Motion Pictures,Philip Kaufman,Nominated
The Right Stuff (film),Golden Globe Awards,Best Motion Picture – Drama,Best Motion Picture – Drama,Nominated
The Right Stuff (film),Golden Reel Awards,Best Sound Editing – ADR,"C.J. Appel, Richard Hymns, Vivien Hillgrove Gilliam and Barbara McBane",Won
The Right Stuff (film),Hugo Awards,Best Dramatic Presentation,Philip Kaufman (screenplay/director) and Tom Wolfe (based on the book),Nominated
The Right Stuff (film),Japan Academy Film Prize,Outstanding Foreign Language Film,Outstanding Foreign Language Film,Nominated
The Right Stuff (film),Kansas City Film Critics Circle Awards,Best Director,Philip Kaufman,Won
The Right Stuff (film),London Critics' Circle Film Awards,Screenwriter of the Year,Philip Kaufman,Won
The Right Stuff (film),National Board of Review Awards,Top Ten Films,Top Ten Films,5th Place
The Right Stuff (film),National Film Preservation Board,National Film Registry,National Film Registry,Inducted
The Right Stuff (film),National Society of Film Critics Awards,Best Director,Philip Kaufman,2nd Place
The Right Stuff (film),New York Film Critics Circle Awards,Best Film,Best Film,Runner-up
The Right Stuff (film),New York Film Critics Circle Awards,Best Director,Philip Kaufman,Runner-up
The Right Stuff (film),New York Film Critics Circle Awards,Best Supporting Actor,Ed Harris,Runner-up
The Right Stuff (film),Writers Guild of America Awards,Best Drama Adapted from Another Medium,Philip Kaufman,Nominated
The Right Stuff (film),Young Artist Awards,Best Family Motion Picture – Drama,Best Family Motion Picture – Drama,Nominated
