0,1,2,3,4
Penelope Alice Wilton,1981,Olivier Award for Actress of the Year in a Revival,Man and Superman,Nominated
Penelope Alice Wilton,1981,Critics' Circle Award for Best Actress,Much Ado About Nothing,Won
Penelope Alice Wilton,1988,Olivier Award for Actress of the Year in a New Play,The Secret Rapture,Nominated
Penelope Alice Wilton,1993,Critics' Circle Award for Best Actress,The Deep Blue Sea,Won
Penelope Alice Wilton,1994,Olivier Award for Best Actress,The Deep Blue Sea,Nominated
Penelope Alice Wilton,2001,Evening Standard Award for Best Actress,The Little Foxes,Nominated
Penelope Alice Wilton,2008,Olivier Award for Best Actress,John Gabriel Borkman,Nominated
Penelope Alice Wilton,2008,Evening Standard Award for Best Actress,The Chalk Garden,Won
Penelope Alice Wilton,2009,Olivier Award for Best Actress,The Chalk Garden,Nominated
Penelope Alice Wilton,2015,Olivier Award for Best Actress,Taken at Midnight,Won
Penelope Alice Wilton,2012,Critics' Choice Movie Award for Best Acting Ensemble,The Best Exotic Marigold Hotel,Nominated
Penelope Alice Wilton,2012,Screen Actors Guild Award for Outstanding Performance by a Cast in a Motion Picture,The Best Exotic Marigold Hotel,Nominated
