0,1,2,3,4,5,6,7
Sun Yat-sen孫中山(1866–1925),1 January 1912,10 March 1912,Tongmenghui,,Li Yuanhong (Nonpartisan),Provisional (1911),None
Yuan Shikai袁世凱(1859–1916),10 March 1912,10 October 1913,Beiyang clique,,Li Yuanhong (Nonpartisan),Provisional (1912),None
Yuan Shikai袁世凱(1859–1916),10 October 1913,6 June 1916,Beiyang clique,,Li Yuanhong (Progressive),1st (1913),None
Li Yuanhong黎元洪(1864–1928),7 June 1916,17 July 1917,Progressive Party,,Feng Guozhang (Zhili clique),1st (1913),None
Feng Guozhang馮國璋(1859–1919)(acting),17 July 1917,10 October 1918,Zhili clique,Vacant,Vacant,1st (1913),None
Xu Shichang徐世昌(1855–1939),10 October 1918,2 June 1922,Anhui clique,Vacant,Vacant,2nd (1918),None
Zhou Ziqi周自齊(1871–1923)(acting),2 June 1922,11 June 1922,Communications Clique,Vacant,Vacant,2nd (1918),None
Li Yuanhong黎元洪(1864–1928),11 June 1922,13 June 1923,Research Clique,Vacant,Vacant,2nd (1918),None
Gao Lingwei高凌霨(1868–1939)(acting),14 June 1923,10 October 1923,Zhili clique,Vacant,Vacant,2nd (1918),None
Cao Kun曹錕(1862–1938),10 October 1923,2 November 1924,Zhili clique,Vacant,Vacant,(1923),None
Huang Fu黃郛(1883–1936)(acting),2 November 1924,24 November 1924,Nonpartisan,Vacant,Vacant,(1923),None
Duan Qirui段祺瑞(1865–1936),24 November 1924,20 April 1926,Anhui clique,Vacant,Vacant,(1923),None
Duan Qirui段祺瑞(1865–1936),24 November 1924,20 April 1926,Anhui clique,Vacant,Vacant,None,None
Hu Weide胡惟德(1863–1933)(acting),20 April 1926,13 May 1926,Zhili clique,Vacant,Vacant,Vacant,None
Yan Huiqing(W.W. Yan)顏惠慶(1877–1950)(acting),13 May 1926,22 June 1926,Nonpartisan,Vacant,Vacant,Vacant,None
Du Xigui杜錫珪(1875–1933)(acting),22 June 1926,1 October 1926,Zhili clique,Vacant,Vacant,Vacant,None
V.K. Wellington Koo顧維鈞(1888–1985)(acting),1 October 1926,17 June 1927,Nonpartisan,Vacant,Vacant,Vacant,None
Zhang Zuolin張作霖(1875–1928),18 June 1927,4 June 1928,Fengtian clique,Vacant,Vacant,Vacant,None
Tan Yankai譚延闓(1880–1930),7 February 1928,10 October 1928,Kuomintang,,2nd National Congress of Kuomintang(4th plenum),2nd National Congress of Kuomintang(4th plenum),None
Chiang Kai-shek蔣中正(1887–1975),10 October 1928,15 December 1931,Kuomintang,,2nd National Congress of Kuomintang(5th plenum),2nd National Congress of Kuomintang(5th plenum),None
Lin Sen林森(1868–1943),15 December 1931,1 August 1943,Kuomintang,,2nd National Congress of Kuomintang(5th plenum),None,None
Lin Sen林森(1868–1943),15 December 1931,1 August 1943,Kuomintang,,4th National Congress of Kuomintang(1st plenum),4th National Congress of Kuomintang(1st plenum),None
Chiang Kai-shek蔣中正(1887–1975),1 August 1943,20 May 1948,Kuomintang,,4th National Congress of Kuomintang(1st plenum),None,None
Chiang Kai-shek蔣中正(1887–1975),1 August 1943,20 May 1948,Kuomintang,,5th National Congress of Kuomintang(11th plenum),5th National Congress of Kuomintang(11th plenum),None
Li Zongren李宗仁(1890–1969)(acting),21 January 1949,1 March 1950,Kuomintang,Vacant,Vacant,1 (1948),None
