0,1,2,3
AACTA Award for Best Film,1969(11th),Jack and Jill: A Postscript,Phillip Adams and Brian Robinson
AACTA Award for Best Film,1970(12th),Three to Go: Michael,Gil Brealey
AACTA Award for Best Film,1971(13th),Homesdale,Grahame Bond and Richard Brennan
AACTA Award for Best Film,1972(14th),Stork,Tim Burstall
AACTA Award for Best Film,1973(15th),27A,Haydn Keenan
AACTA Award for Best Film,1973(15th),Libido: The Child,Christopher Muir and John B. Murray
AACTA Award for Best Film,1974–75(16th and 17th),Sunday Too Far Away,Gil Brealey and Matt Carroll
AACTA Award for Best Film,1974–75(16th and 17th),Petersen,Tim Burstall
AACTA Award for Best Film,1974–75(16th and 17th),Between Wars,Michael Thornhill
AACTA Award for Best Film,1976(18th),The Devil's Playground,Fred Schepisi
AACTA Award for Best Film,1976(18th),Caddie,Anthony Buckley
AACTA Award for Best Film,1976(18th),Picnic at Hanging Rock,Hal and Jim McElroy
AACTA Award for Best Film,1976(18th),Pure Shit,Bob Weis
AACTA Award for Best Film,1977(19th),Storm Boy,Matt Carroll and Jane Scott
AACTA Award for Best Film,1977(19th),Break of Day,Patricia Lovell
AACTA Award for Best Film,1977(19th),Don's Party,Phillip Adams
AACTA Award for Best Film,1977(19th),The Picture Show Man,Joan Long
AACTA Award for Best Film,1978(20th),Newsfront,David Elfick
AACTA Award for Best Film,1978(20th),Mouth to Mouth,John Duigan and Jon Sainken
AACTA Award for Best Film,1978(20th),Patrick,Richard Franklin and Antony I. Ginnane
AACTA Award for Best Film,1978(20th),The Chant of Jimmie Blacksmith,Fred Schepisi
AACTA Award for Best Film,1979(21st),My Brilliant Career,Margaret Fink
AACTA Award for Best Film,1979(21st),Cathy's Child,Pom Oliver and Errol Sullivan
AACTA Award for Best Film,1979(21st),In Search of Anna,Esben Storm
AACTA Award for Best Film,1979(21st),Mad Max,Byron Kennedy
AACTA Award for Best Film,1980(22nd),Breaker Morant,Matt Carroll
AACTA Award for Best Film,1980(22nd),Manganinnie,Gilda Baracchi
AACTA Award for Best Film,1980(22nd),...Maybe This Time,Brian Kavanagh
AACTA Award for Best Film,1980(22nd),Stir,Richard Brennan
AACTA Award for Best Film,1981(23rd),Gallipoli,Patricia Lovell and Robert Stigwood
AACTA Award for Best Film,1981(23rd),The Club,Matt Carroll
AACTA Award for Best Film,1981(23rd),Winter of Our Dreams,Richard Mason
AACTA Award for Best Film,1981(23rd),Wrong Side of the Road,Graeme Isaac and Ned Lander
AACTA Award for Best Film,1982(24th),Lonely Hearts,John B. Murray
AACTA Award for Best Film,1982(24th),Goodbye Paradise,Jane Scott
AACTA Award for Best Film,1982(24th),Monkey Grip,Patricia Lovell
AACTA Award for Best Film,1982(24th),We of the Never Never,Greg Tepper and John B. Murray
AACTA Award for Best Film,1983(25th),"Careful, He Might Hear You",Jill Robb
AACTA Award for Best Film,1983(25th),Man of Flowers,Jane Ballantyne and Paul Cox
AACTA Award for Best Film,1983(25th),Phar Lap,John Sexton
AACTA Award for Best Film,1983(25th),The Year of Living Dangerously,Jim McElroy
AACTA Award for Best Film,1984(26th),Annie's Coming Out,Don Murray
AACTA Award for Best Film,1984(26th),My First Wife,Jane Ballantyne and Paul Cox
AACTA Award for Best Film,1984(26th),Silver City,Joan Long
AACTA Award for Best Film,1984(26th),Strikebound,"Miranda Bain, Richard Lowenstein and Timothy White"
AACTA Award for Best Film,1985(27th),Bliss,Anthony Buckley
AACTA Award for Best Film,1985(27th),A Street to Die,Bill Bennett
AACTA Award for Best Film,1985(27th),Fran,David Rapsey
AACTA Award for Best Film,1985(27th),Unfinished Business,Rebel Penfold-Russell
AACTA Award for Best Film,1986(28th),Malcolm,Margaret Fink
AACTA Award for Best Film,1986(28th),Short Changed,Ross Matthews
AACTA Award for Best Film,1986(28th),The Fringe Dwellers,Sue Milliken
AACTA Award for Best Film,1986(28th),The More Things Change...,Jill Robb
AACTA Award for Best Film,1987(29th),The Year My Voice Broke,"Terry Hayes, George Miller and Doug Mitchell"
AACTA Award for Best Film,1987(29th),Ground Zero,Michael Pattinson
AACTA Award for Best Film,1987(29th),High Tide,Sandra Levy
AACTA Award for Best Film,1987(29th),The Tale of Ruby Rose,"Bryce Menzies, Andrew Wiseman"
AACTA Award for Best Film,1988(30th),The Navigator: A Medieval Odyssey,David Elfick
AACTA Award for Best Film,1988(30th),Boulevard of Broken Dreams,"Frank Howson, Jacques Khouri and William J. Vass"
AACTA Award for Best Film,1988(30th),Grievous Bodily Harm,Richard Brennan
AACTA Award for Best Film,1988(30th),Mull,D. Howard Grigsby
AACTA Award for Best Film,1989(31st),Dead Calm,"Terry Hayes, George Miller and Doug Mitchell"
AACTA Award for Best Film,1989(31st),Ghosts... of the Civil Dead,Evan English
AACTA Award for Best Film,1989(31st),Island,Paul Cox and Santhana K. Naidu
AACTA Award for Best Film,1990(32nd),Flirting,"Terry Hayes, George Miller and Doug Mitchell"
AACTA Award for Best Film,1990(32nd),Blood Oath,Charles Waterstreet and Denis Whitburn
AACTA Award for Best Film,1990(32nd),Struck by Lightning,Terry J. Charatsis and Trevor Farrant
AACTA Award for Best Film,1990(32nd),The Big Steal,Nadia Tass and Davide Parker
AACTA Award for Best Film,1991(33rd),Proof,Lynda House
AACTA Award for Best Film,1991(33rd),Death in Brunswick,Timothy White
AACTA Award for Best Film,1991(33rd),Dingo,"Rolf de Heer, Giorgio Draskovic, Marie-Pascale Osterrieth, Marc Rosenberg"
AACTA Award for Best Film,1991(33rd),Spotswood,Richard Brennan and Timothy White
AACTA Award for Best Film,1992(34th),Strictly Ballroom,Tristram Miall
AACTA Award for Best Film,1992(34th),Black Robe,"Robert Lantos, Sue Milliken and Stéphane Reichel"
AACTA Award for Best Film,1992(34th),Romper Stomper,Ian Pringle and Daniel Scharf
AACTA Award for Best Film,1992(34th),The Last Days of Chez Nous,Jan Chapman
AACTA Award for Best Film,1993(35th),The Piano,Jan Chapman
AACTA Award for Best Film,1993(35th),Map of the Human Heart,Tim Bevan and Vincent Ward
AACTA Award for Best Film,1993(35th),On My Own,Leo Pescarolo and Elisa Resegotti
AACTA Award for Best Film,1993(35th),The Heartbreak Kid,Ben Gannon
AACTA Award for Best Film,1994(36th),"The Adventures of Priscilla, Queen of the Desert","Al Clark, Michael Hamlyn"
AACTA Award for Best Film,1994(36th),Bad Boy Bubby,"Rolf de Heer, Domenico Procacci, Giorgio Draskovic"
AACTA Award for Best Film,1994(36th),The Sum of Us,Hal McElroy
AACTA Award for Best Film,1995(37th),Angel Baby,Jonathan Shteinman and Timothy White
AACTA Award for Best Film,1995(37th),All Men Are Liars,John Maynard
AACTA Award for Best Film,1995(37th),Hotel Sorrento,Richard Franklin and Peter Fitzpatrick
AACTA Award for Best Film,1995(37th),"That Eye, the Sky",Hal McElroy
AACTA Award for Best Film,1996(37th),Shine,Jane Scott
AACTA Award for Best Film,1996(37th),Children of the Revolution,Tristram Miall
AACTA Award for Best Film,1996(37th),Love and Other Catastrophes,"Helen Bandis, Stavros Kazantzidis and Yael Bergman"
AACTA Award for Best Film,1996(37th),Mr. Reliable,Hal McElroy
AACTA Award for Best Film,1997(39th),Kiss or Kill,Bill Bennett
AACTA Award for Best Film,1997(39th),Blackrock,"David Elfick, Rick Enright and Melanie Ritchie"
AACTA Award for Best Film,1997(39th),Doing Time for Patsy Cline,Chris Kennedy
AACTA Award for Best Film,1997(39th),The Well,Sandra Levy
AACTA Award for Best Film,1998(40th),The Interview,Bill Hughes
AACTA Award for Best Film,1998(40th),The Boys,Robert Connolly and John Maynard
AACTA Award for Best Film,1998(40th),Head On,Jane Scott
AACTA Award for Best Film,1998(40th),Radiance,Ned Lander and Andy Myer
AACTA Award for Best Film,1999(41st),Two Hands,Marian Macgowan
AACTA Award for Best Film,1999(41st),Praise,Martha Coleman
AACTA Award for Best Film,1999(41st),Siam Sunset,Max Dann and Andrew Knight
AACTA Award for Best Film,1999(41st),Soft Fruit,Helen Bowden
AACTA Award for Best Film,2000(42nd),Looking for Alibrandi,Robyn Kershaw
AACTA Award for Best Film,2000(42nd),Better Than Sex,Frank Cox and Bruna Papandrea
AACTA Award for Best Film,2000(42nd),Bootmen,Hilary Linstead
AACTA Award for Best Film,2000(42nd),Chopper,Michele Bennett
AACTA Award for Best Film,2001(43rd),Lantana,Jan Chapman
AACTA Award for Best Film,2001(43rd),The Bank,John Maynard
AACTA Award for Best Film,2001(43rd),The Dish,"Santo Cilauro, Tom Gleisner, Michael Hirsh, Jane Kennedy and Rob Sitch"
AACTA Award for Best Film,2001(43rd),Moulin Rouge!,"Baz Luhrmann, Fred Baron and Martin Brown"
AACTA Award for Best Film,2002(44th),Rabbit-Proof Fence,"Phillip Noyce, Christine Olsen and John Winter"
AACTA Award for Best Film,2002(44th),Australian Rules,Mark Lazarus
AACTA Award for Best Film,2002(44th),Beneath Clouds,Teresa-Jayne Hanlon
AACTA Award for Best Film,2002(44th),The Tracker,Julie Ryan and Rolf de Heer
AACTA Award for Best Film,2003(45th),Japanese Story,Sue Maslin
AACTA Award for Best Film,2003(45th),Alexandra's Project,Rolf de Heer and Antonio Zeccola
AACTA Award for Best Film,2003(45th),Gettin' Square,"Martin Fabinyi, Timothy White, Trisha Lake"
AACTA Award for Best Film,2003(45th),The Rage in Placid Lake,Marian McGowan
AACTA Award for Best Film,2004(46th),Somersault,Anthony Anderson and Jan Chapman
AACTA Award for Best Film,2004(46th),Love's Brother,Jane Scott
AACTA Award for Best Film,2004(46th),The Old Man Who Read Love Stories,Julie Ryan
AACTA Award for Best Film,2004(46th),Tom White,Daniel Scharf
AACTA Award for Best Film,2005(47th),Look Both Ways,"Bridget Ikin, Barbara Masel and Andrew Myer"
AACTA Award for Best Film,2005(47th),Little Fish,"Robert Mullis, Devesh Chetty and Kirk D'amico"
AACTA Award for Best Film,2005(47th),Oyster Farmer,Anthony Buckley and Piers Tempest
AACTA Award for Best Film,2005(47th),The Proposition,"Chris Brown, Jackie O'Sullivan, Chiara Menage and Cat Villiers"
AACTA Award for Best Film,2006(48th),Ten Canoes,Rolf de Heer and Julie Ryan
AACTA Award for Best Film,2006(48th),Candy,Margaret Fink and Emile Sherman
AACTA Award for Best Film,2006(48th),Jindabyne,"Philippa Bateman, Garry Charny and Catherine Jarman"
AACTA Award for Best Film,2006(48th),Kenny,Clayton Jacobson and Rohan Timlock
AACTA Award for Best Film,2007(49th),"Romulus, My Father",Robert Connolly and John Maynard
AACTA Award for Best Film,2007(49th),Lucky Miles,Jo Dyer and Lesley Dyer
AACTA Award for Best Film,2007(49th),Noise,Trevor Blainey
AACTA Award for Best Film,2008(50th),The Black Balloon,Tristram Miall
AACTA Award for Best Film,2008(50th),The Jammed,Dee McLachlan and Andrea Buck
AACTA Award for Best Film,2008(50th),The Square,Louise Smith
AACTA Award for Best Film,2008(50th),Unfinished Sky,Cathy Overett and Anton Smit
AACTA Award for Best Film,2009(51st),Balibo,"Anthony LaPaglia, John Maynard, Dominic Purcell and Rebecca Williamson"
AACTA Award for Best Film,2009(51st),Beautiful Kate,Bryan Brown and Leah Churchill-Brown
AACTA Award for Best Film,2009(51st),Blessed,"Al Clark, Barbara Gibbs, Phil Hunt, Marian Macgowan and Compton Ross"
AACTA Award for Best Film,2009(51st),Mao's Last Dancer,Jane Scott
AACTA Award for Best Film,2009(51st),Mary and Max,Melanie Coombs
AACTA Award for Best Film,2010(52nd),Beneath Hill 60,Bill Leimbach
AACTA Award for Best Film,2010(52nd),Bran Nue Dae,Robyn Kershaw and Graeme Isaac
AACTA Award for Best Film,2010(52nd),Bright Star,Jan Chapman and Caroline Hewitt
AACTA Award for Best Film,2010(52nd),The Tree,Sue Taylor and Yael Fogiel
AACTA Award for Best Film,2010(52nd),"Tomorrow, When the War Began",Andrew Mason and Michael Boughen
AACTA Award for Best Film,2011(1st),The Eye of the Storm,"Antony Waddington, Gregory J. Read and Fred Schepisi"
AACTA Award for Best Film,2011(1st),The Hunter,Vincent Sheehan
AACTA Award for Best Film,2011(1st),Mad Bastards,"David Jowsey, Alan Pigram, Stephen Pigram and Brendan Fletcher"
AACTA Award for Best Film,2011(1st),Oranges and Sunshine,"Camilla Bray, Emile Sherman and Iain Canning"
AACTA Award for Best Film,2011(1st),Snowtown,Anna McLeish and Sarah Shaw
AACTA Award for Best Film,2012(2nd),The Sapphires,Rosemary Blight and Kylie du Fresne
AACTA Award for Best Film,2012(2nd),Burning Man,Andy Paterson and Jonathan Teplitzky
AACTA Award for Best Film,2012(2nd),Wish You Were Here,Angie Fielder
AACTA Award for Best Film,2013(3rd),The Great Gatsby,"Baz Luhrmann, Catherine Martin, Douglas Wick, Lucy Fisher, and Catherine Knapman"
AACTA Award for Best Film,2013(3rd),Mystery Road,David Jowsey
AACTA Award for Best Film,2013(3rd),The Rocket,Sylvia Wilczynski
AACTA Award for Best Film,2013(3rd),Satellite Boy,"David Jowsey, Julie Ryan, and Catriona McKenzie"
AACTA Award for Best Film,2013(3rd),The Turning,"Robert Connolly, Maggie Miles, and The Turning Ensemble"
AACTA Award for Best Film,2014(4th),The Babadook,Kristina Ceyton and Kristian Molière
AACTA Award for Best Film,2014(4th),The Water Diviner,"Andrew Mason, Troy Lum, and Keith Rodger"
AACTA Award for Best Film,2014(4th),Charlie's Country,"Nils Erik Nielsen, Peter Djigirr, and Rolf de Heer"
AACTA Award for Best Film,2014(4th),Predestination,"Paddy McDonald, Tim McGahan, Peter Spierig, and Michael Spierig"
AACTA Award for Best Film,2014(4th),The Railway Man,"Chris Brown, Andy Paterson, and Bill Curbishley"
AACTA Award for Best Film,2014(4th),Tracks,Emile Sherman and Iain Canning
AACTA Award for Best Film,2015(5th),Mad Max: Fury Road,"Doug Mitchell, P. J. Voeten, George Miller"
AACTA Award for Best Film,2015(5th),The Dressmaker,Sue Maslin
AACTA Award for Best Film,2015(5th),Holding the Man,Kylie du Fresne
AACTA Award for Best Film,2015(5th),Last Cab to Darwin,"Greg Duffy, Lisa Duff and Jeremy Sims"
AACTA Award for Best Film,2015(5th),Paper Planes,"Robert Connolly, Maggie Miles, Liz Kearney"
AACTA Award for Best Film,2016(6th),Hacksaw Ridge ,"Bill Mechanic, David Permut, Paul Currie and Bruce Davey"
AACTA Award for Best Film,2016(6th),The Daughter,Jan Chapman and Nicole O’Donohue
AACTA Award for Best Film,2016(6th),Girl Asleep,Jo Dyer
AACTA Award for Best Film,2016(6th),Goldstone,David Jowsey and Greer Simpkin
AACTA Award for Best Film,2016(6th),Tanna,"Martin Butler, Bentley Dean and Carolyn Johnson"
AACTA Award for Best Film,2017(7th),Lion,"Iain Canning, Angie Fielder, Emile Sherman"
AACTA Award for Best Film,2017(7th),Ali's Wedding,"Sheila Jayadev, Helen Panckhurst"
AACTA Award for Best Film,2017(7th),Berlin Syndrome,Polly Staniford
AACTA Award for Best Film,2017(7th),Hounds of Love,Melissa Kelly
AACTA Award for Best Film,2017(7th),Jasper Jones,"David Jowsey, Vincent Sheehan"
AACTA Award for Best Film,2018(8th),Sweet Country,"David Jowsey, Greer Simpkin"
AACTA Award for Best Film,2018(8th),Boy Erased,"Joel Edgerton, Steve Golin, Kerry Kohansky Roberts"
AACTA Award for Best Film,2018(8th),Breath,"Simon Baker, Jamie Hilton, Mark Johnson"
AACTA Award for Best Film,2018(8th),Cargo,"Russell Ackerman, Kristina Ceyton, Samantha Jennings, Mark Patterson"
AACTA Award for Best Film,2018(8th),Ladies in Black,"Sue Milliken, Allanah Zitserman"
AACTA Award for Best Film,2019(9th),The Nightingale,"Kristina Ceyton, Bruna Papandrea, Steve Hutensky, Jennifer Kent"
AACTA Award for Best Film,2019(9th),Hotel Mumbai,"Basil Iwanyk, Gary Hamilton, Julie Ryan, Jomon Thomas"
AACTA Award for Best Film,2019(9th),Judy and Punch,"Michele Bennett, Nash Edgerton, Danny Gabai"
AACTA Award for Best Film,2019(9th),The King,"Brad Pitt, Dede Gardner, Jeremy Kleiner, Liz Watts, David Michôd, Joel Edgerton"
AACTA Award for Best Film,2019(9th),Ride Like a Girl,"Richard Keddie, Rachel Griffiths, Susie Montague"
AACTA Award for Best Film,2019(9th),Top End Wedding,"Rosemary Blight, Kylie du Fresne, Kate Croser"
AACTA Award for Best Film,2020(10th),Babyteeth,Alex White
AACTA Award for Best Film,2020(10th),H is for Happiness,"Julie Ryan, Tenille Kennedy, Lisa Hoppe"
AACTA Award for Best Film,2020(10th),I Am Woman,"Rosemary Blight, Unjoo Moon"
AACTA Award for Best Film,2020(10th),The Invisible Man,"Kylie du Fresne, Jason Blum"
AACTA Award for Best Film,2020(10th),True History of the Kelly Gang,"Hal Vogel, Liz Watts, Justin Kurzel, Paul Ranford"
AACTA Award for Best Film,2020(10th),Relic,"Anna McLeish, Sarah Shaw"
AACTA Award for Best Film,2021(11th),Nitram,"Nick Batzias, Shaun Grant, Justin Kurzel, Virginia Whitwell"
AACTA Award for Best Film,2021(11th),The Dry,"Eric Bana, Robert Connolly, Steve Hutensky, Jodi Matterson, Bruna Papandrea"
AACTA Award for Best Film,2021(11th),The Furnace,"Tenille Kennedy, Timothy White"
AACTA Award for Best Film,2021(11th),High Ground,"Stephen Maxwell Johnson, David Jowsey, Witiyana Marika, Maggie Miles, Greer Simpkin"
AACTA Award for Best Film,2021(11th),Penguin Bloom,"Emma Cooper, Steve Hutensky, Jodi Matterson, Bruna Papandrea, Naomi Watts"
AACTA Award for Best Film,2021(11th),Rams,"Janelle Landers, Aidan O'Bryan"
AACTA Award for Best Film,2022(12th),Elvis,"Baz Luhrmann, Catherine Martin, Gail Berman, Patrick McCormick, Schuyler Weiss"
AACTA Award for Best Film,2022(12th),Here Out West,"Sheila Jayadev, Annabel Davis, Bree-Anne Sykes"
AACTA Award for Best Film,2022(12th),Sissy,"Lisa Shaunessy, John De Margheriti, Jason Taylor, Bec Janek"
AACTA Award for Best Film,2022(12th),The Drover's Wife: The Legend of Molly Johnson,"Bain Stewart, David Jowsey, Angela Littlejohn, Greer Simpkin, Leah Purcell"
AACTA Award for Best Film,2022(12th),The Stranger,"Rachel Gardner, Emile Sherman, Iain Canning, Joel Edgerton, Kerry Kohansky-Roberts, Kim Hodgert"
AACTA Award for Best Film,2022(12th),Three Thousand Years of Longing,"Doug Mitchell, George Miller"
