0,1,2,3,4
Cesar Award for Best Cinematography,1990(15th),Indian Nocturne,Nocturne indien,Yves Angelo
Cesar Award for Best Cinematography,1990(15th),Life and Nothing But,La vie et rien d'autre,Bruno de Keyzer
Cesar Award for Best Cinematography,1990(15th),Too Beautiful for You,Trop belle pour toi,Philippe Rousselot
Cesar Award for Best Cinematography,1991(16th),The Hairdresser's Husband,Le Mari de la coiffeuse,Eduardo Serra
Cesar Award for Best Cinematography,1991(16th),La Femme Nikita,Nikita,Thierry Arbogast
Cesar Award for Best Cinematography,1992(17th),Delicatessen,Delicatessen,Darius Khondji
Cesar Award for Best Cinematography,1992(17th),Van Gogh,Van Gogh,Gilles Henry and Emmanuel Machuel
Cesar Award for Best Cinematography,1993(18th),Indochine,Indochine,François Catonné
Cesar Award for Best Cinematography,1993(18th),The AccompanistA Heart in Winter,Un cœur en hiver,Yves Angelo
Cesar Award for Best Cinematography,1993(18th),The Lover,L'Amant,Robert Fraisse
Cesar Award for Best Cinematography,1994(19th),Smoking/No Smoking,Smoking/No Smoking,Renato Berta
Cesar Award for Best Cinematography,1994(19th),Three Colors: Blue,Trois couleurs: Bleu,Sławomir Idziak
Cesar Award for Best Cinematography,1995(20th),Colonel Chabert,Le Colonel Chabert,Bernard Lutic
Cesar Award for Best Cinematography,1995(20th),Léon,Léon,Thierry Arbogast
Cesar Award for Best Cinematography,1996(21st),The City of Lost Children,La Cité des enfants perdus,Darius Khondji
Cesar Award for Best Cinematography,1996(21st),Hate,La Haine,Pierre Aïm
Cesar Award for Best Cinematography,1997(22nd),Microcosmos,Microcosmos : le peuple de l'herbe,Claude Nuridsany and Marie Perennou
Cesar Award for Best Cinematography,1997(22nd),Ridicule,Ridicule,Thierry Arbogast
Cesar Award for Best Cinematography,1997(22nd),Unpredictable Nature of the River,Les Caprices d'un fleuve,Jean-Marie Dreujou
Cesar Award for Best Cinematography,1998(23rd),Artemisia,Artemisia,Benoît Delhomme
Cesar Award for Best Cinematography,1998(23rd),On Guard,Le Bossu,Jean-François Robin
Cesar Award for Best Cinematography,1999(24th),Those Who Love Me Can Take the Train,Ceux qui m'aiment prendront le train,Éric Gautier
Cesar Award for Best Cinematography,1999(24th),The Dreamlife of Angels,La Vie rêvée des anges,Agnès Godard
Cesar Award for Best Cinematography,1999(24th),Place Vendôme,Place Vendôme,Laurent Dailland
