0,1,2,3
Academy award for best sound,1962(35th),What Ever Happened to Baby Jane?,"Glen Glenn Sound Department, Joseph D. Kelly"
Academy award for best sound,1963(36th),"Captain Newman, M.D.","Universal City Studio Sound Department, Waldon O. Watson"
Academy award for best sound,1963(36th),"It's a Mad, Mad, Mad, Mad World","Samuel Goldwyn Studio Sound Department, Gordon E. Sawyer"
Academy award for best sound,1963(36th),"It's a Mad, Mad, Mad, Mad World",Walter Elliott
Academy award for best sound,1966(39th),Who's Afraid of Virginia Woolf?,"Warner Bros. Studio Sound Department, George Groves"
Academy award for best sound,1967(40th),In the Heat of the Night,Samuel Goldwyn Studio Sound Department
Academy award for best sound,1967(40th),Camelot,Warner Bros.-Seven Arts Studio Sound Department
Academy award for best sound,1967(40th),The Dirty Dozen,Metro-Goldwyn-Mayer Studio Sound Department
Academy award for best sound,1967(40th),Doctor Dolittle,20th Century-Fox Studio Sound Department
Academy award for best sound,1967(40th),Thoroughly Modern Millie,Universal City Studio Sound Department
Academy award for best sound,1967(40th),In the Heat of the Night,James Richard
Academy award for best sound,1968(41st),Oliver!,Shepperton Studio Sound Department
Academy award for best sound,1968(41st),Bullitt,Warner Bros.-Seven Arts Studio Sound Department
Academy award for best sound,1968(41st),Finian's Rainbow,Warner Bros.-Seven Arts Studio Sound Department
Academy award for best sound,1968(41st),Funny Girl,Columbia Studio Sound Department
Academy award for best sound,1968(41st),Star!,20th Century-Fox Studio Sound Department
Academy award for best sound,1969(42nd),"Hello, Dolly!",Jack Solomon and Murray Spivack
Academy award for best sound,1969(42nd),"Gaily, Gaily",Robert Martin and Clem Portman
