0,1,2,3,4
Independent Spirit Award for Best Actress,2010,Annette Bening,The Kids Are All Right,"Nicole ""Nic"" Allgood"
Independent Spirit Award for Best Actress,2010,Greta Gerwig,Greenberg,Florence Marr
Independent Spirit Award for Best Actress,2010,Nicole Kidman,Rabbit Hole,Becca Corbett
Independent Spirit Award for Best Actress,2010,Jennifer Lawrence,Winter's Bone,Ree Dolly
Independent Spirit Award for Best Actress,2010,Michelle Williams,Blue Valentine,Cindy Heller
Independent Spirit Award for Best Actress,2011,Lauren Ambrose,About Sunny,Angela
Independent Spirit Award for Best Actress,2011,Rachael Harris,Natural Selection,Linda White
Independent Spirit Award for Best Actress,2011,Adepero Oduye,Pariah,Alike
Independent Spirit Award for Best Actress,2011,Elizabeth Olsen,Martha Marcy May Marlene,Martha
Independent Spirit Award for Best Actress,2012,Linda Cardellini,Return,Kelli
Independent Spirit Award for Best Actress,2012,Emayatzy Corinealdi,Middle of Nowhere,Ruby
Independent Spirit Award for Best Actress,2012,Quvenzhané Wallis,Beasts of the Southern Wild,Hushpuppy
Independent Spirit Award for Best Actress,2012,Mary Elizabeth Winstead,Smashed,Kate Hannah
Independent Spirit Award for Best Actress,2013,Julie Delpy,Before Midnight,Céline Wallace
Independent Spirit Award for Best Actress,2013,Gaby Hoffmann,Crystal Fairy,Crystal Fairy
Independent Spirit Award for Best Actress,2013,Brie Larson,Short Term 12,Grace Howard
Independent Spirit Award for Best Actress,2013,Shailene Woodley,The Spectacular Now,Aimee Finecky
Independent Spirit Award for Best Actress,2014,Marion Cotillard,The Immigrant,Ewa Cybulska
Independent Spirit Award for Best Actress,2014,Rinko Kikuchi,Kumiko: The Treasure Hunter,Kumiko
Independent Spirit Award for Best Actress,2014,Jenny Slate,Obvious Child,Donna Stern
Independent Spirit Award for Best Actress,2014,Tilda Swinton,Only Lovers Left Alive,Eve
Independent Spirit Award for Best Actress,2015,Cate Blanchett,Carol,Carol Aird
Independent Spirit Award for Best Actress,2015,Rooney Mara,Carol,Therese Belivet
Independent Spirit Award for Best Actress,2015,Bel Powley,The Diary of a Teenage Girl,Minnie Goetze
Independent Spirit Award for Best Actress,2015,Kitana Kiki Rodriguez,Tangerine,Sin-Dee Rella
Independent Spirit Award for Best Actress,2016,Annette Bening,20th Century Women,Dorothea Fields
Independent Spirit Award for Best Actress,2016,Sasha Lane,American Honey,Star
Independent Spirit Award for Best Actress,2016,Ruth Negga,Loving,Mildred Loving
Independent Spirit Award for Best Actress,2016,Natalie Portman,Jackie,Jacqueline Kennedy Onassis
Independent Spirit Award for Best Actress,2017,Frances McDormand,"Three Billboards Outside Ebbing, Missouri",Mildred Hayes
Independent Spirit Award for Best Actress,2017,Salma Hayek,Beatriz at Dinner,Beatriz
Independent Spirit Award for Best Actress,2017,Margot Robbie,"I, Tonya",Tonya Harding
Independent Spirit Award for Best Actress,2017,Saoirse Ronan,Lady Bird,"Christine ""Lady Bird"" McPherson"
Independent Spirit Award for Best Actress,2017,Shinobu Terajima,Oh Lucy!,Setsuko Kawashima / Lucy
Independent Spirit Award for Best Actress,2017,Regina Williams,Life and Nothing More,Regina
Independent Spirit Award for Best Actress,2018,Glenn Close,The Wife,Joan Castleman 
Independent Spirit Award for Best Actress,2018,Toni Collette,Hereditary,Annie Graham
Independent Spirit Award for Best Actress,2018,Elsie Fisher,Eighth Grade,Kayla Day
Independent Spirit Award for Best Actress,2018,Regina Hall,Support the Girls,Lisa Conroy
Independent Spirit Award for Best Actress,2018,Helena Howard,Madeline's Madeline,Madeline
Independent Spirit Award for Best Actress,2018,Carey Mulligan,Wildlife,Jeanette Brinson
Independent Spirit Award for Best Actress,2019,Renée Zellweger,Judy,Judy Garland 
Independent Spirit Award for Best Actress,2019,Karen Allen,Colewell,Nora Pancowski
Independent Spirit Award for Best Actress,2019,Hong Chau,Driveways,Kathy
Independent Spirit Award for Best Actress,2019,Elisabeth Moss,Her Smell,Becky Something
Independent Spirit Award for Best Actress,2019,Mary Kay Place,Diane,Diane
Independent Spirit Award for Best Actress,2019,Alfre Woodard,Clemency,Warden Bernadine Williams
