0,1,2,3,4
Cesar Award for Best First Feature Film,2010(35th),One for the Road,Le Dernier pour la route,Philippe Godeau
Cesar Award for Best First Feature Film,2010(35th),Spy(ies),Espion(s),Nicolas Saada
Cesar Award for Best First Feature Film,2010(35th),La Première Étoile,La Première Étoile,Lucien Jean-Baptiste
Cesar Award for Best First Feature Film,2010(35th),Silent Voice,Qu'un seul tienne et les autres suivront,Léa Fehner
Cesar Award for Best First Feature Film,2011(36th),Gainsbourg: A Heroic Life,Gainsbourg (Vie héroïque),Joann Sfar
Cesar Award for Best First Feature Film,2011(36th),Heartbreaker,L'Arnacœur,Pascal Chaumeil
Cesar Award for Best First Feature Film,2011(36th),Lights Out,Simon Werner a disparu...,Fabrice Gobert
Cesar Award for Best First Feature Film,2011(36th),Turk's Head,Tête de Turc,Pascal Elbé
Cesar Award for Best First Feature Film,2011(36th),Tout ce qui brille,Tout ce qui brille,Géraldine Nakache and Hervé Mimran
Cesar Award for Best First Feature Film,2012(37th),17 Girls,17 filles,Delphine Coulin and Muriel Coulin
Cesar Award for Best First Feature Film,2012(37th),Angel & Tony,Angèle et Tony,Alix Delaporte
Cesar Award for Best First Feature Film,2012(37th),Delicacy,La Délicatesse,David Foenkinos and Stéphane Foenkinos
Cesar Award for Best First Feature Film,2012(37th),My Little Princess,My Little Princess,Eva Ionesco
Cesar Award for Best First Feature Film,2013(38th),Augustine,Augustine,Alice Winocour
Cesar Award for Best First Feature Film,2013(38th),Comme des frères,Comme des frères,Hugo Gélin
Cesar Award for Best First Feature Film,2013(38th),Populaire,Populaire,Régis Roinsard
Cesar Award for Best First Feature Film,2013(38th),Hold Back,Rengaine,Rachid Djaïdani
Cesar Award for Best First Feature Film,2014(39th),"Me, Myself and Mum","Les Garçons et Guillaume, à table !",Guillaume Gallienne
Cesar Award for Best First Feature Film,2014(39th),Age of Panic,La Bataille de Solférino,Justine Triet
Cesar Award for Best First Feature Film,2014(39th),The Gilded Cage,La Cage Dorée,Ruben Alves
Cesar Award for Best First Feature Film,2014(39th),Turning Tide,En solitaire,Christophe Offenstein
Cesar Award for Best First Feature Film,2014(39th),The Rendez-Vous of Déjà-Vu,The Rendez-Vous of Déjà-Vu,Antonin Peretjatko
Cesar Award for Best First Feature Film,2015(40th),Elle l'adore,Elle l'adore,Jeanne Herry
Cesar Award for Best First Feature Film,2015(40th),"Fidelio, l'odyssée d'Alice","Fidelio, l'odyssée d'Alice",Lucie Borleteau
Cesar Award for Best First Feature Film,2015(40th),Party Girl,Party Girl,"Marie Amachoukeli, Claire Burger and Samuel Theis"
Cesar Award for Best First Feature Film,2015(40th),May Allah Bless France!,Qu'Allah bénisse la France,Abd al Malik
Cesar Award for Best First Feature Film,2016(41st),Mustang,Mustang,Deniz Gamze Ergüven
Cesar Award for Best First Feature Film,2016(41st),L'Affaire SK1,L'Affaire SK1,Frédéric Tellier
Cesar Award for Best First Feature Film,2016(41st),Cowboys,Les Cowboys,Thomas Bidegain
Cesar Award for Best First Feature Film,2016(41st),The Wakhan Front,Ni le ciel ni la terre,Clément Cogitore
Cesar Award for Best First Feature Film,2016(41st),All Three of Us,Nous trois ou rien,Kheiron
Cesar Award for Best First Feature Film,2017(42nd),Cigarettes et chocolat chaud,Cigarettes et chocolat chaud,Sophie Reine
Cesar Award for Best First Feature Film,2017(42nd),The Dancer,La Danseuse,Stéphanie Di Giusto
Cesar Award for Best First Feature Film,2017(42nd),Dark Inclusion,Diamant noir,Arthur Harari
Cesar Award for Best First Feature Film,2017(42nd),Rosalie Blum,Rosalie Blum,Julien Rappeneau
Cesar Award for Best First Feature Film,2018(43rd),Bloody Milk,Petit Paysan,Hubert Charuel
Cesar Award for Best First Feature Film,2018(43rd),Raw,Grave,Julia Ducournau
Cesar Award for Best First Feature Film,2018(43rd),Montparnasse Bienvenue,Jeune femme,Léonor Serraille
Cesar Award for Best First Feature Film,2018(43rd),Mr & Mme Adelman,Monsieur & Madame Adelman,Nicolas Bedos
Cesar Award for Best First Feature Film,2018(43rd),Patients,Patients,Grand Corps Malade and Mehdi Idir
Cesar Award for Best First Feature Film,2019(44th),Shéhérazade,Shéhérazade,Jean-Bernard Marlin
Cesar Award for Best First Feature Film,2019(44th),Little Tickles,Les Chatouilles,"Andréa Bescond, Éric Métayer"
Cesar Award for Best First Feature Film,2019(44th),Custody,Jusqu'à la garde,Xavier Legrand
Cesar Award for Best First Feature Film,2019(44th),L'amour flou,L'amour flou,"Romane Bohringer, Philippe Rebbot"
Cesar Award for Best First Feature Film,2019(44th),Sauvage,Sauvage,Camille Vidal-Naquet
