0,1,2,3
Saturn Award for Best Actress (Film),Linda Hamilton,Terminator 2: Judgment Day,Sarah Connor
Saturn Award for Best Actress (Film),Kathy Bates,Misery,Annie Wilkes
Saturn Award for Best Actress (Film),Jodie Foster,The Silence of the Lambs,Clarice Starling
Saturn Award for Best Actress (Film),Julia Roberts,Sleeping with the Enemy,Laura Burney
Saturn Award for Best Actress (Film),Winona Ryder,Edward Scissorhands,Kim Boggs
Saturn Award for Best Actress (Film),Meryl Streep,Defending Your Life,Julia
Saturn Award for Best Actress (Film),Rebecca De Mornay,The Hand That Rocks the Cradle,Peyton Flanders/Mrs. Mott
Saturn Award for Best Actress (Film),Sheryl Lee,Twin Peaks: Fire Walk with Me,Laura Palmer
Saturn Award for Best Actress (Film),Winona Ryder,Bram Stoker's Dracula,Mina Harker/Elisabeta
Saturn Award for Best Actress (Film),Sharon Stone,Basic Instinct,Catherine Tramell
Saturn Award for Best Actress (Film),Meryl Streep,Death Becomes Her,Madeline Ashton
Saturn Award for Best Actress (Film),Sigourney Weaver,Alien 3,Ellen Ripley
Saturn Award for Best Actress (Film),Patricia Arquette,True Romance,Alabama Whitman
Saturn Award for Best Actress (Film),Laura Dern,Jurassic Park,Dr. Ellie Sattler
Saturn Award for Best Actress (Film),Michelle Forbes,Kalifornia,Carrie Laughlin
Saturn Award for Best Actress (Film),Anjelica Huston,Addams Family Values,Morticia Addams
Saturn Award for Best Actress (Film),Bette Midler,Hocus Pocus,"Winifred ""Winnie"" Sanderson"
Saturn Award for Best Actress (Film),Ally Sheedy,Man's Best Friend,Lori Tanner
Saturn Award for Best Actress (Film),Mädchen Amick,Dream Lover,Lena Mathers
Saturn Award for Best Actress (Film),Helena Bonham Carter,Frankenstein,Elizabeth Frankenstein
Saturn Award for Best Actress (Film),Penelope Ann Miller,The Shadow,Margo Lane
Saturn Award for Best Actress (Film),Michelle Pfeiffer,Wolf,Laura Alden
Saturn Award for Best Actress (Film),Kathy Bates,Dolores Claiborne,Dolores Claiborne
Saturn Award for Best Actress (Film),Nicole Kidman,To Die For,Suzanne Stone-Maretto
Saturn Award for Best Actress (Film),Sharon Stone,The Quick and the Dead,The Lady
Saturn Award for Best Actress (Film),Madeleine Stowe,12 Monkeys,Kathryn Railly
Saturn Award for Best Actress (Film),Marina Zudina,Mute Witness,Billy
Saturn Award for Best Actress (Film),Geena Davis,The Long Kiss Goodnight,"Samantha Caine/Charlene Elizabeth ""Charly"" Baltimore"
Saturn Award for Best Actress (Film),Gina Gershon,Bound,Corky
Saturn Award for Best Actress (Film),Helen Hunt,Twister,Dr. Jo Harding
Saturn Award for Best Actress (Film),Frances McDormand,Fargo,Marge Gunderson
Saturn Award for Best Actress (Film),Penelope Ann Miller,The Relic,Dr. Margo Green
Saturn Award for Best Actress (Film),Neve Campbell,Scream 2,Sidney Prescott
Saturn Award for Best Actress (Film),Pam Grier,Jackie Brown,Jackie Brown
Saturn Award for Best Actress (Film),Jennifer Lopez,Anaconda,Terri Flores
Saturn Award for Best Actress (Film),Mira Sorvino,Mimic,Dr. Susan Tyler
Saturn Award for Best Actress (Film),Sigourney Weaver,Alien: Resurrection,Ellen Ripley
Saturn Award for Best Actress (Film),Gillian Anderson,The X-Files,Dana Scully
Saturn Award for Best Actress (Film),Jamie Lee Curtis,Halloween H20: 20 Years Later,Laurie Strode / Keri Tate
Saturn Award for Best Actress (Film),Meg Ryan,City of Angels,Maggie Rice
Saturn Award for Best Actress (Film),Jennifer Tilly,Bride of Chucky,Tiffany
Saturn Award for Best Actress (Film),Catherine Zeta-Jones,The Mask of Zorro,Elena De La Vega
Saturn Award for Best Actress (Film),Heather Graham,Austin Powers: The Spy Who Shagged Me,Felicity Shagwell
Saturn Award for Best Actress (Film),Catherine Keener,Being John Malkovich,Maxine Lund
Saturn Award for Best Actress (Film),Carrie-Anne Moss,The Matrix,Trinity
Saturn Award for Best Actress (Film),Sigourney Weaver,Galaxy Quest,Gwen DeMarco/Lt. Tawny Madison
Saturn Award for Best Actress (Film),Rachel Weisz,The Mummy,"Evelyn ""Evie"" Carnahan O'Connell"
