0,1,2
Saavik,Kirstie AlleyRobin Curtis,"WOK, SFS, TVH."
"Half-Vulcan, half-Romulan Starfleet officer (lieutenant junior grade), she was Spock's protege right out of the academy. After the formation of the Genesis Planet, she was reassigned to the USS Grissom, a science vessel sent to study the new world. She was marooned there with David Marcus and a young, ""regenerated"" Spock. She and Spock survived the ordeal and traveled to Vulcan aboard a Klingon Bird-of-Prey captured by Admiral Kirk and crew. Months later, when Kirk and the others returned to Earth to stand trial, she remained on Vulcan with Amanda Grayson.","Half-Vulcan, half-Romulan Starfleet officer (lieutenant junior grade), she was Spock's protege right out of the academy. After the formation of the Genesis Planet, she was reassigned to the USS Grissom, a science vessel sent to study the new world. She was marooned there with David Marcus and a young, ""regenerated"" Spock. She and Spock survived the ordeal and traveled to Vulcan aboard a Klingon Bird-of-Prey captured by Admiral Kirk and crew. Months later, when Kirk and the others returned to Earth to stand trial, she remained on Vulcan with Amanda Grayson.","WOK, SFS, TVH."
Sakkath,Rocco Sisto,Sarek (TNG)
Assistant to Sarek during the Legaran negotiations,Assistant to Sarek during the Legaran negotiations,Sarek (TNG)
Salia,Jaime Hubbard,The Dauphin (TNG)
"Future ruler of Daled IV, farried to her planet by the Enterprise-D","Future ruler of Daled IV, farried to her planet by the Enterprise-D",The Dauphin (TNG)
Saltah'na,"Avery Brooks, Nana Visitor; Terry Farrell; Colm Meaney, Alexander Siddig.",Dramatis Personae (DS9)
"They were an ancient race who destroyed themselves in a power struggle; six of them survived as energy spheres with telepathic imprints inside a containment field. A Klingon ship captured the spheres thinking they were an energy weapon; the spheres instead infected the crew to reenact the power struggle and caused the Klingon Captain to self destruct his own ship after emerging from the wormhole outside Deep Space Nine. DS9 beams the dying Klingon on board the Space Station which results in the staff of DS9 being infected by the spheres. Odo manipulates both sides into a cargo bay. There, Odo activates Bashir's cure, and a purple gas-like cloud emerges from the officers, who regain their senses. Odo opens the cargo bay doors, venting the cloud into space destroying the spheres and removing the telepathic imprint permanently. After everyone is back to normal, the only reminder for Sisko is a Saltah'na clock.","They were an ancient race who destroyed themselves in a power struggle; six of them survived as energy spheres with telepathic imprints inside a containment field. A Klingon ship captured the spheres thinking they were an energy weapon; the spheres instead infected the crew to reenact the power struggle and caused the Klingon Captain to self destruct his own ship after emerging from the wormhole outside Deep Space Nine. DS9 beams the dying Klingon on board the Space Station which results in the staff of DS9 being infected by the spheres. Odo manipulates both sides into a cargo bay. There, Odo activates Bashir's cure, and a purple gas-like cloud emerges from the officers, who regain their senses. Odo opens the cargo bay doors, venting the cloud into space destroying the spheres and removing the telepathic imprint permanently. After everyone is back to normal, the only reminder for Sisko is a Saltah'na clock.",Dramatis Personae (DS9)
"Famed Vulcan ambassador, father of Spock and Sybok. Mind-melded to Captain Jean-Luc Picard. Died offscreen during the events of ""Unification"" (TNG).","Famed Vulcan ambassador, father of Spock and Sybok. Mind-melded to Captain Jean-Luc Picard. Died offscreen during the events of ""Unification"" (TNG).","Journey to Babel (TOS), Sarek, Redemption (TNG), TMP, SFS, TVH, TFF, TUC, ST09"
Sarjenka,Nikki Cox,Pen Pals (TNG)
Young female native of a seismically active planet who was helped by Data.,Young female native of a seismically active planet who was helped by Data.,Pen Pals (TNG)
Saru,Doug Jones,"DSC, ""The Brightest Star"" (ST)"
"Kelpien First Officer of the USS Discovery, major character in Star Trek: Discovery.","Kelpien First Officer of the USS Discovery, major character in Star Trek: Discovery.","DSC, ""The Brightest Star"" (ST)"
Satan's Robot,Tarik Ergin,Night (VOY) recurring thereafter
A robot character in The Adventures of Captain Proton holodeck program,A robot character in The Adventures of Captain Proton holodeck program,Night (VOY) recurring thereafter
Norah Satie,Jean Simmons,The Drumhead (TNG)
"Legendary Starfleet admiral who headed a paranoia-fueled investigation aboard Enterprise-D. Before ""Encounter at Farpoint"", she, as vice admiral, issued orders that requested and required Picard to assume command of the Enterprise-D.","Legendary Starfleet admiral who headed a paranoia-fueled investigation aboard Enterprise-D. Before ""Encounter at Farpoint"", she, as vice admiral, issued orders that requested and required Picard to assume command of the Enterprise-D.",The Drumhead (TNG)
Saunders,Eric Pierpoint,For the Uniform (DS9)
Captain of the starship Malinche assigned to take up the search for renegade Michael Eddington after the Defiant becomes disabled,Captain of the starship Malinche assigned to take up the search for renegade Michael Eddington after the Defiant becomes disabled,For the Uniform (DS9)
Chief Engineer of the USS Enterprise and Enterprise-A under Captain Kirk.,Chief Engineer of the USS Enterprise and Enterprise-A under Captain Kirk.,"TOS, TAS, TMP, WOK, SFS, TVH, TFF, TUC, GEN, Relics (TNG), ST09, STID, STB"
Tryla Scott,Ursaline Bryant,Conspiracy (TNG)
Starfleet captain who helped warn Picard of an alien takeover of Starfleet,Starfleet captain who helped warn Picard of an alien takeover of Starfleet,Conspiracy (TNG)
Sek,Ronald Robinson,Repression (VOY)
Firstborn son of Tuvok and T'Pel,Firstborn son of Tuvok and T'Pel,Repression (VOY)
Sela,Denise Crosby,"The Mind's Eye (TNG),Redemption, Part II (TNG),Unification, Part II (TNG)"
"Romulan commander and hybrid daughter of an alternate timeline version of Tasha Yar. In late 2367, Sela supervised the ""conditioning"" of Geordi La Forge aboard her Warbird. Meddling in the Klingon Civil War by providing weapons to the House of Duras, her alternate timeline origins are revealed, linked to the ""Yesterday's Enterprise"" episode. Sela also coordinated a plan to invade the planet Vulcan using a holographic falsification of Ambassador Spock in the two part episode ""Unification"".","Romulan commander and hybrid daughter of an alternate timeline version of Tasha Yar. In late 2367, Sela supervised the ""conditioning"" of Geordi La Forge aboard her Warbird. Meddling in the Klingon Civil War by providing weapons to the House of Duras, her alternate timeline origins are revealed, linked to the ""Yesterday's Enterprise"" episode. Sela also coordinated a plan to invade the planet Vulcan using a holographic falsification of Ambassador Spock in the two part episode ""Unification"".","The Mind's Eye (TNG),Redemption, Part II (TNG),Unification, Part II (TNG)"
Dr. Selar,Suzie Plakson,The Schizoid Man (TNG)
"Vulcan female, Starfleet medical officer and lieutenant on the Enterprise-D. The character has a major role in the Star Trek: New Frontier spin-off novels.","Vulcan female, Starfleet medical officer and lieutenant on the Enterprise-D. The character has a major role in the Star Trek: New Frontier spin-off novels.",The Schizoid Man (TNG)
Selok,Sierra Pecheur,Data's Day (TNG)
"Romulan subcommander who masqueraded as Vulcan ambassador T'Pel for such a long time that she had earned a reputation as one of the Federation's most honored diplomats. Her final mission as ""T'Pel"" was as a peace envoy to the Romulans, but ""T'Pel"" was apparently ""killed"" in a transporter accident while beaming aboard the IRW Devoras. When Picard pursues the matter of T'Pel's ""death"", Selok reveals herself as alive and well on the Devoras.","Romulan subcommander who masqueraded as Vulcan ambassador T'Pel for such a long time that she had earned a reputation as one of the Federation's most honored diplomats. Her final mission as ""T'Pel"" was as a peace envoy to the Romulans, but ""T'Pel"" was apparently ""killed"" in a transporter accident while beaming aboard the IRW Devoras. When Picard pursues the matter of T'Pel's ""death"", Selok reveals herself as alive and well on the Devoras.",Data's Day (TNG)
Septimus,Ian Wolfe,Bread and Circuses (TOS)
Roman citizen and Sun (Son) worshipper on planet 892-IV,Roman citizen and Sun (Son) worshipper on planet 892-IV,Bread and Circuses (TOS)
Seska,Martha Hackett,Parallax (VOY) recurring thereafter
"Cardassian undercover operative who had infiltrated the Maquis posing as a Bajoran and was stranded with the rest of the USS Voyager crew the Delta Quadrant. Later, she joined the Kazon-Nistrim and became an enemy of the Voyager crew and in particular of Captain Kathryn Janeway.","Cardassian undercover operative who had infiltrated the Maquis posing as a Bajoran and was stranded with the rest of the USS Voyager crew the Delta Quadrant. Later, she joined the Kazon-Nistrim and became an enemy of the Voyager crew and in particular of Captain Kathryn Janeway.",Parallax (VOY) recurring thereafter
Seven of Nine,Jeri Ryan,"Scorpion Part II (VOY) recurring thereafter ""Absolute Candor"" Star Trek: Picard recurring thereafter"
"Her full designation was ""Seven of Nine, Tertiary Adjunct of Unimatrix 01."" Former Borg drone, liberated by the USS Voyager. Later, she joined the crew of Voyager. She then became a member of a group of vigilantes known as the Fenris Rangers before Picard gave her a Starfleet field commission at the end of Picard season two. Became Commander of the USS Titan before season three, was promoted to its Captain in the penultimate episode. Her human name is Annika Hansen.","Her full designation was ""Seven of Nine, Tertiary Adjunct of Unimatrix 01."" Former Borg drone, liberated by the USS Voyager. Later, she joined the crew of Voyager. She then became a member of a group of vigilantes known as the Fenris Rangers before Picard gave her a Starfleet field commission at the end of Picard season two. Became Commander of the USS Titan before season three, was promoted to its Captain in the penultimate episode. Her human name is Annika Hansen.","Scorpion Part II (VOY) recurring thereafter ""Absolute Candor"" Star Trek: Picard recurring thereafter"
Gideon Seyetik,Richard Kiley,Second Sight (DS9)
Terraformer,Terraformer,Second Sight (DS9)
Shakaar Edon,Duncan Regehr,Shakaar (DS9) recurring thereafter
"Former leader of Bajoran resistance during Cardassian occupation, later First Minister of Bajor","Former leader of Bajoran resistance during Cardassian occupation, later First Minister of Bajor",Shakaar (DS9) recurring thereafter
Shelby,Elizabeth Dennehy,"The Best of Both Worlds (TNG), Võx (PIC)"
"Starfleet lieutenant commander assigned to the Enterprise-D to provide assistance against the Borg. Field-promoted to commander and first officer when Picard was assimilated. Becomes fleet admiral before the events of Star Trek: Picard (where she is given the first name ""Elizabeth"") and briefly commands the Enterprise-F before the Borg kill her in 2401.","Starfleet lieutenant commander assigned to the Enterprise-D to provide assistance against the Borg. Field-promoted to commander and first officer when Picard was assimilated. Becomes fleet admiral before the events of Star Trek: Picard (where she is given the first name ""Elizabeth"") and briefly commands the Enterprise-F before the Borg kill her in 2401.","The Best of Both Worlds (TNG), Võx (PIC)"
Jim Shimoda,Benjamin W.S. Lum,The Naked Now (TNG)
"The assistant chief engineer on the Enterprise-D in 2364. Under the influence of the polywater intoxication, Shimoda almost caused the Enterprise to be destroyed when he removed all the isolinear chips from the engine control station.","The assistant chief engineer on the Enterprise-D in 2364. Under the influence of the polywater intoxication, Shimoda almost caused the Enterprise to be destroyed when he removed all the isolinear chips from the engine control station.",The Naked Now (TNG)
Shinzon,Tom Hardy,NEM
"An imperfect clone of Captain Jean-Luc Picard created by the Romulans with the intent of replacing Picard. This plan was abandoned and Shinzon was exiled to Remus. He led Reman soldiers during the Dominion War. At the beginning of Nemesis, Shinzon leads a coup d'état of the Romulan Senate and installs himself as praetor. Picard and the USS Enterprise-E travel to Romulus to meet Shinzon and investigate his peace overture; Shinzon reveals his identity and origins to Picard. However, the peace overture is part of a plan to lure Picard to Romulus; the cloning process that created Shinzon is killing him, and he requires an infusion of Picard's DNA to stay alive. Simultaneously, Shinzon plans to use a thalaron radiation weapon aboard his ship, the Scimitar, to destroy all life on Earth. The Scimitar attacks and severely damages the Enterprise. Picard transports aboard the Reman ship and fights Shinzon. After a short fight, Picard kills Shinzon by impaling him with a pole. Lieutenant Commander Data rescues Picard from the Scimitar and destroys the vessel's thalaron device, annihilating the ship and himself in the process.","An imperfect clone of Captain Jean-Luc Picard created by the Romulans with the intent of replacing Picard. This plan was abandoned and Shinzon was exiled to Remus. He led Reman soldiers during the Dominion War. At the beginning of Nemesis, Shinzon leads a coup d'état of the Romulan Senate and installs himself as praetor. Picard and the USS Enterprise-E travel to Romulus to meet Shinzon and investigate his peace overture; Shinzon reveals his identity and origins to Picard. However, the peace overture is part of a plan to lure Picard to Romulus; the cloning process that created Shinzon is killing him, and he requires an infusion of Picard's DNA to stay alive. Simultaneously, Shinzon plans to use a thalaron radiation weapon aboard his ship, the Scimitar, to destroy all life on Earth. The Scimitar attacks and severely damages the Enterprise. Picard transports aboard the Reman ship and fights Shinzon. After a short fight, Picard kills Shinzon by impaling him with a pole. Lieutenant Commander Data rescues Picard from the Scimitar and destroys the vessel's thalaron device, annihilating the ship and himself in the process.",NEM
Thy'lek Shran,Jeffrey Combs,The Andorian Incident (ENT) recurring thereafter
"Andorian commander of the Andorian Imperial Guard starship Kumari, he first encounters Jonathan Archer's NX-01 Enterprise crew on P'Jem, a Vulcan ""monastery planet"" which concealed a powerful espionage station spying on Andoria, exposed with Captain Archer's help, forming a firm and developing friendship with the ""pink-skin"" Humans, as Shran described them. He would later help Archer in impeding the Xindi superweapon's deployment against Earth, and in later life, after marrying and fathering a daughter that became kidnapped, has assistance from Archer in bringing Shran's family back together.","Andorian commander of the Andorian Imperial Guard starship Kumari, he first encounters Jonathan Archer's NX-01 Enterprise crew on P'Jem, a Vulcan ""monastery planet"" which concealed a powerful espionage station spying on Andoria, exposed with Captain Archer's help, forming a firm and developing friendship with the ""pink-skin"" Humans, as Shran described them. He would later help Archer in impeding the Xindi superweapon's deployment against Earth, and in later life, after marrying and fathering a daughter that became kidnapped, has assistance from Archer in bringing Shran's family back together.",The Andorian Incident (ENT) recurring thereafter
Shras,Reggie Nalder,Journey to Babel (TOS)
"Andorian ambassador to the 2267 ""Babel"" conference regarding the admission of Coridan into the Federation. Shras speaks with a thick accent and describes his people as a ""violent race."" He says he knows nothing of Thelev except that he's a minor member of the Andorian staff who has served ""adequately"". To help Spock in his investigations into the murder of Tellarite ambassador Gav and Thelev's attack on Captain Kirk, Shras suggests that the half-Vulcan ""forget logic"" and devote himself to ""motivations of passion or gain"".","Andorian ambassador to the 2267 ""Babel"" conference regarding the admission of Coridan into the Federation. Shras speaks with a thick accent and describes his people as a ""violent race."" He says he knows nothing of Thelev except that he's a minor member of the Andorian staff who has served ""adequately"". To help Spock in his investigations into the murder of Tellarite ambassador Gav and Thelev's attack on Captain Kirk, Shras suggests that the half-Vulcan ""forget logic"" and devote himself to ""motivations of passion or gain"".",Journey to Babel (TOS)
Jaglom Shrek,James Cromwell,Birthright (TNG)
Yridian with information to sell about Klingons captured by Romulans at Khitomer,Yridian with information to sell about Klingons captured by Romulans at Khitomer,Birthright (TNG)
Shresht,None,
Name used in novelisations for the Insectoid representative on the Xindi Council,Name used in novelisations for the Insectoid representative on the Xindi Council,
"Genetically enhanced superman from the mid-1990s who attempted to seize control of the Enterprise; 15 years later, after having been marooned on Ceti Alpha V, he took revenge on Admiral Kirk by hijacking the USS Reliant NCC-1864 and attacking the Enterprise.","Genetically enhanced superman from the mid-1990s who attempted to seize control of the Enterprise; 15 years later, after having been marooned on Ceti Alpha V, he took revenge on Admiral Kirk by hijacking the USS Reliant NCC-1864 and attacking the Enterprise.","Space Seed (TOS),WOK, ID"
Sirol,Michael Mack,The Pegasus (TNG)
"Romulan commander of the IRW Terix. In 2370, a piece of debris found in the Devolin system was positively identified as being from the USS Pegasus NCC-53847. The Terix was assigned to locate the rest of the ship and retrieve it. Sirol's cover story to Picard was that the Terix was conducting a survey of gaseous anomalies in the Devolin system. Later, when the Enterprise-D became trapped inside Asteroid Gamma 601, Sirol told Picard that the Terix had been conducting some geological experiments on the surface and may have sealed the Enterprise-D inside accidentally.","Romulan commander of the IRW Terix. In 2370, a piece of debris found in the Devolin system was positively identified as being from the USS Pegasus NCC-53847. The Terix was assigned to locate the rest of the ship and retrieve it. Sirol's cover story to Picard was that the Terix was conducting a survey of gaseous anomalies in the Devolin system. Later, when the Enterprise-D became trapped inside Asteroid Gamma 601, Sirol told Picard that the Terix had been conducting some geological experiments on the surface and may have sealed the Enterprise-D inside accidentally.",The Pegasus (TNG)
Benjamin Lafayette Sisko,Avery Brooks,Emissary (DS9) recurring thereafter
"
For other people with similar names, see Sisko (disambiguation).
Commanding officer of Starbase Deep Space 9 (DS9) and Emissary to the Bajoran Prophets. Promoted from commander to captain after nearly three years at DS9. Father of Jake Sisko. Widower of Jennifer Sisko.","
For other people with similar names, see Sisko (disambiguation).
Commanding officer of Starbase Deep Space 9 (DS9) and Emissary to the Bajoran Prophets. Promoted from commander to captain after nearly three years at DS9. Father of Jake Sisko. Widower of Jennifer Sisko.",Emissary (DS9) recurring thereafter
Jake Sisko,Cirroc LoftonThomas HobsonTony Todd,Emissary (DS9) recurring thereafter
Son of Benjamin and Jennifer Sisko,Son of Benjamin and Jennifer Sisko,Emissary (DS9) recurring thereafter
Jennifer Sisko,Felecia M. Bell,Emissary (DS9) recurring thereafter
"Wife of Benjamin Sisko, killed at Wolf 359, but survived in mirror universe.","Wife of Benjamin Sisko, killed at Wolf 359, but survived in mirror universe.",Emissary (DS9) recurring thereafter
Joseph Sisko,Brock Peters,Homefront (DS9) recurring thereafter
New Orleans restaurateur and father of Benjamin Sisko,New Orleans restaurateur and father of Benjamin Sisko,Homefront (DS9) recurring thereafter
Korenna Sisko,Galyn Görg,The Visitor (DS9)
Bajoran wife of Jake Sisko in an alternate future,Bajoran wife of Jake Sisko in an alternate future,The Visitor (DS9)
Sito Jaxa,Shannon Fill,"The First Duty (TNG),Lower Decks (TNG)"
"Bajoran who, while a cadet at Starfleet Academy, was implicated with Wesley Crusher for having caused the death of a fellow cadet. She was punished by losing a year's worth of academic credit, delaying her graduation by one year. As an ensign aboard the Enterprise-D, she served as a security officer. She undertook a dangerous mission to return a Cardassian double agent, Joret Dal, to his home territory, but was killed in action. Sito also appears in various books including the DS9 novel in the Mirror Universe series","Bajoran who, while a cadet at Starfleet Academy, was implicated with Wesley Crusher for having caused the death of a fellow cadet. She was punished by losing a year's worth of academic credit, delaying her graduation by one year. As an ensign aboard the Enterprise-D, she served as a security officer. She undertook a dangerous mission to return a Cardassian double agent, Joret Dal, to his home territory, but was killed in action. Sito also appears in various books including the DS9 novel in the Mirror Universe series","The First Duty (TNG),Lower Decks (TNG)"
Jessica Sloan,Jacqueline Schultz,Extreme Measures (DS9)
Wife of Section 31 operative Luther Sloan,Wife of Section 31 operative Luther Sloan,Extreme Measures (DS9)
Luther Sloan,William Sadler,Inquisition (DS9) recurring thereafter
Section 31 operative who attempted to recruit Bashir numerous times,Section 31 operative who attempted to recruit Bashir numerous times,Inquisition (DS9) recurring thereafter
Lily Sloane,Alfre Woodard,FCT
"Twenty-first-century human female who was treated for radiation poisoning on the Enterprise, and later befriended Captain Picard. She assisted Zefram Cochrane in building the Phoenix, the first warp-capable ship on Earth.","Twenty-first-century human female who was treated for radiation poisoning on the Enterprise, and later befriended Captain Picard. She assisted Zefram Cochrane in building the Phoenix, the first warp-capable ship on Earth.",FCT
Smith,Andrea Dromm,Where No Man Has Gone Before (TOS)
"Twenty-third-century human female who served as a command-division yeoman on the Enterprise; close to Gary Mitchell.

Originally intended as a regular character with intentions toward Captain James T. Kirk (who, obliviously, couldn't even remember her name), Dromm (a well-known model at the time) departed the series to pursue a film career.","Twenty-third-century human female who served as a command-division yeoman on the Enterprise; close to Gary Mitchell.

Originally intended as a regular character with intentions toward Captain James T. Kirk (who, obliviously, couldn't even remember her name), Dromm (a well-known model at the time) departed the series to pursue a film career.",Where No Man Has Gone Before (TOS)
Soji Asha,Isa Briones,"""Remembrance"" (PIC), recurring thereafter"
Data's daughter,Data's daughter,"""Remembrance"" (PIC), recurring thereafter"
 Solbor,James Otis,"'Til Death Do Us Part, Strange Bedfellows, The Changing Face of Evil (DS9)"
"Solbor was a Bajoran Ranjen who served as loyal assistant to Kai Winn. In the episode ""The Changing Face of Evil"", she stabbed him in the back, killing him. (According to the Star Trek Adventures - The Sciences Division sourcebook, his full name is Solbor Jynan).","Solbor was a Bajoran Ranjen who served as loyal assistant to Kai Winn. In the episode ""The Changing Face of Evil"", she stabbed him in the back, killing him. (According to the Star Trek Adventures - The Sciences Division sourcebook, his full name is Solbor Jynan).","'Til Death Do Us Part, Strange Bedfellows, The Changing Face of Evil (DS9)"
Sonak,Jon Rashad Kamal,TMP
"Starfleet commander and Vulcan. He is assigned to the Enterprise as science officer during the V'Ger crisis, but is killed during a transporter accident while beaming up.","Starfleet commander and Vulcan. He is assigned to the Enterprise as science officer during the V'Ger crisis, but is killed during a transporter accident while beaming up.",TMP
Adam Soong,Brent Spiner,Fly Me to the Moon (PIC) recurring thereafter
"Ancestor of Noonien Soong, an unethical geneticist whose methods caused his research licence to be revoked; in 2024 he is looking for a cure for his daughter Kore's genetic disease; he is approached by Q and later by the Borg Queen who lure him into helping them and opposing Picard. ","Ancestor of Noonien Soong, an unethical geneticist whose methods caused his research licence to be revoked; in 2024 he is looking for a cure for his daughter Kore's genetic disease; he is approached by Q and later by the Borg Queen who lure him into helping them and opposing Picard. ",Fly Me to the Moon (PIC) recurring thereafter
Altan Inigo Soong,Brent Spiner,"Et in Arcadia Ego, The Bounty (PIC)"
"Son of Noonien Soong, and Data's human ""brother"". Co-creator of the Asha twins along with Bruce Maddox, and later the developer of the ""golem"" android, which is first used to duplicate Jean-Luc Picard, and then himself, effectively ""resurrecting"" them both. Briefly appears as a hologram in the Daystrom Institute.","Son of Noonien Soong, and Data's human ""brother"". Co-creator of the Asha twins along with Bruce Maddox, and later the developer of the ""golem"" android, which is first used to duplicate Jean-Luc Picard, and then himself, effectively ""resurrecting"" them both. Briefly appears as a hologram in the Daystrom Institute.","Et in Arcadia Ego, The Bounty (PIC)"
Arik Soong,Brent Spiner,Borderland (ENT) recurring thereafter
"Criminal creator of genetically engineered humans, ancestor of Noonien Soong","Criminal creator of genetically engineered humans, ancestor of Noonien Soong",Borderland (ENT) recurring thereafter
Juliana Soong,Fionnula Flanagan,Inheritance (TNG)
"Deceased wife of Noonien Soong whose conscience was transferred at her death to an identical Soong-type android who, in turn, left Noonien, married Pran Tainer (thereafter taking the name Juliana Tainer) and took up residence on planet Altrea IV.","Deceased wife of Noonien Soong whose conscience was transferred at her death to an identical Soong-type android who, in turn, left Noonien, married Pran Tainer (thereafter taking the name Juliana Tainer) and took up residence on planet Altrea IV.",Inheritance (TNG)
Noonien Soong,Brent Spiner,Brothers (TNG) recurring thereafter
"Human cyberneticist who created Data and fathered Altan Soong, both also played by Brent Spiner. Soong has created three complete androids in the known Star Trek universe, Data, Lore, and a Gynoid replica of his dead wife Juliana, which is technically superior to his previous models, as well as three prototype androids including B-4 (in the same design as Data and Lore). Early in Dr. Soong's career he was widely hailed as Earth's foremost robotic scientist, but he became a recluse after apparently failing to create a positronic brain and was thought to have been killed with other colonists on Omicron Theta. The scientist actually settled on Terlina III and summoned Data there to fit him with his final invention, an emotion chip. He inadvertently also summoned Data's brother, Lore, who attacked him after obtaining the chip. Soong survived, but was nearing death and elected to remain on Terlina rather than go aboard the Enterprise for medical care.
The one thing that kept defeating Dr Soong was how to make a workable emotion response software for his android ""sons."" Lore was activated with emotional responses but had to be disassembled when he began to turn evil; Data was made without emotions. Soong had planned to reassemble Lore to find out what went wrong but was forced to flee for his life. After 25 years, Dr. Soong perfected an emotion chip built for Data, but Lore stole it and became insane. When Data was forced to kill Lore (""Descent"") the emotion chip was damaged; Data considered destroying the chip but later implanted it in his positronic brain. However, even when repaired the chip was flawed–the emotions caused Data’s brain to behave erratically (Star Trek: Generations); Data learned to control his emotions. 
The name ""Noonien"" was first used in the Star Trek: The Original Series 1st-season episode ""Space Seed"" as the middle name of the antagonist Khan Noonien Singh. Gene Roddenberry used the name because he had lost touch with an old friend (Noonien Wang or Noonien Singh) and hoped that Wang might see the episode and contact him. Roddenberry was still trying to find Wang in the late-80s when Star Trek: The Next Generation began so he decided to use ""Noonien"" once again as the name of Data's creator.","Human cyberneticist who created Data and fathered Altan Soong, both also played by Brent Spiner. Soong has created three complete androids in the known Star Trek universe, Data, Lore, and a Gynoid replica of his dead wife Juliana, which is technically superior to his previous models, as well as three prototype androids including B-4 (in the same design as Data and Lore). Early in Dr. Soong's career he was widely hailed as Earth's foremost robotic scientist, but he became a recluse after apparently failing to create a positronic brain and was thought to have been killed with other colonists on Omicron Theta. The scientist actually settled on Terlina III and summoned Data there to fit him with his final invention, an emotion chip. He inadvertently also summoned Data's brother, Lore, who attacked him after obtaining the chip. Soong survived, but was nearing death and elected to remain on Terlina rather than go aboard the Enterprise for medical care.
The one thing that kept defeating Dr Soong was how to make a workable emotion response software for his android ""sons."" Lore was activated with emotional responses but had to be disassembled when he began to turn evil; Data was made without emotions. Soong had planned to reassemble Lore to find out what went wrong but was forced to flee for his life. After 25 years, Dr. Soong perfected an emotion chip built for Data, but Lore stole it and became insane. When Data was forced to kill Lore (""Descent"") the emotion chip was damaged; Data considered destroying the chip but later implanted it in his positronic brain. However, even when repaired the chip was flawed–the emotions caused Data’s brain to behave erratically (Star Trek: Generations); Data learned to control his emotions. 
The name ""Noonien"" was first used in the Star Trek: The Original Series 1st-season episode ""Space Seed"" as the middle name of the antagonist Khan Noonien Singh. Gene Roddenberry used the name because he had lost touch with an old friend (Noonien Wang or Noonien Singh) and hoped that Wang might see the episode and contact him. Roddenberry was still trying to find Wang in the late-80s when Star Trek: The Next Generation began so he decided to use ""Noonien"" once again as the name of Data's creator.",Brothers (TNG) recurring thereafter
Tolian Soran,Malcolm McDowell,GEN
"El-Aurian scientist who was desperate to return to the Nexus. Blown up by his own rocket; however, in the process he mortally wounded James T. Kirk.","El-Aurian scientist who was desperate to return to the Nexus. Blown up by his own rocket; however, in the process he mortally wounded James T. Kirk.",GEN
Sovak,Max Grodénchik,Captain's Holiday (TNG)
"Ferengi who sought to profit from an archaeological search for the Tox Uthat. In uniform, he wore the rank insignia of a ""daimon"".","Ferengi who sought to profit from an archaeological search for the Tox Uthat. In uniform, he wore the rank insignia of a ""daimon"".",Captain's Holiday (TNG)
Soval,Gary Graham,Broken Bow (ENT) recurring thereafter
Vulcan ambassador to Earth in the 22nd century.,Vulcan ambassador to Earth in the 22nd century.,Broken Bow (ENT) recurring thereafter
"Son of Vulcan ambassador Sarek and human Amanda Grayson. Science Officer on the USS Enterprise under Captain Pike, additionally First Officer both there and on the USS Enterprise-A under Captain Kirk; Captain at Starfleet Academy; Federation Ambassador.","Son of Vulcan ambassador Sarek and human Amanda Grayson. Science Officer on the USS Enterprise under Captain Pike, additionally First Officer both there and on the USS Enterprise-A under Captain Kirk; Captain at Starfleet Academy; Federation Ambassador.","TOS, TAS,Unification 1&2 (TNG),DSC, SNW, TMP, WOK, SFS, TVH, TFF, TUC, ST09, STID, STB,"
Spot,,"Data's Day (TNG) recurring thereafter, GEN, NEM"
Data's female pet cat.,Data's female pet cat.,"Data's Day (TNG) recurring thereafter, GEN, NEM"
Ssestar,John Durbin,Lonely Among Us (TNG)
"Selay delegate to the summit with the Anticans on Parliament. Before the Enterprise-D arrives, however, Lieutenant Tasha Yar believes that the Anticans may have eaten him.","Selay delegate to the summit with the Anticans on Parliament. Before the Enterprise-D arrives, however, Lieutenant Tasha Yar believes that the Anticans may have eaten him.",Lonely Among Us (TNG)
Henry Starling,"Ed Begley, Jr.",Future's End (VOY)
20th-century pothead-turned-entrepreneur after discovering a 29th-century spacecraft that crash-landed near his campsite.,20th-century pothead-turned-entrepreneur after discovering a 29th-century spacecraft that crash-landed near his campsite.,Future's End (VOY)
Stel,Larc Spies,The Forge (ENT)
"Vulcan chief investigator of the Vulcan Security Directorate in 2154. He carried a bomb into the United Earth Embassy on Vulcan and blamed the ensuing destruction on T'Pau and the Syrrannites. After Doctor Phlox's medical investigation cleared T'Pau of any wrongdoing, Stel and Administrator V'Las tried to implicate the Andorians, but that didn't fly either. Stel was forced to take full responsibility for his terrorist act, and V'Las removed him from his position.","Vulcan chief investigator of the Vulcan Security Directorate in 2154. He carried a bomb into the United Earth Embassy on Vulcan and blamed the ensuing destruction on T'Pau and the Syrrannites. After Doctor Phlox's medical investigation cleared T'Pau of any wrongdoing, Stel and Administrator V'Las tried to implicate the Andorians, but that didn't fly either. Stel was forced to take full responsibility for his terrorist act, and V'Las removed him from his position.",The Forge (ENT)
Stocker,Charles Drake,The Deadly Years (TOS)
"Starfleet commodore and bureaucrat (Kirk calls him ""a chair-bound paper-pusher"") who hitches a ride on the Enterprise to his new post at Starbase 10. He wears a red uniform tunic. When the landing party to Gamma Hydra IV is stricken with advanced aging, Stocker compels Spock to convene an extraordinary competency hearing for Kirk. When the captain is relieved and Spock and Scotty are too ill to assume command, Stocker takes control and orders the Enterprise to take a shortcut through the Romulan Neutral Zone to reach Starbase 10 faster. Multiple Romulan birds-of-prey converge on the Enterprise and attack relentlessly. Stocker is utterly paralyzed with indecision until a rejuvenated Captain Kirk steps in and tricks the Romulans into giving the Enterprise a wide berth.","Starfleet commodore and bureaucrat (Kirk calls him ""a chair-bound paper-pusher"") who hitches a ride on the Enterprise to his new post at Starbase 10. He wears a red uniform tunic. When the landing party to Gamma Hydra IV is stricken with advanced aging, Stocker compels Spock to convene an extraordinary competency hearing for Kirk. When the captain is relieved and Spock and Scotty are too ill to assume command, Stocker takes control and orders the Enterprise to take a shortcut through the Romulan Neutral Zone to reach Starbase 10 faster. Multiple Romulan birds-of-prey converge on the Enterprise and attack relentlessly. Stocker is utterly paralyzed with indecision until a rejuvenated Captain Kirk steps in and tricks the Romulans into giving the Enterprise a wide berth.",The Deadly Years (TOS)
Stol,,Q-Less (DS9)
A cousin of Quark's and Rom's seen bidding 500 bars of gold-pressed latinum for a bejeweled dagger from the Gamma Quadrant during Vash's auction.,A cousin of Quark's and Rom's seen bidding 500 bars of gold-pressed latinum for a bejeweled dagger from the Gamma Quadrant during Vash's auction.,Q-Less (DS9)
Stone,Percy Rodriguez,Court Martial (TOS)
"Starfleet commodore and commanding officer of Starbase 11. He wears a red uniform tunic instead of the normal yellow for command officers. When Kirk is implicated in the death of Lieutenant Commander Benjamin Finney, Stone strongly recommends that he plead out and take a ground assignment. Kirk refuses, so Stone convenes a court-martial and acts as president of the court.","Starfleet commodore and commanding officer of Starbase 11. He wears a red uniform tunic instead of the normal yellow for command officers. When Kirk is implicated in the death of Lieutenant Commander Benjamin Finney, Stone strongly recommends that he plead out and take a ground assignment. Kirk refuses, so Stone convenes a court-martial and acts as president of the court.",Court Martial (TOS)
Stonn,Lawrence Montaigne,Amok Time (TOS)
"Vulcan, T'Pring's lover and Spock's rival for her affections.","Vulcan, T'Pring's lover and Spock's rival for her affections.",Amok Time (TOS)
Dr. Paul Stubbs,Ken Jenkins,Evolution (TNG)
Human astrophysicist who tried to wipe out a race of nanites to further his own research.,Human astrophysicist who tried to wipe out a race of nanites to further his own research.,Evolution (TNG)
Styles,James Sikking,SFS
"A Starfleet officer, captain of the USS Excelsior (NX-2000)","A Starfleet officer, captain of the USS Excelsior (NX-2000)",SFS
Lon Suder,Brad Dourif,"Meld, Basics Part 1 & 2 (VOY)"
"Betazoid Maquis psychopath who helped retake Voyager after it was commandeered by the Kazon. On Voyager, he was a brevet ensign.","Betazoid Maquis psychopath who helped retake Voyager after it was commandeered by the Kazon. On Voyager, he was a brevet ensign.","Meld, Basics Part 1 & 2 (VOY)"
Michael Sullivan,Fintan McKeown,Fair Haven (VOY) recurring thereafter
"Holographic character in Tom Paris's Fair Haven, owner of a pub in a quaint Irish village. He became romantically involved with Captain Janeway, who made several modifications to his program.","Holographic character in Tom Paris's Fair Haven, owner of a pub in a quaint Irish village. He became romantically involved with Captain Janeway, who made several modifications to his program.",Fair Haven (VOY) recurring thereafter
Demora Sulu,"Jacqueline Kim, Rihanne Quionn","GEN, STB."
"Hikaru Sulu's daughter, served aboard the Enterprise-B as ensign and pilot (helm officer).","Hikaru Sulu's daughter, served aboard the Enterprise-B as ensign and pilot (helm officer).","GEN, STB."
Helmsman of the USS Enterprise and Enterprise-A under Captain Kirk; Captain of the USS Excelsior.,Helmsman of the USS Enterprise and Enterprise-A under Captain Kirk; Captain of the USS Excelsior.,"TOS, TAS, TMP, WOK, SFS, TVH, TFF, TUC, GEN, Flashback (VOY), ST09, STID, STB"
Surak,Barry AtwaterBruce Gray,"The Savage Curtain (TOS),Awakening (ENT)"
Legendary Vulcan who led his people to a peace through a philosophy of logic over emotion,Legendary Vulcan who led his people to a peace through a philosophy of logic over emotion,"The Savage Curtain (TOS),Awakening (ENT)"
Suran,Jude Ciccolella,NEM
"Romulan commander who assures Praetor Shinzon of the fleet's allegiance. However, when Shinzon delays his attack on the Federation, and inexplicably invites the Enterprise-E to Romulus, Suran is greatly exasperated. Shinzon, distrustful of him, suggests that he learn patience ... and proper respect.","Romulan commander who assures Praetor Shinzon of the fleet's allegiance. However, when Shinzon delays his attack on the Federation, and inexplicably invites the Enterprise-E to Romulus, Suran is greatly exasperated. Shinzon, distrustful of him, suggests that he learn patience ... and proper respect.",NEM
Sutok,Steve Kehela,Fair Trade (VOY)
Drug addict who buys his drugs at the Nekrit Supply Depot,Drug addict who buys his drugs at the Nekrit Supply Depot,Fair Trade (VOY)
Sybok,Laurence Luckinbill  TBD,"TFF, The Serene Squall (SNW)"
Sarek's son by a Vulcan princess and Spock's half-brother who hijacks the Enterprise-A in attempt to reach God at the center of the galaxy.,Sarek's son by a Vulcan princess and Spock's half-brother who hijacks the Enterprise-A in attempt to reach God at the center of the galaxy.,"TFF, The Serene Squall (SNW)"
Syrran,Michael Nouri,The Forge (ENT)
"Vulcan male who was in possession of Surak's katra in 2154. As such, he and his followers, the Syrrannites, sought the Kir'Shara, an ancient artifact that contained Surak's original writings and was the only surviving record of his true teachings. If found, then it would threaten the legitimacy of the Vulcan High Command and have an enormous impact on the Vulcan people. When Syrran met Jonathan Archer and T'Pol in Vulcan's Forge, he introduced himself as Arev, which means ""desert wind."" Syrran was killed soon afterward by an electrical discharge during a sand-fire storm, but before he died, he transferred Surak's katra to Archer.","Vulcan male who was in possession of Surak's katra in 2154. As such, he and his followers, the Syrrannites, sought the Kir'Shara, an ancient artifact that contained Surak's original writings and was the only surviving record of his true teachings. If found, then it would threaten the legitimacy of the Vulcan High Command and have an enormous impact on the Vulcan people. When Syrran met Jonathan Archer and T'Pol in Vulcan's Forge, he introduced himself as Arev, which means ""desert wind."" Syrran was killed soon afterward by an electrical discharge during a sand-fire storm, but before he died, he transferred Surak's katra to Archer.",The Forge (ENT)
