0,1,2,3,4,5
1918 general election,Kidderminster,John Baker,"9,760",42.0,2
1918 general election,Rotherham,James Walker,"9,757",38.1,2
1922 general election,Bilston,John Baker,"10,392",45.8,2
1922 general election,Rotherham,James Walker,"16,449",49.0,2
1922 general election,Walsall,Robert Dennison,"8,946",23.6,3
1923 general election,Bilston,John Baker,"9,085",37.1,2
1923 general election,Cleveland,Robert Dennison,"9,683",27.8,3
1929 general election,Birmingham King's Norton,Robert Dennison,"13,973",40.6,2
1931 general election,Bilston,John Baker,"16,847",44.9,2
1931 general election,Eccles,David Mort,"16,101",38.2,2
1931 general election,Newport,James Walker,"19,238",40.9,2
1935 general election,Bilston,David Mort,"17,820",48.8,2
1940 by-election,Swansea East,David Mort,unopposed,,1
1968 by-election,Sheffield Brightside,Edward Griffiths,"14,179",55.2,1
1970 general election,Sheffield Brightside,Edward Griffiths,"23,941",72.2,1
Feb 1974 general election,Halesowen and Stourbridge,Dennis Turner,"22,465",33.8,2
Feb 1974 general election,Sheffield Brightside,Edward Griffiths,"27,363",68.4,1
Oct 1974 general election,Halesowen and Stourbridge,Dennis Turner,"23,637",37.6,2
1983 general election,Corby,William Homewood,"17,659",36.1,2
1987 general election,Enfield North,Martin Upham,"14,743",28.5,2
