0,1,2,3
Polish Academy Audience Award,Hi Tessa,"Cześć, Tereska",Robert Gliński
Polish Academy Audience Award,Squint Your Eyes,Zmruż oczy,Andrzej Jakimowski
Polish Academy Audience Award,Jasminum,Jasminum,Jan Jakub Kolski
Polish Academy Audience Award,33 Scenes from Life,33 sceny z życia,Małgorzata Szumowska
Polish Academy Audience Award,You Are God,Jesteś Bogiem,Leszek Dawid
Polish Academy Audience Award,Life Feels Good,Chce się żyć,Maciej Pieprzyca
Polish Academy Audience Award,Gods,Bogowie,Łukasz Palkowski
Polish Academy Audience Award,These Daughters of Mine,Moje córki krowy,Kinga Dębska
Polish Academy Audience Award,Hatred,Wołyń,Wojciech Smarzowski
Polish Academy Audience Award,Silent Night,Cicha noc,Piotr Domalewski
Polish Academy Audience Award,Clergy,Kler,Wojciech Smarzowski
Polish Academy Audience Award,Corpus Christi,Boże ciało,Jan Komasa
Polish Academy Audience Award,The Hater,Sala samobójców. Hejter,Jan Komasa
Polish Academy Audience Award,The Wedding,Wesele,Wojciech Smarzowski
Polish Academy Audience Award,Johnny,Johnny,Daniel Jaroszek
