0,1,2,3,4,5
Copa do Brasil, Grêmio,5,4,"1989, 1994, 1997, 2001, 2016","1991, 1993, 1995, 2020"
Copa do Brasil, Atlético Mineiro,2,1,"2014, 2021",2016
Copa do Brasil, Criciúma,1,0,1991,—
Copa do Brasil, Santo André,1,0,2004,—
Copa do Brasil, Coritiba,0,2,—,"2011, 2012"
Copa do Brasil, Goiás,0,1,—,1990
Copa do Brasil, Ceará,0,1,—,1994
Copa do Brasil, Botafogo,0,1,—,1999
Copa do Brasil, São Paulo,0,1,—,2000
Copa do Brasil, Brasiliense,0,1,—,2002
Copa do Brasil, Figueirense,0,1,—,2007
Copa do Brasil, Vitória,0,1,—,2010
