0,1,2,3,4
Chicago film critics association award for best actor,1991,Warren Beatty,Bugsy,Bugsy Siegel
Chicago film critics association award for best actor,1991,William Hurt,The Doctor,Dr. Jack MacKee
Chicago film critics association award for best actor,1991,Val Kilmer,The Doors,Jim Morrison
Chicago film critics association award for best actor,1991,Joe Mantegna,Homicide,Bobby Gold
Chicago film critics association award for best actor,1991,Nick Nolte,The Prince of Tides,Tom Wingo
Chicago film critics association award for best actor,1991,John Turturro,Barton Fink,Barton Fink
Chicago film critics association award for best actor,1992,Robert Downey Jr.,Chaplin,Charlie Chaplin
Chicago film critics association award for best actor,1992,Clint Eastwood,Unforgiven,William 'Will' Munny
Chicago film critics association award for best actor,1992,Al Pacino,Scent of a Woman,Frank Slade
Chicago film critics association award for best actor,1992,Tim Robbins,The Player,Griffin Mill
Chicago film critics association award for best actor,1993,Jeff Bridges,Fearless,Max Klein
Chicago film critics association award for best actor,1993,Daniel Day-Lewis,The Age of Innocence,Newland Archer
Chicago film critics association award for best actor,1993,Laurence Fishburne,What's Love Got to Do with It,Ike Turner
Chicago film critics association award for best actor,1993,Tom Hanks,Philadelphia,Andrew Beckett
Chicago film critics association award for best actor,1993,Anthony Hopkins,The Remains of the Day,James Stevens
Chicago film critics association award for best actor,1994,Johnny Depp,Ed Wood,Ed Wood
Chicago film critics association award for best actor,1994,Samuel L. Jackson,Pulp Fiction,Jules Winnfield
Chicago film critics association award for best actor,1994,Tommy Lee Jones,Cobb,Ty Cobb
Chicago film critics association award for best actor,1994,John Travolta,Pulp Fiction,Vincent Vega
Chicago film critics association award for best actor,1995,Morgan Freeman,Seven,Detective Lt. William Somerset
Chicago film critics association award for best actor,1995,Anthony Hopkins,Nixon,Richard Nixon
Chicago film critics association award for best actor,1995,Sean Penn,Dead Man Walking,Matthew Poncelet
Chicago film critics association award for best actor,1995,Denzel Washington,Devil in a Blue Dress,Easy Rawlins
Chicago film critics association award for best actor,1996,Kenneth Branagh,Hamlet,Hamlet
Chicago film critics association award for best actor,1996,William H. Macy,Fargo,Jerry Lundegaard
Chicago film critics association award for best actor,1996,Liam Neeson,Michael Collins,Michael Collins
Chicago film critics association award for best actor,1996,Geoffrey Rush,Shine,David Helfgott
Chicago film critics association award for best actor,1996,Denzel Washington,Courage Under Fire,Lt. Colonel Nathaniel Serling
Chicago film critics association award for best actor,1997,Peter Fonda,Ulee's Gold,Ulysses 'Ulee' Jackson
Chicago film critics association award for best actor,1997,Ian Holm,The Sweet Hereafter,Mitchell Stephens
Chicago film critics association award for best actor,1997,Jack Nicholson,As Good as It Gets,Melvin Udall
Chicago film critics association award for best actor,1997,Al Pacino,Donnie Brasco,Benjamin 'Lefty' Ruggiero
Chicago film critics association award for best actor,1998,Roberto Benigni,Life Is Beautiful,Guido Orefice
Chicago film critics association award for best actor,1998,Jim Carrey,The Truman Show,Truman Burbank
Chicago film critics association award for best actor,1998,Tom Hanks,Saving Private Ryan,Captain John H. Miller
Chicago film critics association award for best actor,1998,Edward Norton,American History X,Derek Vinyard
Chicago film critics association award for best actor,1999,Jim Broadbent,Topsy-Turvy,W. S. Gilbert
Chicago film critics association award for best actor,1999,Russell Crowe,The Insider,Jeffrey Wigand
Chicago film critics association award for best actor,1999,Richard Farnsworth,The Straight Story,Alvin Straight
Chicago film critics association award for best actor,1999,Denzel Washington,The Hurricane,"Rubin ""The Hurricane"" Carter"
