0,1,2,3,4
Cosas Raras,2001,"""Hoy No Quiero""",Best Rock Song,Nominated
Cosas Raras,2004,"""Andar Conmigo""",Record of the Year,Nominated
Cosas Raras,2004,Sí,Best Rock Solo Vocal Album,Won
Cosas Raras,2006,Limón y Sal,Album of the Year,Nominated
Cosas Raras,2006,"""Me Voy""",Record of the Year,Nominated
Cosas Raras,2006,Limón y Sal,Best Alternative Music Album,Won
Cosas Raras,2006,"""Me Voy""",Best Short Form Music Video,Nominated
Cosas Raras,2008,"""El presente""",Record of the year,Nominated
Cosas Raras,2008,MTV Unplugged,Best Long Form Music Video,Won
Cosas Raras,2010,"""Bien o Mal""",Best Short Form Music Video,Won
Cosas Raras,2015,"""Ese Camino""",Record of the Year,Nominated
Cosas Raras,2015,"""Ese Camino""",Song of the Year,Nominated
Cosas Raras,2016,Algo Sucede,Album of the Year,Nominated
Cosas Raras,2016,Algo Sucede,Best Pop/Rock Album,Won
Cosas Raras,2022,"""Lo Siento BB:/""",Best Reggaeton Performance,Won
Cosas Raras,2022,"""Lo Siento BB:/""",Best Urban Song,Nominated
