0,1,2,3,4
List of Golden Globe Awards: Supporting Actress,1970,Karen Black ,Rayette Dipesto,Five Easy Pieces
List of Golden Globe Awards: Supporting Actress,1970,Maureen Stapleton ,Inez Guerrero,Airport
List of Golden Globe Awards: Supporting Actress,1970,Tina Chen,Nyuk Tsin,The Hawaiians
List of Golden Globe Awards: Supporting Actress,1970,Lee Grant,Joyce Enders,The Landlord
List of Golden Globe Awards: Supporting Actress,1970,Sally Kellerman,Margaret O'Houlihan,M*A*S*H
List of Golden Globe Awards: Supporting Actress,1971,Ellen Burstyn,Lois Farrow,The Last Picture Show
List of Golden Globe Awards: Supporting Actress,1971,Cloris Leachman,Ruth Popper,The Last Picture Show
List of Golden Globe Awards: Supporting Actress,1971,Diana Rigg,Barbara Drummond,The Hospital
List of Golden Globe Awards: Supporting Actress,1971,Maureen Stapleton,Karen Nash,Plaza Suite
List of Golden Globe Awards: Supporting Actress,1972,Shelley Winters ,Belle Rosen,The Poseidon Adventure
List of Golden Globe Awards: Supporting Actress,1972,Marisa Berenson,Natalia Landauer,Cabaret
List of Golden Globe Awards: Supporting Actress,1972,Jeannie Berlin,Lila Kolodny,The Heartbreak Kid
List of Golden Globe Awards: Supporting Actress,1972,Helena Kallianiotes,Jackie Burdette,Kansas City Bomber
List of Golden Globe Awards: Supporting Actress,1972,Geraldine Page,Gertrude,Pete 'n' Tillie
List of Golden Globe Awards: Supporting Actress,1973,Linda Blair ,Regan MacNeil,The Exorcist
List of Golden Globe Awards: Supporting Actress,1973,Valentina Cortese,Severine,Day for Night (La nuit américaine)
List of Golden Globe Awards: Supporting Actress,1973,Madeline Kahn,Trixie Delight,Paper Moon
List of Golden Globe Awards: Supporting Actress,1973,Kate Reid,Claire,A Delicate Balance
List of Golden Globe Awards: Supporting Actress,1973,Sylvia Sidney,Mrs. Pritchett,"Summer Wishes, Winter Dreams"
List of Golden Globe Awards: Supporting Actress,1974,Karen Black ,Myrtle Wilson,The Great Gatsby
List of Golden Globe Awards: Supporting Actress,1974,Beatrice Arthur,Vera Charles,Mame
List of Golden Globe Awards: Supporting Actress,1974,Jennifer Jones,Lisolette Mueller,The Towering Inferno
List of Golden Globe Awards: Supporting Actress,1974,Madeline Kahn,Elizabeth,Young Frankenstein
List of Golden Globe Awards: Supporting Actress,1974,Diane Ladd,Flo Castleberry,Alice Doesn't Live Here Anymore
List of Golden Globe Awards: Supporting Actress,1975,Ronee Blakley,Barbara Jean,Nashville
List of Golden Globe Awards: Supporting Actress,1975,Geraldine Chaplin,Opal,Nashville
List of Golden Globe Awards: Supporting Actress,1975,Barbara Harris,Albuquerque,Nashville
List of Golden Globe Awards: Supporting Actress,1975,Lily Tomlin,Linnea Reese,Nashville
List of Golden Globe Awards: Supporting Actress,1975,Lee Grant,Felicia Karpf,Shampoo
List of Golden Globe Awards: Supporting Actress,1976,Lee Grant,Lili Rosen,Voyage of the Damned
List of Golden Globe Awards: Supporting Actress,1976,Jodie Foster,Iris Steensma,Taxi Driver
List of Golden Globe Awards: Supporting Actress,1976,Marthe Keller,Elsa Opel,Marathon Man
List of Golden Globe Awards: Supporting Actress,1976,Piper Laurie,Margaret White,Carrie
List of Golden Globe Awards: Supporting Actress,1976,Bernadette Peters,Vilma Kaplan,Silent Movie
List of Golden Globe Awards: Supporting Actress,1976,Shelley Winters,Fay Lapinsky,"Next Stop, Greenwich Village"
List of Golden Globe Awards: Supporting Actress,1977,Vanessa Redgrave ,Julia,Julia
List of Golden Globe Awards: Supporting Actress,1977,Ann-Margret,Lady Booby,Joseph Andrews
List of Golden Globe Awards: Supporting Actress,1977,Joan Blondell,Sarah Goode,Opening Night
List of Golden Globe Awards: Supporting Actress,1977,Leslie Browne,Emilia Rodgers,The Turning Point
List of Golden Globe Awards: Supporting Actress,1977,Quinn Cummings,Lucy McFadden,The Goodbye Girl
List of Golden Globe Awards: Supporting Actress,1977,Lilia Skala,Rosa,Roseland
List of Golden Globe Awards: Supporting Actress,1978,Carol Burnett,Tulip Brenner,A Wedding
List of Golden Globe Awards: Supporting Actress,1978,Maureen Stapleton,Pearl,Interiors
List of Golden Globe Awards: Supporting Actress,1978,Meryl Streep,Linda,The Deer Hunter
List of Golden Globe Awards: Supporting Actress,1978,Mona Washbourne,Aunt,Stevie
List of Golden Globe Awards: Supporting Actress,1979,Meryl Streep ,Joanna Kramer,Kramer vs. Kramer
List of Golden Globe Awards: Supporting Actress,1979,Jane Alexander,Margaret Phelps,Kramer vs. Kramer
List of Golden Globe Awards: Supporting Actress,1979,Kathleen Beller,Elizabeth (Buffy) Koenig,Promises in the Dark
List of Golden Globe Awards: Supporting Actress,1979,Candice Bergen,Jessica Potter,Starting Over
List of Golden Globe Awards: Supporting Actress,1979,Valerie Harper,Faye Medwick,Chapter Two
