0,1,2,3,4
Screen Actors Guild Award for Best Male Actor - Miniseries or Television Movie,"2000
(7th) ",Alec Baldwin,Nuremberg,Justice Robert H. Jackson
Screen Actors Guild Award for Best Male Actor - Miniseries or Television Movie,"2000
(7th) ",Brian Cox,Nuremberg,Hermann Göring
Screen Actors Guild Award for Best Male Actor - Miniseries or Television Movie,"2000
(7th) ",Danny Glover,Freedom Song,Will Walker
Screen Actors Guild Award for Best Male Actor - Miniseries or Television Movie,"2000
(7th) ",John Lithgow,Don Quixote,Don Quixote
Screen Actors Guild Award for Best Male Actor - Miniseries or Television Movie,"2000
(7th) ",James Woods,Dirty Pictures,Dennis Barrie
Screen Actors Guild Award for Best Male Actor - Miniseries or Television Movie,"2001
(8th) ",Ben Kingsley,Anne Frank: The Whole Story,Otto Frank
Screen Actors Guild Award for Best Male Actor - Miniseries or Television Movie,"2001
(8th) ",Alan Alda,Club Land,Willie Walters
Screen Actors Guild Award for Best Male Actor - Miniseries or Television Movie,"2001
(8th) ",Richard Dreyfuss,The Day Reagan Was Shot,Alexander Haig
Screen Actors Guild Award for Best Male Actor - Miniseries or Television Movie,"2001
(8th) ",James Franco,James Dean,James Dean
Screen Actors Guild Award for Best Male Actor - Miniseries or Television Movie,"2001
(8th) ",Gregory Hines,Bojangles,"Bill ""Bojangles"" Robinson"
Screen Actors Guild Award for Best Male Actor - Miniseries or Television Movie,"2002
(9th) ",Albert Finney,The Gathering Storm,Winston Churchill
Screen Actors Guild Award for Best Male Actor - Miniseries or Television Movie,"2002
(9th) ",Brad Garrett,Gleason,Jackie Gleason
Screen Actors Guild Award for Best Male Actor - Miniseries or Television Movie,"2002
(9th) ",Sean Hayes,Martin and Lewis,Jerry Lewis
Screen Actors Guild Award for Best Male Actor - Miniseries or Television Movie,"2002
(9th) ",John Turturro,Monday Night Mayhem,Howard Cosell
Screen Actors Guild Award for Best Male Actor - Miniseries or Television Movie,"2003
(10th) ",Justin Kirk,Angels in America,Prior Walter / Man in Park
Screen Actors Guild Award for Best Male Actor - Miniseries or Television Movie,"2003
(10th) ",Jeffrey Wright,Angels in America,Mr. Lies / Belize / Homeless Man / The Angel Europa
Screen Actors Guild Award for Best Male Actor - Miniseries or Television Movie,"2003
(10th) ",Paul Newman,Our Town,Stage Manager
Screen Actors Guild Award for Best Male Actor - Miniseries or Television Movie,"2003
(10th) ",Forest Whitaker,Deacons for Defense,Marcus Clay
Screen Actors Guild Award for Best Male Actor - Miniseries or Television Movie,"2004
(11th) ",Jamie Foxx,Redemption: The Stan Tookie Williams Story,"Stan ""Tookie"" Williams"
Screen Actors Guild Award for Best Male Actor - Miniseries or Television Movie,"2004
(11th) ",William H. Macy,The Wool Cap,Charlie Gigot
Screen Actors Guild Award for Best Male Actor - Miniseries or Television Movie,"2004
(11th) ",Barry Pepper,3: The Dale Earnhardt Story,Dale Earnhardt
Screen Actors Guild Award for Best Male Actor - Miniseries or Television Movie,"2004
(11th) ",Jon Voight,The Five People You Meet in Heaven,Eddie
Screen Actors Guild Award for Best Male Actor - Miniseries or Television Movie,"2005
(12th) ",Kenneth Branagh,Warm Springs,Franklin D. Roosevelt
Screen Actors Guild Award for Best Male Actor - Miniseries or Television Movie,"2005
(12th) ",Ted Danson,Knights of the South Bronx,David MacEnulty
Screen Actors Guild Award for Best Male Actor - Miniseries or Television Movie,"2005
(12th) ",Ed Harris,Empire Falls,Miles Roby
Screen Actors Guild Award for Best Male Actor - Miniseries or Television Movie,"2005
(12th) ",Christopher Plummer,Our Fathers,Cardinal Bernard Law
Screen Actors Guild Award for Best Male Actor - Miniseries or Television Movie,"2006
(13th) ",Thomas Haden Church,Broken Trail,Tom Harte
Screen Actors Guild Award for Best Male Actor - Miniseries or Television Movie,"2006
(13th) ",Robert Duvall,Broken Trail,Prentice Ritter
Screen Actors Guild Award for Best Male Actor - Miniseries or Television Movie,"2006
(13th) ",William H. Macy,Nightmares & Dreamscapes: From the Stories of Stephen King,Det. Clyde Umney / Sam Landry
Screen Actors Guild Award for Best Male Actor - Miniseries or Television Movie,"2006
(13th) ",Matthew Perry,The Ron Clark Story,Ron Clark
Screen Actors Guild Award for Best Male Actor - Miniseries or Television Movie,"2007
(14th) ",Michael Keaton,The Company,James Jesus Angleton
Screen Actors Guild Award for Best Male Actor - Miniseries or Television Movie,"2007
(14th) ",Oliver Platt,The Bronx Is Burning,George Steinbrenner
Screen Actors Guild Award for Best Male Actor - Miniseries or Television Movie,"2007
(14th) ",Sam Shepard,Ruffian,Frank Whiteley
Screen Actors Guild Award for Best Male Actor - Miniseries or Television Movie,"2007
(14th) ",John Turturro,The Bronx Is Burning,Billy Martin
Screen Actors Guild Award for Best Male Actor - Miniseries or Television Movie,"2008
(15th) ",Tom Wilkinson,John Adams,Benjamin Franklin
Screen Actors Guild Award for Best Male Actor - Miniseries or Television Movie,"2008
(15th) ",Ralph Fiennes,Bernard and Doris,Bernard Lafferty
Screen Actors Guild Award for Best Male Actor - Miniseries or Television Movie,"2008
(15th) ",Kevin Spacey,Recount,Ron Klain
Screen Actors Guild Award for Best Male Actor - Miniseries or Television Movie,"2008
(15th) ",Kiefer Sutherland,24: Redemption,Jack Bauer
Screen Actors Guild Award for Best Male Actor - Miniseries or Television Movie,"2009
(16th) ",Cuba Gooding Jr.,Gifted Hands: The Ben Carson Story,Ben Carson
Screen Actors Guild Award for Best Male Actor - Miniseries or Television Movie,"2009
(16th) ",Jeremy Irons,Georgia O'Keeffe,Alfred Stieglitz
Screen Actors Guild Award for Best Male Actor - Miniseries or Television Movie,"2009
(16th) ",Kevin Kline,Cyrano de Bergerac,Cyrano de Bergerac
Screen Actors Guild Award for Best Male Actor - Miniseries or Television Movie,"2009
(16th) ",Tom Wilkinson,A Number,Salter
