0,1,2,3,4
AACTA Award for Best Actress in a Leading Role,1980(22nd),Carmen Duncan,Harlequin,Sandra Rast
AACTA Award for Best Actress in a Leading Role,1980(22nd),Judy Morris,...Maybe This Time,Fran
AACTA Award for Best Actress in a Leading Role,1980(22nd),Mawuyul Yanthalawuy,Manganinnie,Manganinnie
AACTA Award for Best Actress in a Leading Role,1981(23rd),Jenny Agutter,The Survivor,Hobbs
AACTA Award for Best Actress in a Leading Role,1981(23rd),Lorraine Bayly,Fatty Finn,Maggie McGrath
AACTA Award for Best Actress in a Leading Role,1981(23rd),Noni Hazlehurst,Fatty Finn,Myrtle Finn
AACTA Award for Best Actress in a Leading Role,1982(24th),Wendy Hughes,Lonely Hearts,Patricia Curnow
AACTA Award for Best Actress in a Leading Role,1982(24th),Carol Kane,Norman Loves Rose,Rose
AACTA Award for Best Actress in a Leading Role,1982(24th),Angela Punch McGregor,We of the Never Never,Jeannie Gunn
AACTA Award for Best Actress in a Leading Role,1983(25th),Wendy Hughes,"Careful, He Might Hear You",Vanessa
AACTA Award for Best Actress in a Leading Role,1983(25th),Lorna Lesley,The Settlement,Joycie
AACTA Award for Best Actress in a Leading Role,1983(25th),Kris McQuade,Buddies,Stella
AACTA Award for Best Actress in a Leading Role,1983(25th),Geneviève Picot,Undercover,Libby
AACTA Award for Best Actress in a Leading Role,1984(26th),Carol Burns,Strikebound,Agnes Doig
AACTA Award for Best Actress in a Leading Role,1984(26th),Gosia Dobrowolska,Silver City,Nina
AACTA Award for Best Actress in a Leading Role,1984(26th),Wendy Hughes,My First Wife,Helen
AACTA Award for Best Actress in a Leading Role,1985(27th),Debra Byrne,Rebel,Kathy McLeod
AACTA Award for Best Actress in a Leading Role,1985(27th),Lynette Curran,Bliss,Bettina Joy
AACTA Award for Best Actress in a Leading Role,1985(27th),Michele Fawdon,Unfinished Business,Maureen
AACTA Award for Best Actress in a Leading Role,1986(28th),Helen Buday,For Love Alone,Teresa
AACTA Award for Best Actress in a Leading Role,1986(28th),Judy Morris,The More Things Change...,Connie
AACTA Award for Best Actress in a Leading Role,1986(28th),Justine Saunders,The Fringe Dwellers,Mollie Comeaway
AACTA Award for Best Actress in a Leading Role,1987(29th),Julia Blake,Travelling North,Frances
AACTA Award for Best Actress in a Leading Role,1987(29th),Loene Carmen,The Year My Voice Broke,Freya Olson
AACTA Award for Best Actress in a Leading Role,1987(29th),Wendy Hughes,Echoes of Paradise,Maria
AACTA Award for Best Actress in a Leading Role,1988(30th),Wendy Hughes,Boundaries of the Heart,Stella Marsden
AACTA Award for Best Actress in a Leading Role,1988(30th),Rosey Jones,Afraid to Dance,The Female
AACTA Award for Best Actress in a Leading Role,1988(30th),Jo Kennedy,Tender Hooks,Mitch
AACTA Award for Best Actress in a Leading Role,1989(31st),Judy Davis,Georgia,Nina Bailley and Georgia White
AACTA Award for Best Actress in a Leading Role,1989(31st),Geneviève Lemon,Sweetie,Dawn (Sweetie)
AACTA Award for Best Actress in a Leading Role,1989(31st),Irini Pappas,Island,Marquise
