0,1,2,3,4
Fanny Och Alexander,9 April 1984,Best Foreign Language Film,Ingmar Bergman,Won
Fanny Och Alexander,9 April 1984,Best Art Direction,Anna Asp,Won
Fanny Och Alexander,1984,Film Not in the English Language,"Jörn Donner, Ingmar Bergman",Nominated
Fanny Och Alexander,1984,Best Cinematography,Sven Nykvist,Won
Fanny Och Alexander,1984,Best Costume Design,Marik Vos-Lundh,Nominated
Fanny Och Alexander,3 March 1984,Best Foreign Film,Ingmar Bergman,Won
Fanny Och Alexander,1984,Best Foreign Film,Ingmar Bergman,Won
Fanny Och Alexander,1984,Best Foreign Director,Won,Ingmar Bergman
Fanny Och Alexander,1984,Best Foreign Screenplay,Won,Ingmar Bergman
Fanny Och Alexander,1983,Best Director,Ingmar Bergman,Nominated
Fanny Och Alexander,28 January 1984,Best Foreign Language Film,Ingmar Bergman,Won
Fanny Och Alexander,28 January 1984,Best Director - Motion Picture,Nominated,Ingmar Bergman
Fanny Och Alexander,31 October 1983,Best Film,Ingmar Bergman,Won
Fanny Och Alexander,31 October 1983,Best Director,Won,Ingmar Bergman
Fanny Och Alexander,31 October 1983,Best Actor,Jarl Kulle,Won
Fanny Och Alexander,17 December 1983,Best Foreign Language Film,Ingmar Bergman,Won
Fanny Och Alexander,17 December 1983,Best Cinematography,Sven Nykvist,Won
Fanny Och Alexander,14 December 1983,Best Foreign Language Film,Ingmar Bergman,Won
Fanny Och Alexander,14 December 1983,Top Five Foreign Films,Ingmar Bergman,Won
Fanny Och Alexander,29 January 1984,Best Foreign Language Film,Ingmar Bergman,Won
Fanny Och Alexander,29 January 1984,Best Director,Won,Ingmar Bergman
