0,1,2,3,4,5,6
Solberg's Cabinet,Prime Minister,Erna Solberg,16 October 2013,14 October 2021, ,Conservative
Solberg's Cabinet,"Minister at the Office of the Prime Minister,
responsible for EEA Affairs and EU Relations, also Chief of Staff at the Office of the Prime Minister",Vidar Helgesen,16 October 2013,16 December 2015, ,Conservative
Solberg's Cabinet,Minister of Finance,Siv Jensen,16 October 2013,24 January 2020, ,Progress
Solberg's Cabinet,Minister of Finance,Jan Tore Sanner,24 January 2020,14 October 2021, ,Conservative
Solberg's Cabinet,Minister of Local Government and Modernisation,Jan Tore Sanner,16 October 2013,17 January 2018, ,Conservative
Solberg's Cabinet,Minister of Local Government and Modernisation,Monica Mæland,17 January 2018,24 January 2020, ,Conservative
Solberg's Cabinet,Minister of Local Government and Modernisation,Nikolai Astrup,24 January 2020,14 October 2021, ,Conservative
Solberg's Cabinet,Minister of Defence,Ine Marie Eriksen Søreide,16 October 2013,20 October 2017, ,Conservative
Solberg's Cabinet,Minister of Defence,Frank Bakke-Jensen,20 October 2017,14 October 2021, ,Conservative
Solberg's Cabinet,Minister of Foreign Affairs,Børge Brende,16 October 2013,20 October 2017, ,Conservative
Solberg's Cabinet,Minister of Foreign Affairs,Ine Marie Eriksen Søreide,20 October 2017,14 October 2021, ,Conservative
Solberg's Cabinet,"Minister of Justice, Public Security and Immigration",Anders Anundsen,16 October 2013,20 December 2016, ,Progress
Solberg's Cabinet,"Minister of Justice, Public Security and Immigration",Per-Willy Amundsen,20 December 2016,17 January 2018, ,Progress
Solberg's Cabinet,"Minister of Justice, Public Security and Immigration",Sylvi Listhaug,17 January 2018,20 March 2018, ,Progress
Solberg's Cabinet,"Minister of Justice, Public Security and Immigration",Tor Mikkel Wara,4 April 2018,15 March 2019, ,Progress
Solberg's Cabinet,"Minister of Justice, Public Security and Immigration",Jøran Kallmyr,29 March 2019,24 January 2020, ,Progress
Solberg's Cabinet,"Minister of Justice, Public Security and Immigration",Monica Mæland,24 January 2020,14 October 2021, ,Conservative
Solberg's Cabinet,Minister of Trade and Industry,Monica Mæland,16 October 2013,17 January 2018, ,Conservative
Solberg's Cabinet,Minister of Trade and Industry,Torbjørn Røe Isaksen,17 January 2018,24 January 2020, ,Conservative
Solberg's Cabinet,Minister of Trade and Industry,Iselin Nybø,24 January 2020,14 October 2021, ,Liberal
Solberg's Cabinet,Minister of Transport and Communications,Ketil Solvik-Olsen,16 October 2013,31 August 2018, ,Progress
Solberg's Cabinet,Minister of Transport and Communications,Jon Georg Dale,31 August 2018,24 January 2020, ,Progress
Solberg's Cabinet,Minister of Transport and Communications,Knut Arild Hareide,24 January 2020,14 October 2021, ,Christian Democratic
Solberg's Cabinet,Minister of Agriculture,Sylvi Listhaug,16 October 2013,16 December 2015, ,Progress
Solberg's Cabinet,Minister of Agriculture,Jon Georg Dale,16 December 2015,31 August 2018, ,Progress
Solberg's Cabinet,Minister of Agriculture,Bård André Hoksrud,31 August 2018,22 January 2019, ,Progress
Solberg's Cabinet,Minister of Agriculture,Olaug Bollestad,22 January 2019,14 October 2021, ,Christian Democratic
Solberg's Cabinet,Minister of Education and Research,Torbjørn Røe Isaksen,16 October 2013,17 January 2018, ,Conservative
Solberg's Cabinet,Minister of Education and Research,Jan Tore Sanner,17 January 2018,24 January 2020, ,Conservative
Solberg's Cabinet,Minister of Education and Research,Trine Skei Grande,24 January 2020,13 March 2020, ,Liberal
Solberg's Cabinet,Minister of Education and Research,Guri Melby,13 March 2020,14 October 2021, ,Liberal
Solberg's Cabinet,Minister of Higher Education and Research,Iselin Nybø,17 January 2018,24 January 2020, ,Liberal
Solberg's Cabinet,Minister of Higher Education and Research,Henrik Asheim,24 January 2020,14 October 2021, ,Conservative
Solberg's Cabinet,"Minister of Children, Equality and Social Inclusion",Solveig Horne,16 October 2013,17 January 2018, ,Progress
Solberg's Cabinet,"Minister of Children, Equality and Social Inclusion",Linda Hofstad Helleland,17 January 2018,22 January 2019, ,Conservative
Solberg's Cabinet,Minister of Children and Family Affairs,Kjell Ingolf Ropstad,22 January 2019,20 September 2021, ,Christian Democratic
Solberg's Cabinet,Minister of Petroleum and Energy,Tord Lien,16 October 2013,20 December 2016, ,Progress
Solberg's Cabinet,Minister of Petroleum and Energy,Terje Søviknes,20 December 2016,31 August 2018, ,Progress
Solberg's Cabinet,Minister of Petroleum and Energy,Kjell-Børge Freiberg,31 August 2018,18 December 2019, ,Progress
Solberg's Cabinet,Minister of Petroleum and Energy,Sylvi Listhaug,18 December 2019,24 January 2020, ,Progress
Solberg's Cabinet,Minister of Petroleum and Energy,Tina Bru,24 January 2020,14 October 2021, ,Conservative
Solberg's Cabinet,Minister of Health and Care Services,Bent Høie,16 October 2013,14 October 2021, ,Conservative
Solberg's Cabinet,Minister of Elderly and Public Health,Åse Michaelsen,17 January 2018,3 May 2019, ,Progress
Solberg's Cabinet,Minister of Elderly and Public Health,Sylvi Listhaug,3 May 2019,18 December 2019, ,Progress
Solberg's Cabinet,Minister of Elderly and Public Health,Terje Søviknes,18 December 2019,24 January 2020, ,Progress
Solberg's Cabinet,Minister of Labour and Social Affairs,Robert Eriksson,16 October 2013,16 December 2015, ,Progress
Solberg's Cabinet,Minister of Labour and Social Affairs,Anniken Hauglie,16 December 2015,24 January 2020, ,Conservative
Solberg's Cabinet,Minister of Labour and Social Affairs,Torbjørn Røe Isaksen,24 January 2020,14 October 2021, ,Conservative
Solberg's Cabinet,Minister of Culture and Church Affairs,Thorhild Widvey,16 October 2013,16 December 2015, ,Conservative
Solberg's Cabinet,Minister of Culture and Church Affairs,Linda Hofstad Helleland,16 December 2015,17 January 2018, ,Conservative
Solberg's Cabinet,Minister of Culture and Church Affairs,Trine Skei Grande,17 January 2018,24 January 2020, ,Liberal
Solberg's Cabinet,Minister of Culture and Church Affairs,Abid Raja,24 January 2020,14 October 2021, ,Liberal
Solberg's Cabinet,Minister of Climate and the Environment,Tine Sundtoft,16 October 2013,16 December 2015, ,Conservative
Solberg's Cabinet,Minister of Climate and the Environment,Vidar Helgesen,16 December 2015,17 January 2018, ,Conservative
Solberg's Cabinet,Minister of Climate and the Environment,Ola Elvestuen,17 January 2018,24 January 2020, ,Liberal
Solberg's Cabinet,Minister of Climate and the Environment,Sveinung Rotevatn,24 January 2020,14 October 2021, ,Liberal
Solberg's Cabinet,Minister of Migration and Integration,Sylvi Listhaug,16 December 2015,17 January 2018, ,Progress
Solberg's Cabinet,Minister of European Affairs and Nordic Cooperation,Elisabeth Aspaker,16 December 2015,20 December 2016, ,Conservative
Solberg's Cabinet,Minister of European Affairs and Nordic Cooperation,Frank Bakke-Jensen,20 December 2016,20 October 2017, ,Conservative
Solberg's Cabinet,Minister of European Affairs and Nordic Cooperation,Marit Berger Røsland,20 October 2017,17 January 2018, ,Conservative
Solberg's Cabinet,Minister of International Development,Nikolai Astrup,17 January 2018,22 January 2019, ,Conservative
Solberg's Cabinet,Minister of International Development,Dag Inge Ulstein,22 January 2019,14 October 2021, ,Christian Democratic
Solberg's Cabinet,Minister of Digital Affairs,Nikolai Astrup,22 January 2019,24 January 2020, ,Conservative
Solberg's Cabinet,Minister of Public Security,Ingvil Smines Tybring-Gjedde,22 January 2019,24 January 2020, ,Progress
Solberg's Cabinet,Minister of Regional and Digital Affairs,Linda Hofstad Helleland,24 January 2020,14 October 2021, ,Conservative
