0,1,2,3
Academy Awards/Best Actress,Anjelica Huston,Lilly Dillon,The Grifters
Academy Awards/Best Actress,Julia Roberts,Vivian Ward,Pretty Woman
Academy Awards/Best Actress,Meryl Streep,Suzanne Vale,Postcards from the Edge
Academy Awards/Best Actress,Joanne Woodward,India Bridge,Mr. & Mrs. Bridge
Academy Awards/Best Actress,Geena Davis,Thelma Dickinson,Thelma & Louise
Academy Awards/Best Actress,Laura Dern,Rose,Rambling Rose
Academy Awards/Best Actress,Bette Midler,Dixie Leonard,For the Boys
Academy Awards/Best Actress,Susan Sarandon,Louise Sawyer,Thelma & Louise
Academy Awards/Best Actress,Catherine Deneuve,Éliane Devries,Indochine
Academy Awards/Best Actress,Mary McDonnell,May-Alice Culhane,Passion Fish
Academy Awards/Best Actress,Michelle Pfeiffer,"Louise Irene ""Lurene"" Hallett",Love Field
Academy Awards/Best Actress,Susan Sarandon,Michaela Murphy Odone,Lorenzo's Oil
Academy Awards/Best Actress,Angela Bassett,Anna Mae Bullock / Tina Turner,What's Love Got to Do with It
Academy Awards/Best Actress,Stockard Channing,"Louisa ""Ouisa"" Kittredge",Six Degrees of Separation
Academy Awards/Best Actress,Emma Thompson,"Sarah ""Sally"" Kenton",The Remains of the Day
Academy Awards/Best Actress,Debra Winger,Joy Davidman,Shadowlands
Academy Awards/Best Actress,Jodie Foster,Nell Kellty,Nell
Academy Awards/Best Actress,Miranda Richardson,Vivienne Haigh-Wood,Tom & Viv
Academy Awards/Best Actress,Winona Ryder,"Josephine ""Jo"" March",Little Women
Academy Awards/Best Actress,Susan Sarandon,"Regina ""Reggie"" Love",The Client
Academy Awards/Best Actress,Elisabeth Shue,Sera,Leaving Las Vegas
Academy Awards/Best Actress,Sharon Stone,Ginger McKenna,Casino
Academy Awards/Best Actress,Meryl Streep,Francesca Johnson,The Bridges of Madison County
Academy Awards/Best Actress,Emma Thompson,Elinor Dashwood,Sense and Sensibility
Academy Awards/Best Actress,Frances McDormand ,Marge Gunderson,Fargo
Academy Awards/Best Actress,Brenda Blethyn,Cynthia Rose Purley,Secrets & Lies
Academy Awards/Best Actress,Diane Keaton,Bessie Wakefield,Marvin's Room
Academy Awards/Best Actress,Kristin Scott Thomas,Katharine Clifton,The English Patient
Academy Awards/Best Actress,Emily Watson,Bess McNeill,Breaking the Waves
Academy Awards/Best Actress,Helena Bonham Carter,Kate Croy,The Wings of the Dove
Academy Awards/Best Actress,Julie Christie,Phyllis Hart,Afterglow
Academy Awards/Best Actress,Judi Dench,Queen Victoria,Mrs Brown
Academy Awards/Best Actress,Kate Winslet,Rose DeWitt Bukater,Titanic
Academy Awards/Best Actress,Cate Blanchett,Queen Elizabeth I,Elizabeth
Academy Awards/Best Actress,Fernanda Montenegro,"Isadora ""Dora"" Teixeira",Central Station
Academy Awards/Best Actress,Meryl Streep,Kate Gulden,One True Thing
Academy Awards/Best Actress,Emily Watson,Jacqueline du Pré,Hilary and Jackie
Academy Awards/Best Actress,Annette Bening,Carolyn Burnham,American Beauty
Academy Awards/Best Actress,Janet McTeer,Mary Jo Walker,Tumbleweeds
Academy Awards/Best Actress,Julianne Moore,Sarah Miles,The End of the Affair
Academy Awards/Best Actress,Meryl Streep,Roberta Guaspari,Music of the Heart
