0,1,2,3,4
Ja'far Panahi,2003,Cannes Film Festival,Prix du Jury – Un Certain Regard,Crimson Gold
Ja'far Panahi,2006,Berlin Film Festival,Silver Bear - Jury Grand Prix,Offside
Ja'far Panahi,2007,Valdivia International Film Festival,Pudú Award,for his life-time artistic accomplishments
Ja'far Panahi,2007,HIVOS,HIVOS Cinema Unlimited Award,
Ja'far Panahi,2011,Cannes Film Festival,Carrosse d'Or,This Is Not a Film
Ja'far Panahi,2011,Passion For Freedom London Festival,Special Jury Prize,This Is Not a Film
Ja'far Panahi,2012,The European Parliament,Sakharov Prize,
Ja'far Panahi,2013,Berlin International Film Festival,Silver Bear for Screenwriting,Closed Curtain
Ja'far Panahi,2014,Motion Picture Association,Academy Film Fund grant,Flower
Ja'far Panahi,2018,71st Cannes Film Festival,Best Screenplay,Three Faces
Ja'far Panahi,2022,79th Venice Film Festival,Special Jury Prize,No Bears
