0,1,2,3,4
Silver Logie Award for Most Popular TV Presenter,Harry Cooper,Harry's Practice,Seven Network,
Silver Logie Award for Most Popular TV Presenter,Ernie Dingo,The Great Outdoors,Seven Network,
Silver Logie Award for Most Popular TV Presenter,Jamie Durie,Backyard Blitz,Nine Network,
Silver Logie Award for Most Popular TV Presenter,Eddie McGuire,Who Wants to Be a Millionaire?,Nine Network,
Silver Logie Award for Most Popular TV Presenter,Rove McManus,Rove (Live),Network Ten,
Silver Logie Award for Most Popular TV Presenter,Ernie Dingo,The Great Outdoors,Seven Network,
Silver Logie Award for Most Popular TV Presenter,Jamie Durie,Backyard Blitz,Nine Network,
Silver Logie Award for Most Popular TV Presenter,Andrew G,Australian Idol,Network Ten,
Silver Logie Award for Most Popular TV Presenter,Andrew G,—,Channel V,
Silver Logie Award for Most Popular TV Presenter,David Koch,Sunrise,Seven Network,
Silver Logie Award for Most Popular TV Presenter,Rove McManus,Rove (Live),Network Ten,
Silver Logie Award for Most Popular TV Presenter,Andrew Denton,Enough Rope with Andrew Denton,ABC TV,
Silver Logie Award for Most Popular TV Presenter,Jamie Durie,Backyard Blitz,Nine Network,
Silver Logie Award for Most Popular TV Presenter,David Koch,Sunrise,Seven Network,
Silver Logie Award for Most Popular TV Presenter,Andrew O'Keefe,Deal or No Deal,Seven Network,
Silver Logie Award for Most Popular TV Presenter,Rove McManus,Rove Live,Network Ten,
Silver Logie Award for Most Popular TV Presenter,Melissa Doyle,Sunrise,Seven Network,
Silver Logie Award for Most Popular TV Presenter,David Koch,Sunrise,Seven Network,
Silver Logie Award for Most Popular TV Presenter,Andrew O'Keefe,Deal or No Deal,Seven Network,
Silver Logie Award for Most Popular TV Presenter,Tom Williams,The Great Outdoors,Seven Network,
Silver Logie Award for Most Popular TV Presenter,Tom Williams,The Mole,Seven Network,
Silver Logie Award for Most Popular TV Presenter,Rove McManus,Rove Live,Network Ten,
Silver Logie Award for Most Popular TV Presenter,Wil Anderson,The Glass House,ABC TV,
Silver Logie Award for Most Popular TV Presenter,Grant Denyer,It Takes Two,Seven Network,
Silver Logie Award for Most Popular TV Presenter,Melissa Doyle,Sunrise,Seven Network,
Silver Logie Award for Most Popular TV Presenter,David Koch,Sunrise,Seven Network,
Silver Logie Award for Most Popular TV Presenter,Rove McManus,Rove,Network Ten,
Silver Logie Award for Most Popular TV Presenter,Rove McManus,Are You Smarter Than a 5th Grader?,Network Ten,
Silver Logie Award for Most Popular TV Presenter,Andrew Denton,Enough Rope,ABC1,
Silver Logie Award for Most Popular TV Presenter,Grant Denyer,It Takes Two,Seven Network,
Silver Logie Award for Most Popular TV Presenter,Melissa Doyle,Sunrise,Seven Network,
Silver Logie Award for Most Popular TV Presenter,Melissa Doyle,Where Are They Now?,Seven Network,
Silver Logie Award for Most Popular TV Presenter,Adam Hills,Spicks and Specks,ABC1,
Silver Logie Award for Most Popular TV Presenter,Rove McManus,Rove,Network Ten,
Silver Logie Award for Most Popular TV Presenter,Rove McManus,Are You Smarter Than a 5th Grader?,Network Ten,
Silver Logie Award for Most Popular TV Presenter,Natalie Bassingthwaighte,So You Think You Can Dance Australia,Network Ten,
Silver Logie Award for Most Popular TV Presenter,Andrew Denton,Enough Rope,ABC1,
Silver Logie Award for Most Popular TV Presenter,Grant Denyer,It Takes Two,Seven Network,
Silver Logie Award for Most Popular TV Presenter,Grant Denyer,Australia's Got Talent,Seven Network,
Silver Logie Award for Most Popular TV Presenter,Adam Hills,Spicks and Specks,ABC1,
Silver Logie Award for Most Popular TV Presenter,Natalie Bassingthwaighte,So You Think You Can Dance Australia,Network Ten,
Silver Logie Award for Most Popular TV Presenter,Melissa Doyle,Sunrise,Seven Network,
Silver Logie Award for Most Popular TV Presenter,Melissa Doyle,The Zoo,Seven Network,
Silver Logie Award for Most Popular TV Presenter,Adam Hills,Spicks and Specks,ABC1,
Silver Logie Award for Most Popular TV Presenter,Rove McManus,Rove,Network Ten,
Silver Logie Award for Most Popular TV Presenter,Rove McManus,Are You Smarter Than a 5th Grader?,Network Ten,
Silver Logie Award for Most Popular TV Presenter,Hamish Blake,Hamish & Andy Specials,Network Ten,
Silver Logie Award for Most Popular TV Presenter,Adam Hills,Spicks and Specks,ABC1,
Silver Logie Award for Most Popular TV Presenter,Shaun Micallef,Talkin' 'Bout Your Generation,Network Ten,
Silver Logie Award for Most Popular TV Presenter,Chrissie Swan,The Circle,Network Ten,
Silver Logie Award for Most Popular TV Presenter,Adam Hills,Spicks and Specks,ABC1,
Silver Logie Award for Most Popular TV Presenter,Karl Stefanovic,Today,Nine Network,
Silver Logie Award for Most Popular TV Presenter,Chrissie Swan,The Circle,Network Ten,
Silver Logie Award for Most Popular TV Presenter,Hamish Blake,Hamish and Andy's Caravan Of Courage: Australia Vs New Zealand,Nine Network,
Silver Logie Award for Most Popular TV Presenter,Carrie Bickmore,The Project,Network Ten,
Silver Logie Award for Most Popular TV Presenter,Adam Hills,Adam Hills in Gordon Street Tonight,ABC1,
Silver Logie Award for Most Popular TV Presenter,Andy Lee,Hamish and Andy's Euro Gap Year,Nine Network,
Silver Logie Award for Most Popular TV Presenter,Andy Lee,Hamish and Andy's Caravan Of Courage: Australia Vs New Zealand,Nine Network,
Silver Logie Award for Most Popular TV Presenter,Chrissie Swan,Can of Worms,Network Ten,
Silver Logie Award for Most Popular TV Presenter,Carrie Bickmore,The Project,Network Ten,
Silver Logie Award for Most Popular TV Presenter,Adam Hills,Adam Hills Tonight,ABC1,
Silver Logie Award for Most Popular TV Presenter,Andy Lee,Hamish & Andy's Gap Year Asia,Nine Network,
Silver Logie Award for Most Popular TV Presenter,Carrie Bickmore,The Project,Network Ten,
Silver Logie Award for Most Popular TV Presenter,Grant Denyer,Family Feud,Network Ten,
Silver Logie Award for Most Popular TV Presenter,Amanda Keller,The Living Room,Network Ten,
Silver Logie Award for Most Popular TV Presenter,Andy Lee,Hamish & Andy's Gap Year South America,Nine Network,
Silver Logie Award for Most Popular TV Presenter,Karl Stefanovic,Today,Nine Network,
Silver Logie Award for Most Popular TV Presenter,Waleed Aly,The Project,Network Ten,
Silver Logie Award for Most Popular TV Presenter,Carrie Bickmore,The Project,Network Ten,
Silver Logie Award for Most Popular TV Presenter,Lee Lin Chin,SBS World News,SBS,
Silver Logie Award for Most Popular TV Presenter,Lee Lin Chin,The Feed,SBS,
Silver Logie Award for Most Popular TV Presenter,Grant Denyer,Family Feud,Network Ten,
Silver Logie Award for Most Popular TV Presenter,Grant Denyer,The Great Australian Spelling Bee,Network Ten,
Silver Logie Award for Most Popular TV Presenter,Amanda Keller,The Living Room,Network Ten,
Silver Logie Award for Most Popular TV Presenter,Waleed Aly,The Project,Network Ten,
Silver Logie Award for Most Popular TV Presenter,Carrie Bickmore,The Project,Network Ten,
Silver Logie Award for Most Popular TV Presenter,Grant Denyer,All Star Family Feud,Network Ten,
Silver Logie Award for Most Popular TV Presenter,Grant Denyer,Family Feud,Network Ten,
Silver Logie Award for Most Popular TV Presenter,Grant Denyer,The Great Australian Spelling Bee,Network Ten,
Silver Logie Award for Most Popular TV Presenter,Sarah Harris,Studio 10,Network Ten,
Silver Logie Award for Most Popular TV Presenter,Sarah Harris,Shark Tank,Network Ten,
Silver Logie Award for Most Popular TV Presenter,Amanda Keller,The Living Room,Network Ten,
Silver Logie Award for Most Popular TV Presenter,Grant Denyer,All Star Family Feud,Network Ten,
Silver Logie Award for Most Popular TV Presenter,Grant Denyer,Family Feud,Network Ten,
Silver Logie Award for Most Popular TV Presenter,Carrie Bickmore,The Project,Network Ten,
Silver Logie Award for Most Popular TV Presenter,Tracy Grimshaw,A Current Affair,Nine Network,
Silver Logie Award for Most Popular TV Presenter,Amanda Keller,The Living Room,Network Ten,
Silver Logie Award for Most Popular TV Presenter,Andrew Winter,Selling Houses Australia,Foxtel (Lifestyle),
Silver Logie Award for Most Popular TV Presenter,Andrew Winter,Love It or List It Australia,Foxtel (Lifestyle),
Silver Logie Award for Most Popular TV Presenter,Costa Georgiadis,Gardening Australia,ABC,
Silver Logie Award for Most Popular TV Presenter,Amanda Keller,The Living Room,Network Ten,
Silver Logie Award for Most Popular TV Presenter,Amanda Keller,Dancing with the Stars,Network Ten,
Silver Logie Award for Most Popular TV Presenter,Carrie Bickmore,The Project,Network Ten,
Silver Logie Award for Most Popular TV Presenter,Julia Morris,Blind Date,Network Ten,
Silver Logie Award for Most Popular TV Presenter,Julia Morris,I'm a Celebrity...Get Me Out of Here!,Network Ten,
Silver Logie Award for Most Popular TV Presenter,Julia Morris,Chris & Julia's Sunday Night Takeaway,Network Ten,
Silver Logie Award for Most Popular TV Presenter,Tom Gleeson,Hard Quiz,ABC,
Silver Logie Award for Most Popular TV Presenter,Waleed Aly,The Project,Network Ten,
Silver Logie Award for Most Popular TV Presenter,Hamish Blake,Lego Masters,Nine Network,None
Silver Logie Award for Most Popular TV Presenter,Carrie Bickmore,The Project,Network Ten,
Silver Logie Award for Most Popular TV Presenter,Leigh Sales,7.30,ABC,
Silver Logie Award for Most Popular TV Presenter,Melissa Leong,MasterChef Australia,Network Ten,
Silver Logie Award for Most Popular TV Presenter,Melissa Leong,Celebrity MasterChef Australia,Network Ten,
Silver Logie Award for Most Popular TV Presenter,Sonia Kruger,Big Brother,Seven Network,
Silver Logie Award for Most Popular TV Presenter,Sonia Kruger,Holey Moley,Seven Network,
Silver Logie Award for Most Popular TV Presenter,Sonia Kruger,Dancing with the Stars: All Stars,Seven Network,
Silver Logie Award for Most Popular TV Presenter,Sonia Kruger,The Voice,Seven Network,
Silver Logie Award for Most Popular TV Presenter,Sonia Kruger,The Voice: Generations,Seven Network,
Silver Logie Award for Most Popular TV Presenter,Tom Gleeson,Hard Quiz,ABC,
