0,1,2,3,4
Independent Spirit Award for Best Actress,2000,Joan Allen,The Contender,Laine Hanson
Independent Spirit Award for Best Actress,2000,Sanaa Lathan,Love & Basketball,Monica Wright
Independent Spirit Award for Best Actress,2000,Laura Linney,You Can Count on Me,"Samantha ""Sammy"" Prescott"
Independent Spirit Award for Best Actress,2000,Kelly Macdonald,Two Family House,Mary O'Neary
Independent Spirit Award for Best Actress,2001,Kim Dickens,Things Behind the Sun,Sherry
Independent Spirit Award for Best Actress,2001,Molly Parker,The Center of the World,Florence
Independent Spirit Award for Best Actress,2001,Tilda Swinton,The Deep End,Margaret Hall
Independent Spirit Award for Best Actress,2001,Kerry Washington,Lift,Niecy
Independent Spirit Award for Best Actress,2002,Jennifer Aniston,The Good Girl,Justine Last
Independent Spirit Award for Best Actress,2002,Maggie Gyllenhaal,Secretary,Lee Holloway
Independent Spirit Award for Best Actress,2002,Catherine Keener,Lovely & Amazing,Michelle Marks
Independent Spirit Award for Best Actress,2002,Parker Posey,Personal Velocity,Greta Herskowitz
Independent Spirit Award for Best Actress,2003,Agnes Bruckner,Blue Car,Megan Denning
Independent Spirit Award for Best Actress,2003,Zooey Deschanel,All the Real Girls,Noel
Independent Spirit Award for Best Actress,2003,Samantha Morton,In America,Sarah
Independent Spirit Award for Best Actress,2003,Elisabeth Moss,Virgin,Jessie Reynolds
Independent Spirit Award for Best Actress,2004,Kimberly Elise,Woman Thou Art Loosed,Michelle Jordan
Independent Spirit Award for Best Actress,2004,Vera Farmiga,Down to the Bone,Irene Morrison
Independent Spirit Award for Best Actress,2004,Judy Marte,On the Outs,Oz
Independent Spirit Award for Best Actress,2004,Kyra Sedgwick,Cavedweller,Delia Byrd
Independent Spirit Award for Best Actress,2005,Dina Korzun,Forty Shades of Blue,Laura
Independent Spirit Award for Best Actress,2005,Laura Linney,The Squid and the Whale,Joan Berkman
Independent Spirit Award for Best Actress,2005,S. Epatha Merkerson,Lackawanna Blues,"Rachel ""Nanny"" Crosby"
Independent Spirit Award for Best Actress,2005,Cyndi Williams,Room,Julia Barker
Independent Spirit Award for Best Actress,2006,Catherine O'Hara,For Your Consideration,Marilyn Hack
Independent Spirit Award for Best Actress,2006,Elizabeth Reaser,Sweet Land,Young Inge
Independent Spirit Award for Best Actress,2006,Michelle Williams,Land of Plenty,Lana
Independent Spirit Award for Best Actress,2006,Robin Wright,"Sorry, Haters",Phoebe Torrence
Independent Spirit Award for Best Actress,2007,Angelina Jolie,A Mighty Heart,Mariane Pearl
Independent Spirit Award for Best Actress,2007,Sienna Miller,Interview,Katya
Independent Spirit Award for Best Actress,2007,Parker Posey,Broken English,Nora Wilder
Independent Spirit Award for Best Actress,2007,Tang Wei,"Lust, Caution",Wong Chia Chi / Mak Tai Tai
Independent Spirit Award for Best Actress,2008,Summer Bishil,Towelhead,Jasira Maroun
Independent Spirit Award for Best Actress,2008,Anne Hathaway,Rachel Getting Married,Kym Buchman
Independent Spirit Award for Best Actress,2008,Tarra Riggs,Ballast,Marlee
Independent Spirit Award for Best Actress,2008,Michelle Williams,Wendy and Lucy,Wendy Carroll
Independent Spirit Award for Best Actress,2009,Maria Bello,Downloading Nancy,Nancy Stockwell
Independent Spirit Award for Best Actress,2009,Nisreen Faour,Amreeka,Muna Farah
Independent Spirit Award for Best Actress,2009,Helen Mirren,The Last Station,Sophia Tolstaya
Independent Spirit Award for Best Actress,2009,Gwyneth Paltrow,Two Lovers,Michelle Rausch
