0,1,2,3,4
FHTE,Academy Awards,Best Cinematography – Black-and-White,Burnett Guffey,Won
FHTE,Academy Awards,Best Costume Design – Black-and-White,Jean Louis,Nominated
FHTE,Academy Awards,Best Music Score of a Dramatic or Comedy Picture,George Duning and Morris Stoloff,Nominated
FHTE,Bambi Awards,Best Film – International,Best Film – International,Won
FHTE,British Academy Film Awards,Best Film,Best Film,Nominated
FHTE,Cannes Film Festival,Grand Prix,Fred Zinnemann,Nominated
FHTE,Cannes Film Festival,Special Award,Fred Zinnemann,Won
FHTE,Directors Guild of America Awards,Outstanding Directorial Achievement in Motion Pictures,Fred Zinnemann,Won
FHTE,Golden Globe Awards,Best Supporting Actor – Motion Picture,Frank Sinatra,Won
FHTE,Golden Globe Awards,Best Director – Motion Picture,Fred Zinneman,Won
FHTE,Golden Screen Awards,Golden Screen,Golden Screen,Won
FHTE,Golden Screen Awards,Golden Screen with Star,Golden Screen with Star,Won
FHTE,National Board of Review Awards,Top Ten Films,Top Ten Films,3rd Place
FHTE,National Film Preservation Board,National Film Registry,National Film Registry,Inducted
FHTE,New York Film Critics Circle Awards,Best Film,Best Film,Won
FHTE,New York Film Critics Circle Awards,Best Director,Fred Zinneman,Won
FHTE,New York Film Critics Circle Awards,Best Actor,Burt Lancaster,Won
FHTE,Online Film & Television Association Awards,Hall of Fame – Motion Picture,Hall of Fame – Motion Picture,Won
FHTE,Photoplay Awards,Gold Medal,Gold Medal,Won
FHTE,Writers Guild of America Awards,Best Written American Drama,Daniel Taradash,Won
