0,1,2,3,4,5
Sai Pallavi,2015,Filmfare Awards South,Best Female Debut – Malayalam,Premam,Won
Sai Pallavi,2015,SIIMA Awards,Best Female Debut – Malayalam,Premam,Won
Sai Pallavi,2017,Filmfare Awards South,Best Actress – Malayalam,Kali,Nominated
Sai Pallavi,2017,SIIMA Awards,Best Actress – Malayalam,Kali,Nominated
Sai Pallavi,2017,CPC Cine Awards,Best Actress,Kali,Won
Sai Pallavi,2017,5th Behindwoods Gold Medals,Best Actor in Lead Role - Female (Malayalam),Kali,Won
Sai Pallavi,2018,Filmfare Awards South,Best Actress – Telugu,Fidaa,Won
Sai Pallavi,2018,SIIMA Awards,Best Actress – Telugu,Fidaa,Nominated
Sai Pallavi,2018,JFW Awards,New Sensation in Acting - Female,,Won
Sai Pallavi,2019,Filmfare Awards South,Best Actress – Tamil,Maari 2,Nominated
Sai Pallavi,2019,Ananda Vikatan Cinema Awards,Best Actress — Tamil,Maari 2,Nominated
Sai Pallavi,2020,7th Behindwoods Gold Medals,Best Actor in Lead Role - Female (Malayalam),Athiran,Won
Sai Pallavi,2020,SIIMA Awards,Best Supporting Actress – Tamil,Paava Kadhaigal,Nominated
Sai Pallavi,2022,Filmfare Awards South,Filmfare Award for Best Actress – Telugu,Love Story,Won
Sai Pallavi,2022,Filmfare Awards South,Filmfare Award for Best Actress – Telugu,Shyam Singha Roy,Nominated
Sai Pallavi,2022,Filmfare Awards South,Critics Award for Best Actress – Telugu,Shyam Singha Roy,Won
Sai Pallavi,2022,SIIMA Awards,Best Actress – Telugu,Love Story,Nominated
Sai Pallavi,2022,SIIMA Awards,Entertainer of the Year (Female) – Telugu,Love Story & Shyam Singha Roy,Won
Sai Pallavi,2022,8th Behindwoods Gold Medals,Best Actor in Lead Role - Female (Telugu),Love Story & Shyam Singha Roy,Won
Sai Pallavi,2023,Ananda Vikatan Cinema Awards,Best Actress – Tamil,Gargi,Won
Sai Pallavi,2023,Critics' Choice Awards,Best Actress – Tamil,Gargi,Won
Sai Pallavi,2023,20th Chennai International Film Festival Awards,Best Actress – Tamil,Gargi,Won
