0,1,2,3,4
2018–19 Cypriot Second Division,AEZ,"Zakaki, Limassol",Zakaki Community Stadium,"2,000"
2018–19 Cypriot Second Division,Anagennisi,"Deryneia, Famagusta",Anagennisi Football Ground,"5,800"
2018–19 Cypriot Second Division,ASIL,Larnaca,Grigoris Afxentiou Stadium,"2,000"
2018–19 Cypriot Second Division,Ayia Napa,"Ayia Napa, Famagusta",Ayia Napa Municipal Stadium,"2,000"
2018–19 Cypriot Second Division,Digenis,"Oroklini, Larnaca",Koinotiko Stadio Oroklinis,"1,500"
2018–19 Cypriot Second Division,Karmiotissa,"Pano Polemidia, Limassol",Pano Polemidia Municipal Stadium,"1,500"
2018–19 Cypriot Second Division,MEAP,"Nisou, Nicosia",Theodorio Koinotiko,"1,000"
2018–19 Cypriot Second Division,Onisilos,"Sotira, Famagusta",Sotira Municipal Stadium,"1,000"
2018–19 Cypriot Second Division,Othellos,"Athienou, Larnaca",Othellos Athienou Stadium,"5,000"
2018–19 Cypriot Second Division,PAEEK,"Lakatamia, Nicosia",Keryneia-Epistrophi Stadium,"2,000"
2018–19 Cypriot Second Division,THOI,"Lakatamia, Nicosia",THOI Lakatamia Stadium,"3,500"
