0,1,2,3
Hugo Award for Best Related Work,Isaac Asimov,In Memory Yet Green,Doubleday
Hugo Award for Best Related Work,Wayne Barlowe,Barlowe's Guide to Extraterrestrials,Workman Publishing Company
Hugo Award for Best Related Work,Ian Summers,Barlowe's Guide to Extraterrestrials,Workman Publishing Company
Hugo Award for Best Related Work,Michael Whelan,Wonderworks,The Donning Company
Hugo Award for Best Related Work,Ursula K. Le Guin,The Language of the Night,Putnam Publishing Group
Hugo Award for Best Related Work,Susan Wood,The Language of the Night,Putnam Publishing Group
Hugo Award for Best Related Work,Isaac Asimov,In Joy Still Felt,Doubleday
Hugo Award for Best Related Work,Charles Platt,Dream Makers,Berkley Books
Hugo Award for Best Related Work,Vincent Di Fate,Di Fate's Catalog of Science Fiction Hardware,Workman Publishing Company
Hugo Award for Best Related Work,Ian Summers,Di Fate's Catalog of Science Fiction Hardware,Workman Publishing Company
Hugo Award for Best Related Work,Richard Bergeron,Warhoon 28 (The Writings of Walter A. Willis),Richard Bergeron
Hugo Award for Best Related Work,Leo Dillon,The Art of Leo & Diane Dillon,Ballantine Books
Hugo Award for Best Related Work,Diane Dillon,The Art of Leo & Diane Dillon,Ballantine Books
Hugo Award for Best Related Work,Byron Preiss,The Art of Leo & Diane Dillon,Ballantine Books
Hugo Award for Best Related Work,Ron Miller,The Grand Tour,Workman Publishing Company
Hugo Award for Best Related Work,William K. Hartmann,The Grand Tour,Workman Publishing Company
Hugo Award for Best Related Work,Dougal Dixon,After Man: A Zoology of the Future,Macmillan Publishers
Hugo Award for Best Related Work,Neil Barron,"Anatomy of Wonder, 2nd Edition",R.R. Bowker
Hugo Award for Best Related Work,James Gunn*,Isaac Asimov: The Foundations of Science Fiction,Oxford University Press
Hugo Award for Best Related Work,J. J. Llewellyn,The World of The Dark Crystal,Alfred A. Knopf
Hugo Award for Best Related Work,Brian Froud,The World of The Dark Crystal,Alfred A. Knopf
Hugo Award for Best Related Work,Baird Searles,A Reader's Guide to Fantasy,Avon Publications
Hugo Award for Best Related Work,Beth Meacham,A Reader's Guide to Fantasy,Avon Publications
Hugo Award for Best Related Work,Michael Franklin,A Reader's Guide to Fantasy,Avon Publications
Hugo Award for Best Related Work,Barry N. Malzberg,The Engines of the Night,Doubleday
Hugo Award for Best Related Work,Tim Underwood,Fear Itself: The Horror Fiction of Stephen King,Underwood-Miller
Hugo Award for Best Related Work,Chuck Miller,Fear Itself: The Horror Fiction of Stephen King,Underwood-Miller
Hugo Award for Best Related Work,Donald H. Tuck*,"The Encyclopedia of Science Fiction and Fantasy, Vol. 3: Miscellaneous",Advent
Hugo Award for Best Related Work,Joy Chant,The High Kings,Bantam Books
Hugo Award for Best Related Work,Charles Platt,"Dream Makers, Volume II",Berkley Books
Hugo Award for Best Related Work,Norman Spinrad,Staying Alive: A Writer's Guide,The Donning Company
Hugo Award for Best Related Work,Rowena Morrill,The Fantastic Art of Rowena,Pocket Books
Hugo Award for Best Related Work,Jack Williamson*,Wonder's Child: My Life in Science Fiction,Bluejay Books
Hugo Award for Best Related Work,Patti Perret,The Faces of Science Fiction,Analog Science Fact & Fiction
Hugo Award for Best Related Work,Harlan Ellison,Sleepless Nights in the Procrustean Bed,Borgo Press
Hugo Award for Best Related Work,George Turner,In the Heart or in the Head: An Essay in Time Travel,Analog Science Fact & Fiction
Hugo Award for Best Related Work,Willis E. McNelly,The Dune Encyclopedia,Berkley Putnam
Hugo Award for Best Related Work,Tom Weller*,Science Made Stupid,Houghton Mifflin Harcourt
Hugo Award for Best Related Work,"Perry A. Chapdelaine, Sr.","The John W. Campbell Letters, Vol. 1",AC Projects
Hugo Award for Best Related Work,Tony Chapdelaine,"The John W. Campbell Letters, Vol. 1",AC Projects
Hugo Award for Best Related Work,George Hay,"The John W. Campbell Letters, Vol. 1",AC Projects
Hugo Award for Best Related Work,Harlan Ellison,An Edge in My Voice,The Donning Company
Hugo Award for Best Related Work,Algis Budrys,Benchmarks: Galaxy Bookshelf,Southern Illinois University Press
Hugo Award for Best Related Work,Brian Aldiss,The Pale Shadow of Science,Serconia Press
Hugo Award for Best Related Work,Douglas E. Winter,Faces of Fear: Encounters with the Creators of Modern Horror,Berkley Books
Hugo Award for Best Related Work,Brian Aldiss*,Trillion Year Spree,Victor Gollancz Ltd
Hugo Award for Best Related Work,David Wingrove*,Trillion Year Spree,Victor Gollancz Ltd
Hugo Award for Best Related Work,Frank Miller,Batman: The Dark Knight Returns,DC Comics
Hugo Award for Best Related Work,Klaus Janson,Batman: The Dark Knight Returns,DC Comics
Hugo Award for Best Related Work,Lynn Varley,Batman: The Dark Knight Returns,DC Comics
Hugo Award for Best Related Work,Thomas G. Smith,Industrial Light and Magic,Del Rey Books
Hugo Award for Best Related Work,Charles N. Brown,Science Fiction In Print: 1985,Locus Press
Hugo Award for Best Related Work,William G. Contento,Science Fiction In Print: 1985,Locus Press
Hugo Award for Best Related Work,Paul Williams,Only Apparently Real: The World of Philip K. Dick,Arbor House
Hugo Award for Best Related Work,Michael Whelan*,Michael Whelan's Works of Wonder,Del Rey Books
Hugo Award for Best Related Work,David A. Cherry,Imagination: The Art & Technique of David A. Cherry,Starblaze Graphics
Hugo Award for Best Related Work,Jack Matthews,The Battle of Brazil,Crown Publishing Group
Hugo Award for Best Related Work,Neil Barron,"Anatomy of Wonder, 3rd Edition",R.R. Bowker
Hugo Award for Best Related Work,Charles N. Brown,"Science Fiction, Fantasy, & Horror: 1986",Locus Press
Hugo Award for Best Related Work,William G. Contento,"Science Fiction, Fantasy, & Horror: 1986",Locus Press
Hugo Award for Best Related Work,Don Maitz,First Maitz,Ursus Publishing
Hugo Award for Best Related Work,James Gunn,The New Encyclopedia of Science Fiction,Viking Press
Hugo Award for Best Related Work,Robert Weinberg,A Biographical Dictionary of Science Fiction and Fantasy Artists,Greenwood Publishing Group
Hugo Award for Best Related Work,Charles N. Brown,"Science Fiction, Fantasy, & Horror: 1987",Locus Press
Hugo Award for Best Related Work,William G. Contento,"Science Fiction, Fantasy, & Horror: 1987",Locus Press
Hugo Award for Best Related Work,Robert A. Heinlein,Grumbles from the Grave,Del Rey Books
Hugo Award for Best Related Work,Ursula K. Le Guin,Dancing at the Edge of the World,Grove Press
Hugo Award for Best Related Work,Arthur C. Clarke,Astounding Days,Victor Gollancz Ltd
Hugo Award for Best Related Work,Harlan Ellison,Harlan Ellison's Watching,Underwood-Miller
Hugo Award for Best Related Work,Greg Thokar,Noreascon 3 Souvenir Book,"Massachusetts Convention Fandom, Inc"
Hugo Award for Best Related Work,Orson Scott Card*,How to Write Science Fiction and Fantasy,Writer's Digest
Hugo Award for Best Related Work,Norman Spinrad,Science Fiction in the Real World,Southern Illinois University Press
Hugo Award for Best Related Work,Kristine Kathryn Rusch,Science Fiction Writers of America Handbook,Writer's Notebook Press
Hugo Award for Best Related Work,Dean Wesley Smith,Science Fiction Writers of America Handbook,Writer's Notebook Press
Hugo Award for Best Related Work,Brian Aldiss,Bury My Heart at W.H. Smith's,Hodder & Stoughton
Hugo Award for Best Related Work,David J. Skal,Hollywood Gothic,W. W. Norton & Company
Hugo Award for Best Related Work,Charles Addams*,The World of Charles Addams,Alfred A. Knopf
Hugo Award for Best Related Work,Everett F. Bleiler,Science-Fiction: The Early Years,Kent State University Press
Hugo Award for Best Related Work,Jack L. Chalker,The Science Fantasy Publishers: A Critical and Bibliographic History: Third Edition,Mirage Press
Hugo Award for Best Related Work,Mark Owings,The Science Fantasy Publishers: A Critical and Bibliographic History: Third Edition,Mirage Press
Hugo Award for Best Related Work,Jeanne Gomoll,The Bakery Men Don't See Cookbook,(SF)3
Hugo Award for Best Related Work,Stephen Jones,Clive Barker's Shadows in Eden,Underwood-Miller
Hugo Award for Best Related Work,"Harry Warner, Jr.*",A Wealth of Fable: An Informal History of Science Fiction Fandom in the 1950s,SCIFI Press
Hugo Award for Best Related Work,David Langford,Let's Hear It for the Deaf Man,NESFA Press
Hugo Award for Best Related Work,Virgil Finlay,Virgil Finlay's Women of the Ages,Underwood-Miller
Hugo Award for Best Related Work,Thom Boswell,The Costumemaker's Art,Lark Books
Hugo Award for Best Related Work,Camille Bacon-Smith,Enterprising Women: Television Fandom and the Creation of Popular Myth,University of Pennsylvania Press
Hugo Award for Best Related Work,Damon Knight,Monad Number Two,Pulphouse Publishing
Hugo Award for Best Related Work,Michael Whelan,The Art of Michael Whelan: Scenes/Visions,Bantam Spectra
Hugo Award for Best Related Work,Robert Bloch,Once Around the Bloch: An Unauthorized Autobiography,Tor Books
Hugo Award for Best Related Work,Scott McCloud,Understanding Comics: The Invisible Art,Tundra Books
Hugo Award for Best Related Work,Theodore Cogswell,PITFCS: Proceedings of the Institute for Twenty-First Century Studies,Advent
Hugo Award for Best Related Work,Isaac Asimov*,I. Asimov: A Memoir,Doubleday
Hugo Award for Best Related Work,Christopher Priest,The Book on the Edge of Forever,Fantagraphics Books
Hugo Award for Best Related Work,Samuel R. Delany,"Silent Interviews: On Language, Race, Sex, Science Fiction, and Some Comics",University Press of New England
Hugo Award for Best Related Work,Teresa Nielsen Hayden,Making Book,NESFA Press
Hugo Award for Best Related Work,Cathy Fenner,Spectrum: The Best In Contemporary Fantastic Art,Underwood Books
Hugo Award for Best Related Work,Arnie Fenner,Spectrum: The Best In Contemporary Fantastic Art,Underwood Books
Hugo Award for Best Related Work,John Clute*,Science Fiction: The Illustrated Encyclopedia,Dorling Kindersley
Hugo Award for Best Related Work,Isaac Asimov,"Yours, Isaac Asimov",Doubleday
Hugo Award for Best Related Work,Bob Eggleton,Alien Horizons: The Fantastic Art of Bob Eggleton,Paper Tiger Books
Hugo Award for Best Related Work,Cathy Fenner,Spectrum 2: The Best in Contemporary Fantastic Art,Underwood Books
Hugo Award for Best Related Work,Arnie Fenner,Spectrum 2: The Best in Contemporary Fantastic Art,Underwood Books
Hugo Award for Best Related Work,Joanna Russ,To Write Like a Woman: Essays in Feminism and Science Fiction,Indiana University Press
Hugo Award for Best Related Work,L. Sprague de Camp*,Time & Chance: An Autobiography,Donald M. Grant
Hugo Award for Best Related Work,Diana Wynne Jones,The Tough Guide To Fantasyland,Vista Books
Hugo Award for Best Related Work,John Clute,Look at the Evidence,Serconia Press
Hugo Award for Best Related Work,David Langford,The Silence of the Langford,NESFA Press
Hugo Award for Best Related Work,Patti Perret,The Faces of Fantasy,Tor Books
Hugo Award for Best Related Work,Vincent Di Fate,Infinite Worlds: The Fantastic Visions of Science Fiction Art,Penguin Studio
Hugo Award for Best Related Work,Ben Bova,Space Travel,Writer's Digest Books
Hugo Award for Best Related Work,Anthony R. Lewis,Space Travel,Writer's Digest Books
Hugo Award for Best Related Work,Robert Silverberg,"Reflections and Refractions: Thoughts on Science-Fiction, Science and Other Matters",Underwood Books
Hugo Award for Best Related Work,Cathy Fenner,Spectrum 4: The Best in Contemporary Fantastic Art,Underwood Books
Hugo Award for Best Related Work,Arnie Fenner,Spectrum 4: The Best in Contemporary Fantastic Art,Underwood Books
Hugo Award for Best Related Work,Jim Loehr,Spectrum 4: The Best in Contemporary Fantastic Art,Underwood Books
Hugo Award for Best Related Work,Richard A. Hauptmann,The Work of Jack Williamson: An Annotated Bibliography and Guide,NESFA Press
Hugo Award for Best Related Work,Everett F. Bleiler,Science-Fiction: The Gernsback Years,Kent State University Press
Hugo Award for Best Related Work,Howard DeVore,"The Hugo, Nebula and World Fantasy Awards",Advent
Hugo Award for Best Related Work,Cathy Fenner,Spectrum 5: The Best in Contemporary Fantastic Art,Underwood Books
Hugo Award for Best Related Work,Arnie Fenner,Spectrum 5: The Best in Contemporary Fantastic Art,Underwood Books
Hugo Award for Best Related Work,Frank M. Robinson*,Science Fiction of the 20th Century,Collector's Press
Hugo Award for Best Related Work,Neil Gaiman,The Sandman: The Dream Hunters,Vertigo
Hugo Award for Best Related Work,Yoshitaka Amano,The Sandman: The Dream Hunters,Vertigo
Hugo Award for Best Related Work,Terry Pratchett,The Science of Discworld,Ebury Publishing
Hugo Award for Best Related Work,Ian Stewart,The Science of Discworld,Ebury Publishing
Hugo Award for Best Related Work,Jack Cohen,The Science of Discworld,Ebury Publishing
Hugo Award for Best Related Work,Cathy Fenner,Spectrum 6: The Best in Contemporary Fantastic Art,Underwood Books
Hugo Award for Best Related Work,Arnie Fenner,Spectrum 6: The Best in Contemporary Fantastic Art,Underwood Books
Hugo Award for Best Related Work,Karen Cooper,Minicon 34 Restaurant Guide,Rune Press
Hugo Award for Best Related Work,Bruce Schneier,Minicon 34 Restaurant Guide,Rune Press
Hugo Award for Best Related Work,Bob Eggleton*,Greetings from Earth: The Art of Bob Eggleton,Paper Tiger Books
Hugo Award for Best Related Work,Nigel Suckling*,Greetings from Earth: The Art of Bob Eggleton,Paper Tiger Books
Hugo Award for Best Related Work,James Gifford,Robert A. Heinlein: A Reader's Companion,Nitrosyncretic Press
Hugo Award for Best Related Work,Anthony R. Lewis,"Concordance to Cordwainer Smith, Third Edition",NESFA Press
Hugo Award for Best Related Work,Andrew M. Butler,Terry Pratchett: Guilty of Literature,Science Fiction Foundation
Hugo Award for Best Related Work,Edward James,Terry Pratchett: Guilty of Literature,Science Fiction Foundation
Hugo Award for Best Related Work,Farah Mendlesohn,Terry Pratchett: Guilty of Literature,Science Fiction Foundation
Hugo Award for Best Related Work,Mike Resnick,Putting It Together: Turning Sow's Ear Drafts Into Silk Purse Stories,Wildside Press
Hugo Award for Best Related Work,Ron Miller*,The Art of Chesley Bonestell,Paper Tiger Books
Hugo Award for Best Related Work,Frederick C. Durant III*,The Art of Chesley Bonestell,Paper Tiger Books
Hugo Award for Best Related Work,Melvin H. Schuetz*,The Art of Chesley Bonestell,Paper Tiger Books
Hugo Award for Best Related Work,Michael Swanwick,Being Gardner Dozois,Old Earth Books
Hugo Award for Best Related Work,Tom Shippey,J. R. R. Tolkien: Author of the Century,HarperCollins
Hugo Award for Best Related Work,Karen Haber,Meditations on Middle-earth,St. Martin's Press
Hugo Award for Best Related Work,Jane Frank,The Art of Richard Powers,Paper Tiger Books
Hugo Award for Best Related Work,Howard Frank,The Art of Richard Powers,Paper Tiger Books
Hugo Award for Best Related Work,Mike Resnick,I Have This Nifty Idea...Now What Do I Do With It?,Wildside Press
Hugo Award for Best Related Work,Judith Merril*,Better to Have Loved: The Life of Judith Merril,Between the Lines
Hugo Award for Best Related Work,Emily Pohl-Weary*,Better to Have Loved: The Life of Judith Merril,Between the Lines
Hugo Award for Best Related Work,Jerry Weist,Ray Bradbury: An Illustrated Life,William Morrow and Company
Hugo Award for Best Related Work,Bob Eggleton,Dragonhenge,Paper Tiger Books
Hugo Award for Best Related Work,John Grant,Dragonhenge,Paper Tiger Books
Hugo Award for Best Related Work,Cathy Fenner,Spectrum 9: The Best in Contemporary Fantastic Art,Underwood Books
Hugo Award for Best Related Work,Arnie Fenner,Spectrum 9: The Best in Contemporary Fantastic Art,Underwood Books
Hugo Award for Best Related Work,Justine Larbalestier,The Battle of the Sexes in Science Fiction,Wesleyan University Press
Hugo Award for Best Related Work,John Grant*,The Chesley Awards for SF & Fantasy Art: A Retrospective,Artist's and Photographer's Press
Hugo Award for Best Related Work,Elizabeth L. Humphrey*,The Chesley Awards for SF & Fantasy Art: A Retrospective,Artist's and Photographer's Press
Hugo Award for Best Related Work,Pamela D. Scoville*,The Chesley Awards for SF & Fantasy Art: A Retrospective,Artist's and Photographer's Press
Hugo Award for Best Related Work,Jeff VanderMeer,The Thackery T. Lambshead Pocket Guide to Eccentric & Discredited Diseases,Night Shade Books
Hugo Award for Best Related Work,Mark Roberts,The Thackery T. Lambshead Pocket Guide to Eccentric & Discredited Diseases,Night Shade Books
Hugo Award for Best Related Work,Cathy Fenner,Spectrum 10: The Best in Fantastic Contemporary Art,Underwood Books
Hugo Award for Best Related Work,Arnie Fenner,Spectrum 10: The Best in Fantastic Contemporary Art,Underwood Books
Hugo Award for Best Related Work,Brian Herbert,Dreamer of Dune: The Biography of Frank Herbert,Tor Books
Hugo Award for Best Related Work,John Clute,Scores: Reviews 1993–2003,Beccon Publications
Hugo Award for Best Related Work,William J. Widder,Master Storyteller: An Illustrated Tour of the Fiction of L. Ron Hubbard,Galaxy Press
Hugo Award for Best Related Work,Edward James*,The Cambridge Companion to Science Fiction,Cambridge University Press
Hugo Award for Best Related Work,Farah Mendlesohn*,The Cambridge Companion to Science Fiction,Cambridge University Press
Hugo Award for Best Related Work,Peter Weston,With Stars in My Eyes: My Adventures in British Fandom,NESFA Press
Hugo Award for Best Related Work,David A. Hardy,Futures: 50 Years in Space: The Challenge of the Stars,Artists' and Photographers' Press
Hugo Award for Best Related Work,Patrick Moore,Futures: 50 Years in Space: The Challenge of the Stars,Artists' and Photographers' Press
Hugo Award for Best Related Work,William Tenn,"Dancing Naked: The Unexpurgated William Tenn, Volume 3",NESFA Press
Hugo Award for Best Related Work,Richard A. Lupoff,The Best of Xero,Tachyon Publications
Hugo Award for Best Related Work,Kate Wilhelm*,Storyteller: Writing Lessons and More from 27 Years of the Clarion Writers' Workshop,Small Beer Press
Hugo Award for Best Related Work,Mike Ashley,Transformations: The Story of the Science Fiction Magazines from 1950 to 1970,Liverpool University Press
Hugo Award for Best Related Work,David Langford,The SEX Column and Other Misprints,Cosmos
Hugo Award for Best Related Work,Gary Westfahl,Science Fiction Quotations,Yale University Press
Hugo Award for Best Related Work,Gary K. Wolfe,"Soundings, Reviews 1992–1996",Beccon Publications
Hugo Award for Best Related Work,Julie Phillips*,"James Tiptree, Jr.: The Double Life of Alice B. Sheldon",St. Martin's Press
Hugo Award for Best Related Work,Mike Resnick,Worldcon Guest of Honor Speeches,ISFiC Press
Hugo Award for Best Related Work,Joe Siclari,Worldcon Guest of Honor Speeches,ISFiC Press
Hugo Award for Best Related Work,Joseph T. Major,Heinlein's Children: The Juveniles,Advent
Hugo Award for Best Related Work,Samuel R. Delany,"About Writing: Seven Essays, Four Letters, and Five Interviews",Wesleyan University Press
Hugo Award for Best Related Work,John Picacio,Cover Story: The Art of John Picacio,MonkeyBrain Books
Hugo Award for Best Related Work,Jeff Prucher*,Brave New Words: the Oxford Dictionary of Science Fiction,Oxford University Press
Hugo Award for Best Related Work,Barry N. Malzberg,Breakfast in the Ruins: Science Fiction in the Last Millennium,Baen Books
Hugo Award for Best Related Work,Diana Glyer,The Company They Keep: C. S. Lewis and J. R. R. Tolkien as Writers in Community,Kent State University Press
Hugo Award for Best Related Work,Luis Ortiz,Emshwiller: Infinity x Two,Nonstop Press
Hugo Award for Best Related Work,Shaun Tan,The Arrival,Arthur A. Levine Books
Hugo Award for Best Related Work,John Scalzi*,"Your Hate Mail Will be Graded: A Decade of Whatever, 1998–2008",Subterranean Press
Hugo Award for Best Related Work,Farah Mendlesohn,Rhetorics of Fantasy,Wesleyan University Press
Hugo Award for Best Related Work,Paul Kincaid,What Is It We Do When We Read Science Fiction,Beccon Publications
Hugo Award for Best Related Work,Lillian Stewart Carl,The Vorkosigan Companion: The Universe of Lois McMaster Bujold,Baen Books
Hugo Award for Best Related Work,John Helfers,The Vorkosigan Companion: The Universe of Lois McMaster Bujold,Baen Books
Hugo Award for Best Related Work,Cathy Fenner,Spectrum 15: The Best in Contemporary Fantastic Art,Underwood Books
Hugo Award for Best Related Work,Arnie Fenner,Spectrum 15: The Best in Contemporary Fantastic Art,Underwood Books
Hugo Award for Best Related Work,Jack Vance*,"This is Me, Jack Vance! (Or, More Properly, This is ""I"")",Subterranean Press
Hugo Award for Best Related Work,John Clute,Canary Fever: Reviews,Beccon Publications
Hugo Award for Best Related Work,Michael Swanwick,Hope-In-The-Mist: The Extraordinary Career and Mysterious Life of Hope Mirrlees,Temporary Culture
Hugo Award for Best Related Work,Farah Mendlesohn,The Inter-Galactic Playground: A Critical Study of Children's and Teens' Science Fiction,McFarland & Company
Hugo Award for Best Related Work,Farah Mendlesohn,On Joanna Russ,Wesleyan University Press
Hugo Award for Best Related Work,Helen Merrick,The Secret Feminist Cabal: A Cultural History of SF Feminisms,Aqueduct Press
Hugo Award for Best Related Work,Lynne M. Thomas*,Chicks Dig Time Lords: A Celebration of Doctor Who by the Women Who Love It,Mad Norwegian Press
Hugo Award for Best Related Work,Tara O'Shea*,Chicks Dig Time Lords: A Celebration of Doctor Who by the Women Who Love It,Mad Norwegian Press
Hugo Award for Best Related Work,Gary K. Wolfe,Bearings: Reviews 1997-2001,Beccon Publications
Hugo Award for Best Related Work,Mike Resnick,The Business of Science Fiction: Two Insiders Discuss Writing and Publishing,McFarland & Company
Hugo Award for Best Related Work,Barry N. Malzberg,The Business of Science Fiction: Two Insiders Discuss Writing and Publishing,McFarland & Company
Hugo Award for Best Related Work,"William H. Patterson, Jr.","Robert A. Heinlein: In Dialogue with His Century, Volume 1: (1907–1948): Learning Curve",Tor Books
Hugo Award for Best Related Work,Jordan Sanderson,"Writing Excuses, Season 4",Writing Excuses
Hugo Award for Best Related Work,Daniel M. Kimmel,Jar Jar Binks Must Die…and other Observations about Science Fiction Movies,Fantastic Books
Hugo Award for Best Related Work,Jeff VanderMeer,"The Steampunk Bible: An Illustrated Guide to the World of Imaginary Airships, Corsets and Goggles, Mad Scientists, and Strange Literature",Abrams Image
Hugo Award for Best Related Work,S. J. Chambers,"The Steampunk Bible: An Illustrated Guide to the World of Imaginary Airships, Corsets and Goggles, Mad Scientists, and Strange Literature",Abrams Image
Hugo Award for Best Related Work,Seanan McGuire,Wicked Girls,Seanan McGuire
Hugo Award for Best Related Work,Jordan Sanderson,"Writing Excuses, Season 6",Writing Excuses
Hugo Award for Best Related Work,Jordan Sanderson*,"Writing Excuses, Season 7",Writing Excuses
Hugo Award for Best Related Work,Edward James,The Cambridge Companion to Fantasy Literature,Cambridge University Press
Hugo Award for Best Related Work,Farah Mendlesohn,The Cambridge Companion to Fantasy Literature,Cambridge University Press
Hugo Award for Best Related Work,Lynne M. Thomas,Chicks Dig Comics: A Celebration of Comic Books by the Women Who Love Them,Mad Norwegian Press
Hugo Award for Best Related Work,Sigrid Ellis and,Chicks Dig Comics: A Celebration of Comic Books by the Women Who Love Them,Mad Norwegian Press
Hugo Award for Best Related Work,Deborah Stanish,Chicks Unravel Time: Women Journey Through Every Season of Doctor Who,Mad Norwegian Press
Hugo Award for Best Related Work,L. M. Myles,Chicks Unravel Time: Women Journey Through Every Season of Doctor Who,Mad Norwegian Press
Hugo Award for Best Related Work,Martin H. Greenberg,I Have an Idea for a Book... The Bibliography of Martin H. Greenberg,Battered Silicon Dispatch Box
Hugo Award for Best Related Work,John Helfers,I Have an Idea for a Book... The Bibliography of Martin H. Greenberg,Battered Silicon Dispatch Box
Hugo Award for Best Related Work,Michael Damian Thomas,Queers Dig Time Lords: A Celebration of Doctor Who by the LGBTQ Fans Who Love It,Mad Norwegian Press
Hugo Award for Best Related Work,Sigrid Ellis,Queers Dig Time Lords: A Celebration of Doctor Who by the LGBTQ Fans Who Love It,Mad Norwegian Press
Hugo Award for Best Related Work,Justin Landon,"Speculative Fiction 2012: The Best Online Reviews, Essays and Commentary",Jurassic London
Hugo Award for Best Related Work,Jared Shurin,"Speculative Fiction 2012: The Best Online Reviews, Essays and Commentary",Jurassic London
Hugo Award for Best Related Work,Jeff VanderMeer,Wonderbook: The Illustrated Guide to Creating Imaginative Fiction,Abrams Image
Hugo Award for Best Related Work,Jeremy Zerfoss,Wonderbook: The Illustrated Guide to Creating Imaginative Fiction,Abrams Image
Hugo Award for Best Related Work,Jordan Sanderson,"Writing Excuses, Season 8",Writing Excuses
Hugo Award for Best Related Work,(no award)+,,
Hugo Award for Best Related Work,Ken Burnside,"""The Hot Equations: Thermodynamics and Military SF""",Riding the Red Horse (Castalia House)
Hugo Award for Best Related Work,Lou Antonelli,Letters from Gardner,The Merry Blacksmith Press
Hugo Award for Best Related Work,John C. Wright,Transhuman and Subhuman: Essays on Science Fiction and Awful Truth,Castalia House
Hugo Award for Best Related Work,Tedd Roberts,"""Why Science is Never Settled""",Baen.com
Hugo Award for Best Related Work,Michael Z. Williamson,Wisdom from My Internet,Patriarchy Press
Hugo Award for Best Related Work,(no award)+,,
Hugo Award for Best Related Work,Marc Aramini,"Between Light and Shadow: An Exploration of the Fiction of Gene Wolfe, 1951 to 1986",Castalia House
Hugo Award for Best Related Work,Jeffro Johnson,"""The First Draft of My Appendix N Book""",jeffro.wordpress.com
Hugo Award for Best Related Work,Daniel Eness,"""Safe Space as Rape Room""",castaliahouse.com
Hugo Award for Best Related Work,Vox Day,SJWs Always Lie: Taking Down the Thought Police,Castalia House
Hugo Award for Best Related Work,Moira Greyland,"""The Story of Moira Greyland""",askthebigot.com
Hugo Award for Best Related Work,Ursula K. Le Guin*,"Words Are My Matter: Writings About Life and Books, 2000-2016",Small Beer Press
Hugo Award for Best Related Work,Kameron Hurley,The Geek Feminist Revolution,Tor Books
Hugo Award for Best Related Work,Carrie Fisher,The Princess Diarist,Blue Rider Press
Hugo Award for Best Related Work,Robert Silverberg,Traveler of Worlds: Conversations with Robert Silverberg,Fairwood
Hugo Award for Best Related Work,Alvaro Zinos-Amaro,Traveler of Worlds: Conversations with Robert Silverberg,Fairwood
Hugo Award for Best Related Work,Neil Gaiman,The View From the Cheap Seats,William Morrow
Hugo Award for Best Related Work,Sarah Gailey,The Women of Harry Potter posts,Tor.com
Hugo Award for Best Related Work,Ursula K. Le Guin*,No Time to Spare: Thinking About What Matters,Houghton Mifflin Harcourt
Hugo Award for Best Related Work,Zoe Quinn,"Crash Override: How Gamergate (Nearly) Destroyed My Life, and How We Can Win the Fight Against Online Hate",PublicAffairs
Hugo Award for Best Related Work,Paul Kincaid,Iain M. Banks (Modern Masters of Science Fiction),University of Illinois Press
Hugo Award for Best Related Work,Nat Segaloff,A Lit Fuse: The Provocative Life of Harlan Ellison,NESFA Press
Hugo Award for Best Related Work,Alexandra Pierce,Luminescent Threads: Connections to Octavia E. Butler,Twelfth Planet Press
Hugo Award for Best Related Work,Mimi Mondal,Luminescent Threads: Connections to Octavia E. Butler,Twelfth Planet Press
Hugo Award for Best Related Work,Liz Bourke,Sleeping with Monsters: Readings and Reactions in Science Fiction and Fantasy,Aqueduct Press
Hugo Award for Best Related Work,Organization for Transformative Works*,Archive of Our Own,Self-published
Hugo Award for Best Related Work,Alec Nevala-Lee,"Astounding: John W. Campbell, Isaac Asimov, Robert A. Heinlein, L. Ron Hubbard, and the Golden Age of Science Fiction",Dey Street Books
Hugo Award for Best Related Work,Lindsay Ellis,The Hobbit Duology,Self-published via YouTube
Hugo Award for Best Related Work,Angelina Meehan,The Hobbit Duology,Self-published via YouTube
Hugo Award for Best Related Work,Jo Walton,"An Informal History of the Hugos: A Personal Look Back at the Hugo Awards, 1953-2000",Tor Books
Hugo Award for Best Related Work,Julia Rios,www.mexicanxinitiative.com: The Mexicanx Initiative at Worldcon 76,Self-published
Hugo Award for Best Related Work,Libia Brenda,www.mexicanxinitiative.com: The Mexicanx Initiative at Worldcon 76,Self-published
Hugo Award for Best Related Work,Pablo Defendini,www.mexicanxinitiative.com: The Mexicanx Initiative at Worldcon 76,Self-published
Hugo Award for Best Related Work,John Picacio,www.mexicanxinitiative.com: The Mexicanx Initiative at Worldcon 76,Self-published
Hugo Award for Best Related Work,Ursula K. Le Guin,Ursula K. Le Guin: Conversations on Writing,Tin House Books
Hugo Award for Best Related Work,David Naimon,Ursula K. Le Guin: Conversations on Writing,Tin House Books
Hugo Award for Best Related Work,Jeannette Ng*,"""2019 John W. Campbell Award Acceptance Speech""",Jeannette Ng
Hugo Award for Best Related Work,J. Michael Straczynski,Becoming Superman: My Journey from Poverty to Hollywood,Harper Voyager
Hugo Award for Best Related Work,Gwyneth Jones,Joanna Russ,University of Illinois Press
Hugo Award for Best Related Work,Mallory O'Meara,The Lady from the Black Lagoon: Hollywood Monsters and the Lost Legacy of Milicent Patrick,Hanover Square
Hugo Award for Best Related Work,Farah Mendlesohn,The Pleasant Profession of Robert A. Heinlein,Unbound
Hugo Award for Best Related Work,Arwen Curry,Worlds of Ursula K. Le Guin,Arwen Curry
Hugo Award for Best Related Work,Maria Dahvana Headley*,Beowulf: A New Translation,"Farrar, Straus and Giroux"
Hugo Award for Best Related Work,Claire Rousseau,CoNZealand Fringe,Self-published
Hugo Award for Best Related Work,C,CoNZealand Fringe,Self-published
Hugo Award for Best Related Work,Cassie Hart,CoNZealand Fringe,Self-published
Hugo Award for Best Related Work,Adri Joy,CoNZealand Fringe,Self-published
Hugo Award for Best Related Work,Marguerite Kenner,CoNZealand Fringe,Self-published
Hugo Award for Best Related Work,Cheryl Morgan,CoNZealand Fringe,Self-published
Hugo Award for Best Related Work,Alasdair Stuart,CoNZealand Fringe,Self-published
Hugo Award for Best Related Work,L. D. Lewis,FIYAHCON,Self-published
Hugo Award for Best Related Work,Brent Lambert,FIYAHCON,Self-published
Hugo Award for Best Related Work,Iori Kusano,FIYAHCON,Self-published
Hugo Award for Best Related Work,Vida Cruz,FIYAHCON,Self-published
Hugo Award for Best Related Work,Natalie Luhrs,"""George R.R. Martin Can Fuck Off Into the Sun, Or: The 2020 Hugo Awards Ceremony (Rageblog Edition)""",Pretty Terrible
Hugo Award for Best Related Work,Lynell George,"A Handful of Earth, A Handful of Sky: The World of Octavia E. Butler",Angel City Press
Hugo Award for Best Related Work,Jenny Nicholson,The Last Bronycon: a fandom autopsy,Self-published via YouTube
Hugo Award for Best Related Work,Charlie Jane Anders*,Never Say You Can't Survive,Tordotcom Publishing
Hugo Award for Best Related Work,Elsa Sjunneson,Being Seen: One Deafblind Woman's Fight to End Ableism,Tiller Press
Hugo Award for Best Related Work,Camestros Felapton,The Complete Debarkle: Saga of a Culture War,Self-published
Hugo Award for Best Related Work,Andrew Nette (editor),"Dangerous Visions and New Worlds: Radical Science Fiction, 1950 to 1985",PM Press
Hugo Award for Best Related Work,Iain McIntyre (editor),"Dangerous Visions and New Worlds: Radical Science Fiction, 1950 to 1985",PM Press
Hugo Award for Best Related Work,Emily St. James,"""How Twitter can ruin a life""",Vox
Hugo Award for Best Related Work,Abraham Riesman,True Believer: The Rise and Fall of Stan Lee,Crown
