0,1,2,3,4,5
César Awards for best actor,1976(1st),Victor Lanoux,"Cousin, Cousin","Cousin, cousine",Ludovic
César Awards for best actor,1976(1st),Jean-Pierre Marielle,Cookies,Les Galettes de Pont-Aven,Henri Serin
César Awards for best actor,1976(1st),Gérard Depardieu,Seven Deaths by Prescription,Sept morts sur ordonnance,Doctor Jean-Pierre Berg
César Awards for best actor,1977(2nd),Alain Delon,Mr. Klein,Monsieur Klein,Mr. Klein
César Awards for best actor,1977(2nd),Gérard Depardieu,The Last Woman,La Dernière Femme,Gérard
César Awards for best actor,1977(2nd),Patrick Dewaere,The Best Way to Walk,La Meilleure Façon de marcher,Marc
César Awards for best actor,1978(3rd),Alain Delon,Death of a Corrupt Man,Mort d'un pourri,Xavier 'Xav' Maréchal
César Awards for best actor,1978(3rd),Gérard Depardieu,This Sweet Sickness,Dites-lui que je l'aime,David Martinaud
César Awards for best actor,1978(3rd),Patrick Dewaere,Judge Fayard Called the Sheriff,Le Juge Fayard dit le Shériff,Judge Fayard
César Awards for best actor,1978(3rd),Charles Denner,The Man Who Loved Women,L'Homme qui aimait les femmes,Bertrand Morane
César Awards for best actor,1979(4th),Claude Brasseur,A Simple Story,Une histoire simple,Serge
César Awards for best actor,1979(4th),Jean Carmet,The Sugar,Le Sucre,Adrien Courtois
César Awards for best actor,1979(4th),Gérard Depardieu,The Sugar,Le Sucre,Raoul-Renaud Homecourt
