0,1,2,3,4,5
Kyra Sedgwick,Alliance of Women Film Journalists Awards,2017,Best Female-Directed Narrative Feature,Story of a Girl,Won
Kyra Sedgwick,American Comedy Awards,1996,Funniest Supporting Actress in a Motion Picture,Something to Talk About,Nominated
Kyra Sedgwick,Chicago Film Critics Association Awards,1996,Best Supporting Actress,Something to Talk About,Nominated
Kyra Sedgwick,Directors Guild Awards,2018,Outstanding Directorial Achievement in Movies for Television/Miniseries,Story of a Girl,Nominated
Kyra Sedgwick,DVD Exclusive Awards,2001,Best Actress,Labor Pains,Won
Kyra Sedgwick,Edinburgh International Film Festival,2017,Best International Feature Film,Story of a Girl,Nominated
Kyra Sedgwick,Edinburgh International Film Festival,2017,Audience Award,Story of a Girl,Nominated
Kyra Sedgwick,Gold Derby Awards,2006,Drama Lead Actress,The Closer,Nominated
Kyra Sedgwick,Gold Derby Awards,2007,Drama Lead Actress,The Closer,Nominated
Kyra Sedgwick,Gold Derby Awards,2008,Drama Lead Actress,The Closer,Nominated
Kyra Sedgwick,Gold Derby Awards,2015,Comedy Guest Actress,Brooklyn Nine-Nine,Nominated
Kyra Sedgwick,Golden Globe Awards,1993,Best Actress in a Miniseries or Motion Picture Made for Television,Miss Rose White,Nominated
Kyra Sedgwick,Golden Globe Awards,1996,Best Supporting Actress in a Motion Picture,Something to Talk About,Nominated
Kyra Sedgwick,Golden Globe Awards,2006,Best Actress in a Television Series – Drama,The Closer,Nominated
Kyra Sedgwick,Golden Globe Awards,2007,Best Actress in a Television Series – Drama,The Closer,Won
Kyra Sedgwick,Golden Globe Awards,2008,Best Actress in a Television Series – Drama,The Closer,Nominated
Kyra Sedgwick,Golden Globe Awards,2009,Best Actress in a Television Series – Drama,The Closer,Nominated
Kyra Sedgwick,Golden Globe Awards,2010,Best Actress in a Television Series – Drama,The Closer,Nominated
Kyra Sedgwick,Golden Globe Awards,2011,Best Actress in a Television Series – Drama,The Closer,Nominated
Kyra Sedgwick,Gracie Allen Awards,2006,Outstanding Female Lead – Drama Series,The Closer,Won
Kyra Sedgwick,Independent Spirit Awards,2005,Best Female Lead,Cavedweller,Nominated
Kyra Sedgwick,MTV Movie + TV Awards,1997,Best Kiss (shared with John Travolta),Phenomenon,Nominated
Kyra Sedgwick,People's Choice Awards,2009,Favorite Television Drama Diva,The Closer,Won
Kyra Sedgwick,Satellite Awards,2005,Best Actress in a Series – Drama,The Closer,Won
Kyra Sedgwick,Satellite Awards,2005,Best Supporting Actress in a Motion Picture – Drama,The Woodsman,Nominated
Kyra Sedgwick,Satellite Awards,2006,Best Actress in a Series – Drama,The Closer,Won
Kyra Sedgwick,Satellite Awards,2007,Best Actress in a Series – Drama,The Closer,Nominated
Kyra Sedgwick,Satellite Awards,2008,Best Actress in a Series – Drama,The Closer,Nominated
Kyra Sedgwick,Saturn Awards,1994,Best Supporting Actress,Heart and Souls,Nominated
Kyra Sedgwick,Saturn Awards,2007,Best Actress on Television,The Closer,Nominated
Kyra Sedgwick,Saturn Awards,2008,Best Actress on Television,The Closer,Nominated
Kyra Sedgwick,Saturn Awards,2009,Best Actress on Television,The Closer,Nominated
Kyra Sedgwick,Saturn Awards,2010,Best Actress on Television,The Closer,Nominated
Kyra Sedgwick,Saturn Awards,2011,Best Actress on Television,The Closer,Nominated
Kyra Sedgwick,Saturn Awards,2012,Best Actress on Television,The Closer,Nominated
Kyra Sedgwick,Screen Actors Guild Awards,2006,Outstanding Performance by a Female Actor in a Drama Series,The Closer,Nominated
Kyra Sedgwick,Screen Actors Guild Awards,2006,Outstanding Performance by an Ensemble in a Drama Series,The Closer,Nominated
Kyra Sedgwick,Screen Actors Guild Awards,2007,Outstanding Performance by a Female Actor in a Drama Series,The Closer,Nominated
Kyra Sedgwick,Screen Actors Guild Awards,2008,Outstanding Performance by a Female Actor in a Drama Series,The Closer,Nominated
Kyra Sedgwick,Screen Actors Guild Awards,2008,Outstanding Performance by an Ensemble in a Drama Series,The Closer,Nominated
Kyra Sedgwick,Screen Actors Guild Awards,2009,Outstanding Performance by a Female Actor in a Drama Series,The Closer,Nominated
Kyra Sedgwick,Screen Actors Guild Awards,2009,Outstanding Performance by an Ensemble in a Drama Series,The Closer,Nominated
Kyra Sedgwick,Screen Actors Guild Awards,2010,Outstanding Performance by a Female Actor in a Drama Series,The Closer,Nominated
Kyra Sedgwick,Screen Actors Guild Awards,2010,Outstanding Performance by an Ensemble in a Drama Series,The Closer,Nominated
Kyra Sedgwick,Screen Actors Guild Awards,2011,Outstanding Performance by a Female Actor in a Drama Series,The Closer,Nominated
Kyra Sedgwick,Screen Actors Guild Awards,2011,Outstanding Performance by an Ensemble in a Drama Series,The Closer,Nominated
Kyra Sedgwick,Screen Actors Guild Awards,2012,Outstanding Performance by a Female Actor in a Drama Series,The Closer,Nominated
Kyra Sedgwick,Television Critics Association Awards,2006,Individual Achievement in Drama,The Closer,Nominated
Kyra Sedgwick,TV Guide Awards,2012,Favorite Actress,The Closer,Nominated
