0,1,2,3,4
List of Golden Globe Awards: Supporting Actress,2000,Judi Dench,Armande Voizin,Chocolat
List of Golden Globe Awards: Supporting Actress,2000,Frances McDormand,Elaine Miller,Almost Famous
List of Golden Globe Awards: Supporting Actress,2000,Julie Walters,Sandra Wilkinson,Billy Elliot
List of Golden Globe Awards: Supporting Actress,2000,Catherine Zeta-Jones,Helena Ayala,Traffic
List of Golden Globe Awards: Supporting Actress,2001,Helen Mirren,Mrs. Wilson,Gosford Park
List of Golden Globe Awards: Supporting Actress,2001,Maggie Smith,Constance Trentham,Gosford Park
List of Golden Globe Awards: Supporting Actress,2001,Cameron Diaz,Julie Gianni,Vanilla Sky
List of Golden Globe Awards: Supporting Actress,2001,Marisa Tomei,Natalie Strout,In the Bedroom
List of Golden Globe Awards: Supporting Actress,2001,Kate Winslet,Iris Murdoch,Iris
List of Golden Globe Awards: Supporting Actress,2002,Kathy Bates,Roberta Hertzel,About Schmidt
List of Golden Globe Awards: Supporting Actress,2002,Cameron Diaz,Jenny Everdeane,Gangs of New York
List of Golden Globe Awards: Supporting Actress,2002,Queen Latifah,"Matron ""Mama"" Morton",Chicago
List of Golden Globe Awards: Supporting Actress,2002,Susan Sarandon,Mimi Slocumb,Igby Goes Down
List of Golden Globe Awards: Supporting Actress,2003,Renée Zellweger ,Ruby Thewes,Cold Mountain
List of Golden Globe Awards: Supporting Actress,2003,Maria Bello,Natalie Belisario,The Cooler
List of Golden Globe Awards: Supporting Actress,2003,Patricia Clarkson,Joy Burns,Pieces of April
List of Golden Globe Awards: Supporting Actress,2003,Hope Davis,Joyce Brabner,American Splendor
List of Golden Globe Awards: Supporting Actress,2003,Holly Hunter,Melanie Freeland,Thirteen
List of Golden Globe Awards: Supporting Actress,2004,Cate Blanchett,Katharine Hepburn,The Aviator
List of Golden Globe Awards: Supporting Actress,2004,Laura Linney,Clara McMillen,Kinsey
List of Golden Globe Awards: Supporting Actress,2004,Virginia Madsen,Maya Randall,Sideways
List of Golden Globe Awards: Supporting Actress,2004,Meryl Streep,Eleanor Shaw,The Manchurian Candidate
List of Golden Globe Awards: Supporting Actress,2005,Scarlett Johansson,Nola Rice,Match Point
List of Golden Globe Awards: Supporting Actress,2005,Shirley MacLaine,Ella Hirsch,In Her Shoes
List of Golden Globe Awards: Supporting Actress,2005,Frances McDormand,Glory Dodge,North Country
List of Golden Globe Awards: Supporting Actress,2005,Michelle Williams,Alma Beers Del Mar,Brokeback Mountain
List of Golden Globe Awards: Supporting Actress,2006,Adriana Barraza,Amelia Hernandez,Babel
List of Golden Globe Awards: Supporting Actress,2006,Rinko Kikuchi,Chieko Wataya,Babel
List of Golden Globe Awards: Supporting Actress,2006,Cate Blanchett,Sheba Hart,Notes on a Scandal
List of Golden Globe Awards: Supporting Actress,2006,Emily Blunt,Emily Charlton,The Devil Wears Prada
List of Golden Globe Awards: Supporting Actress,2007,Julia Roberts,Joanne Herring,Charlie Wilson's War
List of Golden Globe Awards: Supporting Actress,2007,Saoirse Ronan,Briony Tallis,Atonement
List of Golden Globe Awards: Supporting Actress,2007,Amy Ryan,Helene McCready,Gone Baby Gone
List of Golden Globe Awards: Supporting Actress,2007,Tilda Swinton,Karen Crowder,Michael Clayton
List of Golden Globe Awards: Supporting Actress,2008,Kate Winslet,Hanna Schmitz,The Reader
List of Golden Globe Awards: Supporting Actress,2008,Amy Adams,Sister James,Doubt
List of Golden Globe Awards: Supporting Actress,2008,Viola Davis,Mrs. Miller,Doubt
List of Golden Globe Awards: Supporting Actress,2008,Penélope Cruz,María Elena,Vicky Cristina Barcelona
List of Golden Globe Awards: Supporting Actress,2008,Marisa Tomei,Cassidy / Pam,The Wrestler
List of Golden Globe Awards: Supporting Actress,2009,Vera Farmiga,Alex Goran,Up in the Air
List of Golden Globe Awards: Supporting Actress,2009,Anna Kendrick,Natalie Keener,Up in the Air
List of Golden Globe Awards: Supporting Actress,2009,Penélope Cruz,Carla Albanese,Nine
List of Golden Globe Awards: Supporting Actress,2009,Julianne Moore,Charley Miller,A Single Man
