0,1,2,3,4,5
Ship of Fools (film),Academy Awards,Best Art Direction – Black-and-White,Art Direction: Robert Clatworthy;  Set Decoration: Joseph Kish,Won,  
Ship of Fools (film),Academy Awards,Best Cinematography – Black-and-White,Ernest Laszlo,Won,  
Ship of Fools (film),Academy Awards,Best Costume Design – Black-and-White,Jean Louis and Bill Thomas,Nominated,  
Ship of Fools (film),British Academy Film Awards,Best Foreign Actor,Oskar Werner,Nominated,
Ship of Fools (film),British Academy Film Awards,Best Foreign Actress,Simone Signoret,Nominated,
Ship of Fools (film),Golden Globe Awards,Best Motion Picture – Drama,Best Motion Picture – Drama,Nominated,
Ship of Fools (film),Golden Globe Awards,Best Actor in a Motion Picture – Drama,Oskar Werner,Nominated,
Ship of Fools (film),Golden Globe Awards,Best Actress in a Motion Picture – Drama,Simone Signoret,Nominated,
Ship of Fools (film),Laurel Awards,Top Male Supporting Performance,Michael Dunn,4th Place,
Ship of Fools (film),National Board of Review Awards,Top Ten Films,Top Ten Films,4th Place,
Ship of Fools (film),National Board of Review Awards,Best Actor,Lee Marvin (also for Cat Ballou),Won,
Ship of Fools (film),New York Film Critics Circle Awards,Best Actor,Oskar Werner,Nominated,
Ship of Fools (film),Writers Guild of America Awards,Best Written American Drama,Abby Mann,Nominated,
