0,1,2,3,4,5
Iron Man 2008,2008,MTV Movie Awards,Best Summer Movie So Far,Iron Man,Won
Iron Man 2008,2008,Teen Choice Awards,Choice Movie: Action,Iron Man,Nominated
Iron Man 2008,2008,Teen Choice Awards,Choice Movie Actor: Action,Robert Downey Jr.,Nominated
Iron Man 2008,2008,Teen Choice Awards,Choice Movie Actress: Action,Gwyneth Paltrow,Nominated
Iron Man 2008,2008,Scream Awards,The Ultimate Scream,Iron Man,Nominated
Iron Man 2008,2008,Scream Awards,Best Science Fiction Movie,Iron Man,Won
Iron Man 2008,2008,Scream Awards,Best Science Fiction Actor,Robert Downey Jr.,Won
Iron Man 2008,2008,Scream Awards,Best Science Fiction Actress,Gwyneth Paltrow,Nominated
Iron Man 2008,2008,Scream Awards,Best Supporting Actor,Terrence Howard,Nominated
Iron Man 2008,2008,Scream Awards,Best Superhero,Robert Downey Jr.,Nominated
Iron Man 2008,2008,Scream Awards,Best Villain,Jeff Bridges,Nominated
Iron Man 2008,2008,Scream Awards,Best Director,Jon Favreau,Nominated
Iron Man 2008,2008,Scream Awards,Best Comic Book Movie,Iron Man,Nominated
Iron Man 2008,2008,Scream Awards,Best Scream-Play,Mark Fergus & Hawk Ostby and Art Marcum & Matt Holloway,Nominated
Iron Man 2008,2008,Scream Awards,Best F/X,Iron Man,Nominated
Iron Man 2008,2008,Scream Awards,Best Line,"""I am Iron Man""",Nominated
Iron Man 2008,2008,Scream Awards,The Holy Sh!t Scene of the Year,Iron Man's First Flight,Nominated
Iron Man 2008,2008,Scream Awards,The Holy Sh!t Scene of the Year,Escape from Ten Rings hideout,Nominated
Iron Man 2008,2009,People's Choice Awards,Favorite Movie,Iron Man,Nominated
Iron Man 2008,2009,People's Choice Awards,Favorite Male Action Star,Robert Downey Jr.,Nominated
Iron Man 2008,2009,People's Choice Awards,Favorite Male Movie Star,Robert Downey Jr.,Nominated
Iron Man 2008,2009,People's Choice Awards,Favorite Superhero,Robert Downey Jr. as Iron Man,Nominated
Iron Man 2008,2009,Screen Actors Guild Awards,Outstanding Performance by a Stunt Ensemble,,Nominated
Iron Man 2008,2009,USC Scripter Awards,USC Libraries 21st Annual Scripter Award,Mark Fergus & Hawk Ostby and Art Marcum & Matt Holloway,Nominated
Iron Man 2008,2009,Grammy Awards,"Best Score Soundtrack Album for Motion Picture, Television or Other Visual Media",Ramin Djawadi,Nominated
Iron Man 2008,2009,VES Awards,Outstanding Visual Effects in a Visual Effects-Driven Feature Motion Picture,"Ben Snow, Hal Hickel, Victoria Alonso, John Nelson",Nominated
Iron Man 2008,2009,VES Awards,Best Single Visual Effect of the Year,"Ben Snow, Wayne Billheimer, Victoria Alonso, John Nelson",Nominated
Iron Man 2008,2009,VES Awards,Outstanding Animated Character in a Live Action Motion Picture,"Hal Hickel, Bruce Holcomb, James Tooley, John Walker",Nominated
Iron Man 2008,2009,VES Awards,Outstanding Models and Miniatures in a Feature Motion Picture,"Aaron McBride, Russell Paul, Gerald Gutschmidt, Kenji Yamaguchi for ""Suit Up Machine""",Nominated
Iron Man 2008,2009,VES Awards,Outstanding Compositing in a Feature Motion Picture,"Jonathan Rothbart, Dav Rauch, Kyle McCulloch, Kent Seki for ""HUD Compositing""",Nominated
Iron Man 2008,2009,Nickelodeon Kids' Choice Awards,Favorite Movie,Iron Man,Nominated
Iron Man 2008,2009,Empire Awards,Best Film,Iron Man,Nominated
Iron Man 2008,2009,Empire Awards,Best Sci-Fi/Fantasy/Superhero,Iron Man,Nominated
Iron Man 2008,2009,Taurus World Stunt Awards,Hardest Hit,Iron Man,Won
Iron Man 2008,2009,Taurus World Stunt Awards,Best Stunt Coordinator and/or 2nd Unit Director,"Thomas R. Harper, Phil Neilson, Keith Woulard",Nominated
Iron Man 2008,2009,Taurus World Stunt Awards,Best Fire Stunt,"Mike Justus, Damien Moreno, Timothy P. Trella",Won
Iron Man 2008,2009,MTV Movie Awards,Best Movie,Iron Man,Nominated
Iron Man 2008,2009,MTV Movie Awards,Best Male Performance,Robert Downey Jr.,Nominated
Iron Man 2008,2009,Saturn Awards,Best Science Fiction Film,Iron Man,Won
Iron Man 2008,2009,Saturn Awards,Best Actor,Robert Downey Jr.,Won
Iron Man 2008,2009,Saturn Awards,Best Director,Jon Favreau,Won
Iron Man 2008,2009,Saturn Awards,Best Screenplay,Mark Fergus & Hawk Ostby and Art Marcum & Matt Holloway,Nominated
Iron Man 2008,2009,Saturn Awards,Best Visual Effects,Iron Man,Nominated
Iron Man 2008,2009,Hugo Awards,Best Dramatic Presentation – Long Form,Iron Man,Nominated
