0,1,2,3,4,5,6,7,8,9
Kansai Railways,CJ02,Haruta,春田,|,|,|,,"Nakagawa-ku, Nagoya",Aichi Prefecture
Kansai Railways,CJ03,Kanie,蟹江,S,|,|,,"Kanie, Ama District",Aichi Prefecture
Kansai Railways,CJ04,Eiwa,永和,|,|,|,,Aisai,Aichi Prefecture
Kansai Railways,CJ06,Nagashima,長島,|,|,|,"
Kintetsu Nagoya Line (Kintetsu Nagashima Station)",Kuwana,Mie Prefecture
Kansai Railways,CJ08,Asahi,朝日,S,|,|,,"Asahi, Mie District",Mie Prefecture
Kansai Railways,CJ10,Tomidahama,富田浜,S,|,|,,Yokkaichi,Mie Prefecture
Kansai Railways,CJ11,Yokkaichi,四日市,S,S,S,"
JR Freight Kansai Main Line (for Shiohama)
Kintetsu Nagoya Line (Kintetsu Yokkaichi Station) connected by bus",Yokkaichi,Mie Prefecture
Kansai Railways,CJ12,Minami-Yokkaichi,南四日市,S,S,|,,Yokkaichi,Mie Prefecture
Kansai Railways,CJ14,Kawano,河曲,S,S,Ise Railway Ise Line,,Suzuka,Mie Prefecture
Kansai Railways,CJ15,Kasado,加佐登,S,S,Ise Railway Ise Line,,Suzuka,Mie Prefecture
Kansai Railways,CJ16,Idagawa,井田川,S,S,Ise Railway Ise Line,,Kameyama,Mie Prefecture
