0,1,2,3,4
Nürtingen (electoral district),1965,Anton Stark,CDU,50.1
Nürtingen (electoral district),1969,Anton Stark,CDU,51.3
Nürtingen (electoral district),1972,Anton Stark,CDU,50.8
Nürtingen (electoral district),1976,Anton Stark,CDU,54.3
Nürtingen (electoral district),1980,Anton Stark,CDU,49.2
Nürtingen (electoral district),1983,Anton Stark,CDU,56.9
Nürtingen (electoral district),1987,Anton Stark,CDU,50.1
Nürtingen (electoral district),1990,Elmar Müller,CDU,46.9
Nürtingen (electoral district),1994,Elmar Müller,CDU,48.0
Nürtingen (electoral district),1998,Elmar Müller,CDU,42.9
