0,1,2,3,4
To Kill A Mockingbird (film),Academy Awards,Best Art Direction – Black-and-White,"Alexander Golitzen, Henry Bumstead and Oliver Emert",Won
To Kill A Mockingbird (film),Academy Awards,Best Cinematography – Black-and-White,Russell Harlan,Nominated
To Kill A Mockingbird (film),American Cinema Editors Awards,Best Edited Feature Film,Aaron Stell,Nominated
To Kill A Mockingbird (film),British Academy Film Awards,Best Film from any Source,Best Film from any Source,Nominated
To Kill A Mockingbird (film),British Academy Film Awards,Best Foreign Actor,Gregory Peck,Nominated
To Kill A Mockingbird (film),Cannes Film Festival,Palme d'Or,Robert Mulligan,Nominated
To Kill A Mockingbird (film),Cannes Film Festival,Gary Cooper Award,Robert Mulligan,Won
To Kill A Mockingbird (film),David di Donatello Awards,Best Foreign Actor,Gregory Peck,Won
To Kill A Mockingbird (film),Directors Guild of America Awards,Outstanding Directorial Achievement in Motion Pictures,Robert Mulligan,Nominated
To Kill A Mockingbird (film),Golden Globe Awards,Best Motion Picture – Drama,Best Motion Picture – Drama,Nominated
To Kill A Mockingbird (film),Golden Globe Awards,Best Actor in a Motion Picture – Drama,Gregory Peck,Won
To Kill A Mockingbird (film),Golden Globe Awards,Best Director – Motion Picture,Robert Mulligan,Nominated
To Kill A Mockingbird (film),Golden Globe Awards,Best Original Score – Motion Picture,Elmer Bernstein,Won
To Kill A Mockingbird (film),Golden Globe Awards,Best Film Promoting International Understanding,Best Film Promoting International Understanding,Won
To Kill A Mockingbird (film),Laurel Awards,Top General Entertainment,Top General Entertainment,Won
To Kill A Mockingbird (film),Laurel Awards,Top Male Dramatic Performance,Gregory Peck,Nominated
To Kill A Mockingbird (film),Laurel Awards,Top Female Supporting Performance,Mary Badham,Nominated
To Kill A Mockingbird (film),National Film Preservation Board,National Film Registry,National Film Registry,Inducted
To Kill A Mockingbird (film),New York Film Critics Circle Awards,Best Film,Best Film,Nominated
To Kill A Mockingbird (film),New York Film Critics Circle Awards,Best Screenplay,Horton Foote,Nominated
To Kill A Mockingbird (film),Online Film & Television Association Awards,Hall of Fame – Motion Picture,Hall of Fame – Motion Picture,Won
To Kill A Mockingbird (film),Producers Guild of America Awards,PGA Hall of Fame – Motion Pictures,Alan J. Pakula,Won
To Kill A Mockingbird (film),Writers Guild of America Awards,Best Written American Drama,Horton Foote,Won
