0,1,2,3
Anthony Asquith Award,1990(44th),The Fabulous Baker Boys,Dave Grusin
Anthony Asquith Award,1990(44th),Memphis Belle,George Fenton
Anthony Asquith Award,1990(44th),Postcards from the Edge,Carly Simon
Anthony Asquith Award,1991(45th),Dances with Wolves,John Barry
Anthony Asquith Award,1991(45th),The Silence of the Lambs,Howard Shore
Anthony Asquith Award,1991(45th),Thelma & Louise,Hans Zimmer
Anthony Asquith Award,1992(46th),Beauty and the Beast,Howard Ashman and Alan Menken
Anthony Asquith Award,1992(46th),Hear My Song,John Altman
Anthony Asquith Award,1992(46th),The Last of the Mohicans,Randy Edelman and Trevor Jones
Anthony Asquith Award,1993(47th),Aladdin,Alan Menken
Anthony Asquith Award,1993(47th),The Piano,Michael Nyman
Anthony Asquith Award,1993(47th),Sleepless in Seattle,Marc Shaiman
