0,1,2,3,4
TGP2,47th Academy Awards,Best Director,Francis Ford Coppola,Won
TGP2,47th Academy Awards,Best Original Dramatic Score,Nino Rota and Carmine Coppola,Won
TGP2,29th British Academy Film Awards,Best Actor,Al Pacino (Also for Dog Day Afternoon),Won
TGP2,29th British Academy Film Awards,Most Promising Newcomer to Leading Film Roles,Robert De Niro,Nominated
TGP2,29th British Academy Film Awards,Best Film Music,Nino Rota,Nominated
TGP2,29th British Academy Film Awards,Best Film Editing,"Peter Zinner, Barry Malkin, and Richard Marks",Nominated
TGP2,27th Directors Guild of America Awards,Outstanding Directorial Achievement in Motion Pictures,Francis Ford Coppola,Won
TGP2,32nd Golden Globe Awards,Best Motion Picture – Drama,Best Motion Picture – Drama,Nominated
TGP2,32nd Golden Globe Awards,Best Director – Motion Picture,Francis Ford Coppola,Nominated
TGP2,32nd Golden Globe Awards,Best Motion Picture Actor – Drama,Al Pacino,Nominated
TGP2,32nd Golden Globe Awards,Most Promising Newcomer – Male,Lee Strasberg,Nominated
TGP2,32nd Golden Globe Awards,Best Screenplay – Motion Picture,Francis Ford Coppola and Mario Puzo,Nominated
TGP2,32nd Golden Globe Awards,Best Original Score,Nino Rota,Nominated
TGP2,9th National Society of Film Critics Awards,Best Director,Francis Ford Coppla,Won
TGP2,27th Writers Guild of America Awards,Best Drama Adapted from Another Medium,Francis Ford Coppola and Mario Puzo,Won
