0,1,2,3
BET Award for Best Collaboration,2003,Erykah Badu (feat. Common),"""Love of My Life (An Ode to Hip-Hop)"""
BET Award for Best Collaboration,2003,Jay-Z (feat. Beyoncé),"""03' Bonnie & Clyde"""
BET Award for Best Collaboration,2003,Missy Elliott (feat. Ludacris and Ms. Jade),"""Gossip Folks"""
BET Award for Best Collaboration,2003,Nelly (feat. Kelly Rowland),"""Dilemma"""
BET Award for Best Collaboration,2004,Outkast (feat. Sleepy Brown),"""The Way You Move"""
BET Award for Best Collaboration,2004,Twista (feat. Kanye West and Jamie Foxx),"""Slow Jamz"""
BET Award for Best Collaboration,2004,Usher (feat. Lil' Jon and Ludacris),"""Yeah!"""
BET Award for Best Collaboration,2004,Pharrell Williams (feat. Jay-Z),"""Frontin'"""
BET Award for Best Collaboration,2005,Ciara (feat. Missy Elliott),"""1, 2 Step"""
BET Award for Best Collaboration,2005,Destiny's Child (feat. Lil Wayne and T.I.),"""Soldier"""
BET Award for Best Collaboration,2005,The Game (feat. 50 Cent),"""Hate It or Love It"""
BET Award for Best Collaboration,2005,Jadakiss (feat. Anthony Hamilton),"""Why"""
BET Award for Best Collaboration,2005,Snoop Dogg (feat. Pharrell Williams),"""Drop It Like It's Hot"""
BET Award for Best Collaboration,2005,Usher and Alicia Keys,"""My Boo"""
BET Award for Best Collaboration,2006,Beyoncé (feat. Slim Thug and Bun B),"""Check on It"""
BET Award for Best Collaboration,2006,Bow Wow (feat. Ciara),"""Like You"""
BET Award for Best Collaboration,2006,Jamie Foxx (feat. Ludacris),"""Unpredictable"""
BET Award for Best Collaboration,2006,"Busta Rhymes (feat. Papoose, Rah Digga, Missy Elliott, DMX, Mary J. Blige and Lloyd Banks)","""Touch It"" (Remix)"
BET Award for Best Collaboration,2007,Akon (feat. Snoop Dogg),"""I Wanna Love You"""
BET Award for Best Collaboration,2007,Beyoncé (feat. Jay-Z),"""Déjà Vu"""
BET Award for Best Collaboration,2007,Beyoncé (feat. Jay-Z),"""Upgrade U"""
BET Award for Best Collaboration,2007,Diddy (feat. Keyshia Cole),"""Last Night"""
BET Award for Best Collaboration,2008,Chris Brown (feat. T-Pain),"""Kiss Kiss"""
BET Award for Best Collaboration,2008,Keyshia Cole (feat. Lil' Kim and Missy Elliott),"""Let It Go"""
BET Award for Best Collaboration,2008,"DJ Khaled (feat. Lil Wayne, Fat Joe, T.I., Big Boi, T-Pain and Ludacris)","""I'm So Hood"" (Remix)"
BET Award for Best Collaboration,2008,Flo Rida (feat. T-Pain),"""Low"""
BET Award for Best Collaboration,2009,Keri Hilson (feat. Lil Wayne),"""Turnin' Me On"""
BET Award for Best Collaboration,2009,Jim Jones and Ron Browz (feat. Juelz Santana),"""Pop Champagne"""
BET Award for Best Collaboration,2009,T.I. (feat. Rihanna),"""Live Your Life"""
BET Award for Best Collaboration,2009,Yung LA (feat. Young Dro and T.I.),"""Ain't I"""
