0,1,2,3,4,5
Michael Carlyle Hall,2002,American Film Institute Awards,Male Actor of the Year in a Television Series,Six Feet Under,Nominated
Michael Carlyle Hall,2002,Primetime Emmy Awards,Outstanding Lead Actor in a Drama Series,Six Feet Under,Nominated
Michael Carlyle Hall,2005,Monte-Carlo Television Festival,Outstanding Actor in a Drama Series,Six Feet Under,Won
Michael Carlyle Hall,2006,Satellite Awards,Best Actor – Television Series Drama,Dexter,Nominated
Michael Carlyle Hall,2007,Golden Globe Awards,Best Actor – Television Series Drama,Dexter,Nominated
Michael Carlyle Hall,2007,Satellite Awards,Best Actor – Television Series Drama,Dexter,Won
Michael Carlyle Hall,2007,Saturn Awards,Best Actor on Television,Dexter,Won
Michael Carlyle Hall,2008,Astra Awards,Favorite International Personality or Actor,Dexter,Nominated
Michael Carlyle Hall,2008,Golden Globe Awards,Best Actor – Television Series Drama,Dexter,Nominated
Michael Carlyle Hall,2008,Primetime Emmy Awards,Outstanding Lead Actor in a Drama Series,Dexter,Nominated
Michael Carlyle Hall,2008,Satellite Awards,Best Actor – Television Series Drama,Dexter,Nominated
Michael Carlyle Hall,2008,Saturn Awards,Best Actor on Television,Dexter,Nominated
Michael Carlyle Hall,2009,Golden Globe Awards,Best Actor – Television Series Drama,Dexter,Nominated
Michael Carlyle Hall,2009,Primetime Emmy Awards,Outstanding Lead Actor in a Drama Series,Dexter,Nominated
Michael Carlyle Hall,2009,Saturn Awards,Best Actor on Television,Dexter,Nominated
Michael Carlyle Hall,2009,Screen Actors Guild Awards,Outstanding Performance by an Ensemble in a Drama Series,Dexter,Nominated
Michael Carlyle Hall,2010,Golden Globe Awards,Best Actor – Television Series Drama,Dexter,Won
Michael Carlyle Hall,2010,Monte-Carlo Television Festival,Outstanding Actor in a Drama Series,Dexter,Won
Michael Carlyle Hall,2010,Primetime Emmy Awards,Outstanding Lead Actor in a Drama Series,Dexter,Nominated
Michael Carlyle Hall,2010,Satellite Awards,Best Actor – Television Series Drama,Dexter,Nominated
Michael Carlyle Hall,2010,Saturn Awards,Best Actor on Television,Dexter,Nominated
Michael Carlyle Hall,2010,Screen Actors Guild Awards,Outstanding Performance by an Ensemble in a Drama Series,Dexter,Nominated
Michael Carlyle Hall,2011,Golden Globe Awards,Best Actor – Television Series Drama,Dexter,Nominated
Michael Carlyle Hall,2011,Monte-Carlo Television Festival,Outstanding Actor in a Drama Series,Dexter,Nominated
Michael Carlyle Hall,2011,Primetime Emmy Awards,Outstanding Drama Series,Dexter,Nominated
Michael Carlyle Hall,2011,Primetime Emmy Awards,Outstanding Lead Actor in a Drama Series,Dexter,Nominated
Michael Carlyle Hall,2011,Saturn Awards,Best Actor on Television,Dexter,Nominated
Michael Carlyle Hall,2011,Screen Actors Guild Awards,Outstanding Performance by an Ensemble in a Drama Series,Dexter,Nominated
Michael Carlyle Hall,2012,Primetime Emmy Awards,Outstanding Lead Actor in a Drama Series,Dexter,Nominated
Michael Carlyle Hall,2012,Saturn Awards,Best Actor on Television,Dexter,Nominated
Michael Carlyle Hall,2013,Saturn Awards,Best Actor on Television,Dexter,Nominated
Michael Carlyle Hall,2014,Drama Desk Awards,Outstanding Ensemble Performance,The Realistic Joneses,Won
Michael Carlyle Hall,2016,Lucille Lortel Awards,Outstanding Lead Actor in a Musical,Lazarus,Nominated
Michael Carlyle Hall,2016,Drama League Awards,Distinguished Performance,Lazarus,Nominated
Michael Carlyle Hall,2016,Drama Desk Awards,Outstanding Lead Actor in a Musical,Lazarus,Nominated
Michael Carlyle Hall,2017,WhatsOnStage Awards,Best Actor In A Musical,Lazarus,Nominated
Michael Carlyle Hall,2022,Saturn Awards,Best Actor on Television,Dexter: New Blood,Nominated
