0,1,2,3,4
2010(37th),Terry O'Quinn,Lost,ABC,John Locke / Man in Black
2010(37th),Aaron Paul,Breaking Bad,AMC,Jesse Pinkman
2010(37th),Lance Reddick,Fringe,Fox,Phillip Broyles
2011(38th),Giancarlo Esposito,Breaking Bad,AMC,"Gustavo ""Gus"" Fring"
2011(38th),Joel Kinnaman,The Killing,AMC,Stephen Holder
2011(38th),Bill Pullman,Torchwood: Miracle Day,Starz,Oswald Danes
2012(39th),Giancarlo Esposito,Revolution,NBC,Tom Neville
2012(39th),Todd Lasance,Spartacus: War of the Damned,Starz,Julius Caesar
2012(39th),Colm Meaney,Hell on Wheels,AMC,"Thomas ""Doc"" Durant"
2013(40th),Erik Knudsen,Continuum,Syfy,Alec Sadler
2013(40th),David Lyons,Revolution,NBC,"Sebastian ""Bass"" Monroe"
2013(40th),Dean Norris,Under the Dome,CBS,"James ""Big Jim"" Rennie"
2013(40th),James Purefoy,The Following,Fox,Joe Carroll
2014(41st),David Bradley,The Strain,FX,Abraham Setrakian
2014(41st),Sam Heughan,Outlander,Starz,Jamie Fraser
2014(41st),Erik Knudsen,Continuum,Syfy,Alec Sadler
2014(41st),Richard Sammel,The Strain,FX,Thomas Eichorst
2015(42nd),Vincent D'Onofrio,Daredevil,Netflix,Wilson Fisk / Kingpin
2015(42nd),Toby Jones,Wayward Pines,Fox,David Pilcher / Dr. Jenkins
2015(42nd),Erik Knudsen,Continuum,Syfy,Alec Sadler
2015(42nd),Lance Reddick,Bosch,Amazon,Irvin Irving
2015(42nd),Patrick Wilson,Fargo,FX,Lou Solverson
2016(43rd),Ed Harris,Westworld,HBO,The Man in Black
2016(43rd),Linden Ashby,Teen Wolf,MTV,Sheriff Stilinski
2016(43rd),Mehcad Brooks,Supergirl,The CW,James Olsen
2016(43rd),Lee Majors,Ash vs Evil Dead,Starz,Brock Williams
2016(43rd),Jeffrey Wright,Westworld,HBO,Bernard Lowe
2017(44th),Miguel Ferrer (posthumously),Twin Peaks: The Return,Showtime,Albert Rosenfield
2017(44th),Kit Harington,Game of Thrones,HBO,Jon Snow
2017(44th),Doug Jones,Star Trek: Discovery,CBS All Access,Commander Saru
2017(44th),Christian Kane,The Librarians,TNT,Jacob Stone
2017(44th),Khary Payton,The Walking Dead,AMC,King Ezekiel
2017(44th),Evan Peters,American Horror Story: Cult,FX,"Kai Anderson, Andy Warhol, Marshall Applewhite, David Koresh, Jim Jones, Jesus, Charles Manson"
2018(45th),David Harewood,Supergirl,The CW,J'onn J'onzz
2018(45th),Ed Harris,Westworld,HBO,The Man in Black
2018(45th),Lennie James,Fear the Walking Dead,AMC,Morgan Jones
2018(45th),Khary Payton,The Walking Dead,AMC,King Ezekiel
2019/2020(46th),Doug Jones,Star Trek: Discovery,CBS All Access,Saru
2019/2020(46th),Michael Emerson,Evil,CBS,Dr. Leland Townsend
2019/2020(46th),Richard Rankin,Outlander,Starz,Roger Wakefield
