0,1,2,3,4
BAFTA for Best Actress,196822nd,Katharine Hepburn,Guess Who's Coming to Dinner  The Lion in Winter,Christina Drayton  Eleanor of Aquitaine
BAFTA for Best Actress,196822nd,Joanne Woodward,"Rachel, Rachel",Rachel Cameron
BAFTA for Best Actress,196923rd,Maggie Smith,The Prime of Miss Jean Brodie,Jean Brodie
BAFTA for Best Actress,196923rd,Mia Farrow,John and Mary  Rosemary's Baby  Secret Ceremony,Mary  Rosemary Woodhouse  Cenci
BAFTA for Best Actress,196923rd,Glenda Jackson,Women in Love,Gudrun Brangwen
BAFTA for Best Actress,196923rd,Barbra Streisand,Funny Girl  Hello Dolly!,Fanny Brice  Dolly Gallagher Levi
BAFTA for Best Actress,197024th,Katharine Ross,Butch Cassidy and the Sundance Kid  Tell Them Willie Boy Is Here,Etta Place  Lola
BAFTA for Best Actress,197024th,Jane Fonda,"They Shoot Horses, Don't They?",Gloria Beatty
BAFTA for Best Actress,197024th,Goldie Hawn,Cactus Flower  There's a Girl in My Soup,Toni Simmons  Marion
BAFTA for Best Actress,197024th,Sarah Miles,Ryan's Daughter,Rosy Ryan
BAFTA for Best Actress,197125th,Glenda Jackson,Sunday Bloody Sunday,Alex Greville
BAFTA for Best Actress,197125th,Lynn Carlin,Taking Off,Lynn Tyne
BAFTA for Best Actress,197125th,Julie Christie,The Go-Between,Marian
BAFTA for Best Actress,197125th,Jane Fonda,Klute,Bree Daniels
BAFTA for Best Actress,197125th,Nanette Newman,The Raging Moon,Jill Matthews
BAFTA for Best Actress,197226th,Liza Minnelli,Cabaret,Sally Bowles
BAFTA for Best Actress,197226th,Stéphane Audran,The Butcher,Hélène
BAFTA for Best Actress,197226th,Dorothy Tutin,Savage Messiah,Sophie Brzeska
BAFTA for Best Actress,197327th,Stéphane Audran,The Discreet Charm of the Bourgeoisie  Just Before Nightfall,Alice Sénéchal  Hélène Masson
BAFTA for Best Actress,197327th,Julie Christie,Don't Look Now,Laura Baxter
BAFTA for Best Actress,197327th,Glenda Jackson,A Touch of Class,Vicki Allessio
BAFTA for Best Actress,197327th,Diana Ross,Lady Sings the Blues,Billie Holiday
BAFTA for Best Actress,197428th,Joanne Woodward,"Summer Wishes, Winter Dreams",Rita Walden
BAFTA for Best Actress,197428th,Faye Dunaway,Chinatown,Evelyn Mulwray
BAFTA for Best Actress,197428th,Barbra Streisand,The Way We Were,Katie Morosky
BAFTA for Best Actress,197428th,Cicely Tyson,The Autobiography of Miss Jane Pittman,Jane Pittmann
BAFTA for Best Actress,197529th,Ellen Burstyn,Alice Doesn't Live Here Anymore,Alice Hyatt
BAFTA for Best Actress,197529th,Valerie Perrine,Lenny,Honey Harlow
BAFTA for Best Actress,197529th,Liv Ullmann,Scenes from a Marriage,Marianne
BAFTA for Best Actress,197630th,Louise Fletcher,One Flew Over the Cuckoo's Nest,Nurse Ratched
BAFTA for Best Actress,197630th,Rita Moreno,The Ritz,Googie Gomez
BAFTA for Best Actress,197630th,Liv Ullmann,Face to Face,Jenny Isaksson
BAFTA for Best Actress,197731st,Faye Dunaway,Network,Diana Christensen
BAFTA for Best Actress,197731st,Shelley Duvall,3 Women,Millie Lammoreaux
BAFTA for Best Actress,197731st,Lily Tomlin,The Late Show,Margo Sperling
BAFTA for Best Actress,197832nd,Jane Fonda,Julia,Lillian Hellman
BAFTA for Best Actress,197832nd,Jill Clayburgh,An Unmarried Woman,Erica Benton
BAFTA for Best Actress,197832nd,Marsha Mason,The Goodbye Girl,Paula McFadden
BAFTA for Best Actress,197933rd,Jane Fonda,The China Syndrome,Kimberly Wells
BAFTA for Best Actress,197933rd,Maggie Smith,California Suite,Diana Barrie
BAFTA for Best Actress,197933rd,Meryl Streep,The Deer Hunter,Linda
