0,1,2,3,4,5
B Arthur,Primetime Emmy Award,1977,Outstanding Lead Actress in a Comedy Series,Won,Maude
B Arthur,Primetime Emmy Award,1978,Outstanding Lead Actress in a Comedy Series,Nominated,Maude
B Arthur,Primetime Emmy Award,1978,Outstanding Continuing or Single Performance by a Supporting Actress in a Variety or Music,Laugh-In,Nominated
B Arthur,Primetime Emmy Award,2000,Outstanding Guest Actress in a Comedy Series,Malcolm in the Middle,Nominated
B Arthur,Golden Globe Award,1973,Best Actress - Comedy or Musical Series,Maude,Nominated
B Arthur,Golden Globe Award,1974,Best Actress - Comedy or Musical Series,Maude,Nominated
B Arthur,Golden Globe Award,1975,Best Supporting Actress – Motion Picture,Mame,Nominated
B Arthur,Golden Globe Award,1976,Best Actress - Comedy or Musical Series,Maude,Nominated
B Arthur,Golden Globe Award,1978,Best Actress - Comedy or Musical Series,Maude,Nominated
B Arthur,Golden Globe Award,1986,Best Actress - Comedy or Musical Series,The Golden Girls,Nominated
B Arthur,Golden Globe Award,1987,Best Actress - Comedy or Musical Series,The Golden Girls,Nominated
B Arthur,Golden Globe Award,1988,Best Actress - Comedy or Musical Series,The Golden Girls,Nominated
B Arthur,Golden Globe Award,1989,Best Actress - Comedy or Musical Series,The Golden Girls,Nominated
B Arthur,Tony Award,1966,Best Featured Actress in a Musical,Mame,Won
