0,1,2,3,4,5
César Award for Best Actress,1990(15th),Sabine Azéma,Life and Nothing But,La Vie et rien d'autre,Irène de Courtil
César Award for Best Actress,1990(15th),Josiane Balasko,Too Beautiful for You,Trop belle pour toi,Colette Chevassu
César Award for Best Actress,1990(15th),Emmanuelle Béart,Les Enfants du désordre,Les Enfants du désordre,Marie
César Award for Best Actress,1990(15th),Sandrine Bonnaire,Monsieur Hire,Monsieur Hire,Alice
César Award for Best Actress,1991(16th),Nathalie Baye,Every Other Weekend,Un week-end sur deux,Camille Valmont
César Award for Best Actress,1991(16th),Anne Brochet,Cyrano de Bergerac,Cyrano de Bergerac,Roxane
César Award for Best Actress,1991(16th),Tsilla Chelton,Tatie Danielle,Tatie Danielle,Danielle Billard
César Award for Best Actress,1991(16th),Miou-Miou,May Fools,Milou en mai,Camille
César Award for Best Actress,1992(17th),Emmanuelle Béart,La Belle Noiseuse,La Belle Noiseuse,Marianne
César Award for Best Actress,1992(17th),Juliette Binoche,The Lovers on the Bridge,Les Amants du Pont-Neuf,Michèle STalens
César Award for Best Actress,1992(17th),Anouk Grinberg,Merci la vie,Merci la vie,Joëlle
César Award for Best Actress,1992(17th),Irène Jacob,The Double Life of Véronique,La double vie de Véronique,Weronika / Véronique
César Award for Best Actress,1993(18th),Anémone,Le petit Prince a dit,Le petit Prince a dit,Mélanie
César Award for Best Actress,1993(18th),Emmanuelle Béart,A Heart in Winter,Un Cœur en hiver,Camille
César Award for Best Actress,1993(18th),Juliette Binoche,Damage,Fatale,Anna Barton
César Award for Best Actress,1993(18th),Caroline Cellier,Le Zèbre,Le Zèbre,Camille
César Award for Best Actress,1994(19th),Juliette Binoche,Three Colours: Blue,Trois Couleurs : Bleu,Julie Vignon de Courcy
César Award for Best Actress,1994(19th),Sabine Azéma,Smoking/No Smoking,Smoking/No Smoking,Célia / Sylvie / Irène / Joséphine
César Award for Best Actress,1994(19th),Josiane Balasko,Tout le monde n'a pas eu la chance d'avoir des parents communistes,Tout le monde n'a pas eu la chance d'avoir des parents communistes,Irène
César Award for Best Actress,1994(19th),Catherine Deneuve,My Favorite Season,Ma Saison préférée,Emilie
César Award for Best Actress,1994(19th),Anouk Grinberg,"1, 2, 3, Sun","Un, deux, trois, soleil",Victorine
César Award for Best Actress,1994(19th),Miou-Miou,Germinal,Germinal,Maheude
César Award for Best Actress,1995(20th),Anémone,Something Fishy,Pas très catholique,Maxime Chabrier
César Award for Best Actress,1995(20th),Sandrine Bonnaire,Joan the Maid,Jeanne la Pucelle,Joan of Arc
César Award for Best Actress,1995(20th),Isabelle Huppert,The Separation,La Séparation,Anne
César Award for Best Actress,1995(20th),Irène Jacob,Three Colours: Red,Trois Couleurs : Rouge,Valentine Dussaut
César Award for Best Actress,1996(21st),Isabelle Huppert,The Ceremony,La Cérémonie,Jeanne
César Award for Best Actress,1996(21st),Sabine Azéma,Happiness Is in the Field,Le Bonheur est dans le pré,Nicole Bergeade
César Award for Best Actress,1996(21st),Emmanuelle Béart,Nelly and Mr. Arnaud,Nelly et Monsieur Arnaud,Nelly
César Award for Best Actress,1996(21st),Juliette Binoche,The Horseman on the Roof,Le Hussard sur le toit,Pauline de Théus
César Award for Best Actress,1996(21st),Sandrine Bonnaire,The Ceremony,La Cérémonie,Sophie
César Award for Best Actress,1997(22nd),Fanny Ardant,Pédale douce,Pédale douce,Eva
César Award for Best Actress,1997(22nd),Catherine Deneuve,Thieves,Les Voleurs,Marie Leblanc
César Award for Best Actress,1997(22nd),Charlotte Gainsbourg,"Love, etc.","Love, etc.",Marie
César Award for Best Actress,1997(22nd),Anouk Grinberg,My Man,Mon Homme,Marie Abarth
César Award for Best Actress,1997(22nd),Marie Trintignant,Le Cri de la soie,Le Cri de la soie,Marie Benjamin
César Award for Best Actress,1998(23rd),Sabine Azéma,Same Old Song,On connaît la chanson,Odile Lalande
César Award for Best Actress,1998(23rd),Marie Gillain,On Guard,Le Bossu,Aurore de Nevers
César Award for Best Actress,1998(23rd),Sandrine Kiberlain,Seventh Heaven,Le Septième ciel,Mathilde
César Award for Best Actress,1998(23rd),Miou-Miou,Dry Cleaning,Nettoyage à sec,Nicole
César Award for Best Actress,1999(24th),Élodie Bouchez,The Dreamlife of Angels,La Vie rêvée des anges,Isa
César Award for Best Actress,1999(24th),Catherine Deneuve,Place Vendôme,Place Vendôme,Marianne
César Award for Best Actress,1999(24th),Isabelle Huppert,The School of Flesh,L'Ecole de la chair,Dominique
César Award for Best Actress,1999(24th),Sandrine Kiberlain,For Sale,A vendre,France Robert
César Award for Best Actress,1999(24th),Marie Trintignant,Comme elle respire,Comme elle respire,Jeanne
