0,1,2,3,4
Critics' Choice Movie Award for Best Supporting Actor,2001,Jim Broadbent,John Bayley,Iris
Critics' Choice Movie Award for Best Supporting Actor,2001,Jon Voight,Howard Cosell,Ali
Critics' Choice Movie Award for Best Supporting Actor,2002,Alfred Molina,Diego Rivera,Frida
Critics' Choice Movie Award for Best Supporting Actor,2002,Paul Newman,John Rooney,Road to Perdition
Critics' Choice Movie Award for Best Supporting Actor,2003,Alec Baldwin,Shelly Kaplow,The Cooler
Critics' Choice Movie Award for Best Supporting Actor,2003,Paul Bettany,Dr. Stephen Marturin,Master and Commander: The Far Side of the World
Critics' Choice Movie Award for Best Supporting Actor,2003,Benicio del Toro,Jack Jordan,21 Grams
Critics' Choice Movie Award for Best Supporting Actor,2003,Ken Watanabe,Lord Moritsugu Katsumoto,The Last Samurai
Critics' Choice Movie Award for Best Supporting Actor,2004,Jamie Foxx,Max Durocher,Collateral
Critics' Choice Movie Award for Best Supporting Actor,2004,Morgan Freeman,"Eddie ""Scrap Iron"" Dupris",Million Dollar Baby
Critics' Choice Movie Award for Best Supporting Actor,2004,Clive Owen,Larry Gray,Closer
Critics' Choice Movie Award for Best Supporting Actor,2004,Peter Sarsgaard,Clyde Martin,Kinsey
Critics' Choice Movie Award for Best Supporting Actor,2005,Matt Dillon,Sgt. John Ryan,Crash
Critics' Choice Movie Award for Best Supporting Actor,2005,Terrence Howard,Cameron Thayer,Crash
Critics' Choice Movie Award for Best Supporting Actor,2005,George Clooney,Bob Barnes,Syriana
Critics' Choice Movie Award for Best Supporting Actor,2005,Kevin Costner,Denny Davies,The Upside of Anger
Critics' Choice Movie Award for Best Supporting Actor,2005,Jake Gyllenhaal,Jack Twist,Brokeback Mountain
Critics' Choice Movie Award for Best Supporting Actor,2006,Ben Affleck,George Reeves,Hollywoodland
Critics' Choice Movie Award for Best Supporting Actor,2006,Alan Arkin,Edwin Hoover,Little Miss Sunshine
Critics' Choice Movie Award for Best Supporting Actor,2006,Adam Beach,Ira Hayes,Flags of Our Fathers
Critics' Choice Movie Award for Best Supporting Actor,2006,Djimon Hounsou,Solomon Vandy,Blood Diamond
Critics' Choice Movie Award for Best Supporting Actor,2006,Jack Nicholson,"Francis ""Frank"" Costello",The Departed
Critics' Choice Movie Award for Best Supporting Actor,2007,Javier Bardem,Anton Chigurh,No Country for Old Men
Critics' Choice Movie Award for Best Supporting Actor,2007,Casey Affleck,Robert Ford,The Assassination of Jesse James by the Coward Robert Ford
Critics' Choice Movie Award for Best Supporting Actor,2007,Philip Seymour Hoffman,Gust Avrakotos,Charlie Wilson's War
Critics' Choice Movie Award for Best Supporting Actor,2007,Hal Holbrook,Ron Franz,Into the Wild
Critics' Choice Movie Award for Best Supporting Actor,2007,Tom Wilkinson,Arthur Edens,Michael Clayton
Critics' Choice Movie Award for Best Supporting Actor,2008,Heath Ledger (posthumously),Joker,The Dark Knight
Critics' Choice Movie Award for Best Supporting Actor,2008,Josh Brolin,Dan White,Milk
Critics' Choice Movie Award for Best Supporting Actor,2008,James Franco,Scott Smith,Milk
Critics' Choice Movie Award for Best Supporting Actor,2008,Robert Downey Jr.,Kirk Lazarus,Tropic Thunder
Critics' Choice Movie Award for Best Supporting Actor,2008,Philip Seymour Hoffman,Father Brendan Flynn,Doubt
Critics' Choice Movie Award for Best Supporting Actor,2009,Matt Damon,Francois Pienaar,Invictus
Critics' Choice Movie Award for Best Supporting Actor,2009,Woody Harrelson,Cpt. Tony Stone,The Messenger
Critics' Choice Movie Award for Best Supporting Actor,2009,Christian McKay,Orson Welles,Me and Orson Welles
Critics' Choice Movie Award for Best Supporting Actor,2009,Alfred Molina,Jack Mellor,An Education
Critics' Choice Movie Award for Best Supporting Actor,2009,Stanley Tucci,George Harvey,The Lovely Bones
