0,1,2,3
List of Best Supporting Actor nominees (films),Bruce Davison,David,Longtime Companion
List of Best Supporting Actor nominees (films),Andy García,Vincent Mancini,The Godfather Part III
List of Best Supporting Actor nominees (films),Graham Greene,Kicking Bird,Dances with Wolves
List of Best Supporting Actor nominees (films),Al Pacino,"Alphonse ""Big Boy"" Caprice",Dick Tracy
List of Best Supporting Actor nominees (films),Tommy Lee Jones,Clay Shaw,JFK
List of Best Supporting Actor nominees (films),Harvey Keitel,Mickey Cohen,Bugsy
List of Best Supporting Actor nominees (films),Ben Kingsley,Meyer Lansky,Bugsy
List of Best Supporting Actor nominees (films),Michael Lerner,Jack Lipnick,Barton Fink
List of Best Supporting Actor nominees (films),Jaye Davidson,Dil,The Crying Game
List of Best Supporting Actor nominees (films),Jack Nicholson,Col. Nathan R. Jessep,A Few Good Men
List of Best Supporting Actor nominees (films),Al Pacino,"Richard ""Ricky"" Roma",Glengarry Glen Ross
List of Best Supporting Actor nominees (films),David Paymer,Stan Young,Mr. Saturday Night
List of Best Supporting Actor nominees (films),Leonardo DiCaprio,Arnie Grape,What's Eating Gilbert Grape
List of Best Supporting Actor nominees (films),Ralph Fiennes,Amon Göth,Schindler's List
List of Best Supporting Actor nominees (films),John Malkovich,Mitch Leary,In the Line of Fire
List of Best Supporting Actor nominees (films),Pete Postlethwaite,Giuseppe Conlon,In the Name of the Father
List of Best Supporting Actor nominees (films),Samuel L. Jackson,Jules Winnfield,Pulp Fiction
List of Best Supporting Actor nominees (films),Chazz Palminteri,Cheech,Bullets over Broadway
List of Best Supporting Actor nominees (films),Paul Scofield,Mark Van Doren,Quiz Show
List of Best Supporting Actor nominees (films),Gary Sinise,Lt. Dan Taylor,Forrest Gump
List of Best Supporting Actor nominees (films),James Cromwell,Arthur Hoggett,Babe
List of Best Supporting Actor nominees (films),Ed Harris,Gene Kranz,Apollo 13
List of Best Supporting Actor nominees (films),Brad Pitt,Jeffrey Goines,12 Monkeys
List of Best Supporting Actor nominees (films),Tim Roth,Archibald Cunningham,Rob Roy
List of Best Supporting Actor nominees (films),William H. Macy,Jerry Lundegaard,Fargo
List of Best Supporting Actor nominees (films),Armin Mueller-Stahl,Peter Helfgott,Shine
List of Best Supporting Actor nominees (films),Edward Norton,Aaron Stampler,Primal Fear
List of Best Supporting Actor nominees (films),James Woods,Byron De La Beckwith,Ghosts of Mississippi
List of Best Supporting Actor nominees (films),Robert Forster,Max Cherry,Jackie Brown
List of Best Supporting Actor nominees (films),Anthony Hopkins,John Quincy Adams,Amistad
List of Best Supporting Actor nominees (films),Greg Kinnear,Simon Bishop,As Good as It Gets
List of Best Supporting Actor nominees (films),Burt Reynolds,Jack Horner,Boogie Nights
List of Best Supporting Actor nominees (films),Robert Duvall,Jerome Facher,A Civil Action
List of Best Supporting Actor nominees (films),Ed Harris,Christof,The Truman Show
List of Best Supporting Actor nominees (films),Geoffrey Rush,Philip Henslowe,Shakespeare in Love
List of Best Supporting Actor nominees (films),Billy Bob Thornton,Jacob Mitchell,A Simple Plan
List of Best Supporting Actor nominees (films),Michael Caine ,Dr. Wilbur Larch,The Cider House Rules
List of Best Supporting Actor nominees (films),Tom Cruise,Frank T.J. Mackey,Magnolia
List of Best Supporting Actor nominees (films),Michael Clarke Duncan,John Coffey,The Green Mile
List of Best Supporting Actor nominees (films),Jude Law,Dickie Greenleaf,The Talented Mr. Ripley
List of Best Supporting Actor nominees (films),Haley Joel Osment,Cole Sear,The Sixth Sense
