0,1,2,3
Elizabeth Hubbard ,The Doctors,Althea Davis,NBC
Rachel Ames,General Hospital,Audrey Hardy,ABC
Mary Fickett,All My Children,Ruth Martin, ABC
Mary Stuart,Search for Tomorrow,Joanne Vincente,CBS
Susan Flannery ,Days of Our Lives,Laura Horton,NBC
Rachel Ames,General Hospital,Audrey Hardy, ABC
Ruth Warrick,All My Children,Phoebe Tyler, ABC
Helen Gallagher ,Ryan's Hope,Maeve Ryan, ABC
Denise Alexander,General Hospital,Dr. Lesley Williams,ABC
Frances Heflin,All My Children,Mona Kane,ABC
Mary Stuart,Search for Tomorrow,Joanne Vincente,CBS
Helen Gallagher ,Ryan's Hope,Maeve Ryan,ABC
Nancy Addison,Ryan's Hope,Jillian Coleridge, ABC
Beverlee McKinsey,Another World,Iris Carrington,NBC
Mary Stuart,Search for Tomorrow,Joanne Vincente, CBS
Ruth Warrick,All My Children,Phoebe Tyler, ABC
Laurie Heineman ,Another World,Sharlene Frame,NBC
Mary Fickett,All My Children,Ruth Martin, ABC
Jennifer Harmon,One Life to Live,Cathy Craig,ABC
Beverlee McKinsey,Another World,Iris Bancroft, NBC
Victoria Wyndham,Another World,Rachel Cory, NBC
Irene Dailey ,Another World,Liz Matthews,NBC
Nancy Addison,Ryan's Hope,Jill Coleridge, ABC
Helen Gallagher,Ryan's Hope,Maeve Ryan, ABC
Beverlee McKinsey,Another World,Iris Bancroft,NBC
Victoria Wyndham,Another World,Rachel Cory,NBC
