0,1,2,3
176th Massachusetts General Court (1989-1990),Salvatore R. Albano,1935,2nd Middlesex
176th Massachusetts General Court (1989-1990),Theodore J. Aleixo Jr.,"August 23, 1942",Bristol and Plymouth
176th Massachusetts General Court (1989-1990),Carol Amick,,5th Middlesex
176th Massachusetts General Court (1989-1990),Louis Peter Bertonazzi,"October 9, 1933",Worcester and Norfolk
176th Massachusetts General Court (1989-1990),Edward L. Burke,1942,"Middlesex, Norfolk and Worcester"
176th Massachusetts General Court (1989-1990),John P. Burke,"December 2, 1954",Hampden and Hampshire
176th Massachusetts General Court (1989-1990),Nicholas Costello,1935,3rd Essex
176th Massachusetts General Court (1989-1990),Michael C. Creedon,"November 3, 1946",Plymouth
176th Massachusetts General Court (1989-1990),Francis D. Doris,1931,"Suffolk, Essex and Middlesex"
176th Massachusetts General Court (1989-1990),Paul D. Harold,"September 5, 1948",Norfolk
176th Massachusetts General Court (1989-1990),John Patrick Houston,1955,1st Worcester and Middlesex
176th Massachusetts General Court (1989-1990),Bill Keating (politician),"September 6, 1952",Norfolk and Bristol
176th Massachusetts General Court (1989-1990),Richard Arnold Kraus,1937,4th Middlesex
176th Massachusetts General Court (1989-1990),Christopher M. Lane,"May 15, 1959",1st Suffolk and Norfolk
176th Massachusetts General Court (1989-1990),Brian Lees,"July 25, 1953",2nd Hampden
176th Massachusetts General Court (1989-1990),David H. Locke,"August 4, 1927","Norfolk, Bristol and Middlesex"
176th Massachusetts General Court (1989-1990),Michael LoPresti Jr.,"April 30, 1947",Suffolk and Middlesex
176th Massachusetts General Court (1989-1990),William Q. MacLean Jr.,"November 4, 1934",2nd Bristol
176th Massachusetts General Court (1989-1990),Linda Melconian,,1st Hampden
176th Massachusetts General Court (1989-1990),Thomas C. Norton,"December 11, 1934",1st Bristol
176th Massachusetts General Court (1989-1990),John Olver,"September 3, 1936",Franklin and Hampshire
176th Massachusetts General Court (1989-1990),Mary L. Padula,,2nd Worcester and Middlesex
176th Massachusetts General Court (1989-1990),Lois Pines,"August 16, 1940",Middlesex and Norfolk
176th Massachusetts General Court (1989-1990),Robert D. Wetmore,"July 24, 1930","Worcester, Hampden, Hampshire, and Franklin"
176th Massachusetts General Court (1989-1990),Thomas P. White,"August 27, 1950",Worcester
176th Massachusetts General Court (1989-1990),W. Paul White,"July 7, 1945",2nd Suffolk and Norfolk
