0,1,2,3,4
Asian Film Award for Best Actor,2010, Tadanobu Asano,Villon's Wife,ヴィヨンの妻 〜桜桃とタンポポ〜
Asian Film Award for Best Actor,2010, Huang Bo,Cow,斗牛
Asian Film Award for Best Actor,2010, Song Kang-ho,Thirst,박쥐 Bakjwi
Asian Film Award for Best Actor,2010, Hitoshi Matsumoto,Symbol,しんぼる
Asian Film Award for Best Actor,2011, Chow Yun-fat,Let the Bullets Fly,"让子弹飞, Ràng Zǐ Dàn Fēi"
Asian Film Award for Best Actor,2011, Ge You,Sacrifice,赵氏孤儿 Zhào Shì Gū Ér
Asian Film Award for Best Actor,2011, Ethan Juan,Monga,艋舺 Báng-kah
Asian Film Award for Best Actor,2011, Kōji Yakusho,13 Assassins,十三人の刺客 Jūsannin no Shikaku
Asian Film Award for Best Actor,2012, Donny Damara,Lovely Man,Lovely Man
Asian Film Award for Best Actor,2012, Chen Kun,Flying Swords of Dragon Gate,龙门飞甲
Asian Film Award for Best Actor,2012, Andy Lau,A Simple Life,桃姐 Táo Jiě
Asian Film Award for Best Actor,2012, Park Hae-il,War of the Arrows,최종병기 활 Choechongp'yŏngki Hwal
Asian Film Award for Best Actor,2012, Kōji Yakusho,Chronicle of My Mother,わが母の記 Waga Haha no Ki
Asian Film Award for Best Actor,2013, Joseph Chang,"Girlfriend, Boyfriend",女朋友。男朋友
Asian Film Award for Best Actor,2013, Choi Min-sik,Nameless Gangster: Rules of the Time,범죄와의 전쟁 Bumchoiwaui Junjaeng
Asian Film Award for Best Actor,2013, Tony Leung Ka-fai,Cold War,寒戰
Asian Film Award for Best Actor,2013, Liu Ye,The Last Supper,王的盛宴
Asian Film Award for Best Actor,2014, Masaharu Fukuyama,"Like Father, Like Son",そして父になる Soshite Chichi ni Naru
Asian Film Award for Best Actor,2014, Lee Kang-sheng,Stray Dogs,Stray Dogs
Asian Film Award for Best Actor,2014, Tony Leung Chiu-Wai,The Grandmaster,一代宗師
Asian Film Award for Best Actor,2014, Song Kang-ho,The Attorney,변호인 Byeonhoin
Asian Film Award for Best Actor,2015, Liao Fan,"Black Coal, Thin Ice",白日焰火
Asian Film Award for Best Actor,2015, Choi Min-sik,The Admiral: Roaring Currents,명량
Asian Film Award for Best Actor,2015, Ryo Kase,Hill of Freedom,자유의 언덕
Asian Film Award for Best Actor,2015, Sean Lau Ching-wan,Overheard 3,竊聽風雲3
Asian Film Award for Best Actor,2015, Ethan Ruan,Paradise in Service,軍中樂園
Asian Film Award for Best Actor,2015, Takeru Satoh,Rurouni Kenshin: The Legend Ends,るろうに剣心 伝説の最期編
Asian Film Award for Best Actor,2016, John Arcilla,Heneral Luna,
Asian Film Award for Best Actor,2016, Masatoshi Nagase,Sweet Bean,あん
Asian Film Award for Best Actor,2016, Feng Xiaogang,Mr. Six,老炮兒
Asian Film Award for Best Actor,2016, Donnie Yen,Ip Man 3,葉問3
Asian Film Award for Best Actor,2017, Tadanobu Asano,Harmonium,淵に立つ
Asian Film Award for Best Actor,2017, Michael Hui,Godspeed,一路顺风
Asian Film Award for Best Actor,2017, Gong Yoo,Train to Busan,부산행
Asian Film Award for Best Actor,2017, Fan Wei,Mr. No Problem,不成问题的问题
Asian Film Award for Best Actor,2017, Richie Jen,Trivisa,树大招风
Asian Film Award for Best Actor,2018, Louis Koo,Paradox,杀破狼・贪狼
Asian Film Award for Best Actor,2018, Kim Yoon-seok,1987: When the Day Comes,1987
Asian Film Award for Best Actor,2018, Sukollawat Kanarot,Malila: The Farewell Flower,
Asian Film Award for Best Actor,2018, Rajkummar Rao,Newton,
Asian Film Award for Best Actor,2018, Duan Yihong,The Looming Storm,暴雪将至
Asian Film Award for Best Actor,2019, Kōji Yakusho,The Blood of Wolves,孤狼の血
Asian Film Award for Best Actor,2019, Yoo Ah-in,Burning,버닝
Asian Film Award for Best Actor,2019, Xu Zheng,Dying to Survive,我不是藥神
Asian Film Award for Best Actor,2019, Aaron Kwok,Project Gutenberg,無雙
Asian Film Award for Best Actor,2019, Ranbir Kapoor,Sanju,
