0,1,2,3,4,5,6
1991 Kentucky Derby,4th,8,Green Alligator,Corey Nakatani,Murray W. Johnson,Anderson Fowler
1991 Kentucky Derby,5th,1,Fly So Free,José A. Santos,Scotty Schulhofer,Thomas F. Valando
1991 Kentucky Derby,6th,16,Quintana,Angel Cordero Jr.,David C. Cross Jr.,Gary Garber
1991 Kentucky Derby,7th,11,Paulrus,Shane Sellers,Steven C. Penrod,Hermitage Farms
1991 Kentucky Derby,8th,4,Sea Cadet,Chris McCarron,Ronald McAnally,"VHW Stable, Inc. Lessee"
1991 Kentucky Derby,11th,14,Happy Jazz Band,Cash Asmussen,Philip A. Gleaves,Straus-Medina Ranch
1991 Kentucky Derby,12th,9,Lost Mountain,Herb McCauley,Tom Bohannan,Loblolly Stable
1991 Kentucky Derby,13th,13,Another Review,"Art Madrid, Jr.",John P. Campo,Buckland Farm
1991 Kentucky Derby,14th,2,Alydavid,Corey Black,Philip M. Hauswald,David's Farm
1991 Kentucky Derby,15th,3,Wilder Than Ever,Joe Deegan,"John E. Churchman, Jr.","Raymond Cottrell, Sr."
1991 Kentucky Derby,16th,7,Forty Something,Andrea Seefeldt,Reginald S. Vardon,Sam Morrell
