0,1,2,3,4,5,6
Millie Bobbi Brown,Empire Awards,2018,Best Actress in a TV Series,Stranger Things,Nominated,
Millie Bobbi Brown,Fangoria Chainsaw Awards,2017,Best TV Actress,Stranger Things,Won,
Millie Bobbi Brown,Gold Derby,2017,Drama Supporting Actress,Stranger Things,Nominated,
Millie Bobbi Brown,Gold Derby,2017,Breakthrough Performer of the Year,Won,Stranger Things,
Millie Bobbi Brown,Gold Derby,2018,Best Drama Supporting Actress,Nominated,Stranger Things,
Millie Bobbi Brown,Hollywood Critics Association TV Awards,2022,"Best Supporting Actress in a Streaming Series, Drama",Stranger Things,Nominated,
Millie Bobbi Brown,IGN People's Choice Award,2017,Best Dramatic TV Performance,Stranger Things,Won,
Millie Bobbi Brown,Nickelodeon Kids' Choice Awards,2019,Favorite TV Actress,Nominated,Stranger Things,
Millie Bobbi Brown,Nickelodeon Kids' Choice Awards,2020,Favorite Female TV Star,Won,Stranger Things,
Millie Bobbi Brown,Nickelodeon Kids' Choice Awards,2021,Favorite Female TV Star,Won,,Stranger Things
Millie Bobbi Brown,Nickelodeon Kids' Choice Awards,2021,Favorite Movie Actress,Enola Holmes,,Won
Millie Bobbi Brown,Nickelodeon Kids' Choice Awards,2023,Favorite Movie Actress,Enola Holmes 2,Won,
Millie Bobbi Brown,London Film Critics' Circle,2021,Young British/Irish Performer of the Year,Enola Holmes,Nominated,
Millie Bobbi Brown,MTV Movie & TV Awards,2017,Best Performance in a Show,Stranger Things,Won,
Millie Bobbi Brown,MTV Movie & TV Awards,2017,Best Hero,Stranger Things,Nominated,
Millie Bobbi Brown,MTV Movie & TV Awards,2018,Best Performance in a Show,Stranger Things,Won,
Millie Bobbi Brown,MTV Movie & TV Awards,2018,Best Kiss (with Finn Wolfhard),Nominated,Stranger Things,
Millie Bobbi Brown,MTV Movie & TV Awards,2023,Best Fight (with Jamie Campbell Bower),Stranger Things,Pending,
Millie Bobbi Brown,NME Awards,2017,Hero of the Year,Herself,Nominated,
Millie Bobbi Brown,People's Choice Awards,2017,Favorite Sci-Fi/Fantasy TV Actress,Stranger Things,Nominated,
Millie Bobbi Brown,Saturn Awards,2018,Best Younger Actor in a Television Series,Nominated,Stranger Things,
Millie Bobbi Brown,Saturn Awards,2019,Best Performance by a Younger Actor,Godzilla: King of the Monsters,Nominated,
Millie Bobbi Brown,Saturn Awards,2022,Best Actress in a Streaming Series,Stranger Things,Nominated,
Millie Bobbi Brown,Seattle Film Critics Society,2021,Best Youth Performance,Enola Holmes,Nominated,
Millie Bobbi Brown,Teen Choice Awards,2017,Choice Breakout TV Star,Stranger Things,Nominated,
Millie Bobbi Brown,Teen Choice Awards,2018,Choice TV Ship (with Finn Wolfhard),Nominated,Stranger Things,
Millie Bobbi Brown,Teen Choice Awards,2019,Choice Summer TV Star: Female,Stranger Things,Won,
Millie Bobbi Brown,Washington D.C. Area Film Critics Association,2021,Best Youth Performance,Enola Holmes,Nominated,
Millie Bobbi Brown,Young Artist Awards,2017,Best Performance in a Digital TV Series or Film – Young Actress,Stranger Things,Nominated,
