0,1,2,3
British Independent Film Award – Best British Independent Film,2010(13th),Four Lions,Chris Morris
British Independent Film Award – Best British Independent Film,2010(13th),Kick-Ass,Matthew Vaughn
British Independent Film Award – Best British Independent Film,2010(13th),Monsters,Gareth Edwards
British Independent Film Award – Best British Independent Film,2010(13th),Never Let Me Go,Mark Romanek
British Independent Film Award – Best British Independent Film,2011(14th),Senna,Asif Kapadia
British Independent Film Award – Best British Independent Film,2011(14th),Shame,Steve McQueen
British Independent Film Award – Best British Independent Film,2011(14th),Tinker Tailor Soldier Spy,Tomas Alfredson
British Independent Film Award – Best British Independent Film,2011(14th),We Need To Talk About Kevin,Lynne Ramsay
British Independent Film Award – Best British Independent Film,2012(15th),The Best Exotic Marigold Hotel,John Madden
British Independent Film Award – Best British Independent Film,2012(15th),The Imposter,Bart Layton
British Independent Film Award – Best British Independent Film,2012(15th),Sightseers,Ben Wheatley
British Independent Film Award – Best British Independent Film,2012(15th),Berberian Sound Studio,Peter Strickland
British Independent Film Award – Best British Independent Film,2013(16th),Philomena,Stephen Frears
British Independent Film Award – Best British Independent Film,2013(16th),The Selfish Giant,Clio Barnard
British Independent Film Award – Best British Independent Film,2013(16th),Starred Up,David Mackenzie
British Independent Film Award – Best British Independent Film,2013(16th),Le Week-End,Roger Michell
British Independent Film Award – Best British Independent Film,2014(17th),71,Yann Demange
British Independent Film Award – Best British Independent Film,2014(17th),Calvary,John Michael McDonagh
British Independent Film Award – Best British Independent Film,2014(17th),Mr. Turner,Mike Leigh
British Independent Film Award – Best British Independent Film,2014(17th),The Imitation Game,Morten Tyldum
British Independent Film Award – Best British Independent Film,2015(18th),Amy,Asif Kapadia
British Independent Film Award – Best British Independent Film,2015(18th),45 Years,Andrew Haigh
British Independent Film Award – Best British Independent Film,2015(18th),The Lobster,Yorgos Lanthimos
British Independent Film Award – Best British Independent Film,2015(18th),Macbeth,Justin Kurzel
British Independent Film Award – Best British Independent Film,2016(19th),Couple in a Hole,Tom Geens
British Independent Film Award – Best British Independent Film,2016(19th),"I, Daniel Blake",Ken Loach
British Independent Film Award – Best British Independent Film,2016(19th),Notes on Blindness,"James Spinney, Peter Middleton"
British Independent Film Award – Best British Independent Film,2016(19th),Under the Shadow,Babak Anvari
British Independent Film Award – Best British Independent Film,2017 (20th),The Death of Stalin,Armando Iannucci
British Independent Film Award – Best British Independent Film,2017 (20th),I Am Not a Witch,Rungano Nyoni
British Independent Film Award – Best British Independent Film,2017 (20th),Lady Macbeth,William Oldroyd
British Independent Film Award – Best British Independent Film,2017 (20th),"Three Billboards Outside Ebbing, Missouri",Martin McDonagh
British Independent Film Award – Best British Independent Film,2018 (21st),American Animals,"Bart Layton, Katherine Butler, Dimitri Doganis, Derrin Schlesinger, Mary Jane Skalski"
British Independent Film Award – Best British Independent Film,2018 (21st),Beast,"Michael Pearce, Kristian Brodie, Lauren Dark, Ivana Mackinnon"
British Independent Film Award – Best British Independent Film,2018 (21st),Disobedience,"Sebastián Lelio, Rebecca Lenkiewicz, Ed Guiney, Frida Torresblanco, Rachel Weisz"
British Independent Film Award – Best British Independent Film,2018 (21st),You Were Never Really Here,"Lynne Ramsay, Pascal Caucheteux, Rosa Attab, James Wilson, Rebecca O'Brien"
British Independent Film Award – Best British Independent Film,2019 (22nd),For Sama,Waad Al-Khateab and Edward Watts
British Independent Film Award – Best British Independent Film,2019 (22nd),Bait,Mark Jenkin
British Independent Film Award – Best British Independent Film,2019 (22nd),The Personal History of David Copperfield,Armando Iannucci
British Independent Film Award – Best British Independent Film,2019 (22nd),The Souvenir,Joanna Hogg
British Independent Film Award – Best British Independent Film,2019 (22nd),Wild Rose,Tom Harper
