0,1,2,3,4
Daytime emmy award for outstanding younger actor in a drama series,Andrew Kavovit ,As the World Turns,Paul Ryan,CBS
Daytime emmy award for outstanding younger actor in a drama series,Bryan Buffington,Guiding Light,Bill Lewis III,CBS
Daytime emmy award for outstanding younger actor in a drama series,Bryan Buffington,Guiding Light,Bill Lewis III,CBS
Daytime emmy award for outstanding younger actor in a drama series,Justin Gocke,Santa Barbara,Brandon Capwell,NBC
Daytime emmy award for outstanding younger actor in a drama series,Andrew Kavovit,As the World Turns,Paul Ryan,CBS
Daytime emmy award for outstanding younger actor in a drama series,Kristoff St. John,Generations,Adam Marshall,NBC
Daytime emmy award for outstanding younger actor in a drama series,Kristoff St. John ,The Young and the Restless,Neil Winters,CBS
Daytime emmy award for outstanding younger actor in a drama series,Scott DeFreitas,As the World Turns,Andy Dixon,CBS
Daytime emmy award for outstanding younger actor in a drama series,Jeff Phillips,Guiding Light,Hart Jessup,CBS
Daytime emmy award for outstanding younger actor in a drama series,James Patrick Stuart,All My Children,Will Cortlandt,ABC
Daytime emmy award for outstanding younger actor in a drama series,Dondre Whitfield,All My Children,Terrence Frye,ABC
Daytime emmy award for outstanding younger actor in a drama series,Monti Sharp ,Guiding Light,David Grant,CBS
Daytime emmy award for outstanding younger actor in a drama series,Matt Borlenghi,All My Children,Brian Bodine,ABC
Daytime emmy award for outstanding younger actor in a drama series,Bryan Buffington,Guiding Light,Bill Lewis III,CBS
Daytime emmy award for outstanding younger actor in a drama series,Kristoff St. John,The Young and the Restless,Neil Winters,CBS
Daytime emmy award for outstanding younger actor in a drama series,Dondre Whitfield,All My Children,Terrence Frye,ABC
Daytime emmy award for outstanding younger actor in a drama series,Roger Howarth ,One Life to Live,Todd Manning,ABC
Daytime emmy award for outstanding younger actor in a drama series,Bryan Buffington,Guiding Light,Bill Lewis III,CBS
Daytime emmy award for outstanding younger actor in a drama series,Scott DeFreitas,As the World Turns,Andy Dixon,CBS
Daytime emmy award for outstanding younger actor in a drama series,Monti Sharp,Guiding Light,David Grant,CBS
Daytime emmy award for outstanding younger actor in a drama series,Dondre Whitfield,All My Children,Terrence Frye,ABC
Daytime emmy award for outstanding younger actor in a drama series,Jason Biggs,As the World Turns,Pete Wendall,CBS
Daytime emmy award for outstanding younger actor in a drama series,Bryan Buffington,Guiding Light,Bill Lewis III,CBS
Daytime emmy award for outstanding younger actor in a drama series,Tommy Michaels,All My Children,Tim Dillon,ABC
Daytime emmy award for outstanding younger actor in a drama series,Nathan Fillion,One Life to Live,Joey Buchanan,ABC
Daytime emmy award for outstanding younger actor in a drama series,Shemar Moore,The Young and the Restless,Malcolm Winters,CBS
Daytime emmy award for outstanding younger actor in a drama series,Joshua Morrow,The Young and the Restless,Nicholas Newman,CBS
Daytime emmy award for outstanding younger actor in a drama series,Steve Burton,General Hospital,Jason Morgan,ABC
Daytime emmy award for outstanding younger actor in a drama series,Shemar Moore,The Young and the Restless,Malcolm Winters,CBS
Daytime emmy award for outstanding younger actor in a drama series,Joshua Morrow,The Young and the Restless,Nicholas Newman,CBS
Daytime emmy award for outstanding younger actor in a drama series,Jensen Ackles,Days of Our Lives,Eric Brady,NBC
Daytime emmy award for outstanding younger actor in a drama series,Tyler Christopher,General Hospital,Nikolas Cassadine,ABC
Daytime emmy award for outstanding younger actor in a drama series,Bryant Jones,The Young and the Restless,Nate Hastings,CBS
Daytime emmy award for outstanding younger actor in a drama series,Joshua Morrow,The Young and the Restless,Nicholas Newman,CBS
Daytime emmy award for outstanding younger actor in a drama series,Jensen Ackles,Days of Our Lives,Eric Brady,NBC
Daytime emmy award for outstanding younger actor in a drama series,Jason Winston George,Sunset Beach,Michael Bourne,NBC
Daytime emmy award for outstanding younger actor in a drama series,Bryant Jones,The Young and the Restless,Nate Hastings,CBS
Daytime emmy award for outstanding younger actor in a drama series,Joshua Morrow,The Young and the Restless,Nicholas Newman,CBS
Daytime emmy award for outstanding younger actor in a drama series,Jacob Young,The Bold and the Beautiful,Rick Forrester,CBS
