0,1,2,3
Best Actor Academy Award,Russell Crowe ,Maximus Decimus Meridius,Gladiator
Best Actor Academy Award,Javier Bardem,Reinaldo Arenas,Before Night Falls
Best Actor Academy Award,Tom Hanks,Chuck Noland,Cast Away
Best Actor Academy Award,Ed Harris,Jackson Pollock,Pollock
Best Actor Academy Award,Geoffrey Rush,Marquis de Sade,Quills
Best Actor Academy Award,Russell Crowe,John Forbes Nash,A Beautiful Mind
Best Actor Academy Award,Sean Penn,Sam Dawson,I Am Sam
Best Actor Academy Award,Will Smith,Cassius Clay / Muhammad Ali,Ali
Best Actor Academy Award,Tom Wilkinson,Dr. Matt Fowler,In the Bedroom
Best Actor Academy Award,Adrien Brody ,Władysław Szpilman,The Pianist
Best Actor Academy Award,Nicolas Cage,Charlie Kaufman & Donald Kaufman,Adaptation
Best Actor Academy Award,Michael Caine,Thomas Fowler,The Quiet American
Best Actor Academy Award,Daniel Day-Lewis,"William ""Bill the Butcher"" Cutting",Gangs of New York
Best Actor Academy Award,Jack Nicholson,Warren R. Schmidt,About Schmidt
Best Actor Academy Award,Johnny Depp,Captain Jack Sparrow,Pirates of the Caribbean: The Curse of the Black Pearl
Best Actor Academy Award,Ben Kingsley,Col. Massoud Amir Behrani,House of Sand and Fog
Best Actor Academy Award,Jude Law,W. P. Inman,Cold Mountain
Best Actor Academy Award,Bill Murray,Bob Harris,Lost in Translation
Best Actor Academy Award,Jamie Foxx ,Ray Charles,Ray
Best Actor Academy Award,Don Cheadle,Paul Rusesabagina,Hotel Rwanda
Best Actor Academy Award,Johnny Depp,Sir James Matthew Barrie,Finding Neverland
Best Actor Academy Award,Leonardo DiCaprio,Howard Hughes,The Aviator
Best Actor Academy Award,Clint Eastwood,Frankie Dunn,Million Dollar Baby
Best Actor Academy Award,Terrence Howard,DJay,Hustle & Flow
Best Actor Academy Award,Heath Ledger,Ennis Del Mar,Brokeback Mountain
Best Actor Academy Award,Joaquin Phoenix,Johnny Cash,Walk the Line
Best Actor Academy Award,David Strathairn,Edward R. Murrow,"Good Night, and Good Luck"
Best Actor Academy Award,Forest Whitaker ,Idi Amin,The Last King of Scotland
Best Actor Academy Award,Leonardo DiCaprio,Danny Archer,Blood Diamond
Best Actor Academy Award,Ryan Gosling,Dan Dunne,Half Nelson
Best Actor Academy Award,Peter O'Toole,Maurice Russell,Venus
Best Actor Academy Award,Will Smith,Chris Gardner,The Pursuit of Happyness
Best Actor Academy Award,George Clooney,Michael Clayton,Michael Clayton
Best Actor Academy Award,Johnny Depp,Sweeney Todd / Benjamin Barker,Sweeney Todd: The Demon Barber of Fleet Street
Best Actor Academy Award,Tommy Lee Jones,Hank Deerfield,In the Valley of Elah
Best Actor Academy Award,Viggo Mortensen,Nikolai Luzhin,Eastern Promises
Best Actor Academy Award,Richard Jenkins,Walter Vale,The Visitor
Best Actor Academy Award,Frank Langella,Richard Nixon,Frost/Nixon
Best Actor Academy Award,Brad Pitt,Benjamin Button,The Curious Case of Benjamin Button
Best Actor Academy Award,Mickey Rourke,"Randy ""The Ram"" Robinson",The Wrestler
Best Actor Academy Award,Jeff Bridges ,"Otis ""Bad"" Blake",Crazy Heart
Best Actor Academy Award,George Clooney,Ryan Bingham,Up in the Air
Best Actor Academy Award,Colin Firth,George Falconer,A Single Man
Best Actor Academy Award,Morgan Freeman,Nelson Mandela,Invictus
Best Actor Academy Award,Jeremy Renner,SFC William James,The Hurt Locker
