0,1,2,3,4
The King and I (1956 film),Academy Awards,Best Art Direction – Color,"Lyle R. Wheeler, John DeCuir, Walter M. Scott and Paul S. Fox",Won
The King and I (1956 film),Academy Awards,Best Cinematography – Color,Leon Shamroy,Nominated
The King and I (1956 film),Academy Awards,Best Costume Design – Color,Irene Sharaff,Won
The King and I (1956 film),Academy Awards,Best Scoring of a Musical Picture,Alfred Newman and Ken Darby,Won
The King and I (1956 film),Directors Guild of America Awards,Outstanding Directorial Achievement in Motion Pictures,Walter Lang,Nominated
The King and I (1956 film),Golden Globe Awards,Best Motion Picture – Musical or Comedy,Best Motion Picture – Musical or Comedy,Won
The King and I (1956 film),Golden Globe Awards,Best Actor in a Motion Picture – Musical or Comedy,Yul Brynner,Nominated
The King and I (1956 film),Golden Globe Awards,Best Actress in a Motion Picture – Musical or Comedy,Deborah Kerr,Won
The King and I (1956 film),Golden Globe Awards,Best Film Promoting International Understanding,Best Film Promoting International Understanding,Nominated
The King and I (1956 film),National Board of Review Awards,Top Ten Films,Top Ten Films,3rd Place
The King and I (1956 film),National Board of Review Awards,Best Actor,Yul Brynner (also for Anastasia and The Ten Commandments),Won
The King and I (1956 film),New York Film Critics Circle Awards,Best Actor,Yul Brynner,Nominated
The King and I (1956 film),New York Film Critics Circle Awards,Best Actress,Deborah Kerr,Nominated
The King and I (1956 film),New York Film Critics Circle Awards,Best Screenplay,Ernest Lehman,Nominated
The King and I (1956 film),Photoplay Awards,Most Popular Male Star,Yul Brynner,Nominated
The King and I (1956 film),Satellite Awards,Best Classic DVD,"The King and I (as part of ""The Rodgers & Hammerstein Box Set Collection"")",Nominated
The King and I (1956 film),Writers Guild of America Awards,Best Written American Musical,Ernest Lehman,Won
