0,1,2,3,4,5
Doncaster railway station,Sheffield,,CrossCountryCross Country Route,,York
Doncaster railway station,Grantham or Peterborough, ,London North Eastern RailwayLondon-West Yorkshire, ,Wakefield Westgate
Doncaster railway station,Newark Northgate, ,London North Eastern RailwayLondon – Edinburgh/Scotland express, ,York
Doncaster railway station,Newark Northgate or Grantham, ,London North Eastern RailwayLondon – HullOne train per day, ,Selby
Doncaster railway station,Terminus,,East Midlands RailwayDoncaster-Lincoln Line,,Gainsborough Lea Road
Doncaster railway station,Meadowhall,,TransPennine ExpressSouth Humberside Main Line,,Scunthorpe
Doncaster railway station,Conisbrough,,NorthernSouth Humberside Main Line,,Kirk Sandall
Doncaster railway station,Terminus,,NorthernWakefield Line,,Bentley
Doncaster railway station,LondonKing's Cross, ,Grand CentralWest Riding, ,Pontefract MonkhillorWakefield Kirkgate
Doncaster railway station, ,Future Services,Future Services,Future Services, 
Doncaster railway station,Sheffield, ,Northern ConnectSheffield – Hull, ,Hull
Doncaster railway station,Sheffield, ,TBANorthern Powerhouse Rail, ,Hull
Doncaster railway station, ,Historical railways,Historical railways,Historical railways," 
"
Doncaster railway station,Terminus, ,Great Northern and Great Eastern Joint, ,"BessacarrLine open, station closed"
Doncaster railway station,"RossingtonLine open, station closed", ,Great Northern RailwayEast Coast Main Line, ,"ArkseyLine open, station closed"
