0,1,2,3,4
Thoroughly Modern Millie (film),Academy Awards,Best Original Song Score or Adaptation Score,André Previn and Joseph Gershenson,Nominated
Thoroughly Modern Millie (film),Academy Awards,Best Song,"""Thoroughly Modern Millie""  Music by Jimmy Van Heusen;  Lyrics by Sammy Cahn",Nominated
Thoroughly Modern Millie (film),Academy Awards,Best Sound,"Ronald Pierce, William Russell and Waldon O. Watson  (for Universal City Studio Sound Department)",Nominated
Thoroughly Modern Millie (film),Golden Globe Awards,Best Motion Picture – Musical or Comedy,Best Motion Picture – Musical or Comedy,Nominated
Thoroughly Modern Millie (film),Golden Globe Awards,Best Actress in a Motion Picture – Musical or Comedy,Julie Andrews,Nominated
Thoroughly Modern Millie (film),Golden Globe Awards,Best Supporting Actress – Motion Picture,Carol Channing,Won
Thoroughly Modern Millie (film),Golden Globe Awards,Best Original Score – Motion Picture,Elmer Bernstein,Nominated
Thoroughly Modern Millie (film),Golden Globe Awards,Best Original Song – Motion Picture,"""Thoroughly Modern Millie""  Music by Jimmy Van Heusen;  Lyrics by Sammy Cahn",Nominated
Thoroughly Modern Millie (film),Laurel Awards,Top Comedy,Top Comedy,Won
Thoroughly Modern Millie (film),Laurel Awards,Top Female Comedy Performance,Julie Andrews,Won
Thoroughly Modern Millie (film),Laurel Awards,Top Female Supporting Performance,Carol Channing,Nominated
Thoroughly Modern Millie (film),Writers Guild of America Awards,Best Written American Musical,Richard Morris,Won
