0,1,2,3,4,5,6,7,8,9
Nambu Railway,KWSJN01,Kawasaki,川崎,-,0.0,●,JT Tōkaidō Main Line JK Keihin-Tōhoku Line KK Keikyu Main Line KK Keikyu Daishi Line (Keikyū Kawasaki),"Kawasaki-ku, Kawasaki",Kanagawa
Nambu Railway,JN02,Shitte,尻手,1.7,1.7,｜,JN Nambu Branch Line (for Hama-Kawasaki),"Saiwai-ku, Kawasaki",Kanagawa
Nambu Railway,JN03,Yakō,矢向,0.9,2.6,｜, ,"Tsurumi-ku, Yokohama",Kanagawa
Nambu Railway,JN04,Kashimada,鹿島田,1.5,4.1,●,JO Yokosuka Line JS Shonan-Shinjuku Line (Shin-Kawasaki).,"Saiwai-ku, Kawasaki",Kanagawa
Nambu Railway,JN05,Hirama,平間,1.2,5.3,｜, ,"Nakahara-ku, Kawasaki",Kanagawa
Nambu Railway,JN06,Mukaigawara,向河原,1.3,6.6,｜, ,"Nakahara-ku, Kawasaki",Kanagawa
Nambu Railway,JN08,Musashi-Nakahara,武蔵中原,1.7,9.2,●, ,"Nakahara-ku, Kawasaki",Kanagawa
Nambu Railway,JN09,Musashi-Shinjō,武蔵新城,1.3,10.5,●, ,"Nakahara-ku, Kawasaki",Kanagawa
Nambu Railway,JN11,Tsudayama,津田山,1.2,13.9,｜, ,"Takatsu-ku, Kawasaki",Kanagawa
Nambu Railway,JN12,Kuji,久地,1.0,14.9,｜, ,"Takatsu-ku, Kawasaki",Kanagawa
Nambu Railway,JN13,Shukugawara,宿河原,1.3,16.2,｜, ,"Tama-ku, Kawasaki",Kanagawa
Nambu Railway,JN15,Nakanoshima,中野島,2.2,19.5,｜, ,"Tama-ku, Kawasaki",Kanagawa
Nambu Railway,JN16,Inadazutsumi,稲田堤,1.3,20.8,●,KO Keio Sagamihara Line (Keiō-Inadazutsumi),"Tama-ku, Kawasaki",Kanagawa
Nambu Railway,JN17,Yanokuchi,矢野口,1.6,22.4,｜, ,Inagi,Tokyo
Nambu Railway,JN18,Inagi-Naganuma,稲城長沼,1.7,24.1,●, ,Inagi,Tokyo
Nambu Railway,JN19,Minami-Tama,南多摩,1.4,25.5,｜, Seibu Tamagawa Line (Koremasa),Inagi,Tokyo
Nambu Railway,JN20,Fuchū-Hommachi,府中本町,2.4,27.9,●,JM Musashino Line,Fuchū,Tokyo
Nambu Railway,JN21,Bubaigawara,分倍河原,0.9,28.8,●,KO Keiō Line,Fuchū,Tokyo
Nambu Railway,JN22,Nishifu,西府,1.2,30.0,｜, ,Fuchū,Tokyo
Nambu Railway,JN23,Yaho,谷保,1.6,31.6,｜, ,Kunitachi,Tokyo
Nambu Railway,JN24,Yagawa,矢川,1.4,33.0,｜, ,Kunitachi,Tokyo
Nambu Railway,JN25,Nishi-Kunitachi,西国立,1.3,34.3,｜, ,Tachikawa,Tokyo
