0,1,2,3
NAACP Image Award for Outstanding Supporting Actor in a Drama Series,2000,Clarence Gilyard Jr.,"Walker, Texas Ranger"
NAACP Image Award for Outstanding Supporting Actor in a Drama Series,2000,Dorian Harewood,The Hoop Life
NAACP Image Award for Outstanding Supporting Actor in a Drama Series,2000,Richard T. Jones,Judging Amy
NAACP Image Award for Outstanding Supporting Actor in a Drama Series,2000,Jesse L. Martin,Ally McBeal
NAACP Image Award for Outstanding Supporting Actor in a Drama Series,2000,James McDaniel,N.Y.P.D. Blue
NAACP Image Award for Outstanding Supporting Actor in a Drama Series,2001,Adewale Akinnuoye-Agbaje,Oz
NAACP Image Award for Outstanding Supporting Actor in a Drama Series,2001,Hill Harper,City of Angels
NAACP Image Award for Outstanding Supporting Actor in a Drama Series,2001,Dulé Hill,The West Wing
NAACP Image Award for Outstanding Supporting Actor in a Drama Series,2001,Bokeem Woodbine,City of Angels
NAACP Image Award for Outstanding Supporting Actor in a Drama Series,2002,Ice-T,Law & Order: Special Victims Unit
NAACP Image Award for Outstanding Supporting Actor in a Drama Series,2002,Babyface,Soul Food
NAACP Image Award for Outstanding Supporting Actor in a Drama Series,2002,Charles S. Dutton,The Sopranos
NAACP Image Award for Outstanding Supporting Actor in a Drama Series,2002,Dulé Hill,The West Wing
NAACP Image Award for Outstanding Supporting Actor in a Drama Series,2002,Boris Kodjoe,Soul Food
NAACP Image Award for Outstanding Supporting Actor in a Drama Series,2003,Gary Dourdan,CSI: Crime Scene Investigation
NAACP Image Award for Outstanding Supporting Actor in a Drama Series,2003,Charles S. Dutton,Without a Trace
NAACP Image Award for Outstanding Supporting Actor in a Drama Series,2003,Boris Kodjoe,Soul Food
NAACP Image Award for Outstanding Supporting Actor in a Drama Series,2003,Aaron Meeks,Soul Food
NAACP Image Award for Outstanding Supporting Actor in a Drama Series,2004,Darrin Henson,Soul Food
NAACP Image Award for Outstanding Supporting Actor in a Drama Series,2004,Dulé Hill,The West Wing
NAACP Image Award for Outstanding Supporting Actor in a Drama Series,2004,Ice-T,Law & Order: Special Victims Unit
NAACP Image Award for Outstanding Supporting Actor in a Drama Series,2004,Boris Kodjoe,Soul Food
NAACP Image Award for Outstanding Supporting Actor in a Drama Series,2005,Idris Elba,The Wire
NAACP Image Award for Outstanding Supporting Actor in a Drama Series,2005,Darrin Henson,Soul Food
NAACP Image Award for Outstanding Supporting Actor in a Drama Series,2005,Dulé Hill,The West Wing
NAACP Image Award for Outstanding Supporting Actor in a Drama Series,2006,Gary Dourdan,CSI: Crime Scene Investigation
NAACP Image Award for Outstanding Supporting Actor in a Drama Series,2006,Dennis Haysbert,24
NAACP Image Award for Outstanding Supporting Actor in a Drama Series,2006,Harry Lennix,Commander in Chief
NAACP Image Award for Outstanding Supporting Actor in a Drama Series,2007,Gary Dourdan,CSI: Crime Scene Investigation
NAACP Image Award for Outstanding Supporting Actor in a Drama Series,2007,Wendell Pierce,The Wire
NAACP Image Award for Outstanding Supporting Actor in a Drama Series,2007,Glynn Turman,The Wire
NAACP Image Award for Outstanding Supporting Actor in a Drama Series,2008,Blair Underwood,Dirty Sexy Money
NAACP Image Award for Outstanding Supporting Actor in a Drama Series,2009,Laurence Fishburne,CSI: Crime Scene Investigation
NAACP Image Award for Outstanding Supporting Actor in a Drama Series,2009,Blair Underwood,Dirty Sexy Money
NAACP Image Award for Outstanding Supporting Actor in a Drama Series,2009,Michael K. Williams,The Wire
