0,1,2,3
MTV Europe Music Award for Best Song,2000,"Melanie C and Lisa ""Left-Eye"" Lopes","""Never Be the Same Again"""
MTV Europe Music Award for Best Song,2000,Madonna,"""Music"""
MTV Europe Music Award for Best Song,2000,Sonique,"""It Feels So Good"""
MTV Europe Music Award for Best Song,2000,Britney Spears,"""Oops!... I Did It Again"""
MTV Europe Music Award for Best Song,2001,"Christina Aguilera, Lil' Kim, Mýa and Pink","""Lady Marmalade"""
MTV Europe Music Award for Best Song,2001,Crazy Town,"""Butterfly"""
MTV Europe Music Award for Best Song,2001,Destiny's Child,"""Survivor"""
MTV Europe Music Award for Best Song,2001,Eminem (feat. Dido),"""Stan"""
MTV Europe Music Award for Best Song,2002,Enrique Iglesias,"""Hero"""
MTV Europe Music Award for Best Song,2002,Nelly,"""Hot in Herre"""
MTV Europe Music Award for Best Song,2002,Nickelback,"""How You Remind Me"""
MTV Europe Music Award for Best Song,2002,Shakira,"""Whenever, Wherever"""
MTV Europe Music Award for Best Song,2003,Beyoncé (feat. Jay Z),"""Crazy in Love"""
MTV Europe Music Award for Best Song,2003,Christina Aguilera,"""Beautiful"""
MTV Europe Music Award for Best Song,2003,Evanescence,"""Bring Me to Life"""
MTV Europe Music Award for Best Song,2003,Sean Paul,"""Get Busy"""
MTV Europe Music Award for Best Song,2003,Justin Timberlake,"""Cry Me a River"""
MTV Europe Music Award for Best Song,2004,Anastacia,"""Left Outside Alone"""
MTV Europe Music Award for Best Song,2004,Maroon 5,"""This Love"""
MTV Europe Music Award for Best Song,2004,Britney Spears,"""Toxic"""
MTV Europe Music Award for Best Song,2004,Usher (feat. Lil' Jon and Ludacris),"""Yeah!"""
MTV Europe Music Award for Best Song,2005,James Blunt,"""You're Beautiful"""
MTV Europe Music Award for Best Song,2005,The Chemical Brothers,"""Galvanize"""
MTV Europe Music Award for Best Song,2005,Gorillaz,"""Feel Good Inc."""
MTV Europe Music Award for Best Song,2005,Snoop Dogg (feat. Justin Timberlake and Charlie Wilson),"""Signs"""
MTV Europe Music Award for Best Song,2006,Nelly Furtado,"""Maneater"""
MTV Europe Music Award for Best Song,2006,Red Hot Chili Peppers,"""Dani California"""
MTV Europe Music Award for Best Song,2006,Rihanna,"""S.O.S."""
MTV Europe Music Award for Best Song,2006,Shakira (feat. Wyclef Jean),"""Hips Don't Lie"""
MTV Europe Music Award for Best Song,2007,Beyoncé and Shakira,"""Beautiful Liar"""
MTV Europe Music Award for Best Song,2007,Nelly Furtado,"""All Good Things (Come To An End)"""
MTV Europe Music Award for Best Song,2007,Mika,"""Grace Kelly"""
MTV Europe Music Award for Best Song,2007,Rihanna (feat. Jay Z),"""Umbrella"""
MTV Europe Music Award for Best Song,2007,Amy Winehouse,"""Rehab"""
MTV Europe Music Award for Best Song,2008,Coldplay,"""Viva la Vida"""
MTV Europe Music Award for Best Song,2008,Duffy,"""Mercy"""
MTV Europe Music Award for Best Song,2008,Katy Perry,"""I Kissed a Girl"""
MTV Europe Music Award for Best Song,2008,Kid Rock,"""All Summer Long"""
MTV Europe Music Award for Best Song,2009,Beyoncé,"""Halo"""
MTV Europe Music Award for Best Song,2009,The Black Eyed Peas,"""I Gotta Feeling"""
MTV Europe Music Award for Best Song,2009,David Guetta (feat. Kelly Rowland),"""When Love Takes Over"""
MTV Europe Music Award for Best Song,2009,Kings of Leon,"""Use Somebody"""
MTV Europe Music Award for Best Song,2009,Lady Gaga,"""Poker Face"""
