0,1,2,3,4,5
The Girl With The Dragon Tattoo (American film),"January 10, 2012",Alliance of Women Film Journalists Awards,Best Film Music or Score,"Trent Reznor, Atticus Ross",Won
The Girl With The Dragon Tattoo (American film),"February 12, 2012",American Society of Cinematographers Awards,Best Cinematography,Jeff Cronenweth,Nominated
The Girl With The Dragon Tattoo (American film),"February 12, 2012",British Academy Film and Television Awards,Best Cinematography,Jeff Cronenweth,Nominated
The Girl With The Dragon Tattoo (American film),"February 12, 2012",British Academy Film and Television Awards,Best Original Music,"Trent Reznor, Atticus Ross",Nominated
The Girl With The Dragon Tattoo (American film),"January 12, 2012",Broadcast Film Critics Association Awards,Best Editing,"Kirk Baxter, Angus Wall",Won
The Girl With The Dragon Tattoo (American film),"January 12, 2012",Broadcast Film Critics Association Awards,Best Composer,"Trent Reznor, Atticus Ross",Nominated
The Girl With The Dragon Tattoo (American film),"January 5, 2012",Central Ohio Film Critics Association Awards,Best Picture,,Nominated
The Girl With The Dragon Tattoo (American film),"January 5, 2012",Central Ohio Film Critics Association Awards,Best Director,David Fincher,Nominated
The Girl With The Dragon Tattoo (American film),"January 5, 2012",Central Ohio Film Critics Association Awards,Best Adapted Screenplay,Steven Zaillian,Won
The Girl With The Dragon Tattoo (American film),"December 19, 2011",Chicago Film Critics Association Awards,Best Original Score,"Trent Reznor, Atticus Ross",Nominated
The Girl With The Dragon Tattoo (American film),"January 10, 2012",Denver Film Critics Association Awards,Best Actress,Rooney Mara,Nominated
The Girl With The Dragon Tattoo (American film),"January 28, 2012",Directors Guild of America Awards,Best Director,David Fincher,Nominated
The Girl With The Dragon Tattoo (American film),"January 15, 2012",Golden Globe Awards,Best Actress – Motion Picture Drama,Rooney Mara,Nominated
The Girl With The Dragon Tattoo (American film),"January 15, 2012",Golden Globe Awards,Best Original Score,"Trent Reznor, Atticus Ross",Nominated
The Girl With The Dragon Tattoo (American film),"February 10, 2013",Grammy Awards,Best Score Soundtrack for Visual Media,"Trent Reznor, Atticus Ross",Won
The Girl With The Dragon Tattoo (American film),"June 7, 2012",Kerrang! Awards,Best Film,,Nominated
The Girl With The Dragon Tattoo (American film),"June 3, 2012",MTV Movie Awards,Best Female Performance,Rooney Mara,Nominated
The Girl With The Dragon Tattoo (American film),"June 3, 2012",MTV Movie Awards,Breakthrough Performance,Rooney Mara,Nominated
The Girl With The Dragon Tattoo (American film),"June 3, 2012",MTV Movie Awards,Best On-Screen Transformation,Rooney Mara,Nominated
The Girl With The Dragon Tattoo (American film),"December 1, 2011",National Board of Review Awards,Breakthrough Performance,Rooney Mara (Tied with Felicity Jones),Won
The Girl With The Dragon Tattoo (American film),"December 23, 2011",Oklahoma Film Critics Circle Awards,Best Picture,,Nominated
The Girl With The Dragon Tattoo (American film),"January 21, 2012",Producers Guild of America Award,Best Picture,Ceán Chaffin and Scott Rudin,Nominated
The Girl With The Dragon Tattoo (American film),"July 26, 2012",Saturn Awards,Best Horror or Thriller Film,,Won
The Girl With The Dragon Tattoo (American film),"December 19, 2011",St. Louis Gateway Film Critics Association Awards,Best Director,David Fincher,Nominated
The Girl With The Dragon Tattoo (American film),"December 19, 2011",St. Louis Gateway Film Critics Association Awards,Best Actress,Rooney Mara,Won
The Girl With The Dragon Tattoo (American film),"December 19, 2011",St. Louis Gateway Film Critics Association Awards,Best Cinematography,Jeff Cronenweth,Nominated
The Girl With The Dragon Tattoo (American film),"December 19, 2011",St. Louis Gateway Film Critics Association Awards,Best Music,"Trent Reznor, Atticus Ross",Nominated
The Girl With The Dragon Tattoo (American film),"December 19, 2011",St. Louis Gateway Film Critics Association Awards,Best Scene,Blur Studio (for the opening credits),Won
The Girl With The Dragon Tattoo (American film),"December 5, 2011",Washington D.C. Area Film Critics Association Awards,Best Score,"Trent Reznor, Atticus Ross",Nominated
The Girl With The Dragon Tattoo (American film),"February 19, 2012",Writers Guild of America Awards,Best Screenplay Adapted,Steven Zaillian,Nominated
