0,1,2,3,4
Primetime Emmy Award for Outstanding Individual Performance in a Variety or Music Program,1960(12th),Harry Belafonte,The Revlon Revue: Tonight with Belafonte,CBS
Primetime Emmy Award for Outstanding Individual Performance in a Variety or Music Program,1960(12th),Fred Astaire,Another Evening with Fred Astaire,NBC
Primetime Emmy Award for Outstanding Individual Performance in a Variety or Music Program,1961(13th),Fred Astaire,Astaire Time,NBC
Primetime Emmy Award for Outstanding Individual Performance in a Variety or Music Program,1961(13th),Harry Belafonte,Belafonte N.Y.,CBS
Primetime Emmy Award for Outstanding Individual Performance in a Variety or Music Program,1962(14th),Edie Adams,Here's Edie,ABC
Primetime Emmy Award for Outstanding Individual Performance in a Variety or Music Program,1962(14th),Perry Como,The Kraft Music Hall,NBC
Primetime Emmy Award for Outstanding Individual Performance in a Variety or Music Program,1962(14th),Judy Garland,The Judy Garland Show,CBS
Primetime Emmy Award for Outstanding Individual Performance in a Variety or Music Program,1962(14th),Yves Montand,Yves Montand on Broadway,ABC
Primetime Emmy Award for Outstanding Individual Performance in a Variety or Music Program,1963(15th),Edie Adams,Here's Edie,ABC
Primetime Emmy Award for Outstanding Individual Performance in a Variety or Music Program,1963(15th),Merv Griffin,The Merv Griffin Show,NBC
Primetime Emmy Award for Outstanding Individual Performance in a Variety or Music Program,1963(15th),Andy Williams,The Andy Williams Show,NBC
Primetime Emmy Award for Outstanding Individual Performance in a Variety or Music Program,1964(16th),Judy Garland,The Judy Garland Show,CBS
Primetime Emmy Award for Outstanding Individual Performance in a Variety or Music Program,1964(16th),Barbra Streisand,The Judy Garland Show,CBS
Primetime Emmy Award for Outstanding Individual Performance in a Variety or Music Program,1964(16th),Burr Tillstrom,That Was the Week That Was,NBC
Primetime Emmy Award for Outstanding Individual Performance in a Variety or Music Program,1964(16th),Andy Williams,The Andy Williams Show,NBC
Primetime Emmy Award for Outstanding Individual Performance in a Variety or Music Program,1967(19th),Art Carney,The Jackie Gleason Show,CBS
Primetime Emmy Award for Outstanding Individual Performance in a Variety or Music Program,1967(19th),—,—,—
Primetime Emmy Award for Outstanding Individual Performance in a Variety or Music Program,1968(20th),Art Carney,The Jackie Gleason Show,CBS
Primetime Emmy Award for Outstanding Individual Performance in a Variety or Music Program,1968(20th),Pat Paulsen,The Smothers Brothers Comedy Hour,CBS
Primetime Emmy Award for Outstanding Individual Performance in a Variety or Music Program,1968(20th),—,—,—
Primetime Emmy Award for Outstanding Individual Performance in a Variety or Music Program,1969(21st),Arte Johnson,Rowan & Martin's Laugh-In,NBC
Primetime Emmy Award for Outstanding Individual Performance in a Variety or Music Program,1969(21st),Ruth Buzzi,Rowan & Martin's Laugh-In,NBC
Primetime Emmy Award for Outstanding Individual Performance in a Variety or Music Program,1969(21st),Goldie Hawn,Rowan & Martin's Laugh-In,NBC
