0,1,2,3,4
Göttingen (electoral district),1949,Arno Hennig,SPD,31.6
Göttingen (electoral district),1953,Walter Drechsel,FDP,54.3
Göttingen (electoral district),1957,Franz Blücher,DP,39.5
Göttingen (electoral district),1961,Günter Frede,SPD,43.0
Göttingen (electoral district),1965,Willy Steinmetz,CDU,47.0
Göttingen (electoral district),1969,Günter Wichert,SPD,47.8
Göttingen (electoral district),1972,Günter Wichert,SPD,52.5
Göttingen (electoral district),1976,Lothar Curdt,SPD,46.3
Göttingen (electoral district),1980,Lothar Curdt,SPD,47.9
Göttingen (electoral district),1983,Hans Hugo Klein,CDU,46.9
Göttingen (electoral district),1987,Rita Süssmuth,CDU,44.9
Göttingen (electoral district),1990,Rita Süssmuth,CDU,48.5
Göttingen (electoral district),1994,Rita Süssmuth,CDU,46.9
Göttingen (electoral district),1998,Inge Wettig-Danielmeier,SPD,48.2
Göttingen (electoral district),2002,Inge Wettig-Danielmeier,SPD,47.4
Göttingen (electoral district),2021,Andreas Philippi,SPD,32.2
