0,1,2,3,4,5,6,7,8,9,10,11,12,13,14,15,16,17,18,19
2000, Kenneth Eriksson,MON,SWE13,KEN,PORRet,ESP23,ARG8,GRERet,NZL5,FIN15,CYP,FRARet,ITA45,AUS4,GBRRet,None,None,None,None
2000, Alister McRae,MON,SWE14,KEN,PORRet,ESPRet,ARG7,GRERet,NZLRet,FIN9,CYP,FRA12,ITA16,AUSRet,GBR11,None,None,None,None
2000, Michael Guest,,,,,,,,,,,,,AUSRet,GBR,None,None,None,None
2000, Michael Guest,MON,SWE,KEN,POR,ESP,ARG,GRE,NZL,FIN30,CYP,FRA,ITARet,,,None,None,None,None
2001, Piero Liatti,MONRet,,,ESPRet,,,,,,,ITARet,FRA8,,,None,None,None,None
2001, Kenneth Eriksson,,SWE8,POR7,,ARGRet,CYPRet,GRERet,KEN,FIN12,NZL10,,,AUS12,GBR6,None,None,None,None
2001, Alister McRae,MON7,SWERet,POR6,ESP11,ARG9,CYP7,GRE15,KEN,FIN13,NZL9,ITARet,FRA9,AUS10,GBR4,None,None,None,None
2001, Piero Liatti,,SWE,POR,,ARG,CYPRet,GRE,KEN,,,,,,GBRRet,None,None,None,None
2001, Juha Kankkunen,MON,,,ESP,,,,,FINRet,NZL,ITA,FRA,AUS,,None,None,None,None
2002, Armin Schwarz,MONRet,SWERet,FRA13,ESP16,CYP7,ARGRet,GRE9,KENRet,FIN13,GERRet,ITARet,NZL10,AUSRet,GBRRet,None,None,None,None
2002, Freddy Loix,MONRet,SWERet,FRA9,ESP10,CYPRet,ARGRet,GRERet,KENRet,FIN9,GERRet,ITA28,NZL6,AUSRet,GBR8,None,None,None,None
2002, Juha Kankkunen,MON,SWE8,,ESP,CYPRet,ARG7,GRERet,KEN8,FINRet,GER,ITA,NZL5,AUSRet,GBR9,None,None,None,None
2002, Tomasz Kuchar,,,FRARet,,,,,,,,,,,,None,None,None,None
2002, Tomasz Kuchar,MON,SWE,,ESP,CYP14,ARG,GRE,KEN,FIN,GER,ITA,NZL,AUS,GBR,None,None,None,None
2003, Armin Schwarz,MON8,SWE13,TURRet,NZLRet,ARGRet,GRERet,CYP7,GER12,FIN12,AUS13,ITA,FRA,ESP,GBR,None,None,None,None
2003, Freddy Loix,MONRet,SWE10,TUR10,NZLRet,ARGRet,GRERet,CYPRet,GER11,FIN10,AUS8,ITA,FRA,ESP,GBR,None,None,None,None
2003, Jussi Välimäki,MON,SWERet,TUR,NZLRet,ARG,GRERet,,,FINRet,AUS,ITA,FRA,ESP,GBR,None,None,None,None
2003, Justin Dale,,,,,,,CYPRet,,,,,,,,None,None,None,None
2003, Manfred Stohl,,,,,,,,GER18,,,,,,,None,None,None,None
2003, Justin Dale,MON,SWE,TUR,NZL,ARG,GRE,,GER28,FIN,AUS,ITA,FRA,ESP,GBR,None,None,None,None
2014, Thierry Neuville,MONRet,SWE28,MEX3,POR7,ARG5,ITA16,POL3,FINRet,GER1,AUS7,FRA8,ESP6,GBR4,,None,None,None,None
2014, Dani Sordo,MONRet,,,,ARGRet,,,,GER2,,FRA4,ESP5,,,None,None,None,None
2014, Juho Hänninen,,SWE19,,POR8,,ITARet,POL6,FIN6,,,,,GBR26,,None,None,None,None
2014, Chris Atkinson,,,MEX7,,,,,,,AUS10,,,,,None,None,None,None
2014, Dani Sordo,,,,POR Ret,,,,,,,,,,,None,None,None,None
2014, Hayden Paddon,,,,,,ITA12,POL8,FIN8,,AUS6,,ESP9,GBR10,,None,None,None,None
2014, Bryan Bouffier,,,,,,,,,GERRet,,FRA9,,,,None,None,None,None
2015, Thierry Neuville,MON5,SWE2,MEX8,ARGRet,POR39,ITA3,POL6,FIN4,GER5,AUS7,FRA23,ESP8,,,3rd,224,None,None
2015, Dani Sordo,,,,,,,,,,,,,GBR4,,3rd,224,None,None
2015, Dani Sordo,MON6,,MEX5,ARG5,POR6,ITA20,POL10,FIN11,GER4,,FRA7,ESP3,,,3rd,224,None,None
2015, Hayden Paddon,,SWE5,,,,,,,,AUS5,,,GBR5,,3rd,224,None,None
2015, Hayden Paddon,MON,,MEX17,ARG16,POR8,ITA2,POL4,FINRet,GER9,,FRA5,ESP6,,,None,None,None,None
2015, Dani Sordo,,,,,,,,,,AUS8,,,,,None,None,None,None
2015, Thierry Neuville,,,,,,,,,,,,,GBRRet,,None,None,None,None
2015, Kevin Abbring,,SWE11,,,,,,,,,,,,,None,None,None,None
2015, Kevin Abbring,MON,,MEX,ARG,POR,ITA,POL15,FIN,GER11,AUS,FRARet,ESP,GBRRet,,None,None,None,None
2016, Thierry Neuville,MON3,SWE14,MEXRet,ARG6,,,POL4,FIN4,GER3,CHNC,FRA2,ESP3,GBR3,AUS3,2nd,160,2nd,312
2016, Hayden Paddon,,,,,PORRet,ITARet,,,,,,,,,2nd,312,None,None
2016, Dani Sordo,MON6,,MEX4,ARG4,POR4,ITA4,,,GER2,CHNC,FRA7,ESP2,GBR6,,2nd,312,None,None
2016, Hayden Paddon,,SWE2,,,,,POL3,FIN5,,,,,,AUS4,2nd,312,None,None
2016, Hayden Paddon,MON25,,,,,,,,,,,,,,None,None,None,None
2016, Kevin Abbring,,SWE,MEX,ARG,PORRet,ITA15,POL,,GER,CHN,FRA,ESP7,GBR,AUS,None,None,None,None
2016, Dani Sordo,,SWE6,,,,,POLRet,,,,,,,AUS5,None,None,None,None
2016, Hayden Paddon,,,MEX5,ARG1,,,,,GER5,CHNC,FRA6,ESP4,GBR4,,None,None,None,None
2016, Thierry Neuville,,,,,POR29,ITA1,,,,,,,,,2nd,160,None,None
2016, Kevin Abbring,MON,,,,,,,FIN9,,,,,,,None,None,None,None
2017, Hayden Paddon,MONRet,SWE7,MEX5,FRA6,ARG6,PORRet,ITARet,POL2,FINRet,GER8,,GBR8,AUS3,,None,None,None,None
2017, Andreas Mikkelsen,,,,,,,,,,,ESP16,,,,None,None,None,None
2017, Thierry Neuville,MON15,SWE13,MEX3,FRA1,ARG1,POR2,ITA3,POL1,FIN6,GER44,ESPRet,GBR2,AUS1,,None,None,None,None
2017, Dani Sordo,MON4,SWE4,MEX8,FRA3,ARG8,POR3,ITA12,POL4,FIN9,GER34,ESP15,,,,None,None,None,None
2017, Andreas Mikkelsen,,,,,,,,,,,,GBR4,AUS13,,None,None,None,None
2017, Dani Sordo,,,,,,,,,,,,GBR10,AUS,,None,None,None,None
2018, Andreas Mikkelsen,MON13,SWE3,MEX4,FRA7,ARG5,POR16,ITA18,FIN10,GER6,TUR5,GBR6,ESP10,AUS11,,None,None,None,None
2018, Thierry Neuville,MON5,SWE1,MEX6,FRA3,ARG2,POR1,ITA1,FIN9,GER2,TUR16,GBR5,ESP4,AUSRet,,None,None,None,None
2018, Dani Sordo,MONRet,,MEX2,FRA4,ARG3,,,,GERRet,,,ESP5,,,None,None,None,None
2018, Hayden Paddon,,SWE5,,,,PORRet,ITA4,FIN4,,TUR3,GBR7,,AUS2,,None,None,None,None
2018, Dani Sordo,,,,,,POR4,,,,,,,,,None,None,None,None
2020, Dani Sordo,MON,SWE,MEXRet,EST,TUR,ITA1,MNZ3,,,,,,,,None,None,None,None
2020, Ott Tänak,MONRet,SWE2,MEX2,EST1,TUR17,ITA6,MNZ2,,,,,,,,None,None,None,None
2020, Sébastien Loeb,MON6,SWE,MEX,EST,TUR3,ITA,MNZ,,,,,,,,None,None,None,None
2020, Thierry Neuville,MON1,SWE6,MEX16,ESTRet,TUR2,ITA2,MNZRet,,,,,,,,None,None,None,None
2020, Craig Breen,MON,SWE7,MEX,,,,,,,,,,,,None,None,None,None
2020, Craig Breen,,,,EST2,TUR,ITA,MNZ,,,,,,,,None,None,None,None
2021, Dani Sordo,MON5,ARC,CRO,POR2,ITA17,KEN12,EST,BEL,GRE4,FIN,ESP3,MNZ3,,,None,None,None,None
2021, Ott Tänak,MONRet,ARC1,CRO4,POR21,ITA24,KEN3,EST31,BEL6,GRE2,FIN2,ESPRet,MNZ,,,None,None,None,None
2021, Thierry Neuville,MON3,ARC3,CRO3,POR36,ITA3,KENRet,EST3,BEL1,GRE8,FINRet,ESP1,MNZ4,,,None,None,None,None
2021, Craig Breen,MON,ARC4,CRO8,POR,ITA,KEN,EST2,BEL2,GRE,FIN3,ESP,MNZ,,,None,None,None,None
2021, Teemu Suninen,MON,ARC,CRO,POR,ITA,KEN,EST,BEL,GRE,FIN,ESP,MNZ6,,,None,None,None,None
2022, Oliver Solberg,MONRet,SWE6,CRORet,POR,ITA,KEN10,EST13,FINRet,BEL4,GRE,NZL5,ESP,JPN,,None,None,None,None
2022, Dani Sordo,MON,SWE,CRO,POR3,ITA3,KEN,EST,FIN,BEL,GRE3,NZL,ESP5,JPNRet,,None,None,None,None
2022, Ott Tänak,MONRet,SWE20,CRO2,POR6,ITA1,KENRet,EST3,FIN1,BEL1,GRE2,NZL3,ESP4,JPN2,,None,None,None,None
2022, Thierry Neuville,MON6,SWE2,CRO3,POR5,ITA41,KEN5,EST4,FIN5,BEL20,GRE1,NZL4,ESP2,JPN1,,None,None,None,None
