0,1,2,3,4
Filmfare Award for Best Actress, ,Aishwarya Rai,Mansi Shankar,Taal
Filmfare Award for Best Actress, ,Kajol,Megha,Hum Aapke Dil Mein Rehte Hain
Filmfare Award for Best Actress, ,Karisma Kapoor,Pooja Mehra,Biwi No.1
Filmfare Award for Best Actress, ,Tabu,Panna Barve,Hu Tu Tu
Filmfare Award for Best Actress, ,Aishwarya Rai,Preeti Vyas,Hamara Dil Aapke Paas Hai
Filmfare Award for Best Actress, ,Madhuri Dixit,Anjali,Pukar
Filmfare Award for Best Actress, ,Preity Zinta,Priya Bakshi,Kya Kehna
Filmfare Award for Best Actress, ,Tabu,Aditi Pandit,Astitva
Filmfare Award for Best Actress, ,Ameesha Patel,Sakeena Ali Singh,Gadar: Ek Prem Katha
Filmfare Award for Best Actress, ,Kareena Kapoor,Kaurwaki,Asoka
Filmfare Award for Best Actress, ,Karisma Kapoor,Zubeidaa,Zubeidaa
Filmfare Award for Best Actress, ,Tabu,Mumtaz Ali Ansari,Chandni Bar
Filmfare Award for Best Actress, ,Ameesha Patel,Priya Singhania,Humraaz
Filmfare Award for Best Actress, ,Bipasha Basu,Sanjana Aditya Dhanraj,Raaz
Filmfare Award for Best Actress, ,Karisma Kapoor,Nandini,Shakti: The Power
Filmfare Award for Best Actress, ,Rani Mukerji,Suhani Sharma,Saathiya
Filmfare Award for Best Actress,,Bhumika Chawla,Nirjara Bhardwaj,Tere Naam
Filmfare Award for Best Actress,,Hema Malini,Pooja Malhotra,Baghban
Filmfare Award for Best Actress,,Preity Zinta,Nisha Mehra,Koi... Mil Gaya
Filmfare Award for Best Actress,,Rani Mukerji,Priya Chopra,Chalte Chalte
Filmfare Award for Best Actress,,Urmila Matondkar,Swati,Bhoot
Filmfare Award for Best Actress, ,Rani Mukerji ,Rhea Prakash,Hum Tum
Filmfare Award for Best Actress, ,Aishwarya Rai,Neerja 'Neeru',Raincoat
Filmfare Award for Best Actress, ,Preity Zinta,Zaara Hayat Khan,Veer-Zaara
Filmfare Award for Best Actress, ,Shilpa Shetty,Tamanna Sahni,Phir Milenge
Filmfare Award for Best Actress, ,Urmila Matondkar,Sarika Vartak,Ek Hasina Thi
Filmfare Award for Best Actress, ,Preity Zinta,Ambar 'Amby' Malhotra,Salaam Namaste
Filmfare Award for Best Actress, ,Rani Mukerji,Vimmi 'Babli' Saluja,Bunty Aur Babli
Filmfare Award for Best Actress, ,Sharmila Tagore,Sumitra V. Patwardhan,Viruddh... Family Comes First
Filmfare Award for Best Actress, ,Vidya Balan,Lalita,Parineeta
Filmfare Award for Best Actress, ,Aishwarya Rai,Sunehri,Dhoom 2
Filmfare Award for Best Actress, ,Bipasha Basu,Nishiganda 'Nishi' Dasgupta,Corporate
Filmfare Award for Best Actress, ,Kareena Kapoor,Dolly Mishra,Omkara
Filmfare Award for Best Actress, ,Rani Mukerji,Maya Talwar,Kabhi Alvida Naa Kehna
Filmfare Award for Best Actress, ,Aishwarya Rai,Sujata Desai,Guru
Filmfare Award for Best Actress, ,Deepika Padukone,Shantipriya 'Shanti' Kashyap Mehra / Sandhya 'Sandy' Bansal,Om Shanti Om
Filmfare Award for Best Actress, ,Madhuri Dixit,Dia Shrivastava,Aaja Nachle
Filmfare Award for Best Actress, ,Rani Mukerji,Vibhavari 'Badki' Sahay,Laaga Chunari Mein Daag
Filmfare Award for Best Actress, ,Vidya Balan,Avni Chatturvedi / Manjulika,Bhool Bhulaiyaa
Filmfare Award for Best Actress, ,Aishwarya Rai,Jodhaa Bai,Jodhaa Akbar
Filmfare Award for Best Actress, ,Anushka Sharma,Taani Surinder Sahni,Rab Ne Bana Di Jodi
Filmfare Award for Best Actress, ,Asin Thottumkal ,Kalpana Shetty,Ghajini
Filmfare Award for Best Actress, ,Kajol,Piya Thapar Mehra,U Me Aur Hum
