0,1,2,3,4,5,6,7,8,9,10,11,12,13
Keiō Line,Sasazuka,笹塚,3.6,3.6,●,●,●,●,｜,｜,"KO Keiō New Line (some trains through from Chōfu, Hashimoto, and Keiō-Hachiōji)",Shibuya,None
Keiō Line,Daitabashi,代田橋,0.8,4.4,｜,｜,｜,｜,｜,｜, ,Setagaya,None
Keiō Line,Sakurajōsui,桜上水,0.9,7.0,●,●,●,｜,｜,｜, ,Setagaya,None
Keiō Line,Kami-Kitazawa,上北沢,0.8,7.8,｜,｜,｜,｜,｜,｜, ,Setagaya,None
Keiō Line,Hachimanyama,八幡山,0.6,8.4,●,｜,｜,｜,｜,｜, ,Suginami,None
Keiō Line,Roka-kōen,芦花公園,0.7,9.1,｜,｜,｜,｜,｜,｜, ,Setagaya,None
Keiō Line,Chitose-Karasuyama,千歳烏山,0.8,9.9,●,●,●,●,｜,｜, ,Setagaya,None
Keiō Line,Sengawa,仙川,1.6,11.5,●,●,｜,｜,｜,｜, ,Chōfu,None
Keiō Line,Tsutsujigaoka,つつじヶ丘,1.0,12.5,●,●,●,｜,｜,｜, ,Chōfu,None
Keiō Line,Shibasaki,柴崎,0.8,13.3,｜,｜,｜,｜,｜,｜, ,Chōfu,None
Keiō Line,Kokuryō,国領,0.9,14.2,｜,｜,｜,｜,｜,｜, ,Chōfu,None
Keiō Line,Fuda,布田,0.7,14.9,◇,◇,◇,◇,｜,｜, ,Chōfu,None
Keiō Line,Chōfu,調布,0.6,15.5,●,●,●,●,｜,｜,KO Keiō Sagamihara Line (some trains through from Shinjuku),Chōfu,None
Keiō Line,Nishi-Chōfu,西調布,1.5,17.0,●,｜,｜,｜,｜,｜, ,Chōfu,None
Keiō Line,Tobitakyū,飛田給,0.7,17.7,●,◇,◇,◇,◇,｜, ,Chōfu,None
Keiō Line,Musashinodai,武蔵野台,1.1,18.8,●,｜,｜,｜,｜,｜, Seibu Tamagawa Line (Shiraitodai or Tama),Fuchū,None
Keiō Line,Tama-Reien,多磨霊園,0.8,19.6,●,｜,｜,｜,｜,｜, ,Fuchū,None
Keiō Line,Higashi-Fuchū,東府中,0.8,20.4,●,●,●,◇,｜,｜,KO Keiō Keibajō Line (some trains through from Shinjuku),Fuchū,None
Keiō Line,Fuchū,府中,1.5,21.9,●,●,●,●,●,▲, ,Fuchū,None
Keiō Line,Nakagawara,中河原,1.6,24.7,●,●,｜,｜,｜,｜, ,Fuchū,None
Keiō Line,Seiseki-Sakuragaoka,聖蹟桜ヶ丘,1.6,26.3,●,●,●,●,●,▲, ,Tama,None
Keiō Line,Mogusaen,百草園,1.7,28.0,●,●,◇,◇,｜,｜, ,Hino,None
Keiō Line,Takahatafudō,高幡不動,1.7,29.7,●,●,●,●,●,▲,KO Keiō Dōbutsuen Line (some trains through from Shinjuku)■ Tama Toshi Monorail Line,Hino,None
Keiō Line,Minamidaira,南平,2.4,32.1,●,●,｜,｜,｜,｜, ,Hino,None
Keiō Line,Hirayamajōshi-kōen,平山城址公園,1.3,33.4,●,●,｜,｜,｜,｜, ,Hino,None
Keiō Line,Naganuma,長沼,1.5,34.9,●,●,｜,｜,｜,｜, ,Hachiōji,None
Keiō Line,Kitano,北野,1.2,36.1,●,●,●,●,●,▲,KO Keiō Takao Line (some trains through from Shinjuku),Hachiōji,None
Keiō Line,Keiō-Hachiōji,京王八王子,1.8,37.9,●,●,●,●,●,,"
JC Chuo Main Line (Hachiōji)
JH Yokohama Line (Hachiōji)
■ Hachiko Line (Hachiōji)
",Hachiōji,None
