0,1,2,3,4
Washington D.C. Area Film Critics Association Award for Best Actor,2003,Chiwetel Ejiofor,Dirty Pretty Things,Okwe
Washington D.C. Area Film Critics Association Award for Best Actor,2003,Ben Kingsley,House of Sand and Fog,Behrani
Washington D.C. Area Film Critics Association Award for Best Actor,2003,Sean Penn,Mystic River,Jimmy Markum
Washington D.C. Area Film Critics Association Award for Best Actor,2003,Johnny Depp,Pirates of the Caribbean: The Curse of the Black Pearl,Captain Jack Sparrow
Washington D.C. Area Film Critics Association Award for Best Actor,2005,Heath Ledger,Brokeback Mountain,Ennis Del Mar
Washington D.C. Area Film Critics Association Award for Best Actor,2005,David Strathairn,"Good Night, and Good Luck.",Edward R. Murrow
Washington D.C. Area Film Critics Association Award for Best Actor,2005,Terrence Howard,Hustle & Flow,DJay
Washington D.C. Area Film Critics Association Award for Best Actor,2005,Joaquin Phoenix,Walk the Line,Johnny Cash
Washington D.C. Area Film Critics Association Award for Best Actor,2006,Forest Whitaker,The Last King of Scotland,Idi Amin
Washington D.C. Area Film Critics Association Award for Best Actor,2009,Colin Firth,A Single Man,George Falconer
Washington D.C. Area Film Critics Association Award for Best Actor,2009,Morgan Freeman,Invictus,Nelson Mandela
Washington D.C. Area Film Critics Association Award for Best Actor,2009,Jeremy Renner,The Hurt Locker,SFC. William James
Washington D.C. Area Film Critics Association Award for Best Actor,2009,Viggo Mortensen,The Road,The Man
