0,1,2,3,4
My Fair Lady (movie),Academy Awards,Best Art Direction – Color,Art Direction: Gene Allen and Cecil Beaton  Set Decoration: George James Hopkins,Won
My Fair Lady (movie),Academy Awards,Best Cinematography – Color,Harry Stradling,Won
My Fair Lady (movie),Academy Awards,Best Costume Design – Color,Cecil Beaton,Won
My Fair Lady (movie),Academy Awards,Best Scoring of Music – Adaptation or Treatment,André Previn,Won
My Fair Lady (movie),American Cinema Editors Awards,Best Edited Feature Film,William Ziegler,Nominated
My Fair Lady (movie),Boxoffice Magazine Awards,Best Picture of the Month for the Whole Family (December),George Cukor,Won
My Fair Lady (movie),British Academy Film Awards,Best Film from any Source,George Cukor,Won
My Fair Lady (movie),British Academy Film Awards,Best British Actor,Rex Harrison,Nominated
My Fair Lady (movie),Cinema Writers Circle Awards,Best Foreign Film,Best Foreign Film,Won
My Fair Lady (movie),David di Donatello Awards,Best Foreign Production,Jack L. Warner,Won
My Fair Lady (movie),David di Donatello Awards,Best Foreign Actor,Rex Harrison,Won
My Fair Lady (movie),David di Donatello Awards,Best Foreign Actress,Audrey Hepburn,Won
My Fair Lady (movie),Directors Guild of America Awards,Outstanding Directorial Achievement in Motion Pictures,George Cukor,Won
My Fair Lady (movie),Golden Globe Awards,Best Motion Picture – Musical or Comedy,Best Motion Picture – Musical or Comedy,Won
My Fair Lady (movie),Golden Globe Awards,Best Director – Motion Picture,George Cukor,Won
My Fair Lady (movie),Golden Globe Awards,Best Actor in a Motion Picture – Musical or Comedy,Rex Harrison,Won
My Fair Lady (movie),Golden Globe Awards,Best Actress in a Motion Picture – Musical or Comedy,Audrey Hepburn,Nominated
My Fair Lady (movie),Golden Globe Awards,Best Supporting Actor – Motion Picture,Stanley Holloway,Nominated
My Fair Lady (movie),Laurel Awards,Top Road Show,Top Road Show,Won
My Fair Lady (movie),Laurel Awards,Top Male Musical Performance,Rex Harrison,Won
My Fair Lady (movie),Laurel Awards,Top Female Musical Performance,Audrey Hepburn,Nominated
My Fair Lady (movie),Laurel Awards,Top Male Supporting Performance,Stanley Holloway,Nominated
My Fair Lady (movie),National Board of Review Awards,Top Ten Films,Top Ten Films,2nd Place
My Fair Lady (movie),National Film Preservation Board,National Film Registry,National Film Registry,Inducted
My Fair Lady (movie),New York Film Critics Circle Awards,Best Film,Best Film,Won
My Fair Lady (movie),New York Film Critics Circle Awards,Best Director,George Cukor,Nominated
My Fair Lady (movie),New York Film Critics Circle Awards,Best Actor,Rex Harrison,Won
My Fair Lady (movie),New York Film Critics Circle Awards,Best Actress,Audrey Hepburn,Nominated
My Fair Lady (movie),Online Film & Television Association Awards,Hall of Fame – Motion Picture,Hall of Fame – Motion Picture,Won
My Fair Lady (movie),Writers Guild of America Awards,Best Written American Musical,Alan Jay Lerner,Nominated
