0,1,2,3,4
AACTA Award for Best Actress in a Leading Role,2011(1st),Frances O'Connor,The Hunter,Lucy Armstrong
AACTA Award for Best Actress in a Leading Role,2011(1st),Charlotte Rampling,The Eye of the Storm,Elizabeth Hunter
AACTA Award for Best Actress in a Leading Role,2011(1st),Emily Watson,Oranges and Sunshine,Margaret Humphreys
AACTA Award for Best Actress in a Leading Role,2012(2nd),Toni Collette,Mental,Shaz
AACTA Award for Best Actress in a Leading Role,2012(2nd),Felicity Price,Wish You Were Here,Alice Flannery
AACTA Award for Best Actress in a Leading Role,2012(2nd),Sarah Snook,Not Suitable for Children,Stevie
AACTA Award for Best Actress in a Leading Role,2013(3rd),Carey Mulligan,The Great Gatsby,Daisy Buchanan
AACTA Award for Best Actress in a Leading Role,2013(3rd),Tasma Walton,Mystery Road,Mary Swan
AACTA Award for Best Actress in a Leading Role,2013(3rd),Naomi Watts,Adoration,Lil
AACTA Award for Best Actress in a Leading Role,2014(4th),Kate Box,The Little Death,Rowena
AACTA Award for Best Actress in a Leading Role,2014(4th),Essie Davis,The Babadook,Amelia
AACTA Award for Best Actress in a Leading Role,2014(4th),Mia Wasikowska,Tracks,Robyn Davidson
AACTA Award for Best Actress in a Leading Role,2015(5th) ,Kate Winslet,The Dressmaker,Myrtle 'Tilly' Dunnage
AACTA Award for Best Actress in a Leading Role,2015(5th) ,Robyn Butler,Now Add Honey,Caroline Morgan
AACTA Award for Best Actress in a Leading Role,2015(5th) ,Ningali Lawford-Wolf,Last Cab to Darwin,Polly
AACTA Award for Best Actress in a Leading Role,2015(5th) ,Charlize Theron,Mad Max: Fury Road,Imperator Furiosa
AACTA Award for Best Actress in a Leading Role,2016(6th),Odessa Young,The Daughter,Hedvig
AACTA Award for Best Actress in a Leading Role,2016(6th),Maeve Dermody,Pawno,Kate
AACTA Award for Best Actress in a Leading Role,2016(6th),Maggie Naouri,Joe Cinque's Consolation,Anu Singh
AACTA Award for Best Actress in a Leading Role,2016(6th),Teresa Palmer,Hacksaw Ridge,Dorothy Schutte
AACTA Award for Best Actress in a Leading Role,2017(7th),Emma Booth,Hounds of Love,Evelyn White
AACTA Award for Best Actress in a Leading Role,2017(7th),Teresa Palmer,Berlin Syndrome,Clare
AACTA Award for Best Actress in a Leading Role,2017(7th),Helana Sawires,Ali's Wedding,Dianne
AACTA Award for Best Actress in a Leading Role,2017(7th),Sara West,Don't Tell,Lyndal
AACTA Award for Best Actress in a Leading Role,2018(8th),Angourie Rice,Ladies in Black,Lisa
AACTA Award for Best Actress in a Leading Role,2018(8th),Abbey Lee,1%,Katrina
AACTA Award for Best Actress in a Leading Role,2018(8th),Rooney Mara,Mary Magdalene,Mary Magdalene
AACTA Award for Best Actress in a Leading Role,2018(8th),Kate Mulvany,The Merger,Angie Barlow
AACTA Award for Best Actress in a Leading Role,2018(8th),Julia Ormond,Ladies in Black,Magda
AACTA Award for Best Actress in a Leading Role,2019(9th),Aisling Franciosi,The Nightingale,Clare Carroll
AACTA Award for Best Actress in a Leading Role,2019(9th),Nazanin Boniadi,Hotel Mumbai,Zahra
AACTA Award for Best Actress in a Leading Role,2019(9th),Teresa Palmer,Ride Like a Girl,Michelle Payne
AACTA Award for Best Actress in a Leading Role,2019(9th),Miranda Tapsell,Top End Wedding,Lauren
AACTA Award for Best Actress in a Leading Role,2019(9th),Mia Wasikowska,Judy and Punch,Judy
