0,1,2,3,4,5,6,7
Jōetsu Line,Takasakitonyamachi,高崎問屋町,2.8,2.8, ,Takasaki,Gunma
Jōetsu Line,Ino,井野,1.2,4.0, ,Takasaki,Gunma
Jōetsu Line,Shin-Maebashi,新前橋,3.3,7.3,■Ryōmō Line,Maebashi,Gunma
Jōetsu Line,Gumma-Sōja,群馬総社,4.8,12.1, ,Maebashi,Gunma
Jōetsu Line,Yagihara,八木原,5.6,17.7, ,Shibukawa,Gunma
Jōetsu Line,Shikishima,敷島,6.4,27.5, ,Shibukawa,Gunma
Jōetsu Line,Tsukuda,津久田,3.0,30.5, ,Shibukawa,Gunma
Jōetsu Line,Iwamoto,岩本,5.8,36.3, ,Numata,Gunma
Jōetsu Line,Numata,沼田,5.0,41.3, ,Numata,Gunma
Jōetsu Line,Gokan,後閑,5.2,46.5, ,"Minakami, Tone District",Gunma
Jōetsu Line,Kamimoku,上牧,7.1,53.6, ,"Minakami, Tone District",Gunma
Jōetsu Line,Minakami,水上,5.4,59.0, ,"Minakami, Tone District",Gunma
Jōetsu Line,Yubiso,湯檜曽,3.7,62.7, ,"Minakami, Tone District",Gunma
Jōetsu Line,Doai,土合,6.6,69.3, ,"Minakami, Tone District",Gunma
Jōetsu Line,Tsuchitaru,土樽,10.8,80.1, ,"Yuzawa, Minamiuonuma District",Niigata
Jōetsu Line,Echigo-Nakazato,越後中里,7.3,87.4, ,"Yuzawa, Minamiuonuma District",Niigata
Jōetsu Line,Iwappara-Skiing Ground,岩原スキー場前,3.7,91.1, ,"Yuzawa, Minamiuonuma District",Niigata
Jōetsu Line,Echigo-Yuzawa,越後湯沢,3.1,94.2,"
Jōetsu Shinkansen
Jōetsu Line (for Gala-Yuzawa)
","Yuzawa, Minamiuonuma District",Niigata
Jōetsu Line,Ishiuchi,石打,6.4,100.6, ,Minamiuonuma,Niigata
Jōetsu Line,Ōsawa,大沢,4.0,104.6, ,Minamiuonuma,Niigata
Jōetsu Line,Jōetsu International Skiing Ground,上越国際スキー場前,1.0,105.6, ,Minamiuonuma,Niigata
Jōetsu Line,Shiozawa,塩沢,2.3,107.9, ,Minamiuonuma,Niigata
Jōetsu Line,Itsukamachi,五日町◇,6.6,118.4, ,Minamiuonuma,Niigata
Jōetsu Line,Urasa,浦佐,5.5,123.9,Jōetsu Shinkansen,Minamiuonuma,Niigata
Jōetsu Line,Yairo,八色,3.1,127.0, ,Minamiuonuma,Niigata
Jōetsu Line,Echigo-Horinouchi,越後堀之内,2.5,134.7, ,Uonuma,Niigata
Jōetsu Line,Kita-Horinouchi,北堀之内,3.4,138.1, ,Uonuma,Niigata
Jōetsu Line,Ojiya,小千谷,6.6,149.4, ,Ojiya,Niigata
Jōetsu Line,Echigo-Takiya,越後滝谷,7.2,156.6, ,Nagaoka,Niigata
Jōetsu Line,Miyauchi,宮内,6.0,162.6,■Shinetsu Main Line (for Naoetsu),Nagaoka,Niigata
Jōetsu Line,Nagaoka,長岡,1.6,165.6,"
Jōetsu Shinkansen
■Shinetsu Main Line (for Niigata)
",Nagaoka,Niigata
