0,1,2,3,4
Washington D.C. Area Film Critics Association Award for Best Supporting Actress,2010,Amy Adams,The Fighter,Charlene Fleming
Washington D.C. Area Film Critics Association Award for Best Supporting Actress,2010,Helena Bonham Carter,The King's Speech,Queen Elizabeth
Washington D.C. Area Film Critics Association Award for Best Supporting Actress,2010,Hailee Steinfeld,True Grit,"Mattalyn ""Mattie"" Ross"
Washington D.C. Area Film Critics Association Award for Best Supporting Actress,2010,Jacki Weaver,Animal Kingdom,"Janine ""Smurf"" Cody"
Washington D.C. Area Film Critics Association Award for Best Supporting Actress,2011,Bérénice Bejo,The Artist,Peppy Miller
Washington D.C. Area Film Critics Association Award for Best Supporting Actress,2011,Melissa McCarthy,Bridesmaids,Megan Price
Washington D.C. Area Film Critics Association Award for Best Supporting Actress,2011,Carey Mulligan,Shame,Sissy Sullivan
Washington D.C. Area Film Critics Association Award for Best Supporting Actress,2011,Shailene Woodley,The Descendants,"Alexandra ""Alex"" King"
Washington D.C. Area Film Critics Association Award for Best Supporting Actress,2012,Anne Hathaway,Les Misérables,Fantine
Washington D.C. Area Film Critics Association Award for Best Supporting Actress,2012,Amy Adams,The Master,Peggy Dodd
Washington D.C. Area Film Critics Association Award for Best Supporting Actress,2012,Samantha Barks,Les Misérables,Éponine
Washington D.C. Area Film Critics Association Award for Best Supporting Actress,2012,Sally Field,Lincoln,Mary Todd Lincoln
Washington D.C. Area Film Critics Association Award for Best Supporting Actress,2012,Helen Hunt,The Sessions,Cheryl Cohen-Greene
Washington D.C. Area Film Critics Association Award for Best Supporting Actress,2013,Scarlett Johansson,Her,Samantha
Washington D.C. Area Film Critics Association Award for Best Supporting Actress,2013,Jennifer Lawrence,American Hustle,Rosalyn Rosenfeld
Washington D.C. Area Film Critics Association Award for Best Supporting Actress,2013,Octavia Spencer,Fruitvale Station,Wanda Johnson
Washington D.C. Area Film Critics Association Award for Best Supporting Actress,2013,June Squibb,Nebraska,Kate Grant
Washington D.C. Area Film Critics Association Award for Best Supporting Actress,2014,Jessica Chastain,A Most Violent Year,Anna Morales
Washington D.C. Area Film Critics Association Award for Best Supporting Actress,2014,Laura Dern,Wild,Bobbi Grey
Washington D.C. Area Film Critics Association Award for Best Supporting Actress,2014,Emma Stone,Birdman,Sam Thomson
Washington D.C. Area Film Critics Association Award for Best Supporting Actress,2014,Tilda Swinton,Snowpiercer,Deputy-Minister Mason
Washington D.C. Area Film Critics Association Award for Best Supporting Actress,2015,Alicia Vikander,Ex Machina,Ava
Washington D.C. Area Film Critics Association Award for Best Supporting Actress,2015,Jennifer Jason Leigh,The Hateful Eight,Daisy Domergue
Washington D.C. Area Film Critics Association Award for Best Supporting Actress,2015,Rooney Mara,Carol,Therese Belivet
Washington D.C. Area Film Critics Association Award for Best Supporting Actress,2015,Alicia Vikander,The Danish Girl,Gerda Wegener
Washington D.C. Area Film Critics Association Award for Best Supporting Actress,2015,Kate Winslet,Steve Jobs,Joanna Hoffman
Washington D.C. Area Film Critics Association Award for Best Supporting Actress,2016,Viola Davis,Fences,Rose Maxson
Washington D.C. Area Film Critics Association Award for Best Supporting Actress,2016,Greta Gerwig,20th Century Women,Abbie
Washington D.C. Area Film Critics Association Award for Best Supporting Actress,2016,Naomie Harris,Moonlight,Paula
Washington D.C. Area Film Critics Association Award for Best Supporting Actress,2016,Molly Shannon,Other People,Joanne Mayer
Washington D.C. Area Film Critics Association Award for Best Supporting Actress,2016,Michelle Williams,Manchester by the Sea,Randi Chandler
Washington D.C. Area Film Critics Association Award for Best Supporting Actress,2017,Laurie Metcalf,Lady Bird,Marion McPherson
Washington D.C. Area Film Critics Association Award for Best Supporting Actress,2017,Mary J. Blige,Mudbound,Florence Jackson
Washington D.C. Area Film Critics Association Award for Best Supporting Actress,2017,Tiffany Haddish,Girls Trip,Dina
Washington D.C. Area Film Critics Association Award for Best Supporting Actress,2017,Holly Hunter,The Big Sick,Beth Gardner
Washington D.C. Area Film Critics Association Award for Best Supporting Actress,2017,Allison Janney,"I, Tonya",LaVona Golden
Washington D.C. Area Film Critics Association Award for Best Supporting Actress,2018,Regina King,If Beale Street Could Talk,Sharon Rivers
Washington D.C. Area Film Critics Association Award for Best Supporting Actress,2018,Cynthia Erivo,Bad Times at the El Royale,Darlene Sweet
Washington D.C. Area Film Critics Association Award for Best Supporting Actress,2018,Nicole Kidman,Boy Erased,Nancy Eamons
Washington D.C. Area Film Critics Association Award for Best Supporting Actress,2018,Emma Stone,The Favourite,Abigail Masham
Washington D.C. Area Film Critics Association Award for Best Supporting Actress,2018,Rachel Weisz,The Favourite,Sarah Churchill
Washington D.C. Area Film Critics Association Award for Best Supporting Actress,2019,Jennifer Lopez,Hustlers,Ramona Vega
Washington D.C. Area Film Critics Association Award for Best Supporting Actress,2019,Laura Dern,Marriage Story,Nora Fanshaw
Washington D.C. Area Film Critics Association Award for Best Supporting Actress,2019,Scarlett Johansson,Jojo Rabbit,Rosie Betzler
Washington D.C. Area Film Critics Association Award for Best Supporting Actress,2019,Florence Pugh,Little Women,Amy March
Washington D.C. Area Film Critics Association Award for Best Supporting Actress,2019,Zhao Shuzhen,The Farewell,Nai Nai
