0,1,2,3
Satellite award for best costume design,1996,Hamlet,Alexandra Byrne
Satellite award for best costume design,1996,Moll Flanders,Consolata Boyle
Satellite award for best costume design,1996,The Portrait of a Lady,Janet Patterson
Satellite award for best costume design,1996,Ridicule,Christian Gasc
Satellite award for best costume design,1997,Amistad,Ruth E. Carter
Satellite award for best costume design,1997,Beaumarchais the Scoundrel (Beaumarchais l'insolent),Sylvie de Segonzac
Satellite award for best costume design,1997,Mrs Brown,Deirdre Clancy
Satellite award for best costume design,1997,The Wings of the Dove,Sandy Powell
Satellite award for best costume design,1998,Beloved,Colleen Atwood
Satellite award for best costume design,1998,Ever After,Jenny Beavan
Satellite award for best costume design,1998,Pleasantville,Judianna Makovsky
Satellite award for best costume design,1998,Shakespeare in Love,Sandy Powell
Satellite award for best costume design,1999,Anna and the King,Jenny Beavan
Satellite award for best costume design,1999,The Emperor and the Assassin (Jing Ke ci Qin Wang),Mo Xiaomin
Satellite award for best costume design,1999,An Ideal Husband,Caroline Harris
Satellite award for best costume design,1999,The Red Violin (Le Violon Rouge),Renée April
Satellite award for best costume design,1999,Titus,Milena Canonero
