0,1,2,3,4,5,6,7,8,9
北京地铁十三号线,,,,,,,,,
北京地铁十三号线,1302,Dazhongsi,大钟寺,,87 88 94 300 302 315 361 368 425 606 658 695 921 夜30 专168,0:03,2.839,2.839,Haidian
北京地铁十三号线,1303,Zhichun Lu,知春路, 10 ,304 311 319 386 579 601 630 653 671 夜9 专168,0:05,1.206,4.045,Haidian
北京地铁十三号线,1304,Wudaokou,五道口,,86 307 331 375 398 508 549 630 专12,0:08,1.829,5.874,Haidian
北京地铁十三号线,1305,Shangdi,上地,,447 449 495 521 623 681 909 专28 专29 专60,0:13,4.866,10.74,Haidian
北京地铁十三号线,—,Qinghe railway station,清河站, Changping   QIP Huairou–Miyun,333 521 603 623 专29 专139,0:15,1.036,11.776,Haidian
北京地铁十三号线,1307,Longze,龙泽,,428 441 463 519 543 625 996 昌19 昌21 昌25 昌58 专80 专102 专103,0:21,3.623,16.944,Changping
北京地铁十三号线,1308,Huilongguan,回龙观,,460 461 557 560 636 681 880快 887 昌25 专89 专101 专102 专121,0:24,1.423,18.367,Changping
北京地铁十三号线,1311,Beiyuan,北苑,,141 466 484 530 596 621 653 695 966 夜26 专20 专81 专107 专164 专197,0:36,2.272,27.534,Chaoyang
北京地铁十三号线,1314,Guangximen,光熙门,,95 130 300 302 368 379 419 547 596 604 641 671 847 916快 942快 980快 夜30,0:49,1.11,37.516,Chaoyang
北京地铁十三号线,1315,Liufang,柳芳,,104 110 116 123 130 夜24,0:51,1.135,38.651,Chaoyang
北京地铁十三号线,,,,,,,,,
