0,1,2,3,4,5
1918 general election,Barrow-in-Furness,Charles Duncan,"12,309",49.4,2
1918 general election,Doncaster,Robert Morley,"5,153",25.0,2
1920 by-election,The Wrekin,Charles Duncan,"8,729",38.4,2
1922 general election,Maldon,George Dallas,"6,085",27.8,2
1922 general election,Penryn and Falmouth,Joseph Harris,"4,482",16.6,3
1922 general election,Portsmouth Central,Arthur Gourd,"6,126",21.4,4
1922 general election,Sheffield Park,Robert Morley,"10,578",47.8,2
1923 general election,Plymouth Devonport,Joseph Harris,"4,158",15.5,3
1923 general election,Roxburgh and Selkirk,George Dallas,"6,811",26.1,3
1924 general election,Edinburgh North,Eleanor Stewart,"8,192",27.9,2
