0,1,2,3,4
Cesar Award for Best Music Written for a Film,2000,The Children of the Marshland,Les enfants du marais,Pierre Bachelet
Cesar Award for Best Music Written for a Film,2000,East/West,Est - Ouest,Patrick Doyle
Cesar Award for Best Music Written for a Film,2000,The Messenger: The Story of Joan of Arc,The Messenger: The Story of Joan of Arc,Éric Serra
Cesar Award for Best Music Written for a Film,2001,I Come,Vengo,"Tony Gatlif, La Caita, Sheikh Ahmad Al Tuni and Tomatito"
Cesar Award for Best Music Written for a Film,2001,The Crimson Rivers,Les rivières pourpres,Bruno Coulais
Cesar Award for Best Music Written for a Film,2001,"Harry, He's Here to Help","Harry, un ami qui vous veut du bien",David Whitaker
Cesar Award for Best Music Written for a Film,2001,Saint-Cyr,Saint-Cyr,John Cale
Cesar Award for Best Music Written for a Film,2002,Amélie,Le fabuleux destin d'Amélie Poulain,Yann Tiersen
Cesar Award for Best Music Written for a Film,2002,Brotherhood of the Wolf,Le pacte des loups,Joseph LoDuca
Cesar Award for Best Music Written for a Film,2002,Read My Lips,Sur mes lèvres,Alexandre Desplat
Cesar Award for Best Music Written for a Film,2002,Winged Migration,Le peuple migrateur,Bruno Coulais
Cesar Award for Best Music Written for a Film,2003,8 Women,8 femmes,Krishna Levy
Cesar Award for Best Music Written for a Film,2003,Amen.,Amen.,Armand Amar
Cesar Award for Best Music Written for a Film,2003,Safe Conduct,Laissez-passer,Antoine Duhamel
Cesar Award for Best Music Written for a Film,2004,The Triplets of Belleville,Les triplettes de Belleville,Benoît Charest
Cesar Award for Best Music Written for a Film,2004,Bon voyage,Bon voyage,Gabriel Yared
Cesar Award for Best Music Written for a Film,2004,Mr. N,Monsieur N.,Stephan Eicher
Cesar Award for Best Music Written for a Film,2004,Not on the Lips,Pas sur la bouche,Bruno Fontaine
Cesar Award for Best Music Written for a Film,2005,Exils,Exils,Tony Gatlif and Delphine Mantoulet
Cesar Award for Best Music Written for a Film,2005,The Light,L'équipier,Nicola Piovani
Cesar Award for Best Music Written for a Film,2005,A Very Long Engagement,Un long dimanche de fiançailles,Angelo Badalamenti
Cesar Award for Best Music Written for a Film,2006,Live and Become,"Va, vis et deviens",Armand Amar
Cesar Award for Best Music Written for a Film,2006,March of the Penguins,La marche de l'empereur,Émilie Simon
Cesar Award for Best Music Written for a Film,2006,Merry Christmas,Joyeux Noël,Philippe Rombi
Cesar Award for Best Music Written for a Film,2007,Azur & Asmar: The Princes' Quest,Azur et Asmar,Gabriel Yared
Cesar Award for Best Music Written for a Film,2007,Days of Glory,Indigènes,Armand Amar
Cesar Award for Best Music Written for a Film,2007,The Page Turner,La tourneuse de pages,Jérôme Lemonnier
Cesar Award for Best Music Written for a Film,2007,Private Fears in Public Places,Cœurs,Mark Snow
Cesar Award for Best Music Written for a Film,2008,Intimate Enemies,L'ennemi intime,Alexandre Desplat
Cesar Award for Best Music Written for a Film,2008,Let's Dance,Faut que ça danse!,Archie Shepp
Cesar Award for Best Music Written for a Film,2008,Persepolis,Persepolis,Olivier Bernet
Cesar Award for Best Music Written for a Film,2008,A Secret,Un secret,Zbigniew Preisner
Cesar Award for Best Music Written for a Film,2009,Séraphine,Séraphine,Michael Galasso
Cesar Award for Best Music Written for a Film,2009,The First Day of the Rest of Your Life,Le premier jour du reste de ta vie,Sinclair
Cesar Award for Best Music Written for a Film,2009,I've Loved You So Long,Il y a longtemps que je t'aime,Jean-Louis Aubert
Cesar Award for Best Music Written for a Film,2009,Paris 36,Faubourg 36,Reinhardt Wagner
Cesar Award for Best Music Written for a Film,2009,Public Enemy Number One: Part 1 and 2,L'instinct de mort and L'ennemi public n°1,Marco Beltrami and Marcus Trumpp
