0,1,2,3,4
Count Dracula,1921,Dracula's Death,Erik Vanko,Lost film
Count Dracula,1922,Nosferatu,Max Schreck,Renamed Count Orlok for legal reasons
Count Dracula,1931,Drácula,Carlos Villarías,"Spanish version using the same sets as the Lugosi version, but with a different cast and crew."
Count Dracula,1944,House of Frankenstein,John Carradine,
Count Dracula,1945,House of Dracula,John Carradine,
Count Dracula,1948,Abbott and Costello Meet Frankenstein,Bela Lugosi,
Count Dracula,1953,Drakula İstanbul'da,Atıf Kaptan,
Count Dracula,1958,Dracula,Christopher Lee,
Count Dracula,1964,Batman Dracula,Jack Smith,
Count Dracula,1966,Dracula: Prince of Darkness,Christopher Lee,
Count Dracula,1966,Billy the Kid vs Dracula,John Carradine,
Count Dracula,1967,Mad Monster Party?,Allen Swift,Animated film
Count Dracula,1967,Blood of Dracula's Castle,Alexander D'Arcy,
Count Dracula,1968,Dracula Has Risen from the Grave,Christopher Lee,
Count Dracula,1968,Dracula,Denholm Elliott,Episode of UK TV series Mystery and Imagination
Count Dracula,1969,Las vampiras,John Carradine,
Count Dracula,1969,The Magic Christian,Christopher Lee,
Count Dracula,1970,Count Dracula,Christopher Lee,
Count Dracula,1970,Taste the Blood of Dracula,,Christopher Lee
Count Dracula,1970,One More Time,,Christopher Lee
Count Dracula,1970,Scars of Dracula,,Christopher Lee
Count Dracula,1970,"Cuadecuc, vampir",,Christopher Lee
Count Dracula,1970,Jonathan,Paul Albert Krumm,
Count Dracula,1971,Dracula vs. Frankenstein,Zandor Vorkov,
Count Dracula,1971,Night Gallery,Francis Lederer,"Episode: ""The Devil Is Not Mocked"""
Count Dracula,1972,Blacula,Charles Macaulay,
Count Dracula,1972,Mad Mad Mad Monsters,Allen Swift,Animated film
Count Dracula,1972,Dracula A.D. 1972,Christopher Lee,
Count Dracula,1972,Count Dracula's Great Love,Paul Naschy,
Count Dracula,1973,The Satanic Rites of Dracula,Christopher Lee,
Count Dracula,1973,Bram Stoker's Dracula,Jack Palance,Television film
Count Dracula,1974,Vampira,David Niven,Released in US as Old Dracula
Count Dracula,1976,Dracula and Son,Christopher Lee,
Count Dracula,1977,Dracula's Dog,Michael Pataki,
Count Dracula,1978,Doctor Dracula,John Carradine,
Count Dracula,1979,Cliffhangers,Michael Nouri,"Episode: ""The Curse of Dracula"""
Count Dracula,1979,Nocturna,John Carradine,
Count Dracula,1979,The Halloween That Almost Wasn't,Judd Hirsch,Television film
Count Dracula,1985,Fracchia Vs. Dracula,Edmund Purdom,
Count Dracula,1988,Waxwork,Miles O'Keeffe,
Count Dracula,1988,Scooby-Doo and the Ghoul School,Zale Kessler,Animated film
Count Dracula,1988,Scooby-Doo! and the Reluctant Werewolf,Hamilton Camp,Animated film
Count Dracula,1989,The Super Mario Bros. Super Show,Jim Ward,"Episode: ""Bats in the Basement"""
Count Dracula,1989,Captain N: The Game Master,Garry Chalk,Animated TV series
Count Dracula,1989,Superboy,Lloyd Bochner,"Episode: ""Young Dracula"""
Count Dracula,1990,Attack of the Killer Tomatoes,S. Scott Bullock,"Episode: ""Spatula, Prinze of Dorkness"""
Count Dracula,1990–1991,Dracula: The Series,Geordie Johnson,TV series
Count Dracula,1992,Bram Stoker's Dracula,Gary Oldman,
Count Dracula,1993,The Young Indiana Jones Chronicles,Bob Peck,"Episode: ""Transylvania, January 1918"""
Count Dracula,1993,U.F.O.,Antony Georghiou,
Count Dracula,1994,Monster Force,Robert Bockstael,
Count Dracula,1995,Monster Mash,Anthony Crivello,
Count Dracula,1995,Dracula: Dead and Loving It,Leslie Nielsen,
Count Dracula,1997,The Creeps,Phil Fondacaro,
Count Dracula,2000,Buffy the Vampire Slayer,Rudolf Martin,"Episode: ""Buffy vs. Dracula"""
Count Dracula,2000,Dark Prince: The True Story of Dracula,Rudolf Martin,Television film
Count Dracula,2001,"Dracula, the Musical",Tom Hewitt,
Count Dracula,2002,Dracula: Pages from a Virgin's Diary,Zhang Wei-Qiang,
Count Dracula,2003,Dracula II: Ascension,Stephen Billington,
Count Dracula,2004,Blade: Trinity,Dominic Purcell,
Count Dracula,2004,Dracula 3000,Langley Kirkwood,
Count Dracula,2005,Dracula,Wins Dieus,Indian Malayalam-language television series on Asianet.
Count Dracula,2005,The Batman vs. Dracula,Peter Stormare,Animated film
Count Dracula,2005,Dracula III: Legacy,Rutger Hauer,
Count Dracula,2005–2008,The Grim Adventures of Billy & Mandy,Phil LaMarr,Animated TV series
Count Dracula,2006–2014,Young Dracula,Keith-Lee Castle,TV series
Count Dracula,2008,Dracula,Wins Dieus,Indian Telugu-language television series on Gemini TV.
Count Dracula,2008,Supernatural,Todd Stashwick,"Episode: ""Monster Movie"""
Count Dracula,2008,The Librarian: Curse of the Judas Chalice,Bruce Davison,
Count Dracula,2009,House of the Wolf Man,Michael R. Thomas,
Count Dracula,2012,Family Guy,Seth MacFarlane,"Episode: ""Livin' on a Prayer"""
Count Dracula,2012,Hotel Transylvania,Adam Sandler,Animated film
Count Dracula,2012,Dracula Reborn,Stuart Rigby,Television film
Count Dracula,2013,Dracula 2012,Sudheer Sukumaran,Indian horror film
Count Dracula,2013,Dear Dracula,Ray Liotta,Animated film
Count Dracula,2013,Dracula: The Dark Prince,Luke Roberts,
Count Dracula,2015,Hotel Transylvania 2,Adam Sandler,Animated film
Count Dracula,2016,Welcome To Monster High,Michael Sorich,Animated film
Count Dracula,2017,Monster High: Electrified,Michael Sorich,Animated film
Count Dracula,2017,Monster Family,Jason Isaacs,Animated film
Count Dracula,2017–2018,Monster High: The Adventures of the Ghoul Squad,Michael Sorich,Animated TV series
Count Dracula,2017–2020,Hotel Transylvania,David Berni,Animated TV series
Count Dracula,2017–2021,Castlevania,Graham McTavish,Animated TV series
Count Dracula,2018,Hotel Transylvania 3: Summer Vacation,Adam Sandler,Animated film
Count Dracula,2019,Van Helsing,Tricia Helfer,TV series
Count Dracula,2020,Dracula Sir,Anirban Bhattacharya,Indian Bengali-language film loosely based on the legend of the Dracula.
Count Dracula,2021,Monster Pets,Brian Hull,Replacing Adam Sandler.
Count Dracula,2022,Hotel Transylvania: Transformania,Brian Hull,Replacing Adam Sandler.
Count Dracula,2022,Monster High: The Movie,Steve Valentine,Television film
Count Dracula,2022,Monster High,Ken Marino,Animated TV series
Count Dracula,2022,Dracula: The Original Living Vampire,Jake Herbert,
Count Dracula,2022,The Invitation,Thomas Doherty,
Count Dracula,2023,Renfield,Nicolas Cage,
Count Dracula,2023,The Last Voyage of the Demeter,Javier Botet,
