0,1,2,3,4,5,6,7,8,9
Bloodcopy,Chris Bauer,Andy Bellefleur,Main,Main,Main,Main,Main,Main,Main
Bloodcopy,Nelsan Ellis,Lafayette Reynolds,Main,Main,Main,Main,Main,Main,Main
Bloodcopy,Jim Parrack,Hoyt Fortenberry,Main,Main,Main,Main,Main,,Main
Bloodcopy,Carrie Preston,Arlene Fowler Bellefleur,Main,Main,Main,Main,Main,Main,Main
Bloodcopy,Michael Raymond-James,Rene Lenier / Drew Marshall,Main,,Special Guest,Special Guest,,None,None
Bloodcopy,William Sanderson,Bud Dearborne,Main,Main,Main,,Special Guest,,None
Bloodcopy,Lynn Collins,Dawn Green,Main,,,,,,
Bloodcopy,Lois Smith,Adele Stackhouse,Main,,,Special Guest,,,Special Guest
Bloodcopy,Adina Porter,Lettie Mae Daniels,Main,Recurring,Recurring,Special Guest,Special Guest,Special Guest,Main
Bloodcopy,Alexander Skarsgård,Eric Northman,Main,Main,Main,Main,Main,Main,Main
Bloodcopy,Lizzy Caplan,Amy Burley,Main,,,,,,
Bloodcopy,Stephen Root,Eddie Fournier,Main,Special Guest,,,,,
Bloodcopy,Mehcad Brooks,"""Eggs"" Benedict Talley",Guest,Main,,,,,
Bloodcopy,Anna Camp,Sarah Newlin,,Main,,,,Main,None
Bloodcopy,Michelle Forbes,Maryann Forrester,Recurring,Main,,,,,
Bloodcopy,Todd Lowe,Terry Bellefleur,Recurring,Main,Main,Main,Main,Main,Special Guest
Bloodcopy,Michael McMillian,Reverend Steve Newlin,Recurring,Main,Special Guest,Special Guest,Main,Main,Special Guest
Bloodcopy,Mariana Klaveno,Lorena Krasiki,Guest,Main,Main,,Guest,,None
Bloodcopy,Marshall Allman,Tommy Mickens,,,Main,Main,,None,None
Bloodcopy,Kevin Alejandro,Jesus Velasquez,,,Main,Main,Recurring,,None
Bloodcopy,Denis O'Hare,Russell Edgington,,,Main,,Main,,None
Bloodcopy,Lindsay Pulsipher,Crystal Norris,,,Main,Recurring,,None,None
Bloodcopy,Janina Gavankar,Luna Garza,,,,Main,Main,Special Guest,
Bloodcopy,Fiona Shaw,Marnie Stonebrook,,,,Main,,None,None
Bloodcopy,Jessica Tuck,Nan Flanagan,Recurring,Guest,Recurring,Main,,,Special Guest
Bloodcopy,Scott Foley,Patrick Devins,,,,Special Guest,Main,,None
Bloodcopy,Lucy Griffiths,Nora Gainesborough,,,,,Main,,None
Bloodcopy,Christopher Meloni,Roman Zimojic,,,,,Main,,None
Bloodcopy,Valentina Cervi,Salome Agrippa,,,,,Main,,None
Bloodcopy,Rutger Hauer,Niall Brigant,,,,,,Main,Special Guest
Bloodcopy,Arliss Howard,Truman Burrell,,,,,,Main,
Bloodcopy,Kelly Overton,Rikki Naylor,,,,,Recurring,Main,
Bloodcopy,Robert Patrick,Jackson Herveaux,,,,,Recurring,Main,Special Guest
Bloodcopy,Rob Kazinsky,Macklyn Warlow,,,,,,Main,
Bloodcopy,Jurnee Smollett-Bell,Nicole Wright,,,,,,Main,None
Bloodcopy,Amelia Rose Blaire,Willa Burrell,,,,,,Recurring,Main
Bloodcopy,Gregg Daniel,Reverend Daniels,,,Guest,Guest,,Guest,Main
Bloodcopy,Aaron Christian Howles,Rocky Cleary,,,,,Guest,Recurring,Main
Bloodcopy,Noah Matthews,Wade Cleary,,,,,Guest,Recurring,Main
Bloodcopy,Bailey Noble,Adilyn Bellefleur,,,,,,Recurring,Main
Bloodcopy,Luke Grimes,James Kent,,,,,,Recurring,
Bloodcopy,Nathan Parsons,James Kent,,,,,,,Main
Bloodcopy,Karolina Wydra,Violet Mazurski,,,,,,Recurring,Main
Bloodcopy,Tara Buck,Ginger,Guest,Recurring,Recurring,Recurring,Guest,Recurring,Main
