0,1,2,3,4
César Award for Most Promising Actress,1983(8th),Souad Amidou,Le Grand Frère,Le Grand Frère
César Award for Most Promising Actress,1983(8th),Fabienne Guyon,Une chambre en ville,Une chambre en ville
César Award for Most Promising Actress,1983(8th),Julie Jézéquel,L'Étoile du Nord,L'Étoile du Nord
César Award for Most Promising Actress,1984(9th),Sandrine Bonnaire,À nos amours,À nos amours
César Award for Most Promising Actress,1984(9th),Elizabeth Bourgine,Vive la sociale!,Vive la sociale!
César Award for Most Promising Actress,1984(9th),Laure Duthilleul,Le Destin de Juliette,Le Destin de Juliette
César Award for Most Promising Actress,1984(9th),Agnès Soral,"So Long, Stooge",Tchao Pantin
César Award for Most Promising Actress,1985(10th),Fanny Bastien,Pinot simple flic,Pinot simple flic
César Award for Most Promising Actress,1985(10th),Emmanuelle Béart,Un amour interdit,Un amour interdit
César Award for Most Promising Actress,1985(10th),Sophie Duez,Marche à l'ombre,Marche à l'ombre
César Award for Most Promising Actress,1986(11th),Emmanuelle Béart,L'Amour en douce,L'Amour en douce
César Award for Most Promising Actress,1986(11th),Philippine Leroy-Beaulieu,Three Men and a Cradle,Trois hommes et un couffin
César Award for Most Promising Actress,1986(11th),Charlotte Valandrey,Red Kiss,Rouge Baiser
César Award for Most Promising Actress,1986(11th),Zabou Breitman,Billy Ze Kick,Billy Ze Kick
César Award for Most Promising Actress,1987(12th),Catherine Mouchet,Thérèse,Thérèse
César Award for Most Promising Actress,1987(12th),Dominique Blanc,The Woman of My Life,La Femme de ma vie
César Award for Most Promising Actress,1987(12th),Julie Delpy,The Night Is Young,Mauvais Sang
César Award for Most Promising Actress,1987(12th),Marianne Basler,"Rosa la rose, fille publique","Rosa la rose, fille publique"
César Award for Most Promising Actress,1988(13th),Anne Brochet,Masks,Masques
César Award for Most Promising Actress,1988(13th),Julie Delpy,Beatrice,La Passion Béatrice
César Award for Most Promising Actress,1988(13th),Sophie Renoir,Boyfriends and Girlfriends,L'Ami de mon amie
César Award for Most Promising Actress,1989(14th),Nathalie Cardone,A Strange Place to Meet,Drôle d'endroit pour une rencontre
César Award for Most Promising Actress,1989(14th),Clotilde de Bayser,L'Enfance de l'art,L'Enfance de l'art
César Award for Most Promising Actress,1989(14th),Ingrid Held,La Maison assassinées,La Maison assassinées
