0,1,2,3,4
Patton film,Academy Awards,Best Art Direction,Art Direction: Urie McCleary and Gil Parrondo;  Set Decoration: Antonio Mateos and Pierre-Louis Thévenet,Won
Patton film,American Cinema Editors Awards,Best Edited Feature Film,Hugh S. Fowler,Won
Patton film,British Academy Film Awards,Best Actor in a Leading Role,George C. Scott,Nominated
Patton film,British Academy Film Awards,Best Sound,"Don Hall, Douglas O. Williams, and Don J. Bassman",Nominated
Patton film,Directors Guild of America Awards,Outstanding Directorial Achievement in Motion Pictures,Franklin J. Schaffner,Won
Patton film,Golden Globe Awards,Best Motion Picture – Drama,Best Motion Picture – Drama,Nominated
Patton film,Golden Globe Awards,Best Actor in a Motion Picture – Drama,George C. Scott,Won
Patton film,Golden Globe Awards,Best Director – Motion Picture,Franklin J. Schaffner,Nominated
Patton film,Golden Reel Awards,Best Sound Editing – Feature Film,Best Sound Editing – Feature Film,Won
Patton film,Kansas City Film Circle Critics Awards,Best Film,Best Film,Won
Patton film,Kansas City Film Circle Critics Awards,Best Actor,George C. Scott,Won
Patton film,Laurel Awards,Best Picture,Best Picture,Won
Patton film,Laurel Awards,Top Male Dramatic Performance,George C. Scott,Won
Patton film,Laurel Awards,Top Male Supporting Performance,Karl Malden,Nominated
Patton film,Laurel Awards,Top Cinematographer,Fred J. Koenekamp,Won
Patton film,Laurel Awards,Top Composer,Jerry Goldsmith,Won
Patton film,National Board of Review Awards,Top Ten Films,Top Ten Films,Won
Patton film,National Board of Review Awards,Best Film,Best Film,Won
Patton film,National Board of Review Awards,Best Actor,George C. Scott,Won
Patton film,National Film Preservation Board,National Film Registry,National Film Registry,Inducted
Patton film,New York Film Critics Circle Awards,Best Actor,George C. Scott,Won
Patton film,Online Film & Television Association Awards,Best Motion Picture,Best Motion Picture,Inducted
Patton film,Writers Guild of America Awards,Best Drama – Written Directly for the Screen,Francis Ford Coppola and Edmund H. North,Won
