0,1,2,3,4
Auntie Mame (film),Academy Awards,Best Cinematography – Color,Harry Stradling,Nominated
Auntie Mame (film),British Academy Film Awards,Best Foreign Actress,Rosalind Russell,Nominated
Auntie Mame (film),Golden Globe Awards,Best Motion Picture – Comedy,Best Motion Picture – Comedy,Won
Auntie Mame (film),Golden Globe Awards,Best Actress in a Motion Picture – Musical or Comedy,Rosalind Russell,Won
Auntie Mame (film),Golden Globe Awards,Best Supporting Actress – Motion Picture,Peggy Cass,Nominated
Auntie Mame (film),Golden Globe Awards,Most Promising Newcomer – Female,Joanna Barnes,Nominated
Auntie Mame (film),Grammy Awards,"Best Sound Track Album, Dramatic Picture Score or Original Cast",Ray Heindorf,Nominated
Auntie Mame (film),Laurel Awards,Top General Entertainment,Top General Entertainment,Won
Auntie Mame (film),Laurel Awards,Top Female Comedy Performance,Rosalind Russell,Won
Auntie Mame (film),Laurel Awards,Top Female Supporting Performance,Peggy Cass,Nominated
Auntie Mame (film),Laurel Awards,Top Cinematography – Color,Harry Stradling,Nominated
Auntie Mame (film),Online Film & Television Association Awards,Hall of Fame – Motion Picture,Hall of Fame – Motion Picture,Won
