0,1,2,3,4,5
Mary Poppins (film musical),Academy Awards,"April 5, 1965",Best Art Direction – Color,Art Direction: Carroll Clark and William H. Tuntke;  Set Decoration: Emile Kuri and Hal Gausman,Nominated
Mary Poppins (film musical),Academy Awards,"April 5, 1965",Best Cinematography – Color,Edward Colman,Nominated
Mary Poppins (film musical),Academy Awards,"April 5, 1965",Best Costume Design – Color,Tony Walton,Nominated
Mary Poppins (film musical),Academy Awards,"April 5, 1965",Best Scoring of Music – Adaptation or Treatment,Irwin Kostal,Nominated
Mary Poppins (film musical),Academy Awards,"April 5, 1965",Best Song,"""Chim Chim Cher-ee""  Music and Lyrics by Richard M. Sherman and Robert B. Sherman",Won
Mary Poppins (film musical),British Academy Film Awards,1965,Most Promising Newcomer to Leading Film Roles,Julie Andrews,Won
Mary Poppins (film musical),Directors Guild of America Awards,1965,Outstanding Directorial Achievement in Motion Pictures,Robert Stevenson,Nominated
Mary Poppins (film musical),Golden Globe Awards,"February 8, 1965",Best Motion Picture – Musical or Comedy,Best Motion Picture – Musical or Comedy,Nominated
Mary Poppins (film musical),Golden Globe Awards,"February 8, 1965",Best Actor in a Motion Picture – Musical or Comedy,Dick Van Dyke,Nominated
Mary Poppins (film musical),Golden Globe Awards,"February 8, 1965",Best Actress in a Motion Picture – Musical or Comedy,Julie Andrews,Won
Mary Poppins (film musical),Golden Globe Awards,"February 8, 1965",Best Original Score – Motion Picture,Richard M. Sherman and Robert B. Sherman,Nominated
Mary Poppins (film musical),Grammy Awards,"April 13, 1965",Best Recording for Children,"Mary Poppins: Original Cast Soundtrack  Julie Andrews, Dick Van Dyke, Glynis Johns, David Tomlinson and Ed Wynn",Won
Mary Poppins (film musical),Grammy Awards,"April 13, 1965",Best Original Score Written for a Motion Picture or Television Show,Mary Poppins: Original Cast Soundtrack  Richard M. Sherman and Robert B. Sherman,Won
Mary Poppins (film musical),Las Vegas Film Critics Society Awards,2005,"Best DVD (packaging, content and transfer)",Mary Poppins: 40th Anniversary Edition,Won
Mary Poppins (film musical),New York Film Critics Circle Awards,"January 23, 1965",Best Actress,Julie Andrews,Nominated
Mary Poppins (film musical),Online Film & Television Association Awards,2013,Hall of Fame – Motion Picture,Hall of Fame – Motion Picture,Inducted
Mary Poppins (film musical),Online Film & Television Association Awards,2021,Hall of Fame – Characters,Mary Poppins,Inducted
Mary Poppins (film musical),Online Film & Television Association Awards,2021,Hall of Fame – Songs,"""Supercalifragilisticexpialidocious""",Inducted
Mary Poppins (film musical),Writers Guild of America Awards,1965,Best Written American Musical,Bill Walsh and Don DaGradi,Won
