0,1,2,3,4
Mississipi Burning,1989 Annual ACE Eddie Awards,Best Edited Feature Film – Dramatic,Gerry Hambling,Won
Mississipi Burning,1989 Annual ASC Awards,Best Edited Feature Film,Gerry Hambling,Nominated
Mississipi Burning,39th Berlin International Film Festival,Silver Bear for Best Actor,Gene Hackman,Won
Mississipi Burning,39th Berlin International Film Festival,Silver Bear for Best Director,Alan Parker,Nominated
Mississipi Burning,43rd British Academy Film Awards,Best Sound,"Bill Phillips, Danny Michael, Robert J. Litt, Elliot Tyson, Rick Kline",Won
Mississipi Burning,43rd British Academy Film Awards,Best Cinematography,Peter Biziou,Won
Mississipi Burning,43rd British Academy Film Awards,Best Editing,Gerry Hambling,Won
Mississipi Burning,43rd British Academy Film Awards,Best Direction,Alan Parker,Nominated
Mississipi Burning,43rd British Academy Film Awards,Best Film Music,Trevor Jones,Nominated
Mississipi Burning,1989 British Society of Cinematographers Awards,Best Cinematography,Peter Biziou,Won
Mississipi Burning,1989 Artios Awards,Best Casting for a Drama Film,"Howard Feuer, Juliet Taylor",Won
Mississipi Burning,2nd Chicago Film Critics Association Awards,Best Film,————,Won
Mississipi Burning,2nd Chicago Film Critics Association Awards,Best Supporting Actress,Frances McDormand,Won
Mississipi Burning,2nd Chicago Film Critics Association Awards,Best Actor,Gene Hackman,Nominated
Mississipi Burning,2nd Chicago Film Critics Association Awards,Best Supporting Actor,Brad Dourif,Nominated
Mississipi Burning,David di Donatello Awards,Best Foreign Actor,Gene Hackman,Nominated
Mississipi Burning,David di Donatello Awards,Best Foreign Film,Alan Parker,Nominated
Mississipi Burning,41st Directors Guild of America Awards,Outstanding Directing – Feature Film,Alan Parker,Nominated
Mississipi Burning,1988 Kansas City Film Critics Circle Awards,Best Supporting Actress,Frances McDormand,Won
Mississipi Burning,14th Los Angeles Film Critics Association Awards,Best Actor,Gene Hackman,Nominated
Mississipi Burning,46th Golden Globe Awards,Best Motion Picture – Drama,————,Nominated
Mississipi Burning,46th Golden Globe Awards,Best Director,Alan Parker,Nominated
Mississipi Burning,46th Golden Globe Awards,Best Actor – Motion Picture Drama,Gene Hackman,Nominated
Mississipi Burning,46th Golden Globe Awards,Best Screenplay,Chris Gerolmo,Nominated
Mississipi Burning,60th National Board of Review Awards,Best Film,————,Won
Mississipi Burning,60th National Board of Review Awards,Best Director,Alan Parker,Won
Mississipi Burning,60th National Board of Review Awards,Best Actor,Gene Hackman,Won
Mississipi Burning,60th National Board of Review Awards,Best Supporting Actress,Frances McDormand,Won
Mississipi Burning,60th National Board of Review Awards,Top Ten Films,————,Won
Mississipi Burning,23rd National Society of Film Critics Awards,Best Actor,Gene Hackman,Nominated
Mississipi Burning,54th New York Film Critics Circle Awards,Best Film,————,Nominated
Mississipi Burning,54th New York Film Critics Circle Awards,Best Actor,Gene Hackman,Nominated
Mississipi Burning,1989 Political Film Society Awards,Human Rights Award,————,Won
