0,1,2,3,4
Anne of the thousand days,42nd Academy Awards,Best Actress in a Leading Role,Geneviève Bujold,Nominated
Anne of the thousand days,42nd Academy Awards,"Best Writing, Screenplay Based on Material from Another Medium",Bridget BolandJohn HaleRichard Sokolove,Nominated
Anne of the thousand days,42nd Academy Awards,"Best Music, Original Score for a Motion Picture (not a Musical)",Georges Delerue,Nominated
Anne of the thousand days,27th Golden Globe Awards,Best Motion Picture – Drama,Hal B. Wallis,Won
Anne of the thousand days,27th Golden Globe Awards,Best Director - Motion Picture,Charles Jarrott,Won
Anne of the thousand days,27th Golden Globe Awards,Best Actor – Motion Picture Drama,Richard Burton,Nominated
Anne of the thousand days,27th Golden Globe Awards,Best Actress in a Motion Picture – Drama,Geneviève Bujold,Won
Anne of the thousand days,27th Golden Globe Awards,Best Supporting Actor – Motion Picture,Anthony Quayle,Nominated
Anne of the thousand days,27th Golden Globe Awards,Best Screenplay,Bridget BolandJohn HaleRichard Sokolove,Won
Anne of the thousand days,27th Golden Globe Awards,Best Original Score,Georges Delerue,Nominated
Anne of the thousand days,24th British Academy Film Awards,Best Art Direction,Maurice Carter,Nominated
Anne of the thousand days,24th British Academy Film Awards,Best Costume Design,Margaret Furse,Nominated
Anne of the thousand days,1970 American Cinema Editors Awards,Best Edited Feature Film – Dramatic,Richard Marden,Nominated
Anne of the thousand days,1970 Writers Guild of America Awards,Best Adapted Screenplay,Bridget BolandJohn Hale,Nominated
