0,1,2,3,4
Apsara Award for Best Actress in a Supporting Role,2004,Divya Dutta,Joggers' Park,Chatterjee's daughter
Apsara Award for Best Actress in a Supporting Role,2004,Juhi Chawla,Jhankaar Beats,Shanti
Apsara Award for Best Actress in a Supporting Role,2004,Pratima Kazmi,Waisa Bhi Hota Hai Part II,Gangu Tai
Apsara Award for Best Actress in a Supporting Role,2004,Preity Zinta,Armaan,Sonia Kapoor
Apsara Award for Best Actress in a Supporting Role,2004,Sandali Sinha,Pinjar,Lajjo
Apsara Award for Best Actress in a Supporting Role,2005,No award,--,--
Apsara Award for Best Actress in a Supporting Role,2006,Kirron Kher,Hum Tum,Parminder Prakash/Bobby
Apsara Award for Best Actress in a Supporting Role,2006,Konkona Sen Sharma,Page 3,Madhvi Sharma
Apsara Award for Best Actress in a Supporting Role,2006,Priyanka Chopra ‡,Aitraaz,Sonia Roy
Apsara Award for Best Actress in a Supporting Role,2006,Rani Mukerji ‡,Veer-Zaara,Saamiya Siddiqui
Apsara Award for Best Actress in a Supporting Role,2007,No award,--,--
Apsara Award for Best Actress in a Supporting Role,2008,Ashwini Kalsekar,Johnny Gaddaar,Varsha
Apsara Award for Best Actress in a Supporting Role,2008,Chak De girls,Chak De! India,Chak De girls
Apsara Award for Best Actress in a Supporting Role,2008,Raima Sen,Honeymoon Travels Pvt. Ltd.,Milly Sen
Apsara Award for Best Actress in a Supporting Role,2008,Shefali Shah,"Gandhi, My Father",Kasturba Gandhi
Apsara Award for Best Actress in a Supporting Role,2009,Ila Arun,Welcome to Sajjanpur,Ramsakhi Pannawali
Apsara Award for Best Actress in a Supporting Role,2009,Katrina Kaif,Race,Sophia
Apsara Award for Best Actress in a Supporting Role,2009,Shahana Goswami ‡,Rock On!!,Debbie
Apsara Award for Best Actress in a Supporting Role,2009,Supriya Pathak,Sarkar Raj,Pushpa Nagre
