0,1,2,3,4,5
The Diary of Anne Frank (1959 film),Academy Awards,Best Art Direction – Black-and-White,Art Direction: Lyle R. Wheeler and George W. Davis;  Set Decoration: Walter M. Scott and Stuart A. Reiss,Won,  
The Diary of Anne Frank (1959 film),Academy Awards,Best Cinematography – Black-and-White,William C. Mellor,Won,  
The Diary of Anne Frank (1959 film),Academy Awards,Best Costume Design – Black-and-White,Charles LeMaire and Mary Wills,Nominated,  
The Diary of Anne Frank (1959 film),Academy Awards,Best Scoring of a Dramatic or Comedy Picture,Alfred Newman,Nominated,  
The Diary of Anne Frank (1959 film),Cannes Film Festival,Palme d'Or,George Stevens,Nominated,
The Diary of Anne Frank (1959 film),David di Donatello Awards,Golden Plate,Golden Plate,Won,
The Diary of Anne Frank (1959 film),Directors Guild of America Awards,Outstanding Directorial Achievement in Motion Pictures,George Stevens,Nominated,
The Diary of Anne Frank (1959 film),Faro Island Film Festival,Best Film (Golden Moon Award),George Stevens,Won,
The Diary of Anne Frank (1959 film),Faro Island Film Festival,Nobody Cares Competition (Humanitarian Award),Won,George Stevens,
The Diary of Anne Frank (1959 film),Golden Globe Awards,Best Motion Picture – Drama,Best Motion Picture – Drama,Nominated,
The Diary of Anne Frank (1959 film),Golden Globe Awards,Best Actor in a Motion Picture – Drama,Joseph Schildkraut,Nominated,
The Diary of Anne Frank (1959 film),Golden Globe Awards,Best Supporting Actress – Motion Picture,Shelley Winters,Nominated,
The Diary of Anne Frank (1959 film),Golden Globe Awards,Best Director – Motion Picture,George Stevens,Nominated,
The Diary of Anne Frank (1959 film),Golden Globe Awards,Most Promising Newcomer – Female,Diane Baker,Nominated,
The Diary of Anne Frank (1959 film),Golden Globe Awards,Best Film Promoting International Understanding,Best Film Promoting International Understanding,Won,
The Diary of Anne Frank (1959 film),Laurel Awards,Top Female Supporting Performance,Shelley Winters,Won,
The Diary of Anne Frank (1959 film),Laurel Awards,Top Score,Alfred Newman,Nominated,
The Diary of Anne Frank (1959 film),Moscow International Film Festival,Grand Prix,George Stevens,Nominated,
The Diary of Anne Frank (1959 film),National Board of Review Awards,Top Ten Films,Top Ten Films,4th Place,
The Diary of Anne Frank (1959 film),Writers Guild of America Awards,Best Written American Drama,Frances Goodrich and Albert Hackett,Won,
