0,1,2,3
List of nominees for the Academy Award for Best Supporting Actress (by film title),Amy Adams,Charlene Fleming,The Fighter
List of nominees for the Academy Award for Best Supporting Actress (by film title),Helena Bonham Carter,Queen Elizabeth,The King's Speech
List of nominees for the Academy Award for Best Supporting Actress (by film title),Hailee Steinfeld,Mattie Ross,True Grit
List of nominees for the Academy Award for Best Supporting Actress (by film title),Jacki Weaver,"Janine ""Smurf"" Cody",Animal Kingdom
List of nominees for the Academy Award for Best Supporting Actress (by film title),Bérénice Bejo,Peppy Miller,The Artist
List of nominees for the Academy Award for Best Supporting Actress (by film title),Jessica Chastain,Celia Foote,The Help
List of nominees for the Academy Award for Best Supporting Actress (by film title),Melissa McCarthy,Megan Price,Bridesmaids
List of nominees for the Academy Award for Best Supporting Actress (by film title),Janet McTeer,Hubert Page,Albert Nobbs
List of nominees for the Academy Award for Best Supporting Actress (by film title),Anne Hathaway ,Fantine,Les Misérables
List of nominees for the Academy Award for Best Supporting Actress (by film title),Amy Adams,Peggy Dodd,The Master
List of nominees for the Academy Award for Best Supporting Actress (by film title),Sally Field,Mary Todd Lincoln,Lincoln
List of nominees for the Academy Award for Best Supporting Actress (by film title),Helen Hunt,Cheryl Cohen-Greene,The Sessions
List of nominees for the Academy Award for Best Supporting Actress (by film title),Jacki Weaver,Dolores Solitano,Silver Linings Playbook
List of nominees for the Academy Award for Best Supporting Actress (by film title),Sally Hawkins,Ginger,Blue Jasmine
List of nominees for the Academy Award for Best Supporting Actress (by film title),Jennifer Lawrence,Rosalyn Rosenfeld,American Hustle
List of nominees for the Academy Award for Best Supporting Actress (by film title),Julia Roberts,Barbara Weston-Fordham,August: Osage County
List of nominees for the Academy Award for Best Supporting Actress (by film title),June Squibb,Kate Grant,Nebraska
List of nominees for the Academy Award for Best Supporting Actress (by film title),Laura Dern,Bobbi Grey,Wild
List of nominees for the Academy Award for Best Supporting Actress (by film title),Keira Knightley,Joan Clarke,The Imitation Game
List of nominees for the Academy Award for Best Supporting Actress (by film title),Emma Stone,Sam Thomson,Birdman
List of nominees for the Academy Award for Best Supporting Actress (by film title),Meryl Streep,The Witch,Into the Woods
List of nominees for the Academy Award for Best Supporting Actress (by film title),Jennifer Jason Leigh,Daisy Domergue,The Hateful Eight
List of nominees for the Academy Award for Best Supporting Actress (by film title),Rooney Mara,Therese Belivet,Carol
List of nominees for the Academy Award for Best Supporting Actress (by film title),Rachel McAdams,Sacha Pfeiffer,Spotlight
List of nominees for the Academy Award for Best Supporting Actress (by film title),Kate Winslet,Joanna Hoffman,Steve Jobs
List of nominees for the Academy Award for Best Supporting Actress (by film title),Naomie Harris,Paula Harris,Moonlight
List of nominees for the Academy Award for Best Supporting Actress (by film title),Nicole Kidman,Sue Brierley,Lion
List of nominees for the Academy Award for Best Supporting Actress (by film title),Octavia Spencer,Dorothy Vaughan,Hidden Figures
List of nominees for the Academy Award for Best Supporting Actress (by film title),Michelle Williams,Randi Chandler,Manchester by the Sea
List of nominees for the Academy Award for Best Supporting Actress (by film title),Allison Janney ,LaVona Golden,"I, Tonya"
List of nominees for the Academy Award for Best Supporting Actress (by film title),Mary J. Blige,Florence Jackson,Mudbound
List of nominees for the Academy Award for Best Supporting Actress (by film title),Lesley Manville,Cyril Woodcock,Phantom Thread
List of nominees for the Academy Award for Best Supporting Actress (by film title),Laurie Metcalf,Marion McPherson,Lady Bird
List of nominees for the Academy Award for Best Supporting Actress (by film title),Octavia Spencer,Zelda Fuller,The Shape of Water
List of nominees for the Academy Award for Best Supporting Actress (by film title),Amy Adams,Lynne Cheney,Vice
List of nominees for the Academy Award for Best Supporting Actress (by film title),Marina de Tavira,Sofía,Roma
List of nominees for the Academy Award for Best Supporting Actress (by film title),Emma Stone,Abigail Masham,The Favourite
List of nominees for the Academy Award for Best Supporting Actress (by film title),Rachel Weisz,Lady Sarah Churchill,The Favourite
List of nominees for the Academy Award for Best Supporting Actress (by film title),Kathy Bates,"Barbara ""Bobi"" Jewell",Richard Jewell
List of nominees for the Academy Award for Best Supporting Actress (by film title),Scarlett Johansson,Rosie Betzler,Jojo Rabbit
List of nominees for the Academy Award for Best Supporting Actress (by film title),Florence Pugh,Amy March,Little Women
List of nominees for the Academy Award for Best Supporting Actress (by film title),Margot Robbie,Kayla Pospisil,Bombshell
