0,1,2,3
Orange S.A., France(headquarters),Orange,orange.fr
Orange S.A., Botswana,Orange,orange.co.bw
Orange S.A., Burkina Faso,Orange,orange.bf
Orange S.A., Cameroon,Orange,orange.cm
Orange S.A., Central African Republic,Orange,orange.cf
Orange S.A., Guinea,Orange (Group Sonatel),orange-guinee.com
Orange S.A., Guinea-Bissau,Orange,orange-bissau.com
Orange S.A., Ivory Coast,Orange,orange.ci
Orange S.A., Liberia,Orange,orange.com.lr
Orange S.A., Luxembourg,Orange,orange.lu
Orange S.A., Madagascar,Orange,orange.mg
Orange S.A., Mali,Orange (Group Sonatel),orange.ml
Orange S.A., Réunion,Orange,orange.re
Orange S.A., Saudi Arabia,Orange,orange.sa
Orange S.A., Senegal,Orange (Group Sonatel),orange.sn
Orange S.A., Sierra Leone,Orange (Group Sonatel),orange.sl
Orange S.A., Spain,Orange,orange.es
