0,1,2,3,4,5
Francois Ozon,1988,Photo de famille,Yes,Yes,Short film (also as editor and cinematographer)
Francois Ozon,1988,Les Doigts dans le ventre,Yes,Yes,"Short film (also as editor, cinematographer and producer)"
Francois Ozon,1990,Mes parents un jour d'été,Yes,Yes,Short film (also as producer)
Francois Ozon,1991,Une goutte de sang,Yes,,Short film
Francois Ozon,1991,Peau contre peau (les risques inutiles),Yes,,Documentary short
Francois Ozon,1991,Le Trou madame,Yes,,Documentary short
Francois Ozon,1991,Deux plus un,Yes,,Short film
Francois Ozon,1992,Thomas reconstitué,Yes,Yes,Short film
Francois Ozon,1993,Victor,Yes,Yes,Short film
Francois Ozon,1994,Une rose entre nous,Yes,Yes,Short film (also as actor)
Francois Ozon,1994,Truth or Dare,Yes,Yes,Short film (also as editor)French Syndicate of Cinema Critics - Best Short Film
Francois Ozon,1995,Little Death,Yes,Yes,Short film
Francois Ozon,1995,Jospin s'éclaire,Yes,,Documentary film (also as editor)
Francois Ozon,1996,Les Puceaux,Yes,Yes,"Short film (aka ""Scènes de lit. Les Puceaux"")"
Francois Ozon,1996,L'Homme idéal,Yes,Yes,Short film
Francois Ozon,1996,A Summer Dress,Yes,Yes,Short filmL.A. Outfest - Audience Award for Outstanding Narrative Short FilmNominated—César Award for Best Short Film
Francois Ozon,1997,See the Sea,Yes,Yes,Medium-length film
Francois Ozon,1998,Sitcom,Yes,Yes,
Francois Ozon,1998,Scènes de lit,Yes,Yes,Short film (also as editor)Avignon Film Festival - Prix Panavision
Francois Ozon,1998,X2000,Yes,Yes,Short film Clermont-Ferrand International Short Film Festival - Special Mention of the Jury
Francois Ozon,1999,Criminal Lovers,Yes,Yes,L.A. Outfest - Grand Jury AwardSitges Film Festival - Best Screenplay
Francois Ozon,2000,Water Drops on Burning Rocks,Yes,Yes,50th Berlin International Film Festival - Teddy Award for Best Feature FilmNew York Lesbian and Gay Film Festival - Best Feature FilmNominated—50th Berlin International Film Festival - Golden Bear
Francois Ozon,2004,5x2,Yes,Yes,Nominated—61st Venice International Film Festival - Golden Lion
Francois Ozon,2005,Time to Leave,Yes,Yes,Valladolid International Film Festival - Silver SpikeNominated—2005 Cannes Film Festival - Prix Un certain regard
Francois Ozon,2006,A Curtain Raiser,Yes,Yes,Short film
Francois Ozon,2007,Quand la peur dévore l'âme,Yes,,Short film (also as editor)
Francois Ozon,2007,Angel,Yes,Yes,Nominated—57th Berlin International Film Festival - Golden Bear
Francois Ozon,2009,Ricky,Yes,Yes,Nominated—59th Berlin International Film Festival - Golden Bear
Francois Ozon,2009,The Refuge,Yes,Yes,San Sebastián International Film Festival - Special Jury Prize
Francois Ozon,2013,Young & Beautiful,Yes,Yes,San Sebastián International Film Festival - TVE-Another Look AwardNominated—2013 Cannes Film Festival - Palme d'Or
Francois Ozon,2014,The New Girlfriend,Yes,Yes,San Sebastián International Film Festival - Sebastiane AwardPrix Jacques Prévert du Scénario
Francois Ozon,2016,Frantz,Yes,Yes,Nominated—César Award for Best Film Nominated—César Award for Best DirectorNominated—César Award for Best AdaptationNominated—Globes de Cristal Award for Best FilmNominated—Louis Delluc Prize Nominated—Lumières Award for Best Screenplay
Francois Ozon,2017,L'Amant Double,Yes,Yes,
Francois Ozon,2019,By the Grace of God,Yes,Yes,
Francois Ozon,2020,Summer of 85,Yes,Yes,
Francois Ozon,2021,Everything Went Fine,Yes,Yes,
Francois Ozon,2022,Peter von Kant,Yes,Yes,
Francois Ozon,2023,The Crime Is Mine,Yes,Yes,
