0,1,2,3
British academy television award for best comedy performance,1995,Steve Coogan,"Three Fights, Two Weddings and a Funeral"
British academy television award for best comedy performance,1995,Annette Crosbie,One Foot in the Grave
British academy television award for best comedy performance,1995,Richard Wilson,One Foot in the Grave
British academy television award for best comedy performance,1996,Judi Dench,As Time Goes By
British academy television award for best comedy performance,1996,Joanna Lumley,Absolutely Fabulous
British academy television award for best comedy performance,1996,Richard Wilson,One Foot in the Grave
British academy television award for best comedy performance,1997,Martin Clunes,Men Behaving Badly
British academy television award for best comedy performance,1997,Joanna Lumley,Absolutely Fabulous
British academy television award for best comedy performance,1997,Nicholas Lyndhurst,Only Fools and Horses Christmas Special
British academy television award for best comedy performance,1998,Steve Coogan,I'm Alan Partridge
British academy television award for best comedy performance,1998,Judi Dench,As Time Goes By
British academy television award for best comedy performance,1998,Dawn French,The Vicar of Dibley
British academy television award for best comedy performance,1998,Richard Wilson,One Foot in the Grave
British academy television award for best comedy performance,1999,Ardal O'Hanlon,Father Ted
British academy television award for best comedy performance,1999,Julie Walters,dinnerladies
British academy television award for best comedy performance,2000,Caroline Aherne,The Royle Family
British academy television award for best comedy performance,2000,Dawn French,The Vicar of Dibley
British academy television award for best comedy performance,2000,Sue Johnston,The Royle Family
British academy television award for best comedy performance,2000,Ricky Tomlinson,The Royle Family
