0,1,2,3
Laurence Olivier Award for Best Actor,Alun Armstrong,The Crucible and The Winter's Tale,John Proctor / Leontes
Laurence Olivier Award for Best Actor,Kenneth Branagh,Henry V,Henry V of England
Laurence Olivier Award for Best Actor,Anthony Hopkins,Pravda,Lambert Le Roux
Laurence Olivier Award for Best Actor,Derek Jacobi,Breaking the Code,Alan Turing
Laurence Olivier Award for Best Actor,Ian McKellen,The Cherry Orchard,Lopakhin
Laurence Olivier Award for Best Actor,Martin Sheen,The Normal Heart,Ned Weeks
Laurence Olivier Award for Best Actor,Tokusaburo Arashi,Medea,Medea
Laurence Olivier Award for Best Actor,Hugh Quarshie,"The Two Noble Kinsmen, The Great White Hope and The Rover",Arcite / Jack Jefferson / Belville
Laurence Olivier Award for Best Actor,Nicholas Woodeson,Sarcophagus and Flight,Bessmertny / Mike Levine
Laurence Olivier Award for Best Actor,Nigel Hawthorne,Shadowlands,Lewis
Laurence Olivier Award for Best Actor,Ian McKellen,Othello and Bent,Iago / Max
Laurence Olivier Award for Best Actor,Michael Pennington,The Wars of the Roses,Various Characters
