0,1,2,3,4,5
Clitheroe (constituency),Apr 1660,Sir Ralph Assheton,,William White,
Clitheroe (constituency),Jul 1660,Sir Ralph Assheton,,William Hulton,
Clitheroe (constituency),Apr 1661,Sir Ralph Assheton,,John Heath,
Clitheroe (constituency),1662,Ambrose Pudsay,,John Heath,
Clitheroe (constituency),1675,Sir Thomas Stringer,,John Heath,
Clitheroe (constituency),1679,Sir Thomas Stringer,,Sir Ralph Assheton,
Clitheroe (constituency),1680,Sir Thomas Stringer,,Henry Marsden,
Clitheroe (constituency),1685,Lord Strange,,Edmund Assheton,
Clitheroe (constituency),1689,Anthony Parker,,Christopher Wilkinson,
Clitheroe (constituency),1690,Anthony Parker,,Roger Kenyon,
Clitheroe (constituency),1693,Fitton Gerard,,Roger Kenyon,
Clitheroe (constituency),1695,Christopher Lister,,Ambrose Pudsay,
Clitheroe (constituency),1698,Christopher Lister,,Thomas Stringer,
Clitheroe (constituency),1701,Ambrose Pudsay,,Thomas Stringer,
Clitheroe (constituency),1705,Edward Harvey,,Thomas Stringer,
Clitheroe (constituency),1707,Edward Harvey,,Daniel Harvey,
Clitheroe (constituency),1708,Edward Harvey,,Christopher Parker,
Clitheroe (constituency),Apr 1713,Thomas Lister I,,Christopher Parker,
Clitheroe (constituency),Sep 1713,Thomas Lister I,,Charles Zedenno Stanley,
Clitheroe (constituency),1715,Thomas Lister I,,Edward Harvey,
Clitheroe (constituency),1722,Thomas Lister I,,Nathaniel Curzon,
Clitheroe (constituency),1727,Thomas Lister I,,The Viscount Galway,
Clitheroe (constituency),1734,Thomas Lister I,,William Curzon,
Clitheroe (constituency),1745,Thomas Lister II,,William Curzon,
Clitheroe (constituency),1747,Thomas Lister II,,Nathaniel Curzon,
Clitheroe (constituency),1754,Thomas Lister II,Tory,Assheton Curzon,Tory
Clitheroe (constituency),Dec 1761 by-election,Nathaniel Lister,Tory,Assheton Curzon,Tory
Clitheroe (constituency),1773 by-election,Thomas Lister III,Tory,Assheton Curzon,Tory
Clitheroe (constituency),1780,Thomas Lister III,Tory,John Parker,Tory
Clitheroe (constituency),1782 by-election,Thomas Lister III,Tory,John Lee,Tory
Clitheroe (constituency),1790,"Sir John Aubrey, Bt",Tory,Penn Curzon,Tory
Clitheroe (constituency),1792 by-election,"Sir John Aubrey, Bt",Tory,Assheton Curzon,Tory
Clitheroe (constituency),1795 by-election,"Sir John Aubrey, Bt",Tory,Richard Erle-Drax-Grosvenor,Tory
Clitheroe (constituency),1796,Lord Edward Bentinck,Tory,Hon. Robert Curzon,Tory
Clitheroe (constituency),1808 by-election,James Gordon,Tory,Hon. Robert Curzon,Tory
Clitheroe (constituency),Dec 1812 by-election,Edward Wilbraham-Bootle,Tory,Hon. Robert Curzon,Tory
Clitheroe (constituency),1822 by-election,Henry Porcher,Tory,Hon. Robert Curzon,Tory
Clitheroe (constituency),1831,Hon. Peregrine Cust,Tory,Hon. Robert Curzon,Tory
