0,1,2,3
Drama Desk Award for Outstanding Actress in a Musical,Debby Boone,The Sound of Music,Maria von Trapp
Drama Desk Award for Outstanding Actress in a Musical,Lynne Wintersteller,Closer Than Ever,Various Characters
Drama Desk Award for Outstanding Actress in a Musical,June Angela,Shogun,Lady Mariko
Drama Desk Award for Outstanding Actress in a Musical,Daisy Eagan,The Secret Garden,Mary Lennox
Drama Desk Award for Outstanding Actress in a Musical,LaChanze,Once on This Island,Ti Moune
Drama Desk Award for Outstanding Actress in a Musical,Sophie Hayden,The Most Happy Fella,Rosabella
Drama Desk Award for Outstanding Actress in a Musical,Donna Murphy,Song of Singapore,Rose
Drama Desk Award for Outstanding Actress in a Musical,Laura Bell Bundy,Ruthless!,Tina Denmark
Drama Desk Award for Outstanding Actress in a Musical,Donna English,Ruthless!,Judy Denmark / Ginger Del Marco
Drama Desk Award for Outstanding Actress in a Musical,Helen Schneider,Frida,Frida Kahlo
Drama Desk Award for Outstanding Actress in a Musical,Linda Stephens,Wings,Emily Stilson
Drama Desk Award for Outstanding Actress in a Musical,Susan Egan,Beauty and the Beast,Belle
Drama Desk Award for Outstanding Actress in a Musical,Melissa Errico,My Fair Lady,Eliza Doolittle
Drama Desk Award for Outstanding Actress in a Musical,Margaret Illman,The Red Shoes,Victoria Page
Drama Desk Award for Outstanding Actress in a Musical,Candy Buckley,The Petrified Prince,Queen Katarina
Drama Desk Award for Outstanding Actress in a Musical,Julie Johnson,Das Barbecü,Various Characters
Drama Desk Award for Outstanding Actress in a Musical,Lonette McKee,Show Boat,Julie LaVerne
Drama Desk Award for Outstanding Actress in a Musical,Elaine Stritch,Show Boat,Parthy Ann Hawks
Drama Desk Award for Outstanding Actress in a Musical,Terri Klausner,Bed and Sofa,Ludmilla
Drama Desk Award for Outstanding Actress in a Musical,Crista Moore,Big,Susan Lawrence
Drama Desk Award for Outstanding Actress in a Musical,Donna Murphy,The King and I,Anna Leonowens
Drama Desk Award for Outstanding Actress in a Musical,Daphne Rubin-Vega,Rent,Mimi Marquez
Drama Desk Award for Outstanding Actress in a Musical,Karen Ziemba,I Do! I Do!,She (Agnes)
Drama Desk Award for Outstanding Actress in a Musical,Linda Eder,Jekyll & Hyde,Lucy Harris
Drama Desk Award for Outstanding Actress in a Musical,Pamela Isaacs,The Life,Queen
Drama Desk Award for Outstanding Actress in a Musical,Lauren Ward,Violet,Violet Karl
Drama Desk Award for Outstanding Actress in a Musical,Karen Ziemba,Steel Pier,Rita Racine
Drama Desk Award for Outstanding Actress in a Musical,Melissa Errico,High Society,Tracy Samantha Lord
Drama Desk Award for Outstanding Actress in a Musical,Marin Mazzie,Ragtime,Mother
Drama Desk Award for Outstanding Actress in a Musical,Alice Ripley and Emily Skinner,Side Show,Violet and Daisy Hilton
Drama Desk Award for Outstanding Actress in a Musical,Siân Phillips,Marlene,Marlene Dietrich
