0,1,2,3
Triple Crown (rugby union),1908, Wales,
Triple Crown (rugby union),1909, Wales,
Triple Crown (rugby union),1911, Wales,
Triple Crown (rugby union),1913, England,
Triple Crown (rugby union),1914, England,
Triple Crown (rugby union),1915–19,Not held due to World War I,Not held due to World War I
Triple Crown (rugby union),1921, England,
Triple Crown (rugby union),1923, England,
Triple Crown (rugby union),1924, England,
Triple Crown (rugby union),1925, Scotland,
Triple Crown (rugby union),1928, England,
Triple Crown (rugby union),1940–46,Not held due to World War II,Not held due to World War II
Triple Crown (rugby union),1948, Ireland,
Triple Crown (rugby union),1950, Wales,
Triple Crown (rugby union),1952, Wales,
Triple Crown (rugby union),1957, England,
Triple Crown (rugby union),1971, Wales,
Triple Crown (rugby union),1976, Wales,
Triple Crown (rugby union),1977, Wales,
Triple Crown (rugby union),1978, Wales,
Triple Crown (rugby union),1980, England,
Triple Crown (rugby union),1984, Scotland,
Triple Crown (rugby union),1990, Scotland,
Triple Crown (rugby union),1991, England,
Triple Crown (rugby union),1992, England,
Triple Crown (rugby union),1995, England,
Triple Crown (rugby union),1997, England,
Triple Crown (rugby union),1998, England,
Triple Crown (rugby union),2002, England,
Triple Crown (rugby union),2003, England,
Triple Crown (rugby union),2004, Ireland,
Triple Crown (rugby union),2005, Wales,
Triple Crown (rugby union),2006, Ireland,
Triple Crown (rugby union),2007, Ireland,
Triple Crown (rugby union),2008, Wales,
Triple Crown (rugby union),2009, Ireland,
Triple Crown (rugby union),2012, Wales,
Triple Crown (rugby union),2014, England,
Triple Crown (rugby union),2016, England,
Triple Crown (rugby union),2018, Ireland,
Triple Crown (rugby union),2019, Wales,
Triple Crown (rugby union),2020, England,
Triple Crown (rugby union),2021, Wales,
Triple Crown (rugby union),2022, Ireland,
Triple Crown (rugby union),2023, Ireland,
