0,1,2,3
Saturn Award for Best Actress (Film),Julie Christie,Demon Seed,Susan Harris
Saturn Award for Best Actress (Film),Joan Collins,Empire of the Ants,Marilyn Fryser
Saturn Award for Best Actress (Film),Melinda Dillon,Close Encounters of the Third Kind,Jillian Guiler
Saturn Award for Best Actress (Film),Carrie Fisher,Star Wars,Princess Leia Organa
Saturn Award for Best Actress (Film),Brooke Adams,Invasion of the Body Snatchers,Elizabeth Driscoll
Saturn Award for Best Actress (Film),Ann-Margret,Magic,Peggy Ann Snow
Saturn Award for Best Actress (Film),Geneviève Bujold,Coma,Dr. Susan Wheeler
Saturn Award for Best Actress (Film),Diana Ross,The Wiz,Dorothy Gale
Saturn Award for Best Actress (Film),Susan Saint James,Love at First Bite,Cindy Sondheim
Saturn Award for Best Actress (Film),Persis Khambatta,Star Trek: The Motion Picture,Lt. Ilia
Saturn Award for Best Actress (Film),Margot Kidder,The Amityville Horror,Kathy Lutz
Saturn Award for Best Actress (Film),Sigourney Weaver,Alien,Ripley
