0,1,2,3,4
Cesar Award for Best First Feature Film,2000(25th),Voyages,Voyages,Emmanuel Finkiel
Cesar Award for Best First Feature Film,2000(25th),Season's Beatings,La Bûche,Danièle Thompson
Cesar Award for Best First Feature Film,2000(25th),Les Convoyeurs attendent,Les Convoyeurs attendent,Benoît Mariage
Cesar Award for Best First Feature Film,2000(25th),Haut les cœurs!,Haut les cœurs!,Sólveig Anspach
Cesar Award for Best First Feature Film,2000(25th),Karnaval,Karnaval,Thomas Vincent
Cesar Award for Best First Feature Film,2001(26th),Nationale 7,Nationale 7,Jean-Pierre Sinapi
Cesar Award for Best First Feature Film,2001(26th),Crime Scenes,Scènes de crimes,Frédéric Schoendoerffer
Cesar Award for Best First Feature Film,2001(26th),The Squale,La Squale,Fabrice Genestal
Cesar Award for Best First Feature Film,2001(26th),Stand-by,Stand-by,Roch Stéphanik
Cesar Award for Best First Feature Film,2002(27th),Gregoire Moulin vs. Humanity,Grégoire Moulin contre l'humanité,Artus de Penguern
Cesar Award for Best First Feature Film,2002(27th),My Wife Is an Actress,Ma femme est une actrice,Yvan Attal
Cesar Award for Best First Feature Film,2002(27th),Winged Migration,Le Peuple migrateur,"Jacques Perrin, Michel Debats and Jacques Cluzaud"
Cesar Award for Best First Feature Film,2002(27th),The Girl from Paris,Une hirondelle a fait le printemps,Christian Carion
Cesar Award for Best First Feature Film,2003(28th),Carnage,Carnages,Delphine Gleize
Cesar Award for Best First Feature Film,2003(28th),Hypnotized and Hysterical (Hairstylist Wanted),"Filles perdues, cheveux gras",Claude Duty
Cesar Award for Best First Feature Film,2003(28th),Irène,Irène,Ivan Calbérac
Cesar Award for Best First Feature Film,2003(28th),Whatever You Say,Mon idole,Guillaume Canet
Cesar Award for Best First Feature Film,2004(29th),It's Easier for a Camel...,Il est plus facile pour un chameau...,Valeria Bruni Tedeschi
Cesar Award for Best First Feature Film,2004(29th),Father and Sons,Père et Fils,Michel Boujenah
Cesar Award for Best First Feature Film,2004(29th),Who Killed Bambi?,Qui a tué Bambi ? ,Gilles Marchand
Cesar Award for Best First Feature Film,2004(29th),The Triplets of Belleville,Les Triplettes de Belleville,Sylvain Chomet
Cesar Award for Best First Feature Film,2005(30th),A Common Thread,Brodeuses,Eléonore Faucher
Cesar Award for Best First Feature Film,2005(30th),The Chorus,Les Choristes,Christophe Barratier
Cesar Award for Best First Feature Film,2005(30th),Podium,Podium,Yann Moix
Cesar Award for Best First Feature Film,2005(30th),"Work Hard, Play Hard",Violence des échanges en milieu tempéré,Jean-Marc Moutout
Cesar Award for Best First Feature Film,2006(31st),Anthony Zimmer,Anthony Zimmer,Jérôme Salle
Cesar Award for Best First Feature Film,2006(31st),Cold Showers,Douches froides,Antony Cordier
Cesar Award for Best First Feature Film,2006(31st),March of the Penguins,La Marche de l'empereur,Luc Jacquet
Cesar Award for Best First Feature Film,2006(31st),Little Jerusalem,La Petite Jérusalem,Karin Albou
Cesar Award for Best First Feature Film,2007(32nd),You Are So Beautiful,Je vous trouve très beau,Isabelle Mergault
Cesar Award for Best First Feature Film,2007(32nd),13 Tzameti,13 Tzameti,Gela Babluani
Cesar Award for Best First Feature Film,2007(32nd),Fragments of Antonin,Les Fragments d'Antonin,Gabriel Le Bomin
Cesar Award for Best First Feature Film,2007(32nd),Bad Faith,Mauvaise Foi,Roschdy Zem
Cesar Award for Best First Feature Film,2007(32nd),Pardonnez-moi,Pardonnez-moi,Maïwenn
Cesar Award for Best First Feature Film,2008(33rd),Those Who Remain,Ceux qui restent,Anne Le Ny
Cesar Award for Best First Feature Film,2008(33rd),"Et toi, t'es sur qui?","Et toi, t'es sur qui?",Lola Doillon
Cesar Award for Best First Feature Film,2008(33rd),Water Lilies,Naissance des pieuvres,Céline Sciamma
Cesar Award for Best First Feature Film,2008(33rd),All Is Forgiven,Tout est pardonné,Mia Hansen-Løve
Cesar Award for Best First Feature Film,2009(34th),Home,Home,Ursula Meier
Cesar Award for Best First Feature Film,2009(34th),Masquerades,Mascarades,Lyes Salem
Cesar Award for Best First Feature Film,2009(34th),Anything for Her,Pour elle,Fred Cavayé
Cesar Award for Best First Feature Film,2009(34th),Versailles,Versailles,Pierre Schoeller
