0,1,2,3,4
2010(37th),Richard Dreyfuss,Weeds,Showtime,Warren Schiff
2010(37th),Noah Emmerich,The Walking Dead,AMC,Dr. Edwin Jenner
2010(37th),John Terry,Lost,ABC,Dr. Christian Shephard
2011(38th),Tom Skerritt,Leverage,TNT,Jimmy Ford
2011(38th),Steven Bauer,Breaking Bad,AMC,Don Eladio Vuente
2011(38th),Orla Brady,Fringe,Fox,Elizabeth Bishop
2011(38th),Mark Margolis,Breaking Bad,AMC,"Héctor ""Tio"" Salamanca"
2011(38th),Edward James Olmos,Dexter,Showtime,Professor James Gellar
2011(38th),Zachary Quinto,American Horror Story: Murder House,FX,Chad Warwick
2012(39th),Yvonne Strahovski,Dexter,Showtime,Hannah McKay
2012(39th),Blair Brown,Fringe,Fox,Nina Sharp
2012(39th),Terry O'Quinn,Falling Skies,TNT,Arthur Manchester
2012(39th),Lance Reddick,Fringe,Fox,Phillip Broyles
2012(39th),Mark Sheppard,Leverage,TNT,Jim Sterling
2012(39th),Ray Stevenson,Dexter,Showtime,Issak Sirko
2013(40th),Robert Forster,Breaking Bad,AMC,Ed
2013(40th),Stephen Collins,Falling Skies,TNT,President Hathaway
2013(40th),Danny Huston,American Horror Story: Coven,FX,The Axeman
2013(40th),Charlotte Rampling,Dexter,Showtime,Dr. Evelyn Vogel
2013(40th),Gina Torres,Hannibal,NBC,"Phyllis ""Bella"" Crawford"
2014(41st),Wentworth Miller,The Flash,The CW,Leonard Snart / Captain Cold
2014(41st),Dominic Cooper,Agent Carter,ABC,Howard Stark
2014(41st),Neil Patrick Harris,American Horror Story: Freak Show,FX,Chester Creb
2014(41st),John Larroquette,The Librarians,TNT,Jenkins / Galahad
2015(42nd),William Shatner,Haven,Syfy,Croatoan
2015(42nd),Laura Benanti,Supergirl,CBS,Alura In-Ze / General Astra
2015(42nd),Steven Brand,Teen Wolf,MTV,Dr. Gabriel Valack
2015(42nd),Victor Garber,The Flash,The CW,Dr. Martin Stein / Firestorm
2015(42nd),Scott Glenn,Daredevil,Netflix,Stick
2015(42nd),John Carroll Lynch,The Walking Dead,AMC,Eastman
2016(43rd),Ian Bohen,Teen Wolf,MTV,Peter Hale
2016(43rd),Tyler Hoechlin,Supergirl,The CW,Clark Kent / Superman
2016(43rd),Anthony Hopkins,Westworld,HBO,Dr. Robert Ford
2016(43rd),Leslie Jordan,American Horror Story: Roanoke,FX,Ashley Gilbert / Cricket Marlowe
2016(43rd),Dominique Pinon,Outlander,Starz,Master Raymond
2017(44th),David Lynch,Twin Peaks: The Return,Showtime,FBI Deputy Director Gordon Cole
2017(44th),Bryan Cranston,Philip K. Dick's Electric Dreams,Amazon,Silas Herrick
2017(44th),Michael Greyeyes,Fear the Walking Dead,AMC,Qaletqa Walker
2017(44th),Rachel Nichols,The Librarians,TNT,Nicole Noone
2017(44th),Jesse Plemons,Black Mirror,Netflix,Robert Daly
2017(44th),Hartley Sawyer,The Flash,The CW,Ralph Dibny / Elongated Man
2017(44th),Michelle Yeoh,Star Trek: Discovery,CBS All Access,Captain Philippa Georgiou / Emperor Georgiou
2018(45th),Rainer Bock,Better Call Saul,AMC,Werner Ziegler
2018(45th),Jon Cryer,Supergirl,The CW,Lex Luthor
2018(45th),Sydney Lemmon,Fear the Walking Dead,AMC,Isabelle
2018(45th),Tonya Pinkins,Fear the Walking Dead,AMC,Martha
2018(45th),Ed Speleers,Outlander,Starz,Stephen Bonnet
2019/2020(46th),Jon Cryer,Supergirl,The CW,Lex Luthor
2019/2020(46th),Mark Hamill,What We Do in the Shadows,FX,Jim the Vampire
2019/2020(46th),Kate Mulgrew,Mr. Mercedes,Audience,Alma Lane
2019/2020(46th),Billy Porter,The Twilight Zone,CBS All Access,Keith
2019/2020(46th),Jeri Ryan,Star Trek: Picard,CBS All Access,Seven of Nine
