0,1,2,3,4,5,6
Man-yo Mahoroba Line,Kyōbate,京終,1.9, ,Nara,Nara Prefecture
Man-yo Mahoroba Line,Obitoke,帯解,4.8, ,Nara,Nara Prefecture
Man-yo Mahoroba Line,Ichinomoto,櫟本,7.3, ,Tenri,Nara Prefecture
Man-yo Mahoroba Line,Nagara,長柄,12.6, ,Tenri,Nara Prefecture
Man-yo Mahoroba Line,Yanagimoto,柳本,14.3, ,Tenri,Nara Prefecture
Man-yo Mahoroba Line,Makimuku,巻向,15.9, ,Sakurai,Nara Prefecture
Man-yo Mahoroba Line,Miwa,三輪,18.0, ,Sakurai,Nara Prefecture
Man-yo Mahoroba Line,Kaguyama,香久山,21.7, ,Kashihara,Nara Prefecture
Man-yo Mahoroba Line,Unebi,畝傍,24.7,Kintetsu Kashihara Line (Yagi-nishiguchi Station),Kashihara,Nara Prefecture
Man-yo Mahoroba Line,Kanahashi,金橋,27.3, ,Kashihara,Nara Prefecture
