0,1,2,3
Drama Desk Award for Outstanding Featured Actor in a Play,David Dukes,Bent,Horst
Drama Desk Award for Outstanding Featured Actor in a Play,Michael Gross,Bent,Greta
Drama Desk Award for Outstanding Featured Actor in a Play,Doug McClure,The Roast,Charles Browning
Drama Desk Award for Outstanding Featured Actor in a Play,Hansford Rowe,Nuts,Arthur Kirk
Drama Desk Award for Outstanding Featured Actor in a Play,Fritz Weaver,The Price,Walter Franz
Drama Desk Award for Outstanding Featured Actor in a Play,Ralph Clanton,The Winslow Boy,Arthur Winslow
Drama Desk Award for Outstanding Featured Actor in a Play,Roderick Cook,The Man Who Came to Dinner,Beverly Carlton
Drama Desk Award for Outstanding Featured Actor in a Play,Jeff Daniels,Fifth of July,Jed Jenkins
Drama Desk Award for Outstanding Featured Actor in a Play,Nicholas Kepros,Amadeus,"Joseph II, Holy Roman Emperor"
Drama Desk Award for Outstanding Featured Actor in a Play,John Shea,American Days,Don Sherman
Drama Desk Award for Outstanding Featured Actor in a Play,Željko Ivanek,Cloud Nine,Betty / Gerry
Drama Desk Award for Outstanding Featured Actor in a Play,Matthew Broderick,Torch Song Trilogy,David
Drama Desk Award for Outstanding Featured Actor in a Play,Bill Moor,Potsdam Quartet,John Healey
Drama Desk Award for Outstanding Featured Actor in a Play,Mandy Patinkin,Henry IV,Hotspur
Drama Desk Award for Outstanding Featured Actor in a Play,Larry Riley,A Soldier's Play,Private C.J. Memphis
Drama Desk Award for Outstanding Featured Actor in a Play,Stephen Joyce,The Caine Mutiny Court-Martial,Captain Blakely
Drama Desk Award for Outstanding Featured Actor in a Play,Nathan Lane,Present Laughter,Roland Maule
Drama Desk Award for Outstanding Featured Actor in a Play,Frank Maraden,The Workroom,First Presser
Drama Desk Award for Outstanding Featured Actor in a Play,Stephen Moore,All's Well that Ends Well,Captain Parolles
Drama Desk Award for Outstanding Featured Actor in a Play,Michael Moriarty,The Caine Mutiny Court-Martial,Lt. Com. Philip Francis Queeg
Drama Desk Award for Outstanding Featured Actor in a Play,Stephen D. Newman,The Misanthrope,Philinte
Drama Desk Award for Outstanding Featured Actor in a Play,David Huddleston,Death of a Salesman,Charley
Drama Desk Award for Outstanding Featured Actor in a Play,Stephen Keep,A Private View,Vanek
Drama Desk Award for Outstanding Featured Actor in a Play,Calvin Levels,Open Admissions,Calvin Jefferson
Drama Desk Award for Outstanding Featured Actor in a Play,Chip Zien,Isn't It Romantic,Marty Sterling
Drama Desk Award for Outstanding Featured Actor in a Play,Ken Kliban,As Is,Barney / Brother
Drama Desk Award for Outstanding Featured Actor in a Play,Edward Petherbridge,Strange Interlude,Charles Marsden
Drama Desk Award for Outstanding Featured Actor in a Play,David Proval,Requiem for a Heavyweight,Army Hakes
Drama Desk Award for Outstanding Featured Actor in a Play,Bill Sadler,Biloxi Blues,Sgt. Merwin J. Toomey
Drama Desk Award for Outstanding Featured Actor in a Play,James Gammon,A Lie of the Mind,Baylor
Drama Desk Award for Outstanding Featured Actor in a Play,Donald Moffat,The Iceman Cometh,Larry Slade
Drama Desk Award for Outstanding Featured Actor in a Play,Anthony Rapp,Precious Sons,Freddy
Drama Desk Award for Outstanding Featured Actor in a Play,Michael Countryman,The Common Pursuit,Martin Musgrove
Drama Desk Award for Outstanding Featured Actor in a Play,Frankie R. Faison,Fences,Gabriel
Drama Desk Award for Outstanding Featured Actor in a Play,Peter Friedman,The Common Pursuit,Humphry Taylor
Drama Desk Award for Outstanding Featured Actor in a Play,Ray Gill,Driving Miss Daisy,Boolie Werthan
Drama Desk Award for Outstanding Featured Actor in a Play,Tony Jay,The Life and Adventures of Nicholas Nickleby,Mr. Vincent Crummles / Walter Bray
Drama Desk Award for Outstanding Featured Actor in a Play,Athol Fugard,The Road to Mecca,Rev. Marius Byleveld
Drama Desk Award for Outstanding Featured Actor in a Play,Michael Gough,Breaking the Code,Dillwyn Knox
Drama Desk Award for Outstanding Featured Actor in a Play,Joe Grifasi,The Boys Next Door,Arnold Wiggins
Drama Desk Award for Outstanding Featured Actor in a Play,Ed Hall,Joe Turner's Come and Gone,Bynum Walker
Drama Desk Award for Outstanding Featured Actor in a Play,Lou Liberatore,Burn This,Larry
Drama Desk Award for Outstanding Featured Actor in a Play,Fyvush Finkel,Café Crown,Sam
Drama Desk Award for Outstanding Featured Actor in a Play,Bill Irwin,Waiting for Godot,Lucky
Drama Desk Award for Outstanding Featured Actor in a Play,Edmund Lewis,Without Apologies,Willie Jukes
Drama Desk Award for Outstanding Featured Actor in a Play,Matt McGrath,Dalton's Back,Dalty Possil
Drama Desk Award for Outstanding Featured Actor in a Play,Eric Stoltz,Our Town,George Gibbs
Drama Desk Award for Outstanding Featured Actor in a Play,Gordon Joseph Weiss,Ghetto,The Dummy
