0,1,2
HYD Airport,Air Arabia," Sharjah
"
HYD Airport,Air India," Bangalore, Delhi, Dubai–International, Jeddah, Mumbai, Riyadh, Tirupati
"
HYD Airport, Air India Express ," Muscat, Vijayawada
"
HYD Airport, AIX Connect ," Bangalore, Chennai, Goa–Dabolim, Jaipur, Kolkata, Visakhapatnam
"
HYD Airport,Akasa Air," Ahmedabad, Bangalore, Delhi (begins 2 May 2023), Goa–Mopa, Kochi (begins 15 June 2023)
"
HYD Airport, Alliance Air ," Bangalore, Chennai, Goa–Dabolim, Jabalpur, Jagdalpur, Mysore, Pune, Tirupati, Vidyanagar, Vijayawada
"
HYD Airport, Emirates ," Dubai–International
"
HYD Airport, Flydubai ," Dubai–International
"
HYD Airport, Flynas ," Riyadh
"
HYD Airport, Go First," Delhi, Goa–Mopa
"
HYD Airport, IndiGo ," Abu Dhabi, Ahmedabad, Aurangabad, Bagdogra, Bangalore, Belgaum, Bhopal, Bhubaneswar, Chandigarh, Chennai, Coimbatore, Dammam, Darbhanga, Dehradun, Delhi, Dhaka, Doha, Dubai–International, Durgapur, Goa–Dabolim, Goa–Mopa, Gorakhpur, Guwahati, Hubli, Indore, Jabalpur, Jaipur, Jeddah, Jodhpur, Kadapa, Kannur, Kanpur, Kochi, Kolhapur, Kolkata, Kozhikode, Kuwait City, Lucknow, Madurai, Mangalore, Mumbai, Muscat, Mysore, Nagpur, Patna, Port Blair, Pune, Raipur, Rajahmundry, Ranchi, Ras Al Khaimah (begins 15 June 2023), Sharjah, Shirdi, Srinagar, Surat, Thiruvananthapuram, Tiruchirappalli, Tirupati, Udaipur, Vadodara, Varanasi, Vijayawada, Visakhapatnam
"
HYD Airport,Kuwait Airways," Kuwait City
"
HYD Airport,Malaysia Airlines," Kuala Lumpur–International
"
HYD Airport, Nok Air ," Bangkok–Don Mueang
"
HYD Airport, Scoot ," Singapore
"
HYD Airport, Singapore Airlines ," Singapore
"
HYD Airport, Star Air ," Bangalore, Jamnagar
"
HYD Airport, Thai Airways International ," Bangkok–Suvarnabhumi
"
HYD Airport,VietJet Air ," Da Nang, Hanoi, Ho Chi Minh City (all begin 2 January 2024)
"
