0,1,2,3,4,5
NAACP Image Award for Outstanding Actress in a Comedy Series,1991,—,—,—,None
NAACP Image Award for Outstanding Actress in a Comedy Series,1992,Janet Hubert-Whitten,Fresh Prince of Bel Air,,None
NAACP Image Award for Outstanding Actress in a Comedy Series,1992,Phylicia Rashad,The Cosby Show,,None
NAACP Image Award for Outstanding Actress in a Comedy Series,1992,Cree Summer,A Different World,,None
NAACP Image Award for Outstanding Actress in a Comedy Series,1992,Raven-Symoné,The Cosby Show,,None
NAACP Image Award for Outstanding Actress in a Comedy Series,1994,Ella Joyce,Roc,,None
NAACP Image Award for Outstanding Actress in a Comedy Series,1994,Erika Alexander,Living Single,,None
NAACP Image Award for Outstanding Actress in a Comedy Series,1994,Queen Latifah,Living Single,,None
NAACP Image Award for Outstanding Actress in a Comedy Series,1994,Tisha Campbell-Martin,Martin,,None
NAACP Image Award for Outstanding Actress in a Comedy Series,1995,—,—,,—
NAACP Image Award for Outstanding Actress in a Comedy Series,1996,Erika Alexander,Living Single,,None
NAACP Image Award for Outstanding Actress in a Comedy Series,1996,Tisha Campbell-Martin,Martin,,None
NAACP Image Award for Outstanding Actress in a Comedy Series,1996,Kim Coles,Living Single,,None
NAACP Image Award for Outstanding Actress in a Comedy Series,1996,Kim Fields,Living Single,,None
NAACP Image Award for Outstanding Actress in a Comedy Series,1996,Queen Latifah,Living Single,,None
NAACP Image Award for Outstanding Actress in a Comedy Series,1997,Tisha Campbell-Martin,Martin,,None
NAACP Image Award for Outstanding Actress in a Comedy Series,1997,Erika Alexander,Living Single,,None
NAACP Image Award for Outstanding Actress in a Comedy Series,1997,Kim Coles,Living Single,,None
NAACP Image Award for Outstanding Actress in a Comedy Series,1997,Queen Latifah,Living Single,,None
NAACP Image Award for Outstanding Actress in a Comedy Series,1998,Kim Coles,Living Single,,None
NAACP Image Award for Outstanding Actress in a Comedy Series,1998,Brandy,Moesha,,None
NAACP Image Award for Outstanding Actress in a Comedy Series,1998,Queen Latifah,Living Single,,None
NAACP Image Award for Outstanding Actress in a Comedy Series,1999,Tia Mowry and Tamera Mowry,"Sister, Sister",,None
NAACP Image Award for Outstanding Actress in a Comedy Series,1999,Brandy,Moesha,,None
NAACP Image Award for Outstanding Actress in a Comedy Series,1999,Vivica A. Fox,Getting Personal,,None
NAACP Image Award for Outstanding Actress in a Comedy Series,1999,Pam Grier,Linc's,,None
NAACP Image Award for Outstanding Actress in a Comedy Series,1999,Holly Robinson Peete,For Your Love,,None
