0,1,2,3
Silver Logie Most Popular Actor,Martin Vaughan,Power Without Glory,ABC
Silver Logie Most Popular Actor,Paul Cronin,The Sullivans,Nine Network
Silver Logie Most Popular Actor,Paul Cronin,The Sullivans,Nine Network
Silver Logie Most Popular Actor,Paul Cronin,The Sullivans,Nine Network
Silver Logie Most Popular Actor,Paul Cronin,The Sullivans,Nine Network
Silver Logie Most Popular Actor,Grant Dodwell,A Country Practice,Seven Network
Silver Logie Most Popular Actor,Grant Dodwell,A Country Practice,Seven Network
Silver Logie Most Popular Actor,Jason Donovan,Neighbours,Network Ten
Silver Logie Most Popular Actor,Craig McLachlan,Neighbours,Network Ten
Silver Logie Most Popular Actor,Craig McLachlan,Neighbours,Network Ten
Silver Logie Most Popular Actor,Craig McLachlan,Home and Away,Seven Network
Silver Logie Most Popular Actor,Gary Sweet,Police Rescue,ABC TV
Silver Logie Most Popular Actor,Dieter Brummer,Home and Away,Seven Network
Silver Logie Most Popular Actor,Dieter Brummer,Home and Away,Seven Network
Silver Logie Most Popular Actor,Martin Sacks,Blue Heelers,Seven Network
Silver Logie Most Popular Actor,Colin Friels,Water Rats,Nine Network
Silver Logie Most Popular Actor,Jesse Spencer,Neighbours,Network Ten
Silver Logie Most Popular Actor,Nic Testoni,Home and Away,Seven Network
Silver Logie Most Popular Actor,John Wood,Blue Heelers,Seven Network
Silver Logie Most Popular Actor,Martin Sacks,Blue Heelers,Seven Network
Silver Logie Most Popular Actor,Colin Friels,Water Rats,Nine Network
Silver Logie Most Popular Actor,Jesse Spencer,Neighbours,Network Ten
Silver Logie Most Popular Actor,John Wood,Blue Heelers,Seven Network
Silver Logie Most Popular Actor,Martin Sacks,Blue Heelers,Seven Network
Silver Logie Most Popular Actor,Colin Friels,Water Rats,Nine Network
Silver Logie Most Popular Actor,John Wood,Blue Heelers,Seven Network
Silver Logie Most Popular Actor,Martin Sacks,Blue Heelers,Seven Network
Silver Logie Most Popular Actor,Daniel MacPherson,Neighbours,Network Ten
Silver Logie Most Popular Actor,William McInnes,SeaChange,ABC TV
Silver Logie Most Popular Actor,John Wood,Blue Heelers,Seven Network
Silver Logie Most Popular Actor,Peter Phelps,Stingers,Nine Network
Silver Logie Most Popular Actor,Samuel Johnson,The Secret Life of Us,Network Ten
Silver Logie Most Popular Actor,Ryan Kwanten,Home and Away,Seven Network
Silver Logie Most Popular Actor,John Wood,Blue Heelers,Seven Network
Silver Logie Most Popular Actor,Erik Thomson,All Saints,Seven Network
Silver Logie Most Popular Actor,Beau Brady,Home and Away,Seven Network
Silver Logie Most Popular Actor,Samuel Johnson,The Secret Life of Us,Network Ten
Silver Logie Most Popular Actor,Myles Pollard,McLeod's Daughters,Nine Network
Silver Logie Most Popular Actor,John Wood,Blue Heelers,Seven Network
Silver Logie Most Popular Actor,Aaron Jeffery,McLeod's Daughters,Nine Network
Silver Logie Most Popular Actor,Beau Brady,Home and Away,Seven Network
Silver Logie Most Popular Actor,Myles Pollard,McLeod's Daughters,Nine Network
Silver Logie Most Popular Actor,Glenn Robbins,Kath & Kim,ABC TV
Silver Logie Most Popular Actor,Erik Thomson,All Saints,Seven Network
Silver Logie Most Popular Actor,John Wood,Blue Heelers,Seven Network
Silver Logie Most Popular Actor,Beau Brady,Home and Away,Seven Network
Silver Logie Most Popular Actor,Chris Hemsworth,Home and Away,Seven Network
Silver Logie Most Popular Actor,Aaron Jeffery,McLeod's Daughters,Nine Network
Silver Logie Most Popular Actor,Glenn Robbins,Kath & Kim,ABC TV
Silver Logie Most Popular Actor,John Wood,Blue Heelers,Seven Network
Silver Logie Most Popular Actor,Chris Hemsworth,Home and Away,Seven Network
Silver Logie Most Popular Actor,Aaron Jeffery,McLeod's Daughters,Nine Network
Silver Logie Most Popular Actor,Joel McIlroy,Home and Away,Seven Network
Silver Logie Most Popular Actor,Glenn Robbins,Da Kath and Kim Code,ABC TV
Silver Logie Most Popular Actor,Aaron Jeffery,McLeod's Daughters,Nine Network
Silver Logie Most Popular Actor,Brendan Cowell,Love My Way,W. Channel
Silver Logie Most Popular Actor,Mark Furze,Home and Away,Seven Network
Silver Logie Most Popular Actor,John Howard,All Saints,Seven Network
Silver Logie Most Popular Actor,Paul O'Brien,Home and Away,Seven Network
Silver Logie Most Popular Actor,Mark Furze,Home and Away,Seven Network
Silver Logie Most Popular Actor,John Howard,All Saints,Seven Network
Silver Logie Most Popular Actor,Paul O'Brien,Home and Away,Seven Network
Silver Logie Most Popular Actor,Glenn Robbins,Kath & Kim,Seven Network
Silver Logie Most Popular Actor,Todd Lasance,Home and Away,Seven Network
Silver Logie Most Popular Actor,Gyton Grantley,Underbelly,Nine Network
Silver Logie Most Popular Actor,Mark Priestley,All Saints,Seven Network
Silver Logie Most Popular Actor,Ian Smith,Neighbours,Network Ten
Silver Logie Most Popular Actor,Erik Thomson,Packed to the Rafters,Seven Network
Silver Logie Most Popular Actor,Hugh Sheridan,Packed to the Rafters,Seven Network
Silver Logie Most Popular Actor,Luke Jacobz,Home and Away,Seven Network
Silver Logie Most Popular Actor,Todd Lasance,Home and Away,Seven Network
Silver Logie Most Popular Actor,Ray Meagher,Home and Away,Seven Network
Silver Logie Most Popular Actor,Erik Thomson,Packed to the Rafters,Seven Network
Silver Logie Most Popular Actor,Hugh Sheridan,Packed to the Rafters,Seven Network
Silver Logie Most Popular Actor,Michael Caton,Packed to the Rafters,Seven Network
Silver Logie Most Popular Actor,Don Hany,Offspring,Network Ten
Silver Logie Most Popular Actor,Don Hany,Tangle,Showcase
Silver Logie Most Popular Actor,Callan Mulvey,Rush,Network Ten
Silver Logie Most Popular Actor,Erik Thomson,Packed to the Rafters,Seven Network
Silver Logie Most Popular Actor,Hugh Sheridan,Packed to the Rafters,Seven Network
Silver Logie Most Popular Actor,Daniel MacPherson,Wild Boys,Seven Network
Silver Logie Most Popular Actor,Ray Meagher,Home and Away,Seven Network
Silver Logie Most Popular Actor,Eddie Perfect,Offspring,Network Ten
Silver Logie Most Popular Actor,Erik Thomson,Packed to the Rafters,Seven Network
Silver Logie Most Popular Actor,Steve Peacocke,Home and Away,Seven Network
Silver Logie Most Popular Actor,Firass Dirani,House Husbands,Nine Network
Silver Logie Most Popular Actor,Firass Dirani,The Straits,ABC1
Silver Logie Most Popular Actor,Hugh Sheridan,Packed to the Rafters,Seven Network
Silver Logie Most Popular Actor,Lachy Hulme,Howzat! Kerry Packer's War,Nine Network
Silver Logie Most Popular Actor,Lachy Hulme,Beaconsfield,Nine Network
Silver Logie Most Popular Actor,Lachy Hulme,Offspring,Network Ten
Silver Logie Most Popular Actor,Matthew Le Nevez,Offspring,Network Ten
Silver Logie Most Popular Actor,Chris Lilley,Ja'mie: Private School Girl,ABC1
Silver Logie Most Popular Actor,Dan Ewing,Home and Away,Seven Network
Silver Logie Most Popular Actor,Matthew Le Nevez,Offspring,Network Ten
Silver Logie Most Popular Actor,Steve Peacocke,Home and Away,Seven Network
Silver Logie Most Popular Actor,Hugh Sheridan,Packed to the Rafters,Seven Network
Silver Logie Most Popular Actor,Steve Peacocke,Home and Away,Seven Network
Silver Logie Most Popular Actor,Luke Arnold,INXS: Never Tear Us Apart,Seven Network
Silver Logie Most Popular Actor,Chris Lilley,Jonah from Tonga,ABC
Silver Logie Most Popular Actor,Craig McLachlan,The Doctor Blake Mysteries,ABC
Silver Logie Most Popular Actor,Josh Thomas,Please Like Me,ABC2
Silver Logie Most Popular Actor,Erik Thomson,800 Words,Seven Network
Silver Logie Most Popular Actor,Firass Dirani,House Husbands,Nine Network
Silver Logie Most Popular Actor,Craig McLachlan,The Doctor Blake Mysteries,ABC
Silver Logie Most Popular Actor,Josh Thomas,Please Like Me,ABC
Silver Logie Most Popular Actor,Samuel Johnson,Molly,Seven Network
Silver Logie Most Popular Actor,Erik Thomson,800 Words,Seven Network
Silver Logie Most Popular Actor,Craig McLachlan,Deep Water,SBS
Silver Logie Most Popular Actor,Craig McLachlan,The Doctor Blake Mysteries,ABC
Silver Logie Most Popular Actor,Craig McLachlan,The Wrong Girl,Network Ten
Silver Logie Most Popular Actor,Richard Roxburgh,Rake,ABC
Silver Logie Most Popular Actor,Rodger Corser,Doctor Doctor,Nine Network
Silver Logie Most Popular Actor,Rodger Corser,The Doctor Blake Mysteries,ABC
Silver Logie Most Popular Actor,Ray Meagher,Home and Away,Seven Network
Silver Logie Most Popular Actor,Aaron Jeffery,Underbelly Files: Chopper,Nine Network
Silver Logie Most Popular Actor,Erik Thomson,800 Words,Seven Network
Silver Logie Most Popular Actor,Luke McGregor,Rosehaven,ABC
Silver Logie Most Popular Actor,Rodger Corser,Doctor Doctor,Nine Network
Silver Logie Most Popular Actor,Luke McGregor,Rosehaven,ABC
Silver Logie Most Popular Actor,Aaron Pedersen,Mystery Road,ABC
Silver Logie Most Popular Actor,Guy Pearce,Jack Irish,ABC
Silver Logie Most Popular Actor,Ray Meagher,Home and Away,Seven Network
Silver Logie Most Popular Actor,Rodger Corser,Doctor Doctor,Nine Network
Silver Logie Most Popular Actor,Ryan Moloney,Neighbours,Network Ten
Silver Logie Most Popular Actor,Guy Pearce,Jack Irish,ABC
Silver Logie Most Popular Actor,Bernard Curry,Wentworth - The Final Sentence,Foxtel
Silver Logie Most Popular Actor,Hugo Weaving,Love Me,Binge/Foxtel
Silver Logie Most Popular Actor,Ray Meagher,Home and Away,Seven Network
Silver Logie Most Popular Actor,Rodger Corser,Doctor Doctor,Nine Network
Silver Logie Most Popular Actor,Stephen Peacocke,RFDS,Seven Network
