0,1,2,3,4,5
1921 by-election,Westhoughton,Rhys Davies,"14,876",58.4,1
1922 general election,Shipley,William Mackinder,"11,160",37.2,2
1923 general election,Ashton-under-Lyne,Ellen Wilkinson,"6,208",28.7,3
1923 general election,Spen Valley,Tom Myers,"12,597",37.4,2
1923 general election,Stafford,William Thomas Scott,"8,412",46.1,2
1924 general election,Liverpool Wavertree,William Albert Robinson,"10,383",35.0,2
1924 general election,Manchester Blackley,Wilfrid Burke,"6,195",27.5,3
1924 general election,Spen Valley,Tom Myers,"13,999",43.1,2
1924 general election,Stafford,William Thomas Scott,"7,571",37.9,2
1929 general election,Liverpool Exchange,William Albert Robinson,"16,970",49.7,2
1929 general election,Manchester Blackley,Wilfrid Burke,"9,091",30.1,3
1930 by-election,Shipley,William Mackinder,"18,654",42.3,1
1931 general election,Jarrow,Robert John Wilson,"18,071",45.9,2
1931 general election,Middlesbrough East,Ellen Wilkinson,"12,080",39.6,2
1931 general election,Shipley,William Albert Robinson,"14,725",34.5,2
1935 general election,Manchester Clayton,John Jagger,"19,225",53.7,1
1935 general election,Rossendale,Evelyn Walkden,"14,769",37.1,2
1935 general election,Thornbury,F. A. Heron,"15,164",37.5,2
1941 by-election,Doncaster,Evelyn Walkden,unopposed,,1
1945 general election,Wansbeck,Alfred Robens,"40,948",60.0,1
1945 general election,West Renfrewshire,Thomas Scollan,"15,050",48.9,1
