0,1,2,3,4,5
Sydney Pollack,1970,Academy Awards,Best Director,"They Shoot Horses, Don't They?",Nominated
Sydney Pollack,1983,Best Director,Academy Awards,Tootsie,Nominated
Sydney Pollack,1986,Best Director,Academy Awards,Out of Africa,Won
Sydney Pollack,1963,Primetime Emmy Awards,Outstanding Directing – Drama Series,Ben Casey,Nominated
Sydney Pollack,1964,Primetime Emmy Awards,Outstanding Directing – Drama Series,Bob Hope Presents the Chrysler Theatre,Nominated
Sydney Pollack,1966,Primetime Emmy Awards,Outstanding Directing – Drama Series,Bob Hope Presents the Chrysler Theatre,Won
Sydney Pollack,2008,Primetime Emmy Awards,Outstanding Television Movie,Recount,Nominated
Sydney Pollack,2008,Outstanding Variety Special,Primetime Emmy Awards,James Taylor: One Man Band,Nominated
Sydney Pollack,1969,Golden Globe Awards,Best Director,They Shoot Horses Don't They?,Nominated
Sydney Pollack,1982,Golden Globe Awards,Best Director,Tootsie,Nominated
Sydney Pollack,1985,Golden Globe Awards,Best Director,Out of Africa,Nominated
Sydney Pollack,1983,British Academy Film Awards,Best Film,Tootsie,Nominated
Sydney Pollack,1983,British Academy Film Awards,Best Director,Tootsie,Nominated
Sydney Pollack,1998,British Academy Film Awards,Outstanding British Film,Sliding Doors,Nominated
Sydney Pollack,2003,British Academy Film Awards,Best Film,Cold Mountain,Nominated
Sydney Pollack,2003,Outstanding British Film,British Academy Film Awards,Cold Mountain,Nominated
Sydney Pollack,2008,British Academy Film Awards,Best Film,The Reader,Nominated
