0,1,2,3,4
Gorillas in the Mist,British Academy Film Awards,Best Cinematography,John Seale,Nominated
Gorillas in the Mist,Chicago Film Critics Association Awards,Best Actress,Sigourney Weaver,Nominated
Gorillas in the Mist,Genesis Awards,Best Feature Film,Best Feature Film,Won
Gorillas in the Mist,Golden Globe Awards,Best Motion Picture – Drama,Best Motion Picture – Drama,Nominated
Gorillas in the Mist,Golden Globe Awards,Best Actress in a Motion Picture – Drama,Sigourney Weaver,Won
Gorillas in the Mist,Golden Globe Awards,Best Original Score – Motion Picture,Maurice Jarre,Won
Gorillas in the Mist,Golden Reel Awards,Best Sound Editing – Foreign Feature,Best Sound Editing – Foreign Feature,Won
Gorillas in the Mist,Jupiter Awards,Best International Actress,Sigourney Weaver,Won
Gorillas in the Mist,National Board of Review Awards,Top Ten Films,Top Ten Films,9th Place
Gorillas in the Mist,Writers Guild of America Awards,Best Screenplay – Based on Material from Another Medium,Anna Hamilton Phelan and Tab Murphy,Nominated
