0,1,2,3,4,5
2010(62nd),Ann-Margret,Law & Order: Special Victims Unit,Rita Wills,"""Bedtime""",NBC
2010(62nd),Shirley Jones,The Cleaner,Lola Zellman,"""Does Everybody Have a Drink?""",A&E
2010(62nd),Mary Kay Place,Big Love,Adaleen Grant,"""The Mighty and Strong""",HBO
2010(62nd),Sissy Spacek,Big Love,Marilyn Densham,"""End of Days""",HBO
2010(62nd),Lily Tomlin,Damages,Marilyn Tobin,"""Your Secrets Are Safe""",FX
2011(63rd),Loretta Devine,Grey's Anatomy,Adele Webber,"""This Is How We Do It""",ABC
2011(63rd),Cara Buono,Mad Men,Dr. Faye Miller,"""Chinese Wall""",AMC
2011(63rd),Joan Cusack,Shameless,Sheila Jackson,"""Frank Gallagher: Loving Husband, Devoted Father""",Showtime
2011(63rd),Randee Heller,Mad Men,Ida Blankenship,"""The Beautiful Girls""",AMC
2011(63rd),Mary McDonnell,The Closer,Sharon Raydor,"""Help Wanted""",TNT
2011(63rd),Julia Stiles,Dexter,Lumen Pierce,"""In the Beginning""",Showtime
2011(63rd),Alfre Woodard,True Blood,Ruby Jean Reynolds,"""Night of the Sun""",HBO
2012(64th),Martha Plimpton,The Good Wife,Patti Nyholm,"""The Dream Team""",CBS
2012(64th),Joan Cusack,Shameless,Sheila Jackson,"""Can I Have a Mother?""",Showtime
2012(64th),Loretta Devine,Grey's Anatomy,Adele Webber,"""If Only You Were Lonely""",ABC
2012(64th),Julia Ormond,Mad Men,Marie Calvet,"""The Phantom""",AMC
2012(64th),Jean Smart,Harry's Law,Roseanna Remmick,"""The Rematch""",NBC
2012(64th),Uma Thurman,Smash,Rebecca Duvall,"""Tech""",NBC
2013(65th),Carrie Preston,The Good Wife,Elsbeth Tascioni,"""Je Ne Sais What?""",CBS
2013(65th),Linda Cardellini,Mad Men,Sylvia Rosen,"""Man with a Plan""",AMC
2013(65th),Joan Cusack,Shameless,Sheila Jackson,"""A Long Way From Home""",Showtime
2013(65th),Jane Fonda,The Newsroom,Leona Lansing,"""The 112th Congress""",HBO
2013(65th),Margo Martindale,The Americans,Claudia,"""The Colonel""",FX
2014(66th),Allison Janney,Masters of Sex,Margaret Scully,"""Brave New World""",Showtime
2014(66th),Kate Burton,Scandal,Vice President Sally Langston,"""A Door Marked Exit""",ABC
2014(66th),Jane Fonda,The Newsroom,Leona Lansing,"""Red Team III""",HBO
2014(66th),Kate Mara,House of Cards,Zoe Barnes,"""Chapter 14""",Netflix
2014(66th),Margo Martindale,The Americans,Claudia,"""Behind the Red Door""",FX
2015(67th),Margo Martindale,The Americans,Claudia,"""I Am Abassin Zadran""",FX
2015(67th),Khandi Alexander,Scandal,Maya Pope,"""Where the Sun Don't Shine""",ABC
2015(67th),Rachel Brosnahan,House of Cards,Rachel Posner,"""Chapter 39""",Netflix
2015(67th),Allison Janney,Masters of Sex,Margaret Scully,"""Parallax""",Showtime
2015(67th),Cicely Tyson,How to Get Away with Murder,Ophelia Harkness,"""Mama's Here Now""",ABC
2016(68th),Margo Martindale,The Americans,Claudia,"""The Magic of David Copperfield V: The Statue of Liberty Disappears""",FX
2016(68th),Ellen Burstyn,House of Cards,Elizabeth Hale,"""Chapter 41""",Netflix
2016(68th),Allison Janney,Masters of Sex,Margaret Scully,"""Matters of Gravity""",Showtime
2016(68th),Laurie Metcalf,Horace and Pete,Sarah Marsh,"""Episode 3""",louisck.net
2016(68th),Molly Parker,House of Cards,Jackie Sharp,"""Chapter 45""",Netflix
2016(68th),Carrie Preston,The Good Wife,Elsbeth Tascioni,"""Targets""",CBS
2017(69th),Alexis Bledel,The Handmaid's Tale,Emily Malek / Ofglen,"""Late""",Hulu
2017(69th),Laverne Cox,Orange Is the New Black,Sophia Burset,"""Doctor Psycho""",Netflix
2017(69th),Ann Dowd,The Leftovers,Patti Levin,"""The Most Powerful Man in the World (and His Identical Twin Brother)""",HBO
2017(69th),Shannon Purser,Stranger Things,Barb Holland,"""Chapter Three: Holly, Jolly""",Netflix
2017(69th),Cicely Tyson,How to Get Away with Murder,Ophelia Harkness,"""Go Cry Somewhere Else""",ABC
2017(69th),Alison Wright,The Americans,Martha Hanson,"""The Soviet Division""",FX
2018(70th),Samira Wiley,The Handmaid's Tale,Moira Strand,"""After""",Hulu
2018(70th),Viola Davis,Scandal,Annalise Keating,"""Allow Me to Reintroduce Myself""",ABC
2018(70th),Kelly Jenrette,The Handmaid's Tale,Annie,"""Other Women""",Hulu
2018(70th),Cherry Jones,The Handmaid's Tale,Holly Maddox,"""Baggage""",Hulu
2018(70th),Cicely Tyson,How to Get Away with Murder,Ophelia Harkness,"""I'm Going Away""",ABC
2019(71st),Cherry Jones,The Handmaid's Tale,Holly Maddox,"""Holly""",Hulu
2019(71st),Laverne Cox,Orange Is the New Black,Sophia Burset,"""Well This Took a Dark Turn""",Netflix
2019(71st),Jessica Lange,American Horror Story: Apocalypse,Constance Langdon,"""Return to Murder House""",FX
2019(71st),Phylicia Rashad,This Is Us,Carol Clarke,"""Our Little Island Girl""",NBC
2019(71st),Cicely Tyson,How to Get Away with Murder,Ophelia Harkness,"""Where Are Your Parents?""",ABC
