0,1,2,3,4
Primetime Emmy Award for Outstanding Writing for a Variety Series,2000(52nd),Chris Rock: Bigger & Blacker,Chris Rock,HBO
Primetime Emmy Award for Outstanding Writing for a Variety Series,2000(52nd),The Chris Rock Show,"Tom Agna, Vernon Chatman, Louis C.K., Lance Crouther, Nick Di Paolo, Ali LeRoi, Steve O'Donnell, Chris Rock, Chuck Sklar, Jeff Stilson, Halsted Sullivan, Wanda Sykes and Mike Upchurch",HBO
Primetime Emmy Award for Outstanding Writing for a Variety Series,2000(52nd),Late Night with Conan O'Brien,"Chris Albers, Ellie Barancik, Andy Blitz, Louis C.K., Janine Ditullio, Jon Glaser, Michael Gordon, Jonathan Groff, Roy Jenkins, Brian Kiley, Brian McCann, Conan O'Brien, Andy Richter, Robert Smigel, Brian Stack and Mike Sweeney",NBC
Primetime Emmy Award for Outstanding Writing for a Variety Series,2000(52nd),Late Show with David Letterman,"Gabe Abelson, Michael Barrie, Carter Bays, Rob Burnett, Chris Harris, David Letterman, Jim Mulholland, Gerard Mulligan, Rodney Rothman, Tom Ruprecht, Bill Scheft, Beth Sherman, Eric Stangel, Justin Stangel, Craig Thomas, Joe Toplyn and Steve Young",CBS
Primetime Emmy Award for Outstanding Writing for a Variety Series,2001(53rd),The Daily Show with Jon Stewart,"Eric Drysdale, Jim Earl, Dan Goor, Charlie Grandy, J. R. Havlan, Tom Johnson, Kent Jones, Paul Mecurio, Chris Regan, Allison Silverman and Jon Stewart",Comedy Central
Primetime Emmy Award for Outstanding Writing for a Variety Series,2001(53rd),The Chris Rock Show,"Tom Agna, Lance Crouther, Nick Di Paolo, Daniel Dratch, Ali LeRoi, John Marshall, Steve O'Donnell, Chris Rock, Frank Sebastiano, Jeff Stilson, Wanda Sykes, Bryan Tucker and Mike Upchurch",HBO
Primetime Emmy Award for Outstanding Writing for a Variety Series,2001(53rd),Late Night with Conan O'Brien,"Chris Albers, Ellie Barancik, Andy Blitz, Janine Ditullio, Kevin Dorff, Jon Glaser, Michael Gordon, Jonathan Groff, Roy Jenkins, Brian Kiley, Brian McCann, Guy Nicolucci, Conan O'Brien, Brian Stack, Mike Sweeney and Andrew Weinberg",NBC
Primetime Emmy Award for Outstanding Writing for a Variety Series,2001(53rd),Late Show with David Letterman,"Eric Stangel, Justin Stangel, Gabe Abelson, Michael Barrie, Carter Bays, Lee Ellenberg, Chris Harris, David Letterman, Jim Mulholland, Gerard Mulligan, Tom Ruprecht, Bill Scheft, Craig Thomas, Joe Toplyn and Steve Young",CBS
Primetime Emmy Award for Outstanding Writing for a Variety Series,2002(54th),America: A Tribute to Heroes,"Eli Attie, Bill Clark, Chris Connelly, Terry Edmonds, Tom Fontana, Marshall Herskovitz, David Leaf, Ann Lewis, Peggy Noonan, Eugene Pack, Philip Rosenthal, Bob Shrum, David Wild and Edward Zwick",Syndicated
Primetime Emmy Award for Outstanding Writing for a Variety Series,2002(54th),The Daily Show with Jon Stewart,"Aaron Bergeron, Jonathan Bines, Eric Drysdale, J. R. Havlan, David Javerbaum, Tom Johnson, Ben Karlin, Paul Mecurio, Chris Regan, Jason Reich and Jon Stewart",Comedy Central
Primetime Emmy Award for Outstanding Writing for a Variety Series,2002(54th),Late Night with Conan O'Brien,"Chris Albers, Andy Blitz, Kevin Dorff, Jon Glaser, Michael Gordon, Brian Kiley, Michael Koman, Brian McCann, Guy Nicolucci, Conan O'Brien, Andrew Secunda, Allison Silverman, Robert Smigel, Brian Stack, Mike Sweeney and Andrew Weinberg",NBC
Primetime Emmy Award for Outstanding Writing for a Variety Series,2002(54th),Late Show with David Letterman,"Eric Stangel, Justin Stangel, Gabe Abelson, Michael Barrie, Carter Bays, Lee Ellenberg, Jason Gelles, Jonathan Green, Chris Harris, Mike Haukom, David Letterman, Gabe Miller, Jim Mulholland, Gerard Mulligan, Tom Ruprecht, Bill Scheft, Craig Thomas, Joe Toplyn and Steve Young",CBS
Primetime Emmy Award for Outstanding Writing for a Variety Series,2003(55th),The Daily Show with Jon Stewart,"Rich Blomquist, Steve Bodow, Eric Drysdale, J. R. Havlan, Scott Jacobson, David Javerbaum, Tom Johnson, Ben Karlin, Rob Kutner, Chris Regan, Jason Reich, Jason Ross and Jon Stewart",Comedy Central
Primetime Emmy Award for Outstanding Writing for a Variety Series,2003(55th),Late Night with Conan O'Brien,"Mike Sweeney, Chris Albers, Jose Arroyo, Andy Blitz, Kevin Dorff, Jon Glaser, Michael Gordon, Brian Kiley, Michael Koman, Brian McCann, Guy Nicolucci, Conan O'Brien, Andrew Secunda, Allison Silverman, Frank Smiley, Brian Stack and Andrew Weinberg",NBC
Primetime Emmy Award for Outstanding Writing for a Variety Series,2003(55th),Late Show with David Letterman,"Eric Stangel, Justin Stangel, Michael Barrie, Lee Ellenberg, Jonathan Green, Steve Hely, Jim Kramer, David Letterman, Gabe Miller, Jim Mulholland, Gerard Mulligan, Matt Roberts, Tom Ruprecht, Bill Scheft and Steve Young",CBS
Primetime Emmy Award for Outstanding Writing for a Variety Series,2003(55th),Robin Williams: Live on Broadway,Robin Williams,HBO
Primetime Emmy Award for Outstanding Writing for a Variety Series,2004(56th),The Daily Show with Jon Stewart,"Rich Blomquist, Steve Bodow, Tim Carvell, Stephen Colbert, Eric Drysdale, J. R. Havlan, Scott Jacobson, David Javerbaum, Ben Karlin, Chris Regan, Jason Reich, Jason Ross and Jon Stewart",Comedy Central
Primetime Emmy Award for Outstanding Writing for a Variety Series,2004(56th),Chappelle's Show,Neal Brennan and Dave Chappelle,Comedy Central
Primetime Emmy Award for Outstanding Writing for a Variety Series,2004(56th),Chris Rock: Never Scared,Chris Rock,HBO
Primetime Emmy Award for Outstanding Writing for a Variety Series,2004(56th),Late Night with Conan O'Brien,"Mike Sweeney, Chris Albers, Jose Arroyo, Andy Blitz, Kevin Dorff, Daniel J. Goor, Michael Gordon, Brian Kiley, Michael Koman, Demetri Martin, Brian McCann, Guy Nicolucci, Conan O'Brien, Allison Silverman, Brian Stack and Andrew Weinberg",NBC
Primetime Emmy Award for Outstanding Writing for a Variety Series,2004(56th),Late Show with David Letterman,"Eric Stangel, Justin Stangel, Michael Barrie, Lee Ellenberg, Jonathan Green, Joe Grossman, David Letterman, Gabe Miller, Jim Mulholland, Gerard Mulligan, Matt Roberts, Tom Ruprecht, Bill Scheft, Jeremy Weiner and Steve Young",CBS
Primetime Emmy Award for Outstanding Writing for a Variety Series,2005(57th),The Daily Show with Jon Stewart,"Rich Blomquist, Steve Bodow, Tim Carvell, Stephen Colbert, Eric Drysdale, J. R. Havlan, Scott Jacobson, David Javerbaum, Ben Karlin, Rob Kutner, Chris Regan, Jason Reich, Jason Ross and Jon Stewart",Comedy Central
Primetime Emmy Award for Outstanding Writing for a Variety Series,2005(57th),Da Ali G Show,"James Bobin, Sacha Baron Cohen, Rich Dahm, Jamie Glassman, Evan Goldberg, Ant Hines, Dan Mazer, Seth Rogen and Jeff Stilson",HBO
Primetime Emmy Award for Outstanding Writing for a Variety Series,2005(57th),Late Night with Conan O'Brien,"Mike Sweeney, Chris Albers, Jose Arroyo, Andy Blitz, Kevin Dorff, Daniel J. Goor, Michael Gordon, Brian Kiley, Michael Koman, Brian McCann, Guy Nicolucci, Conan O'Brien, Allison Silverman, Frank Smiley, Brian Stack and Andrew Weinberg",NBC
Primetime Emmy Award for Outstanding Writing for a Variety Series,2005(57th),Late Show with David Letterman,"Eric Stangel, Justin Stangel, Michael Barrie, Lee Ellenberg, Matthew Flanagan, Joe Grossman, David Letterman, David McHugh, Jim Mulholland, Gerard Mulligan, Matt Roberts, Tom Ruprecht, Frank Sebastiano, Jeremy Weiner and Steve Young",CBS
Primetime Emmy Award for Outstanding Writing for a Variety Series,2005(57th),Real Time with Bill Maher,"Scott Carter, David Feldman, Brian Jacobsmeyer, Jay Jaroch, Chris Kelly, Bill Maher, Billy Martin, Ned Rice and Danny Vermont",HBO
Primetime Emmy Award for Outstanding Writing for a Variety Series,2006(58th),The Daily Show with Jon Stewart,"Rich Blomquist, Steve Bodow, Rachel Axler, Kevin Bleyer, Tim Carvell, Stephen Colbert, Eric Drysdale, J. R. Havlan, Scott Jacobson, David Javerbaum, Ben Karlin, Rob Kutner, Sam Means, Chris Regan, Jason Reich, Jason Ross and Jon Stewart",Comedy Central
Primetime Emmy Award for Outstanding Writing for a Variety Series,2006(58th),The Colbert Report,"Michael Brumm, Stephen Colbert, Rich Dahm, Eric Drysdale, Rob Dubbin, Peter Gwinn, Jay Katsir, Laura Krafft, Frank Lesser and Allison Silverman",Comedy Central
Primetime Emmy Award for Outstanding Writing for a Variety Series,2006(58th),Late Night with Conan O'Brien,"Mike Sweeney, Chris Albers, Jose Arroyo, Andy Blitz, Dan Cronin, Kevin Dorff, Daniel J. Goor, Michael Gordon, Tim Harrod, Berkley Johnson, Brian Kiley, Michael Koman, Brian McCann, Guy Nicolucci, Conan O'Brien, Brian Stack and Andrew Weinberg",NBC
Primetime Emmy Award for Outstanding Writing for a Variety Series,2006(58th),Late Show with David Letterman,"Eric Stangel, Justin Stangel, Michael Barrie, Lee Ellenberg, Joe Grossman, David Letterman, Jim Mulholland, Matt Roberts, Tom Ruprecht, Sam Saltz, Meredith Scardino, Bill Scheft, Frank Sebastiano, Jeremy Weiner and Steve Young",CBS
Primetime Emmy Award for Outstanding Writing for a Variety Series,2006(58th),Real Time with Bill Maher,"Ross Abrash, Scott Carter, David Feldman, Matt Gunn, Brian Jacobsmeyer, Jay Jaroch, Chris Kelly, Bill Maher, Billy Martin and Danny Vermont",HBO
Primetime Emmy Award for Outstanding Writing for a Variety Series,2007(59th),Late Night with Conan O'Brien,"Mike Sweeney, Chris Albers, Jose Arroyo, Dan Cronin, Kevin Dorff, Dan Goor, Michael Gordon, Berkley Johnson, Brian Kiley, Michael Koman, Tim Harrod, Brian McCann, Guy Nicolucci, Conan O'Brien, Brian Stack and Andrew Weinberg",NBC
Primetime Emmy Award for Outstanding Writing for a Variety Series,2007(59th),The Colbert Report,"Stephen Colbert, Allison Silverman, Rich Dahm, Michael Brumm, Rob Dubbin, Eric Drysdale, Peter Gwinn, Jay Katsir, Laura Krafft and Frank Lesser",Comedy Central
Primetime Emmy Award for Outstanding Writing for a Variety Series,2007(59th),The Daily Show with Jon Stewart,"Steve Bodow, Rachel Axler, Kevin Bleyer, Rich Blomquist, Tim Carvell, J. R. Havlan, Scott Jacobson, David Javerbaum, Ben Karlin, Rob Kutner, Josh Lieb, Sam Means, Jason Reich, Jason Ross and Jon Stewart",Comedy Central
Primetime Emmy Award for Outstanding Writing for a Variety Series,2007(59th),Late Show with David Letterman,"Eric Stangel, Justin Stangel, Michael Barrie, Jim Mulholland, Steve Young, Tom Ruprecht, Lee Ellenberg, Matt Roberts, Jeremy Weiner, Joe Grossman, Meredith Scardino, Bill Scheft, Aaron Blitzstein, Bob Borden, Frank Sebastiano and David Letterman",CBS
Primetime Emmy Award for Outstanding Writing for a Variety Series,2007(59th),Real Time with Bill Maher,"David Feldman, Matt Gunn, Brian Jacobsmeyer, Jay Jaroch, Chris Kelly, Bill Maher, Billy Martin, Jonathan Schmock, Danny Vermont and Scott Carter",HBO
Primetime Emmy Award for Outstanding Writing for a Variety Series,2008(60th),The Colbert Report,"Tom Purcell, Stephen Colbert, Allison Silverman, Rich Dahm, Michael Brumm, Rob Dubbin, Eric Drysdale, Peter Gwinn, Jay Katsir, Laura Krafft, Frank Lesser, Glenn Eichler, Peter Grosz, Bryan Adams, Barry Julien and Meredith Scardino",Comedy Central
Primetime Emmy Award for Outstanding Writing for a Variety Series,2008(60th),The Daily Show with Jon Stewart,"Steve Bodow, Rory Albanese, Rachel Axler, Kevin Bleyer, Rich Blomquist, Tim Carvell, J. R. Havlan, Scott Jacobson, David Javerbaum, Rob Kutner, Josh Lieb, Sam Means, John Oliver, Jason Ross and Jon Stewart",Comedy Central
Primetime Emmy Award for Outstanding Writing for a Variety Series,2008(60th),Late Night with Conan O'Brien,"Mike Sweeney, Chris Albers, Jose Arroyo, Dan Cronin, Kevin Dorff, Daniel J. Goor, Michael Gordon, Berkley Johnson, Brian Kiley, Michael Koman, Brian McCann, Guy Nicolucci, Conan O'Brien, Matt O'Brien, Brian Stack and Andrew Weinberg",NBC
Primetime Emmy Award for Outstanding Writing for a Variety Series,2008(60th),Late Show with David Letterman,"Eric Stangel, Justin Stangel, Jim Mulholland, Michael Barrie, Steve Young, Tom Ruprecht, Lee Ellenberg, Matt Roberts, Jeremy Weiner, Joe Grossman, Bill Scheft, Bob Borden, Frank Sebastiano and David Letterman",CBS
Primetime Emmy Award for Outstanding Writing for a Variety Series,2009(61st),The Daily Show with Jon Stewart,"Steve Bodow, Jon Stewart, David Javerbaum, Josh Lieb, Rory Albanese, Kevin Bleyer, Jason Ross, Tim Carvell, John Oliver, Sam Means, Rob Kutner, J. R. Havlan, Rich Blomquist, Wyatt Cenac, Elliott Kalan and Rachel Axler",Comedy Central
Primetime Emmy Award for Outstanding Writing for a Variety Series,2009(61st),The Colbert Report,"Tom Purcell, Stephen Colbert, Allison Silverman, Richard Dahm, Michael Brumm, Rob Dubbin, Opus Moreschi, Peter Gwinn, Jay Katsir, Frank Lesser, Glenn Eichler, Peter Grosz, Barry Julien and Meredith Scardino",Comedy Central
Primetime Emmy Award for Outstanding Writing for a Variety Series,2009(61st),Late Night with Conan O'Brien,"Mike Sweeney, Chris Albers, José Arroyo, Dan Cronin, Kevin Dorff, Andrés du Bouchet, Michael Gordon, Berkley Johnson, Brian Kiley, Todd Levin, Brian McCann, Guy Nicolucci, Conan O'Brien, Matt O'Brien, Brian Stack and Andrew Weinberg",NBC
Primetime Emmy Award for Outstanding Writing for a Variety Series,2009(61st),Late Show with David Letterman,"Eric Stangel, Justin Stangel, Michael Barrie, Jim Mulholland, Steve Young, Tom Ruprecht, Lee Ellenberg, Matt Roberts, Jeremy Weiner, Joe Grossman, Bill Scheft, Bob Borden, Frank Sebastiano and David Letterman",CBS
