0,1,2,3,4,5
Vincent Vaughn,2001,The Cell,Blockbuster Entertainment Award,Favorite Actor – Science Fiction,Nominated
Vincent Vaughn,2005,—,Golden Schmoes Award,Favorite Celebrity of the Year,Nominated
Vincent Vaughn,2005,DodgeBall: A True Underdog Story,MTV Movie + TV Award,"Best On-Screen Team (shared with Christine Taylor, Justin Long, Alan Tudyk, Stephen Root, Joel David Moore & Chris Williams)",Nominated
Vincent Vaughn,2005,Be Cool,Teen Choice Award,Choice Movie – Sleazbag,Nominated
Vincent Vaughn,2006,Wedding Crashers,People's Choice Award,Favorite On-Screen Match-Up (shared with Owen Wilson),Won
Vincent Vaughn,2006,—,ShoWest Convention Award,Comedy Star of the Year,Won
Vincent Vaughn,2006,The Break-Up,Teen Choice Award,Choice Movie Actor – Comedy,Nominated
Vincent Vaughn,2006,The Break-Up,Teen Choice Award,Choice Movie – Chemistry (shared with Jennifer Aniston),Won
Vincent Vaughn,2007,The Break-Up,People's Choice Award,Favorite Leading Man,Won
Vincent Vaughn,2007,Favorite On-Screen Match-Up (shared with Jennifer Aniston),People's Choice Award,The Break-Up,Nominated
Vincent Vaughn,2008,Into the Wild,Gold Derby Award,Ensemble Cast,Nominated
Vincent Vaughn,2010,Couples Retreat,People's Choice Award,Favorite Comedy Star,Nominated
Vincent Vaughn,2010,—,Teen Choice Award,Choice Activist,Won
Vincent Vaughn,2013,The Internship,CinemaCon Award,Comedy Duo of the Year (shared with Owen Wilson),Won
Vincent Vaughn,2017,Hacksaw Ridge,Australian Film Critics Association Award,Best Supporting Actor,Nominated
Vincent Vaughn,2018,Brawl in Cell Block 99,Saturn Award,Best Actor,Nominated
Vincent Vaughn,2021,Freaky,Critics' Choice Super Award,Best Actor in a Horror Movie,Won
Vincent Vaughn,2021,Freaky,MTV Movie & TV Award,Most Frightened Performance,Nominated
