0,1,2,3,4
2010,Danny McBride,Eastbound & Down,Kenny Powers,HBO
2010,Thomas Jane,Hung,Ray Drecker,HBO
2011,Louis C.K.,Louie,Louie,FX
2011,Martin Clunes,Doc Martin,Dr. Martin Ellingham,ITV
2011,Charlie Day,It's Always Sunny in Philadelphia,Charlie Kelly,FX
2011,Elijah Wood,Wilfred,Ryan Newman,FX
2011,Matt LeBlanc,Episodes,Himself,Showtime
2011,Joel McHale,Community,Jeff Winger,NBC
2012,Will Arnett,Up All Night,Chris Brinkley,NBC
2012,Joel McHale,Community,Jeff Winger,NBC
2012,Don Cheadle,House of Lies,Marty Kaan,Showtime
2012,Louis C.K.,Louie,Louie,FX
2013,John Goodman ,Alpha House,Senator Gil John Biggs,Prime Video
2013,Mathew Baynton,The Wrong Mans,Sam Pinkett,BBC Two
2013,James Corden,The Wrong Mans,Phil Bourne,BBC Two
2013,Andre Braugher,Brooklyn Nine-Nine,Captain Raymond Holt,Fox
2013,Jake Johnson,New Girl,Nick Miller,Fox
2013,Don Cheadle,House of Lies,Marty Kaan,Showtime
2014,Louis C.K.,Louie,Louie,FX
2014,John Goodman,Alpha House,Senator Gil John Biggs,Prime Video
2014,William H. Macy,Shameless,Frank Gallagher,Showtime
2014,Thomas Middleditch,Silicon Valley,Richard Hendricks,HBO
2015,Louis C.K.,Louie,Louie,FX
2015,Will Forte,The Last Man on Earth,Phil Miller,Fox
2015,Chris Messina,The Mindy Project,Dr. Danny Castellano,Fox
2015,Colin Hanks,Life in Pieces,Greg Short,CBS
2015,Thomas Middleditch,Silicon Valley,Richard Hendricks,HBO
2016,William H. Macy,Shameless,Frank Gallagher,Showtime
2016,Anthony Anderson,Black-ish,"Andre ""Dre"" Johnson Sr.",ABC
2016,Rob Delaney,Catastrophe,Rob Norris,Prime Video
2016,Will Forte,The Last Man on Earth,Phil Miller,Fox
2016,Thomas Middleditch,Silicon Valley,Richard Hendricks,HBO
2017,William H. Macy,Shameless,Frank Gallagher,Showtime
2017,Aziz Ansari,Master of None,Dev Shah,Netflix
2017,Neil Patrick Harris,A Series of Unfortunate Events,Count Olaf,Netflix
2017,Zach Galifianakis,Baskets,Chip and Dale Baskets,FX
2017,Thomas Middleditch,Silicon Valley,Richard Hendricks,HBO
2017,John Lithgow,Trial & Error,Larry Henderson,NBC
2018,Bill Hader,Barry,Barry Berkman / Barry Block,HBO
2018,Anthony Anderson,Black-ish,"Andre ""Dre"" Johnson Sr.",ABC
2018,Ted Danson,The Good Place,Michael,NBC
2018,Thomas Middleditch,Silicon Valley,Richard Hendricks,HBO
2018,Donald Glover,Atlanta,"Earnest ""Earn"" Marks",FX
2018,William H. Macy,Shameless,Frank Gallagher,Showtime
2019,Thomas Middleditch,Silicon Valley,Richard Hendricks,HBO
2019,Ted Danson,The Good Place,Michael,NBC
2019,Michael Douglas,The Kominsky Method,Sandy Kominsky,Netflix
2019,Bill Hader,Barry,Barry Berkman / Barry Block,HBO
2019,Danny McBride,The Righteous Gemstones,Jesse Gemstone,HBO
2019,Eugene Levy,Schitt's Creek,Johnny Rose,Pop TV
