0,1,2,3,4,5,6
Bedford (UK Parliament constituency),,10 April 1660,Sir Samuel Luke,,Humphrey Winch,
Bedford (UK Parliament constituency),,25 March 1661,Richard Taylor,,John Kelyng,
Bedford (UK Parliament constituency),,10 July 1663,Richard Taylor,,Paulet St John,
Bedford (UK Parliament constituency),,30 December 1667,Sir William Beecher,,Paulet St John,
Bedford (UK Parliament constituency),,12 February 1679,Sir William Francklyn,,Paulet St John,
Bedford (UK Parliament constituency),18 August 1679,,Sir William Francklyn,,Paulet St John,
Bedford (UK Parliament constituency),17 February 1681,,Sir William Francklyn,,Paulet St John,
Bedford (UK Parliament constituency),,6 March 1685,"Sir Anthony Chester, 3rd Baronet",Tory,Thomas Christie,Tory
Bedford (UK Parliament constituency),,9 January 1689,Thomas Hillersden,Whig,Thomas Christie,Tory
Bedford (UK Parliament constituency),13 May 1690,,Thomas Hillersden,Whig,Thomas Christie,Tory
Bedford (UK Parliament constituency),,5 May 1695,Thomas Hillersden,Whig,William Farrer,Whig
Bedford (UK Parliament constituency),,18 March 1698,William Spencer,,William Farrer,Whig
Bedford (UK Parliament constituency),,20 July 1698,William Spencer,,"Sir Thomas Alston, 3rd Baronet",
Bedford (UK Parliament constituency),,c. January 1701,William Spencer,,Samuel Rolt,Tory
Bedford (UK Parliament constituency),,21 November 1701,William Spencer,,William Farrer,Whig
Bedford (UK Parliament constituency),,17 July 1702,William Spencer,,Edward Carteret,Whig
Bedford (UK Parliament constituency),,11 May 1705,William Farrer,Whig,"Sir Philip Monoux, 3rd Baronet",Whig
Bedford (UK Parliament constituency),,15 December 1707,William Farrer,Whig,William Hillersden,Whig
Bedford (UK Parliament constituency),,5 May 1708,William Farrer,Whig,William Hillersden,Whig
Bedford (UK Parliament constituency),,14 April 1710,William Farrer,Whig,John Cater,Whig
Bedford (UK Parliament constituency),,6 October 1710,William Farrer,Whig,John Cater,Whig
Bedford (UK Parliament constituency),,27 August 1713,Samuel Rolt,Tory,John Cater,Whig
Bedford (UK Parliament constituency),,28 January 1715,William Farrer,Whig,John Thurlow Brace,Whig
Bedford (UK Parliament constituency),,2 December 1715,William Farrer,Whig,John Thurlow Brace,Whig
Bedford (UK Parliament constituency),,21 March 1722,William Farrer,Whig,George Huxley,
Bedford (UK Parliament constituency),,9 June 1725,William Farrer,Whig,John Thurlow Brace,Whig
Bedford (UK Parliament constituency),,15 August 1727,John Orlebar,Whig,John Thurlow Brace,Whig
Bedford (UK Parliament constituency),,16 April 1728,John Orlebar,Whig,James Metcalfe,Tory
Bedford (UK Parliament constituency),,30 January 1731,John Orlebar,Whig,"Sir Jeremy Vanacker Sambrooke, Bt",Tory
Bedford (UK Parliament constituency),,26 April 1734,Samuel Ongley,Tory,"Sir Jeremy Vanacker Sambrooke, Bt",Tory
Bedford (UK Parliament constituency),,24 November 1740,Samuel Ongley,Tory,"Sir Boteler Chernock, 4th Baronet",Tory
Bedford (UK Parliament constituency),,5 May 1741,Samuel Ongley,Tory,"Sir Boteler Chernock, 4th Baronet",Tory
Bedford (UK Parliament constituency),,29 June 1747,Thomas Gore,,John Offley,
Bedford (UK Parliament constituency),,15 April 1754,Francis Herne,,Robert Henley-Ongley,
Bedford (UK Parliament constituency),,26 March 1761,Francis Herne,,Richard Vernon,Whig
Bedford (UK Parliament constituency),,24 April 1764,Francis Herne,,Richard Vernon,Whig
Bedford (UK Parliament constituency),,17 March 1768,Samuel Whitbread,Tory,Richard Vernon,Whig
Bedford (UK Parliament constituency),,18 October 1774,"Sir William Wake, 8th Baronet",Tory,Robert Sparrow,Tory
Bedford (UK Parliament constituency),,23 March 1775,"Sir William Wake, 8th Baronet",Tory,Samuel Whitbread,Whig
Bedford (UK Parliament constituency),,14 September 1780,"Sir William Wake, 8th Baronet",Tory,Samuel Whitbread,Whig
Bedford (UK Parliament constituency),,5 April 1784,William MacDowall Colhoun,Tory,Samuel Whitbread,Whig
Bedford (UK Parliament constituency),,28 June 1790,William MacDowall Colhoun,Tory,Samuel Whitbread,Whig
Bedford (UK Parliament constituency),,27 May 1796,William MacDowall Colhoun,Tory,Samuel Whitbread,Whig
Bedford (UK Parliament constituency),,6 July 1802,William Lee-Antonie,Whig,Samuel Whitbread,Whig
Bedford (UK Parliament constituency),30 October 1806,,William Lee-Antonie,Whig,Samuel Whitbread,Whig
Bedford (UK Parliament constituency),11 May 1807,,William Lee-Antonie,Whig,Samuel Whitbread,Whig
Bedford (UK Parliament constituency),,17 July 1815,Lord George Russell,Whig,Hon. William Waldegrave,Whig
Bedford (UK Parliament constituency),,2 August 1830,Frederick Polhill,Tory,William Henry Whitbread,Whig
Bedford (UK Parliament constituency),29 April 1831,,Frederick Polhill,Tory,William Henry Whitbread,Whig
Bedford (UK Parliament constituency),,1832,Samuel Crawley,Whig,William Henry Whitbread,Whig
Bedford (UK Parliament constituency),,1835,Samuel Crawley,Whig,Frederick Polhill,Conservative
Bedford (UK Parliament constituency),,1837,Henry Stuart,Conservative,Frederick Polhill,Conservative
Bedford (UK Parliament constituency),,1838,Samuel Crawley,Whig,Frederick Polhill,Conservative
Bedford (UK Parliament constituency),,1841,Henry Stuart,Conservative,Frederick Polhill,Conservative
Bedford (UK Parliament constituency),,1847,Henry Stuart,Conservative,"Sir Harry Verney, 2nd Baronet",Whig
Bedford (UK Parliament constituency),,1852,Henry Stuart,Conservative,Samuel Whitbread,Whig
Bedford (UK Parliament constituency),,1854,William Stuart,Conservative,Samuel Whitbread,Whig
Bedford (UK Parliament constituency),,1857,Thomas Barnard,Whig,Samuel Whitbread,Whig
Bedford (UK Parliament constituency),,1859,William Stuart,Conservative,Samuel Whitbread,Liberal
Bedford (UK Parliament constituency),,1868,James Howard,Liberal,Samuel Whitbread,Liberal
Bedford (UK Parliament constituency),,1874,Frederick Polhill-Turner,Conservative,Samuel Whitbread,Liberal
Bedford (UK Parliament constituency),,1880,Charles Magniac,Liberal,Samuel Whitbread,Liberal
