0,1,2,3,4,5
Jaya Bachchan,1972,Filmfare Awards,Special Award,Uphaar,Won
Jaya Bachchan,1972,Filmfare Awards,Best Actress,Uphaar,Nominated
Jaya Bachchan,1972,Filmfare Awards,Best Actress,Guddi,Nominated
Jaya Bachchan,1974,Filmfare Awards,Best Actress,Koshish,Nominated
Jaya Bachchan,1974,Abhimaan,Filmfare Awards,Best Actress,Won
Jaya Bachchan,1976,Filmfare Awards,Best Actress,Mili,Nominated
Jaya Bachchan,1982,Filmfare Awards,Best Actress,Silsila,Nominated
Jaya Bachchan,1998,Filmfare Awards,Special Award,Hazaar Chaurasi Ki Maa,Won
Jaya Bachchan,2007,Filmfare Awards,Lifetime Achievement Award,—,Won
Jaya Bachchan,2001,International Indian Film Academy Awards,Best Supporting Actress,Fiza,Won
Jaya Bachchan,2002,International Indian Film Academy Awards,Best Supporting Actress,Kabhi Khushi Kabhie Gham...,Won
Jaya Bachchan,2004,International Indian Film Academy Awards,Best Supporting Actress,Kal Ho Naa Ho,Won
