0,1,2,3
Caldecott awards,Robert Lawson,Four and Twenty Blackbirds,Honor
Caldecott awards,Boris Artzybasheff,Seven Simeons: A Russian Tale,Honor
Caldecott awards,James Daugherty,Andy and the Lion,Honor
Caldecott awards,Clare Turlay Newberry,Barkis,Honor
Caldecott awards,Laura Adams Armer,The Forest Pool,Honor
Caldecott awards,Wanda Gág,Snow White and the Seven Dwarfs,Honor
Caldecott awards,Robert Lawson,Wee Gillis,Honor
Caldecott awards,Berta and Elmer Hader,Cock-a-Doodle Doo,Honor
Caldecott awards,Ludwig Bemelmans,Madeline,Honor
Caldecott awards,Lauren Ford,The Ageless Story,Honor
Caldecott awards,Clare Turlay Newberry,April's Kittens,Honor
Caldecott awards,Maud and Miska Petersham,An American ABC,Honor
Caldecott awards,Velino Herrera,In My Mother's House,Honor
Caldecott awards,Holling C. Holling,Paddle-to-the-Sea,Honor
Caldecott awards,Wanda Gág,Nothing at All,Honor
Caldecott awards,Mary and Conrad Buff,Dash and Dart,Honor
Caldecott awards,Clare Turlay Newberry,Marshmallow,Honor
Caldecott awards,Elizabeth Orton Jones,Small Rain: Verses From The Bible,Honor
Caldecott awards,Arnold E. Bare,Pierre Pidgeon,Honor
Caldecott awards,Berta and Elmer Hader,The Mighty Hunter,Honor
Caldecott awards,Jean Charlot,A Child's Good Night Book,Honor
Caldecott awards,Plato Chan,The Good-Luck Horse,"Honor
"
Caldecott awards,Tasha Tudor,Mother Goose,Honor
Caldecott awards,Marie Hall Ets,In the Forest,Honor
Caldecott awards,Marguerite de Angeli,Yonie Wondernose,Honor
Caldecott awards,Kate Seredy,The Christmas Anna Angel,Honor
Caldecott awards,Leonard Weisgard,Little Lost Lamb,Honor
Caldecott awards,Marjorie Torrey,Sing Mother Goose,Honor
Caldecott awards,Ruth Stiles Gannett,My Mother Is the Most Beautiful Woman in the World,Honor
Caldecott awards,Kurt Wiese,You Can Write Chinese,Honor
Caldecott awards,Leonard Weisgard,Rain Drop Splash,Honor
Caldecott awards,Jay Hyde Barnum,Boats on the River,Honor
Caldecott awards,Tony Palazzo,Timothy Turtle,Honor
Caldecott awards,Leo Politi,"Pedro, the Angel of Olvera Street",Honor
Caldecott awards,Marjorie Torrey,Sing in Praise: A Collection of the Best Loved Hymns,Honor
Caldecott awards,Roger Duvoisin,"White Snow, Bright Snow",Winner
Caldecott awards,Marcia Brown,Stone Soup,Honor
Caldecott awards,Dr. Seuss,McElligot's Pool,Honor
Caldecott awards,Georges Schreiber,Bambino the Clown,Honor
Caldecott awards,Hildegard Woodward,Roger and the Fox,Honor
Caldecott awards,Virginia Lee Burton,Song of Robin Hood,Honor
Caldecott awards,Robert McCloskey,Blueberries for Sal,Honor
Caldecott awards,Helen Stone,All Around the Town,Honor
Caldecott awards,Leo Politi,Juanita,Honor
Caldecott awards,Kurt Wiese,Fish in the Air,Honor
Caldecott awards,Lynd Ward,America's Ethan Allen,Honor
Caldecott awards,Hildegard Woodward,The Wild Birthday Cake,Honor
Caldecott awards,Marc Simont,The Happy Day,Honor
Caldecott awards,Dr. Seuss,Bartholomew and the Oobleck,Honor
Caldecott awards,Marcia Brown,Henry Fisherman,Honor
Caldecott awards,Marcia Brown,Dick Whittington and His Cat,Honor
Caldecott awards,Nicholas Mordvinoff,The Two Reds,Honor
Caldecott awards,Dr. Seuss,If I Ran the Zoo,Honor
Caldecott awards,Helen Stone,The Most Wonderful Doll in the World,Honor
Caldecott awards,Clare Turlay Newberry,"T-Bone, the Baby Sitter",Honor
Caldecott awards,Marie Hall Ets,Mr. T. W. Anthony Woo,Honor
Caldecott awards,Marcia Brown,Skipper John's Cook,Honor
Caldecott awards,Margaret Bloy Graham,All Falling Down,Honor
Caldecott awards,William Pène du Bois,Bear Party,Honor
Caldecott awards,Elizabeth Olds,Feather Mountain,Honor
Caldecott awards,Marcia Brown,Puss in Boots,Honor
Caldecott awards,Robert McCloskey,One Morning in Maine,Honor
Caldecott awards,Fritz Eichenberg,Ape in a Cape: An Alphabet of Odd Animals,Honor
Caldecott awards,Margaret Bloy Graham,The Storm Book,Honor
Caldecott awards,Juliet Kepes,Five Little Monkeys,Honor
Caldecott awards,Robert McCloskey,"Journey Cake, Ho!",Honor
Caldecott awards,Jean Charlot,When Will the World Be Mine?,Honor
Caldecott awards,Marcia Brown,The Steadfast Tin Soldier,Honor
Caldecott awards,Maurice Sendak,A Very Special House,Honor
Caldecott awards,A. Birnbaum,Green Eyes,Honor
Caldecott awards,Marcia Brown,"Cinderella, or the Little Glass Slipper",Winner
Caldecott awards,Marguerite de Angeli,Book of Nursery and Mother Goose Rhymes,Honor
Caldecott awards,Tibor Gergely,Wheel on the Chimney,Honor
Caldecott awards,Helen Sewell,The Thanksgiving Story,Honor
Caldecott awards,Marie Hall Ets,Play With Me,Honor
Caldecott awards,Taro Yashima,Crow Boy,Honor
Caldecott awards,Marie Hall Ets,Mr. Penny's Race Horse,Honor
Caldecott awards,Tasha Tudor,1 Is One,Honor
Caldecott awards,Paul Galdone,Anatole,Honor
Caldecott awards,James Daugherty,Gillespie and the Guards,Honor
Caldecott awards,William Pène du Bois,Lion,Honor
Caldecott awards,Don Freeman,"Fly High, Fly Low",Honor
Caldecott awards,Paul Galdone,Anatole and the Cat,Honor
Caldecott awards,Antonio Frasconi,The House that Jack Built: La Maison Que Jacques A Batie,Honor
Caldecott awards,Maurice Sendak,"What Do You Say, Dear?",Honor
Caldecott awards,Taro Yashima,Umbrella,Honor
Caldecott awards,Adrienne Adams,Houses from the Sea,Honor
Caldecott awards,Maurice Sendak,The Moon Jumpers,Honor
Caldecott awards,Leo Lionni,Inch by Inch,Honor
Caldecott awards,Peter Spier,Fox Went out on a Chilly Night: An Old Song,Honor
Caldecott awards,Maurice Sendak,Little Bear's Visit,Honor
Caldecott awards,Adrienne Adams,The Day We Saw the Sun Come Up,Honor
Caldecott awards,Bernarda Bryson,The Sun Is a Golden Earring,Honor
Caldecott awards,Maurice Sendak,Mr. Rabbit and the Lovely Present,Honor
Caldecott awards,Leo Lionni,Swimmy,Honor
Caldecott awards,Evaline Ness,All in the Morning Early,Honor
Caldecott awards,Philip Reed,Mother Goose and Nursery Rhymes,Honor
Caldecott awards,Beni Montresor,May I Bring a Friend?,Winner
Caldecott awards,Marvin Bileck,Rain Makes Applesauce,Honor
Caldecott awards,Blair Lent,The Wave,Honor
Caldecott awards,Evaline Ness,A Pocketful of Cricket,Honor
Caldecott awards,Roger Duvoisin,Hide and Seek Fog,Honor
Caldecott awards,Marie Hall Ets,Just Me,Honor
Caldecott awards,Evaline Ness,Tom Tit Tot,Honor
Caldecott awards,Evaline Ness,"Sam, Bangs & Moonshine",Winner
Caldecott awards,Ed Emberley,One Wide River to Cross,Honor
Caldecott awards,Leo Lionni,Frederick,Honor
Caldecott awards,Taro Yashima,Seashore Story,Honor
Caldecott awards,Ed Young,The Emperor and the Kite,Honor
Caldecott awards,Uri Shulevitz,The Fool of the World and the Flying Ship,Winner
Caldecott awards,Blair Lent,Why the Sun and the Moon Live in the Sky,Honor
Caldecott awards,Ezra Jack Keats,Goggles!,Honor
Caldecott awards,Leo Lionni,Alexander and the Wind-Up Mouse,Honor
Caldecott awards,Robert Andrew Parker,Pop Corn & Ma Goodness,Honor
Caldecott awards,Brinton Turkle,"Thy Friend, Obadiah",Honor
Caldecott awards,Margot Zemach,The Judge: An Untrue Tale,Honor
Caldecott awards,Blair Lent,The Angry Moon,Honor
Caldecott awards,Arnold Lobel,Frog and Toad Are Friends,Honor
Caldecott awards,Maurice Sendak,In the Night Kitchen,Honor
Caldecott awards,Arnold Lobel,Hildilid's Night,Honor
Caldecott awards,Janina Domanska,If All the Seas Were One Sea,Honor
Caldecott awards,Tom Feelings,Moja Means One: Swahili Counting Book,Honor
Caldecott awards,Gerald McDermott,Anansi the Spider: A Tale from the Ashanti,Honor
Caldecott awards,Leonard Baskin,Hosie's Alphabet,Honor
Caldecott awards,Nancy Ekholm Burkert,Snow-White and the Seven Dwarfs,Honor
Caldecott awards,Tom Bahti,When Clay Sings,Honor
Caldecott awards,Susan Jeffers,Three Jovial Huntsmen,Honor
Caldecott awards,David Macaulay,Cathedral,Honor
Caldecott awards,Tom Feelings,Jambo Means Hello: A Swahili Alphabet Book,Honor
Caldecott awards,Peter Parnall,The Desert Is Theirs,Honor
Caldecott awards,Tomie dePaola,Strega Nona,Honor
Caldecott awards,Leo and Diane Dillon,Ashanti to Zulu: African Traditions,Winner
Caldecott awards,William Steig,The Amazing Bone,Honor
Caldecott awards,Nonny Hogrogian,The Contest,Honor
Caldecott awards,M. B. Goffstein,Fish for Supper,Honor
Caldecott awards,Beverly Brodsky McDermott,The Golem: A Jewish Legend,Honor
Caldecott awards,Peter Parnall,"Hawk, I'm Your Brother",Honor
Caldecott awards,David Macaulay,Castle,Honor
Caldecott awards,Margot Zemach,It Could Always Be Worse,Honor
Caldecott awards,Donald Crews,Freight Train,Honor
Caldecott awards,Peter Parnall,The Way to Start a Day,Honor
Caldecott awards,Rachel Isadora,Ben's Trumpet,Honor
Caldecott awards,Chris Van Allsburg,The Garden of Abdul Gasazi,Honor
Caldecott awards,Uri Shulevitz,The Treasure,Honor
Caldecott awards,Ilse Plume,The Bremen-Town Musicians,Honor
Caldecott awards,Molly Bang,The Grey Lady and the Strawberry Snatcher,Honor
Caldecott awards,Joseph Low,Mice Twice,Honor
Caldecott awards,Donald Crews,Truck,Honor
Caldecott awards,Stephen Gammell,Where the Buffaloes Begin,Honor
Caldecott awards,Anita Lobel,On Market Street,Honor
Caldecott awards,Maurice Sendak,Outside Over There,Honor
Caldecott awards,Alice and Martin Provensen,A Visit to William Blake's Inn: Poems for Innocent and Experienced Travelers,Honor
Caldecott awards,Vera B. Williams,A Chair for My Mother,Honor
Caldecott awards,Diane Goode,When I Was Young in the Mountains,Honor
Caldecott awards,Alice and Martin Provensen,The Glorious Flight: Across the Channel with Louis Bleriot,Winner
Caldecott awards,Trina Schart Hyman,Little Red Riding Hood,Honor
Caldecott awards,Molly Bang,"Ten, Nine, Eight",Honor
Caldecott awards,Paul O. Zelinsky,Hansel and Gretel,Honor
Caldecott awards,Nancy Tafuri,Have You Seen My Duckling?,Honor
Caldecott awards,John Steptoe,The Story of Jumping Mouse: A Native American Legend,Honor
Caldecott awards,Stephen Gammell,The Relatives Came,Honor
Caldecott awards,Don Wood,King Bidgood's in the Bathtub,Honor
Caldecott awards,Richard Egielski,"Hey, Al",Winner
Caldecott awards,Ann Grifalconi,The Village of Round and Square Houses,Honor
Caldecott awards,Suse MacDonald,Alphabatics,Honor
Caldecott awards,Paul O. Zelinsky,Rumpelstiltskin,Honor
Caldecott awards,John Steptoe,Mufaro's Beautiful Daughters: An African Tale,Honor
Caldecott awards,Allen Say,The Boy of the Three-Year Nap,Honor
Caldecott awards,David Wiesner,Free Fall,Honor
Caldecott awards,James Marshall,Goldilocks and the Three Bears,Honor
Caldecott awards,Jerry Pinkney,Mirandy and Brother Wind,Honor
Caldecott awards,Ed Young,Lon Po Po: A Red-Riding Hood Story from China,Winner
Caldecott awards,Bill Peet,Bill Peet: An Autobiography,Honor
Caldecott awards,Lois Ehlert,Color Zoo,Honor
Caldecott awards,Jerry Pinkney,The Talking Eggs: A Folktale from the American South,Honor
Caldecott awards,Trina Schart Hyman,Hershel and the Hanukkah Goblins,Honor
Caldecott awards,Fred Marcellino,Puss in Boots,Honor
Caldecott awards,Vera B. Williams,"""More More More,"" Said the Baby: Three Love Stories",Honor
Caldecott awards,Faith Ringgold,Tar Beach,Honor
Caldecott awards,Lane Smith,The Stinky Cheese Man and Other Fairly Stupid Tales,Honor
Caldecott awards,Ed Young,Seven Blind Mice,Honor
Caldecott awards,Carole Byard,Working Cotton,Honor
Caldecott awards,Ted Lewin,Peppe the Lamplighter,Honor
Caldecott awards,Denise Fleming,"In the Small, Small Pond",Honor
Caldecott awards,Gerald McDermott,Raven: A Trickster Tale From The Pacific Northwest,Honor
Caldecott awards,Kevin Henkes,Owen,Honor
Caldecott awards,Chris Raschka,Yo! Yes?,Honor
Caldecott awards,David Diaz,Smoky Night,Winner
Caldecott awards,Jerry Pinkney,John Henry,Honor
Caldecott awards,Paul O. Zelinsky,Swamp Angel,Honor
Caldecott awards,Eric Rohmann,Time Flies,Honor
Caldecott awards,Stephen T. Johnson,Alphabet City,Honor
Caldecott awards,Marjorie Priceman,Zin! Zin! Zin! a Violin,Honor
Caldecott awards,Brian Pinkney,The Faithful Friend,Honor
Caldecott awards,Janet Stevens,Tops & Bottoms,Honor
Caldecott awards,Holly Meade,Hush!: A Thai Lullaby,Honor
Caldecott awards,David Pelletier,The Graphic Alphabet,Honor
Caldecott awards,Dav Pilkey,The Paperboy,Honor
Caldecott awards,Peter Sís,Starry Messenger,Honor
Caldecott awards,David Small,The Gardener,Honor
Caldecott awards,Christopher Myers,Harlem,Honor
Caldecott awards,Simms Taback,There Was an Old Lady Who Swallowed a Fly,Honor
Caldecott awards,Brian Pinkney,Duke Ellington: The Piano Prince and His Orchestra,Honor
Caldecott awards,David Shannon,"No, David!",Honor
Caldecott awards,Uri Shulevitz,Snow,Honor
Caldecott awards,Peter Sís,Tibet Through the Red Box,Honor
Caldecott awards,Trina Schart Hyman,A Child's Calendar,Honor
Caldecott awards,David Wiesner,Sector 7,Honor
Caldecott awards,Molly Bang,"When Sophie Gets Angry-Really, Really Angry",Honor
Caldecott awards,Jerry Pinkney,The Ugly Duckling,Honor
Caldecott awards,David Small,So You Want to Be President?,Winner
Caldecott awards,Christopher Bing,Casey at the Bat,Honor
Caldecott awards,Betsy Lewin,"Click, Clack, Moo: Cows That Type",Honor
Caldecott awards,Ian Falconer,Olivia,Honor
Caldecott awards,Brian Selznick,The Dinosaurs of Waterhouse Hawkins,Honor
Caldecott awards,Bryan Collier,"Martin's Big Words: the Life of Dr. Martin Luther King, Jr.",Honor
Caldecott awards,Marc Simont,The Stray Dog,Honor
Caldecott awards,Tony DiTerlizzi,The Spider and the Fly,Honor
Caldecott awards,Peter McCarty,Hondo & Fabian,Honor
Caldecott awards,Jerry Pinkney,Noah's Ark,Honor
Caldecott awards,Margaret Chodos-Irvine,Ella Sarah Gets Dressed,Honor
Caldecott awards,Steve Jenkins and Robin Page,What Do You Do with a Tail Like This?,Honor
Caldecott awards,Mo Willems,Don't Let the Pigeon Drive the Bus!,Honor
Caldecott awards,Barbara Lehman,The Red Book,Honor
Caldecott awards,E. B. Lewis,Coming on Home Soon,Honor
Caldecott awards,Mo Willems,Knuffle Bunny: A Cautionary Tale,Honor
Caldecott awards,Chris Raschka,"The Hello, Goodbye Window",Winner
Caldecott awards,Bryan Collier,Rosa,Honor
Caldecott awards,Jon J. Muth,Zen Shorts,Honor
Caldecott awards,Marjorie Priceman,Hot Air: The (Mostly) True Story of the First Hot-Air Balloon Ride,Honor
Caldecott awards,Beckie Prange,Song of the Water Boatman and Other Pond Poems,Honor
Caldecott awards,David McLimans,Gone Wild: An Endangered Animal Alphabet,Honor
Caldecott awards,Kadir Nelson,Moses: When Harriet Tubman Led Her People to Freedom,Honor
Caldecott awards,Kadir Nelson,Henry's Freedom Box: A True Story from the Underground Railroad,Honor
Caldecott awards,Laura Vaccaro Seeger,First the Egg,Honor
Caldecott awards,Peter Sís,The Wall: Growing Up Behind the Iron Curtain,Honor
Caldecott awards,Mo Willems,Knuffle Bunny Too: A Case of Mistaken Identity,Honor
Caldecott awards,Marla Frazee,A Couple of Boys Have the Best Week Ever,Honor
Caldecott awards,Uri Shulevitz,How I Learned Geography,Honor
Caldecott awards,Melissa Sweet,A River of Words: The Story of William Carlos Williams,Honor
Caldecott awards,Jerry Pinkney,The Lion & the Mouse,Winner
Caldecott awards,Marla Frazee,All the World,Honor
Caldecott awards,Pamela Zagarenski,Red Sings from Treetops: A Year in Colors,Honor
Caldecott awards,Bryan Collier,"Dave the Potter: Artist, Poet, Slave",Honor
Caldecott awards,David Ezra Stein,Interrupting Chicken,Honor
Caldecott awards,John Rocco,Blackout,Honor
Caldecott awards,Lane Smith,Grandpa Green,Honor
Caldecott awards,Patrick McDonnell,Me... Jane,Honor
Caldecott awards,Peter Brown,Creepy Carrots!,Honor
Caldecott awards,Jon Klassen,Extra Yarn,Honor
Caldecott awards,Laura Vaccaro Seeger,Green,Honor
Caldecott awards,David Small,One Cool Friend,Honor
Caldecott awards,Pamela Zagarenski,Sleep Like a Tiger,Honor
Caldecott awards,Aaron Becker,Journey,Honor
Caldecott awards,Molly Idle,Flora and the Flamingo,Honor
Caldecott awards,David Wiesner,Mr. Wuffles!,Honor
Caldecott awards,Dan Santat,The Adventures of Beekle: The Unimaginary Friend,Winner
Caldecott awards,Lauren Castillo,Nana in the City,Honor
Caldecott awards,Mary GrandPré,The Noisy Paint Box: The Colors and Sounds of Kandinsky’s Abstract Art,Honor
Caldecott awards,Jon Klassen,Sam and Dave Dig a Hole,Honor
Caldecott awards,Yuyi Morales,Viva Frida,Honor
Caldecott awards,Melissa Sweet,The Right Word: Roget and His Thesaurus,Honor
Caldecott awards,Jillian Tamaki,This One Summer,Honor
Caldecott awards,Sophie Blackall,Finding Winnie: The True Story of the World’s Most Famous Bear,Winner
Caldecott awards,Bryan Collier,Trombone Shorty,Honor
Caldecott awards,Kevin Henkes,Waiting,Honor
Caldecott awards,Ekua Holmes,"Voice of Freedom: Fannie Lou Hamer, Spirit of the Civil Rights Movement",Honor
Caldecott awards,Christian Robinson,Last Stop on Market Street,Honor
Caldecott awards,Javaka Steptoe,Radiant Child: The Story of Young Artist Jean-Michel Basquiat,Winner
Caldecott awards,Vera Brosgol,Leave Me Alone!,Honor
Caldecott awards,R. Gregory Christie,Freedom in Congo Square,Honor
Caldecott awards,Carson Ellis,Du Iz Tak?,Honor
Caldecott awards,Brendan Wenzel,They All Saw a Cat,Honor
Caldecott awards,Elisha Cooper,"Big Cat, little cat",Honor
Caldecott awards,Gordon C. James,Crown: An Ode to the Fresh Cut,Honor
Caldecott awards,Thi Bui,A Different Pond,Honor
Caldecott awards,Jason Chin,Grand Canyon,Honor
Caldecott awards,Sophie Blackall,Hello Lighthouse,Winner
Caldecott awards,Juana Martinez-Neal,Alma and How She Got Her Name,Honor
Caldecott awards,Grace Lin,A Big Mooncake for Little Star,Honor
Caldecott awards,Brian Lies,The Rough Patch,Honor
Caldecott awards,Oge Mora,"Thank You, Omu!",Honor
Caldecott awards,Kadir Nelson,The Undefeated,Winner
Caldecott awards,LeUyen Pham,Bear Came Along,Honor
Caldecott awards,Rudy Gutierrez,Double Bass Blues,Honor
Caldecott awards,Daniel Minter,Going Down Home with Daddy,Honor
Caldecott awards,Michaela Goade,We Are Water Protectors,Winner
Caldecott awards,Noa Denmon,A Place Inside of Me,Honor
Caldecott awards,Yuko Shimizu,The Cat Man of Aleppo,Honor
Caldecott awards,Cozbi A. Cabrera,Me & Mama,Honor
Caldecott awards,Cindy Derby,Outside In,Honor
Caldecott awards,Jason Chin,Watercress,Winner
Caldecott awards,Shawn Harris,Have You Ever Seen a Flower?,Honor
Caldecott awards,Corey R. Tabor,Mel Fell,Honor
Caldecott awards,Floyd Cooper,Unspeakable: The Tulsa Race Massacre,Honor
Caldecott awards,Micha Archer,Wonder Walkers,Honor
Caldecott awards,Doug Salati,Hot Dog,Winner
Caldecott awards,Jason Griffin,Ain't Burned All the Bright,Honor
Caldecott awards,Michaela Goade,Berry Song,Honor
Caldecott awards,Janelle Washington,Choosing Brave: How Mamie Till-Mobley and Emmitt Till Sparked the Civil Rights Movement,Honor
Caldecott awards,Christopher Denise,Knight Owl,Honor
