0,1,2,3,4,5
1918 general election,Enfield,William E. Hill,"6,176",37.5,2
1918 general election,Manchester Blackley,Arnold Townend,"3,659",25.0,2
1918 general election,St Pancras South East,Herbert Romeril,"2,189",16.9,4
1918 general election,Watford,George Lathan,"4,952",25.4,2
1918 general election,Wolverhampton West,Alexander Walkden,"10,158",42.2,2
1918 general election,York,Thomas Harry Gill,"4,822",18.0,3
1922 by-election,Wolverhampton West,Alexander Walkden,"13,799",45.1,2
1922 general election,Bolton,Samuel Lomax,"20,559",16.1,3
1922 general election,Enfield,George Lathan,"9,820",45.6,2
1922 general election,High Peak,Frank Anderson,"7,698",27.1,2
1922 general election,Manchester Blackley,Arnold Townend,"5,580",26.8,3
1922 general election,St Pancras South East,Herbert Romeril,"5,609",30.5,2
1922 general election,Wolverhampton West,Alexander Walkden,"15,190",46.1,2
1922 general election,York,Thomas Gill,"10,106",29.6,2
1923 general election,High Peak,Frank Anderson,"5,684",20.8,3
1923 general election,Sheffield Park,George Lathan,"9,050",39.4,2
1923 general election,Stockport,Arnold Townend,"16,340",18.0,5
1924 general election,Blackburn,Thomas Gill,"24,317",21.8,4
1924 general election,Edinburgh West,George Mathers,"9,603",33.1,2
1924 general election,Forfarshire,Charles Gallie,"3,736",22.9,3
1924 general election,Heywood and Radcliffe,Alexander Walkden,"15,307",44.4,2
1924 general election,St Pancras South East,Herbert Romeril,"10,463",45.5,2
1924 general election,Sheffield Park,George Lathan,"11,576",45.2,2
1924 general election,Stockport,Arnold Townend,"21,986",24.8,3
1925 by-election,Stockport,Arnold Townend,"20,219",36.5,1
1929 general election,Blackburn,Thomas Gill,"35,723",25.0,2
1929 general election,Bristol South,Alexander Walkden,"23,591",56.5,1
1929 general election,Edinburgh West,George Mathers,"15,795",38.6,1
1929 general election,Forfarshire,Charles Gallie,"5,257",25.0,3
1929 general election,Hackney Central,Frederick Charles Watkins,"12,462",37.3,1
1929 general election,Stockport,Arnold Townend,"30,955",27.4,1
1931 general election,Blackburn,Thomas Gill,"25,030",16.6,4
1931 general election,Edinburgh West,George Mathers,"12,704",28.8,2
1931 general election,Hackney Central,Fred Watkins,"9,295",28.5,2
1931 general election,St Pancras South East,Herbert Romeril,"8,684",32.1,2
1931 general election,Sheffield Park,George Lathan,"15,783",37.4,2
1931 general election,Stockport,Arnold Townend,"23,350",17.0,3
1935 general election,Battersea South,Herbert Romeril,"15,821",42.7,2
1935 general election,Carlisle,Arnold Townend,"13,956",41.0,2
1935 general election,East Ham North,Thomas Burden,"14,762",49.1,2
1935 general election,Hackney Central,Fred Watkins,"15,322",51.6,1
1935 general election,Halifax,Arthur Longbottom,"21,471",39.5,2
1935 general election,Linlithgowshire,George Mathers,"20,905",54.1,1
1936 by-election,Clay Cross,George Ridley,"24,290",75.1,1
1945 general election,Hackney Central,Henry Hynd,"14,810",67.2,1
1945 general election,Linlithgowshire,George Mathers,"24,762",64.1,1
1945 general election,South East Essex,Ray Gunter,"25,581",53.8,1
1945 general election,Wellingborough,George Lindgren,"22,416",57.7,1
1950 general election,Lanark,Tom Steele,"19,205",49.1,2
1950 general election,Liverpool Walton,James Haworth,"21,983",41.4,2
1950 general election,Pudsey,Geoffrey Collings,"18,205",41.2,2
1950 general election,Rutland and Stamford,Tom Bradley,"13,712",41.3,2
1950 general election,Wellingborough,George Lindgren,"21,640",47.1,1
1950 by-election,West Dunbartonshire,Tom Steele,"20,367",50.4,1
1951 general election,Chelmsford,James Haworth,"23,775",45.0,2
1951 general election,Doncaster,Ray Gunter,"24,621",49.6,2
1951 general election,Pudsey,Geoffrey Collings,"20,782",46.3,2
1951 general election,Rutland and Stamford,Tom Bradley,"15,127",45.9,2
1951 general election,Wellingborough,George Lindgren,"24,113",52.4,1
1951 general election,West Dunbartonshire,Tom Steele,"21,799",51.3,1
1955 general election,Bolton West,James Haworth,"20,014",44.6,2
1955 general election,Carlisle,Alex Hargreaves,"19,701",49.5,2
1955 general election,Doncaster,Ray Gunter,"22,938",48.3,2
1955 general election,Oldham East,Charles Mapp,"18,805",43.2,2
1955 general election,Rutland and Stamford,Tom Bradley,"14,856",45.7,2
1955 general election,Wellingborough,George Lindgren,"22,745",51.0,1
1955 general election,West Dunbartonshire,Tom Steele,"21,854",52.3,1
1959 general election,Carlisle,Alex Hargreaves,"19,950",47.6,2
1959 general election,Preston South,Tom Bradley,"18,935",46.3,2
1959 general election,Wellingborough,George Lindgren,"22,358",49.3,2
1959 general election,West Dunbartonshire,Tom Steele,"22,105",52.5,1
1962 by-election,Leicester North East,Tom Bradley,"11,274",41.5,1
1964 general election,West Dunbartonshire,Tom Steele,"21,079",50.8,1
1966 general election,West Dunbartonshire,Tom Steele,"21,636",52.3,1
Feb 1974 general election,Croydon Central,Richard Rosser,"20,039",38.0,2
Feb 1974 general election,Hendon South,Richard Hadley,"11,088",27.7,3
Oct 1974 general election,Hendon South,Richard Hadley,"11,903",32.9,2
1983 general election,South Derbyshire,Peter Kent,"17,296",29.2,2
