0,1,2,3,4,5,6,7,8,9,10,11
1957,Bobby Shantz,New York Yankees (AL),14,57,1,8,0.986,3,1,40%,2
1958,Harvey Haddix,Cincinnati Reds,10,15,2,0,0.926,6,0,25%,0
1959,Harvey Haddix,Pittsburgh Pirates,10,26,1,1,0.973,1,0,33%,0!
1960,Harvey Haddix,Pittsburgh Pirates,8,35,0,3,1.0,4,0,25%,0!
1961,Bobby Shantz,Pittsburgh Pirates,13,18,0,2,1.0,0,0,0%,0
1962,Bobby Shantz,Houston Colt .45'sSt. Louis Cardinals,10,25,1,2,0.972,0,0,50%,1
1963,Bobby Shantz,St. Louis Cardinals,9,22,1,2,0.969,5,0,25%,0
1964,Bobby Shantz,St. Louis CardinalsChicago CubsPhiladelphia Phillies,6,28,1,0,0.971,2,0,50%,0
1974,Andy Messersmith,Los Angeles Dodgers,18,44,9,3,0.873,6,3,46%,3
1975,Andy Messersmith,Los Angeles Dodgers,11,43,5,1,0.915,8,0,33%,2
1976,Jim Kaat†,Philadelphia Phillies,18,19,2,3,0.949,1,0,33%,0
1977,Jim Kaat†,Philadelphia Phillies,7,19,3,1,0.897,2,0,50%,1
1978,Phil Niekro†,Atlanta Braves,17,65,2,4,0.976,11,3,26%,4
1979,Phil Niekro†,Atlanta Braves,31,56,1,3,0.989,18,4,22%,2
1980,Phil Niekro†,Atlanta Braves,18,40,1,6,0.983,9,1,43%,2
1981,Steve Carlton†,Philadelphia Phillies,3,22,0,0,1.0,9,4,60%,5
1982,Phil Niekro†,Atlanta Braves,18,38,1,4,0.982,4,1,48%,3
1983,Phil Niekro†,Atlanta Braves,15,27,2,6,0.955,6,3,29%,2
1984,Joaquín Andújar,St. Louis Cardinals,15,54,3,2,0.958,6,4,22%,5
1985,Rick Reuschel,Pittsburgh Pirates,24,40,0,2,1.0,4,0,47%,1
1986,Fernando Valenzuela,Los Angeles Dodgers,29,47,1,2,0.987,13,0,42%,1
1987,Rick Reuschel,Pittsburgh PiratesSan Francisco Giants,25,38,2,2,0.969,7,0,67%,1
1988,Orel Hershiser,Los Angeles Dodgers,32,60,6,6,0.939,6,5,43%,5
1989,Ron Darling,New York Mets,15,37,4,5,0.929,12,4,30%,2
1990,Greg Maddux*†,Chicago Cubs,39,55,0,6,1.0,3,3,24%,1
1991,Greg Maddux*†,Chicago Cubs,39,50,2,5,0.978,6,3,22%,5
1992,Greg Maddux*†,Chicago Cubs,30,64,3,1,0.969,5,0,33%,1
1993,Greg Maddux*†,Atlanta Braves,39,59,7,5,0.933,5,1,18%,3
1994,Greg Maddux*†,Atlanta Braves,20,38,4,4,0.935,3,1,21%,2
1995,Greg Maddux*†,Atlanta Braves,18,53,0,3,1.0,1,0,19%,2
1996,Greg Maddux*†,Atlanta Braves,37,71,1,6,0.991,4,0,19%,0
1997,Greg Maddux*†,Atlanta Braves,16,49,3,3,0.956,0,0,29%,1
1998,Greg Maddux*†,Atlanta Braves,31,63,4,5,0.959,4,0,28%,0
1999,Greg Maddux*†,Atlanta Braves,29,58,4,3,0.956,1,0,32%,1
2000,Greg Maddux*†,Atlanta Braves,25,68,2,5,0.979,1,2,18%,0
2001,Greg Maddux*†,Atlanta Braves,19,54,1,3,0.986,2,0,37%,2
2002,Greg Maddux*†,Atlanta Braves,21,48,1,3,0.986,1,0,14%,2
2003,Mike Hampton,Atlanta Braves,12,41,3,4,0.946,10,1,67%,1
2004,Greg Maddux*†,Chicago Cubs,21,55,1,3,0.987,2,0,32%,0
2005,Greg Maddux*†,Chicago Cubs,19,49,3,6,0.958,8,0,20%,0
2006,Greg Maddux*†,Chicago CubsLos Angeles Dodgers,14,52,0,9,1.0,0,0,19%,1
2007,Greg Maddux*†,San Diego Padres,19,51,1,5,0.986,5,0,5%,1
2008,Greg Maddux*†,San Diego PadresLos Angeles Dodgers,17,57,3,4,0.961,2,2,17%,0
2009,Adam Wainwright,St. Louis Cardinals,27,29,0,0,1.0,7,0,29%,0
2010,Bronson Arroyo,Cincinnati Reds,18,31,0,5,1.0,1,1,25%,0
2011,Clayton Kershaw,Los Angeles Dodgers,9,38,0,2,1.0,5,1,39%,9
2013,Adam Wainwright,St. Louis Cardinals,25,36,0,6,1.0,5,0,50%,0
2014,Zack Greinke,Los Angeles Dodgers,28,30,1,8,0.983,12,0,25%,0
2015,Zack Greinke,Los Angeles Dodgers,19,41,2,2,0.968,7,0,46%,2
2016,Zack Greinke,Arizona Diamondbacks,20,28,1,4,0.98,1,0,57%,0
2017,Zack Greinke,Arizona Diamondbacks,26,30,0,5,1.0,12,0,64%,1
2018,Zack Greinke,Arizona Diamondbacks,27,30,0,0,1.0,4,0,71%,0
2019,Zack Greinke,Arizona Diamondbacks,26,25,1,8,0.981,1,0,80%,2
2020,Max Fried,Atlanta Braves,1,15,1,1,0.941,1,1,25%,4
2021,Max Fried,Atlanta Braves,8,37,1,3,0.978,7,0,27%,6
2022,Max Fried,Atlanta Braves,15,26,1,0,0.976,9,0,57%,3
