0,1,2,3,4,5
Tony Randall,1994,Drama Desk Awards,Outstanding Revival of a Play,Timon of Athens,Nominated
Tony Randall,1997,Drama Desk Awards,Outstanding Revival of a Play,The Gin Game,Nominated
Tony Randall,1957,Golden Globe Awards,Best Actor in a Motion Picture – Musical or Comedy,Will Success Spoil Rock Hunter?,Nominated
Tony Randall,1959,Golden Globe Awards,Best Supporting Actor – Motion Picture,Pillow Talk,Nominated
Tony Randall,1961,Golden Globe Awards,Best Supporting Actor – Motion Picture,Lover Come Back,Nominated
Tony Randall,1976,Golden Globe Awards,Best Actor in a Television Series – Musical or Comedy,The Tony Randall Show,Nominated
Tony Randall,1981,Golden Globe Awards,Best Actor in a Television Series – Musical or Comedy,"Love, Sidney",Nominated
Tony Randall,1982,Golden Globe Awards,Best Actor in a Television Series – Musical or Comedy,"Love, Sidney",Nominated
Tony Randall,1957,Laurel Awards,Top New Male Personality,Top New Male Personality,6th Place
Tony Randall,1958,Laurel Awards,Top Male Comedy Performance,The Mating Game,Nominated
Tony Randall,1960,Laurel Awards,Top Male Supporting Performance,The Adventures of Huckleberry Finn,5th Place
Tony Randall,1961,Laurel Awards,Top Male Comedy Performance,Lover Come Back,Nominated
Tony Randall,1954,Primetime Emmy Awards,Best Series Supporting Actor,Mister Peepers,Nominated
Tony Randall,1958,Tony Awards,Best Leading Actor in a Musical,"Oh, Captain!",Nominated
Tony Randall,1993,Tony Awards,Best Revival,Saint Joan,Nominated
Tony Randall,1994,Tony Awards,Best Revival of a Play,Timon of Athens,Nominated
Tony Randall,1996,Tony Awards,Best Revival of a Play,Inherit the Wind,Nominated
Tony Randall,1997,Tony Awards,Best Revival of a Play,The Gin Game,Nominated
Tony Randall,2004,TV Land Awards,Quintessential Non-Traditional Family,The Odd Couple  (Shared with Jack Klugman),Won
