0,1,2,3,4,5,6,7,8,9,10,11,12,13
Odawara Line,OH02,Minami-Shinjuku,南新宿,0.8,0.8,To Tokyo Metro Chiyoda Line,"｜
",To Tokyo Metro Chiyoda Line,｜,｜, ,Shibuya,Tokyo
Odawara Line,OH03,Sangūbashi,参宮橋,0.7,1.5,To Tokyo Metro Chiyoda Line,"｜
",To Tokyo Metro Chiyoda Line,｜,｜, ,Shibuya,Tokyo
Odawara Line,OH04,Yoyogi-Hachiman,代々木八幡,1.2,2.7,To Tokyo Metro Chiyoda Line,"｜
",To Tokyo Metro Chiyoda Line,｜,｜, ,Shibuya,Tokyo
Odawara Line,OH06,Higashi-Kitazawa,東北沢,0.7,4.2,｜,｜,｜,｜,｜, ,Setagaya,Tokyo
Odawara Line,OH08,Setagaya-Daita,世田谷代田,0.7,5.6,｜,｜,｜,｜,｜, ,Setagaya,Tokyo
Odawara Line,OH09,Umegaoka,梅ヶ丘,0.7,6.3,｜,｜,｜,｜,｜, ,Setagaya,Tokyo
Odawara Line,OH10,Gōtokuji,豪徳寺,0.7,7.0,｜,｜,｜,｜,｜,SG Tokyu Setagaya Line (Yamashita (SG08)),Setagaya,Tokyo
Odawara Line,OH11,Kyōdō,経堂,1.0,8.0,●,｜,●,■,｜, ,Setagaya,Tokyo
Odawara Line,OH12,Chitose-Funabashi,千歳船橋,1.2,9.2,｜,｜,●,｜,｜, ,Setagaya,Tokyo
Odawara Line,OH13,Soshigaya-Ōkura,祖師ヶ谷大蔵,1.4,10.6,｜,｜,●,｜,｜, ,Setagaya,Tokyo
Odawara Line,OH14,Seijōgakuen-Mae,成城学園前,1.0,11.6,●,●,●,●,｜, ,Setagaya,Tokyo
Odawara Line,OH15,Kitami,喜多見,1.1,12.7,｜,｜,｜,｜,｜, ,Setagaya,Tokyo
Odawara Line,OH16,Komae,狛江,1.1,13.8,｜,｜,●,｜,｜, ,Komae,Tokyo
Odawara Line,OH17,Izumi-Tamagawa,和泉多摩川,0.6,14.4,｜,｜,｜,｜,｜, ,Komae,Tokyo
Odawara Line,OH19,Mukōgaoka-Yūen,向ヶ丘遊園,0.6,15.8,●,●,●,●,｜, ,"Tama-ku, Kawasaki",Kanagawa
Odawara Line,OH20,Ikuta,生田,2.1,17.9,●,｜,●,｜,｜, ,"Tama-ku, Kawasaki",Kanagawa
Odawara Line,OH21,Yomiuri-Land-mae,読売ランド前,1.3,19.2,●,｜,●,｜,｜, ,"Tama-ku, Kawasaki",Kanagawa
Odawara Line,OH22,Yurigaoka,百合ヶ丘,1.3,20.5,●,｜,●,｜,｜, ,"Asao-ku, Kawasaki",Kanagawa
Odawara Line,OH24,Kakio,柿生,1.9,23.4,●,To Tama Line,●,｜,｜, ,"Asao-ku, Kawasaki",Kanagawa
Odawara Line,OH25,Tsurukawa,鶴川,1.7,25.1,●,To Tama Line,●,｜,｜, ,Machida,Tokyo
Odawara Line,OH26,Tamagawagakuen-mae,玉川学園前,2.8,27.9,●,To Tama Line,●,｜,｜, ,Machida,Tokyo
Odawara Line,OH28,Sagami-Ōno,相模大野,1.5,32.3,●,To Tama Line,●,●,●,OE Odakyu Enoshima Line (through to Katase-Enoshima from Shinjuku/Machida),"Minami-ku, Sagamihara",Kanagawa
Odawara Line,OH29,Odakyū-Sagamihara,小田急相模原,2.4,34.7,●,To Tama Line,●,｜,｜, ,"Minami-ku, Sagamihara",Kanagawa
Odawara Line,OH30,Sōbudai-mae,相武台前,2.2,36.9,●,To Tama Line,●,｜,｜, ,Zama,Kanagawa
Odawara Line,OH31,Zama,座間,2.3,39.2,●,To Tama Line,●,｜,｜, ,Zama,Kanagawa
Odawara Line,OH33,Atsugi,厚木,1.6,44.1,●,To Tama Line,●,｜,｜,■ Sagami Line,Ebina,Kanagawa
Odawara Line,OH34,Hon-Atsugi,本厚木,1.3,45.4,●,To Tama Line,●,●,●, ,Atsugi,Kanagawa
Odawara Line,OH35,Aikō-Ishida,愛甲石田,3.1,48.5,●,To Tama Line,●,●,●, ,Atsugi,Kanagawa
Odawara Line,OH36,Isehara,伊勢原,3.7,52.2,●,To Tama Line,●,●,●, ,Isehara,Kanagawa
Odawara Line,OH37,Tsurumaki-Onsen,鶴巻温泉,3.7,55.9, ,To Tama Line, ,●,●, ,Hadano,Kanagawa
Odawara Line,OH38,Tōkaidaigaku-mae,東海大学前,1.1,57.0, ,●, ,To Tama Line,●, ,Hadano,Kanagawa
Odawara Line,OH39,Hadano,秦野,4.7,61.7, ,●, ,To Tama Line,●, ,Hadano,Kanagawa
Odawara Line,OH40,Shibusawa,渋沢,3.9,65.6, ,●, ,To Tama Line,●, ,Hadano,Kanagawa
Odawara Line,OH42,Kaisei,開成,2.5,74.3, ,●, ,To Tama Line,｜, ,"Kaisei,AshigarakamiDistrict",Kanagawa
Odawara Line,OH43,Kayama,栢山,1.9,76.2, ,｜, ,To Tama Line,｜, ,Odawara,Kanagawa
Odawara Line,OH44,Tomizu,富水,1.6,77.8, ,｜, ,To Tama Line,｜, ,Odawara,Kanagawa
Odawara Line,OH45,Hotaruda,螢田,1.4,79.2, ,｜, ,To Tama Line,｜, ,Odawara,Kanagawa
Odawara Line,OH46,Ashigara,足柄,1.6,80.8, ,｜, ,To Tama Line,｜, ,Odawara,Kanagawa
