0,1,2,3,4,5,6,7
Bosnia and herzegovina in the eurovision song contest,Alma and Dejan,"""Ostani kraj mene""",Bosnian,15,39,No semi-finals,No semi-finals
Bosnia and herzegovina in the eurovision song contest,Davor Popović,"""Dvadeset prvi vijek""",Bosnian,19,14,No semi-finals,None
Bosnia and herzegovina in the eurovision song contest,Amila Glamočak,"""Za našu ljubav""",Bosnian,22,13,21,29
Bosnia and herzegovina in the eurovision song contest,Alma Čardžić,"""Goodbye""",Bosnian,18,22,No semi-finals,No semi-finals
Bosnia and herzegovina in the eurovision song contest,Nino,"""Hano""","Bosnian, English",14,29,No semi-finals,None
Bosnia and herzegovina in the eurovision song contest,Maja,"""Na jastuku za dvoje"" (На јастуку за двоје)","Serbian, English",13,33,No semi-finals,None
Bosnia and herzegovina in the eurovision song contest,Marija Šestić,"""Rijeka bez imena"" (Ријека без имена)",Serbian,11,106,Top 10 previous year,Top 10 previous year
Bosnia and herzegovina in the eurovision song contest,Laka,"""Pokušaj""",Bosnian,10,110,9,72
Bosnia and herzegovina in the eurovision song contest,Vukašin Brajić,"""Thunder and Lightning""",English,17,51,8,59
Bosnia and herzegovina in the eurovision song contest,Dino Merlin,"""Love in Rewind""","English, Bosnian",6,125,5,109
Bosnia and herzegovina in the eurovision song contest,Maya Sar,"""Korake ti znam""",Bosnian,18,55,6,77
Bosnia and herzegovina in the eurovision song contest,Dalal and Deen feat. Ana Rucner and Jala,"""Ljubav je""",Bosnian,Failed to qualify,Failed to qualify,11,104
