0,1,2,3
Aurealis Award for best science fiction novel,Sean McMullen,Mirrorsun Rising,Aphelion Publications
Aurealis Award for best science fiction novel,Kate Orman,Set Piece,Virgin Books
Aurealis Award for best science fiction novel,Sean Williams & Shane Dix,The Unknown Soldier,Aphelion Publications
Aurealis Award for best science fiction novel,Simon Brown,Privateer,HarperCollins
Aurealis Award for best science fiction novel,Tess Williams,Map of Power,Arrow Books
Aurealis Award for best science fiction novel,Damien Broderick & Rory Barnes,Zones,Moonstone
Aurealis Award for best science fiction novel,Simon Brown,Winter,HarperCollins
Aurealis Award for best science fiction novel,Greg Egan,Diaspora,Millennium
Aurealis Award for best science fiction novel,Richard Harland,The Dark Edge,Pan Macmillan
Aurealis Award for best science fiction novel,Sean McMullen*,The Centurion's Empire,Tor Books
Aurealis Award for best science fiction novel,Alison Goodman,Singing the Dogstar Blues,HarperCollins
Aurealis Award for best science fiction novel,John Marsden,The Night Is for Hunting,Pan Macmillan
Aurealis Award for best science fiction novel,Kate Orman,The New Adventures: Walking to Babylon,Virgin Books
Aurealis Award for best science fiction novel,Sean Williams,The Resurrected Man,Voyager Books
Aurealis Award for best science fiction novel,Jonathan Blum & Kate Orman,Doctor Who: Unnatural History,BBC Books
Aurealis Award for best science fiction novel,Damien Broderick & Rory Barnes,The Book of Revelation,HarperCollins
Aurealis Award for best science fiction novel,Andrew Masterson,The Letter Girl,Picador
Aurealis Award for best science fiction novel,Sally Rogers-Davidson,Spare Parts,Penguin Books
Aurealis Award for best science fiction novel,James Bradley,The Deep Field,Sceptre
Aurealis Award for best science fiction novel,Sean Williams & Shane Dix,The Dying Light,Voyager Books
Aurealis Award for best science fiction novel,Tess Williams,Sea as Mirror,Voyager Books
Aurealis Award for best science fiction novel,Peter McAllister,Cosmonaut,Penguin Books
Aurealis Award for best science fiction novel,Sean McMullen,Eyes of the Calculor,Tor Books
Aurealis Award for best science fiction novel,Joel Shepherd,Crossover,Voyager Books
Aurealis Award for best science fiction novel,Michelle Marquardt,Blue Silence,Bantam Books
Aurealis Award for best science fiction novel,Sean Williams & Shane Dix,Echoes of Earth,Voyager Books
Aurealis Award for best science fiction novel,Jay Caselberg,Wyrmhole,Roc Books
Aurealis Award for best science fiction novel,Ian Irvine,Terminator Gene,Simon & Schuster
Aurealis Award for best science fiction novel,Kate Orman,Blue Box,BBC Worldwide
Aurealis Award for best science fiction novel,Sean Williams & Shane Dix,Orphans of Earth,Voyager Books
Aurealis Award for best science fiction novel,K. A. Bedford,Orbital Burn,Edge Publishing
Aurealis Award for best science fiction novel,Jack Dann,The Rebel,Flamingo
Aurealis Award for best science fiction novel,Marianne de Pierres,Nylon Angel,Orbit Books
Aurealis Award for best science fiction novel,Sean Williams & Shane Dix,Heirs of Earth,Voyager Books
Aurealis Award for best science fiction novel,John Birmingham,Designated Targets,Pan Macmillan
Aurealis Award for best science fiction novel,Marianne de Pierres,Crash Deluxe,Orbit Books
Aurealis Award for best science fiction novel,Sean Williams & Shane Dix,Ascent,Voyager Books
Aurealis Award for best science fiction novel,K. A. Bedford,Hydrogen Steel,Edge Publishing
Aurealis Award for best science fiction novel,Andrew McGahan,Underground,Allen & Unwin
Aurealis Award for best science fiction novel,Sean Williams & Shane Dix,Descent,Voyager Books
Aurealis Award for best science fiction novel,David Kowalski*,The Company of the Dead,Pan Macmillan
Aurealis Award for best science fiction novel,Marianne de Pierres,Dark Space,Orbit Books
Aurealis Award for best science fiction novel,Jack Heath,Remote Control,Pan Macmillan
Aurealis Award for best science fiction novel,Sean Williams,Saturn Returns,Orbit Books
Aurealis Award for best science fiction novel,Marianne de Pierres,Chaos Space,Orbit Books
Aurealis Award for best science fiction novel,Simon Haynes,Hal Spacejock: No Free Lunch,Fremantle Press
Aurealis Award for best science fiction novel,Kim Westwood,The Daughters of Moab,HarperVoyager
Aurealis Award for best science fiction novel,Sean Williams,Earth Ascendant,Orbit Books
Aurealis Award for best science fiction novel,Sean Williams,The Grand Conjunction,Orbit Books
Aurealis Award for best science fiction novel,Marianne de Pierres*,Transformation Space,Orbit Books
Aurealis Award for best science fiction novel,Sara Creasy,Song of Scarabaeus,EOS Books
Aurealis Award for best science fiction novel,Marianne de Pierres,Mirror Space,Orbit Books
Aurealis Award for best science fiction novel,Max Barry,Machine Man,Scribe Publications
Aurealis Award for best science fiction novel,Sara Creasy,Children of Scarabaeus,HarperVoyager
Aurealis Award for best science fiction novel,Peter Docker,The Waterboys,Fremantle Press
Aurealis Award for best science fiction novel,Meg Mundell,Black Glass,Scribe Publications
Aurealis Award for best science fiction novel,Jo Anderton,Suited,Angry Robot Books
Aurealis Award for best science fiction novel,Nina D'Aleo,The Last City,Momentum
Aurealis Award for best science fiction novel,Andrea K. Höst,And All the Stars,Andrea K. Hosth
Aurealis Award for best science fiction novel,Ambelin Kwaymullina,The Interrogation of Ashala Wolf,Walker Books
Aurealis Award for best science fiction novel,Garth Nix,A Confusion of Princes,Allen & Unwin
Aurealis Award for best science fiction novel,Max Barry*,Lexicon,Hachette
Aurealis Award for best science fiction novel,Andrew Macrae,Trucksong,Twelfth Planet Press
Aurealis Award for best science fiction novel,Jane Rawson,A Wrong Turn at the Office of Unmade Lists,Transit Lounge
Aurealis Award for best science fiction novel,Graham Storrs,True Path,Momentum
Aurealis Award for best science fiction novel,Nike Sulway,Rupetta,Tartarus Press
Aurealis Award for best science fiction novel,Marianne de Pierres*,Peacemaker,Angry Robot
Aurealis Award for best science fiction novel,Amanda Bridgeman,Aurora: Meridian,Momentum
Aurealis Award for best science fiction novel,LynC,Nil By Mouth,Satalyte Publishing
Aurealis Award for best science fiction novel,Nina D'Aleo,The White List,Momentum
Aurealis Award for best science fiction novel,Amie Kaufman & Meagan Spooner,Their Shattered World,Allen & Unwin
Aurealis Award for best science fiction novel,Graham Storrs,Foresight,Momentum
Aurealis Award for best science fiction novel,Amie Kaufman and Jay Kristoff*,Illuminae,Allen & Unwin
Aurealis Award for best science fiction novel,Evelyn Blackwell,Crossed,(self-published)
Aurealis Award for best science fiction novel,James Bradley,Clade,Penguin
Aurealis Award for best science fiction novel,Amie Kaufman and Meagan Spooner,Their Fractured Light,Allen & Unwin
Aurealis Award for best science fiction novel,Joel Shepherd,Renegade,Kindle Direct
Aurealis Award for best science fiction novel,Sean Williams,Twinmaker: Fall,Allen & Unwin
Aurealis Award for best science fiction novel,Amie Kaufman and Jay Kristoff*,Gemima: The Illuminae Files 2,Allen & Unwin
Aurealis Award for best science fiction novel,Jane Abbott,Watershed,Penguin Random House
Aurealis Award for best science fiction novel,S. K. Dunstall,Confluence,Ace Books
Aurealis Award for best science fiction novel,D. K. Mok,Squid's Grief,(self-published)
Aurealis Award for best science fiction novel,Daniel O'Malley,Stiletto,HarperCollins Publishers
Aurealis Award for best science fiction novel,Rebekah Turner,Threader,Harlequin Australia
Aurealis Award for best science fiction novel,Jane Rawson*,From the Wreck,Transit Lounge
Aurealis Award for best science fiction novel,Sally Abbott,Closing Down,Hachette Australia
Aurealis Award for best science fiction novel,Claire G. Coleman,Terra Nullius,Hachette Australia
Aurealis Award for best science fiction novel,Daniel Findlay,Year of the Orphan,Penguin Random House Australia
Aurealis Award for best science fiction novel,Krissy Kneen,An Uncertain Grace,Text Publishing
Aurealis Award for best science fiction novel,Cat Sparks,Lotus Blue,Skyhorse
Aurealis Award for best science fiction novel,Jay Kristoff*,Lifel1k3,Allen & Unwin
Aurealis Award for best science fiction novel,Kylie Chan,Scales of Empire,HarperCollins Publishers
Aurealis Award for best science fiction novel,Amie Kaufman & Jay Kristoff,Obsidio,Allen & Unwin
Aurealis Award for best science fiction novel,Angela Meyer,A Superior Spectre,Ventura Press
Aurealis Award for best science fiction novel,Jennifer Mills,Dyschronia,Picador Australia
Aurealis Award for best science fiction novel,Margaret Morgan,The Second Cure,Penguin Random House Australia
Aurealis Award for best science fiction novel,Amie Kaufman* & Jay Kristoff*,Aurora Rising,Allen & Unwin
Aurealis Award for best science fiction novel,Sarah Hopkins,The Subjects,Text Publishing
Aurealis Award for best science fiction novel,Meg Mundell,The Trespassers,University of Queensland Press
Aurealis Award for best science fiction novel,Gillian Polack,The Year of the Fruit Cake, IFWG
Aurealis Award for best science fiction novel,Alice Robinson,The Glad Shout,Affirm
Aurealis Award for best science fiction novel,Rohan Wilson,Daughter of Bad Times,Allen & Unwin
Aurealis Award for best science fiction novel,Laura Jean McKay*,The Animals in That Country,Scribe
Aurealis Award for best science fiction novel,Corey J. White*,Repo Virtual,Tor.com Publishing
Aurealis Award for best science fiction novel,James Bradley,Ghost Species,Penguin/Hamish Hamilton
Aurealis Award for best science fiction novel,Amie Kaufman and Jay Kristoff,Aurora Burning,Allen & Unwin
Aurealis Award for best science fiction novel,Donna Mazza,Fauna,Allen & Unwin
Aurealis Award for best science fiction novel,Kate Mildenhall,The Mother Fault,Simon & Schuster
Aurealis Award for best science fiction novel,Kathryn Barker*,Waking Romeo,Allen & Unwin
Aurealis Award for best science fiction novel,Max Barry,The 22 Murders of Madison May,Hachette Australia
Aurealis Award for best science fiction novel,Rebecca Bowyer,Stealing Time,Story Addict Publishing
Aurealis Award for best science fiction novel,Jason Fischer,Papa Lucy & The Boneman,Outland Entertainment
Aurealis Award for best science fiction novel,Amie Kaufman and Jay Kristoff,Aurora’s End,Allen & Unwin
Aurealis Award for best science fiction novel,Claire McKenna,Deepwater King,HarperCollins Publishers
Aurealis Award for best science fiction novel,Rhett Davis,Hovering,Hachette
Aurealis Award for best science fiction novel,Kathryn Hore,The Stranger,Allen & Unwin
Aurealis Award for best science fiction novel,T. R. Napper,36 Streets,Titan
Aurealis Award for best science fiction novel,Steve Toltz,Here Goes Nothing,Hamish Hamilton
Aurealis Award for best science fiction novel,Georgina Young,Bootstrap,Text
