0,1,2,3
Midway (2019 film),Luke Kleintank,Lieutenant Clarence Earle Dickinson,"Pilot, Scouting Squadron 6, USS Enterprise"
Midway (2019 film),Darren Criss,Lieutenant Commander Eugene Lindsey,"Commander, Torpedo Squadron 6, USS Enterprise"
Midway (2019 film),Keean Johnson,Chief Aviation Radioman James Murray,"Radio operator, Bombing Squadron 6, USS Enterprise"
Midway (2019 film),Alexander Ludwig,Lieutenant Roy Pearce,"Watch officer, USS Arizona"
Midway (2019 film),Brennan Brown,Commander Joseph Rochefort,"Chief Cryptanalyst, Fleet Radio Unit Pacific"
Midway (2019 film),Geoffrey Blake,Commander John Ford,Film director stationed at Midway Island on Special Duty
Midway (2019 film),Jake Manley,Ensign Willie West,"Pilot, Bombing Squadron 6, USS Enterprise"
Midway (2019 film),Mark Rolston,Admiral Ernest King,Chief of Naval Operations
Midway (2019 film),Jake Weber,Rear Admiral Raymond Spruance,"Commander, Task Force 16"
Midway (2019 film),Eric Davis,Captain Miles Browning,"Halsey's chief of staff, USS Enterprise"
Midway (2019 film),David Hewlett,Admiral Husband Kimmel,"Commander-in-chief, US Pacific Fleet"
Midway (2019 film),Brandon Sklenar,"Ensign George ""Tex"" Gay","Pilot, Torpedo Squadron 8, USS Hornet"
Midway (2019 film),James Carpinello,Lieutenant Commander William Brockman,"Captain, USS Nautilus"
