0,1,2,3,4,5,6,7,8,9,10,11,12
Hanshin Main Line,Osaka-Umeda,大阪梅田,●,●,●,,●,●,●,"
Hankyu Railway (HK-01:Osaka-umeda Station)
 Hankyū Kōbe Main Line
 Hankyu Takarazuka Main Line
 Hankyu Kyoto Main Line
 Osaka Metro
 Midosuji Line (M16: Umeda Station)
 Tanimachi Line (T20: Higashi-Umeda Station)
 Yotsubashi Line (Y11: Nishi-Umeda Station)
JR West (Ōsaka Station)
Tōkaidō Main Line
 JR Kyoto Line (JR-A47)
 JR Kobe Line (JR-A47)
 JR Takarazuka Line (JR-G47)
 Osaka Higashi Line (JR-F01)
 Osaka Loop Line (JR-O11)
 JR Tōzai Line (JR-H44: Kitashinchi Station)","Kita-ku, Osaka",Osaka Prefecture
Hanshin Main Line,Fukushima,福島,●,●,｜,,↑,｜,｜," O  Osaka Loop Line (JR-O12)

 H  JR Tōzai Line (JR-H45: Shin-Fukushima Station)","Fukushima-ku, Osaka",Osaka Prefecture
Hanshin Main Line,Yodogawa,淀川,●,｜,｜,,↑,｜,｜,,"Fukushima-ku, Osaka",Osaka Prefecture
Hanshin Main Line,Himejima,姫島,●,｜,△,,↑,｜,｜,,"Nishiyodogawa-ku, Osaka",Osaka Prefecture
Hanshin Main Line,Chibune,千船,●,●,｜,,↑,｜,｜,,"Nishiyodogawa-ku, Osaka",Osaka Prefecture
Hanshin Main Line,Kuise,杭瀬,●,｜,｜,,↑,｜,｜,,Amagasaki,Hyōgo Prefecture
Hanshin Main Line,Daimotsu,大物,●,｜,｜,｜,↑,｜,｜, Hanshin Namba Line,Amagasaki,Hyōgo Prefecture
Hanshin Main Line,Deyashiki,出屋敷,●,｜,｜,｜,↑,｜,｜,,Amagasaki,Hyōgo Prefecture
Hanshin Main Line,Amagasaki Center Pool-mae,尼崎センタープール前,●,｜,△,△,↑,｜,｜,,Amagasaki,Hyōgo Prefecture
Hanshin Main Line,Naruo - Mukogawajoshidai-Mae,鳴尾・武庫川女子大前,●,●,｜,｜,↑,｜,｜,,Nishinomiya,Hyōgo Prefecture
Hanshin Main Line,Kōshien,甲子園,●,●,●,●,●,●,▲,,Nishinomiya,Hyōgo Prefecture
Hanshin Main Line,Kusugawa,久寿川,●,↑,｜,｜,↑,｜,｜,,Nishinomiya,Hyōgo Prefecture
Hanshin Main Line,Imazu,今津,●,●,●,▲,●,｜,｜, Hankyu Imazu Line,Nishinomiya,Hyōgo Prefecture
Hanshin Main Line,Nishinomiya,西宮,●,●,●,●,↑,●,●,,Nishinomiya,Hyōgo Prefecture
Hanshin Main Line,Kōroen,香櫨園,●,↑,↓,｜,●,｜,｜,,Nishinomiya,Hyōgo Prefecture
Hanshin Main Line,Uchide,打出,●,↑,↓,｜,●,｜,｜,,Ashiya,Hyōgo Prefecture
Hanshin Main Line,Ashiya,芦屋,●,●,●,▲,●,●,●,,Ashiya,Hyōgo Prefecture
Hanshin Main Line,Fukae,深江,●,↑,↓,｜,●,｜,｜,,"Higashinada-ku, Kobe",Hyōgo Prefecture
Hanshin Main Line,Ōgi,青木,●,●,↓,｜,●,｜,｜,,"Higashinada-ku, Kobe",Hyōgo Prefecture
Hanshin Main Line,Sumiyoshi,住吉,●,,↓,｜,↑,｜,｜,,Hyōgo Prefecture,"Higashinada-ku, Kobe"
Hanshin Main Line,Mikage,御影,●,,●,｜,●,●,●,,Hyōgo Prefecture,"Higashinada-ku, Kobe"
Hanshin Main Line,Ishiyagawa,石屋川,●,,,｜,,｜,｜,,Hyōgo Prefecture,"Higashinada-ku, Kobe"
Hanshin Main Line,Shinzaike,新在家,●,,,｜,,｜,｜,,"Nada-ku, Kobe",Hyōgo Prefecture
Hanshin Main Line,Ōishi,大石,●,,,｜,,｜,｜,,"Nada-ku, Kobe",Hyōgo Prefecture
Hanshin Main Line,Nishi-Nada,西灘,●,,,｜,,｜,｜,,"Nada-ku, Kobe",Hyōgo Prefecture
Hanshin Main Line,Iwaya(Hyogo Prefectural Museum of Art),岩屋,●,,,｜,,｜,｜,,"Nada-ku, Kobe",Hyōgo Prefecture
Hanshin Main Line,Kasuganomichi,春日野道,●,,,｜,,｜,｜,,"Chūō-ku, Kobe",Hyōgo Prefecture
Hanshin Main Line,Motomachi,元町,●,,,◆,,●,●," Kobe Kosoku Line
 JR Kobe Line (JR-A62)","Chūō-ku, Kobe",Hyōgo Prefecture
Hanshin Main Line,Nishi-Motomachi,西元町,●,,,◆,,●,▲,,"Chūō-ku, Kobe",Hyōgo Prefecture
Hanshin Main Line,Kōsoku Kobe,高速神戸,●,,,◆,,●,●," JR Kobe Line (JR-A63: Kobe Station)
 Kobe Municipal Subway Kaigan Line (K04: Harborland Station)","Chūō-ku, Kobe",Hyōgo Prefecture
Hanshin Main Line,Shinkaichi,新開地,●,,,◆,,●,●,Kobe Electric Railway Kobe Kosoku Line,"Hyōgo-ku, Kobe",Hyōgo Prefecture
Hanshin Main Line,Daikai,大開,,,,,,●,▲,,"Hyōgo-ku, Kobe",Hyōgo Prefecture
Hanshin Main Line,Kōsoku Nagata,高速長田,,●,,,,●,, Kobe Municipal Subway Seishin-Yamate Line (S08: Nagata Station),"Nagata-ku, Kobe",Hyōgo Prefecture
Hanshin Main Line,Nishidai,西代,,●,,,,▲,, Sanyo Railway Main Line (through service),"Nagata-ku, Kobe",Hyōgo Prefecture
