0,1,2,3,4
1980 (38th),Valerie Bertinelli ,Barbara Cooper,One Day at a Time,CBS
1980 (38th),Diane Ladd ,"Isabelle ""Belle"" Dupree",Alice,CBS
1980 (38th),Marilu Henner,Elaine Nardo,Taxi,ABC
1980 (38th),Beth Howland,Vera Louise Gorman,Alice,CBS
1980 (38th),Linda Kelsey,Billie Newman,Lou Grant,CBS
1981 (39th),Valerie Bertinelli ,Barbara Cooper,One Day at a Time,CBS
1981 (39th),Danielle Brisebois,Stephanie Mills,Archie Bunker's Place,CBS
1981 (39th),Beth Howland,Vera Louise Gorman,Alice,CBS
1981 (39th),Marilu Henner,Elaine Nardo,Taxi,ABC
1981 (39th),Lauren Tewes,Julie McCoy,The Love Boat,ABC
1982 (40th),Valerie Bertinelli,Barbara Cooper,One Day at a Time,CBS
1982 (40th),Marilu Henner,Elaine Nardo,Taxi,ABC
1982 (40th),Beth Howland,Vera Louise Gorman,Alice,CBS
1982 (40th),Carol Kane,Simka Dahblitz,Taxi,ABC
1982 (40th),Loretta Swit,"Maj. Margaret ""Hot Lips"" Houlihan",M*A*S*H,CBS
1983 (41st),Barbara Stanwyck ,Mary Carson,The Thorn Birds,ABC
1983 (41st),Polly Holliday,Aunt Minerva,The Gift of Love: A Christmas Story,CBS
1983 (41st),Angela Lansbury,Amanda Fenwick,The Gift of Love: A Christmas Story,CBS
1983 (41st),Piper Laurie,Anne Mueller,The Thorn Birds,ABC
1983 (41st),Jean Simmons,Fee Cleary,The Thorn Birds,ABC
1983 (41st),Victoria Tennant,Pamela Tudsbury,The Winds of War,ABC
1984 (42nd),Faye Dunaway ,Maud Charteris,Ellis Island,CBS
1984 (42nd),Selma Diamond,Selma Hacker,Night Court,NBC
1984 (42nd),Marla Gibbs,Florence Johnston,The Jeffersons,CBS
1984 (42nd),Gina Lollobrigida,Francesca Gioberti,Falcon Crest,CBS
1984 (42nd),Roxana Zal,Amelia Bennett,Something About Amelia,ABC
1985 (43rd),Sylvia Sidney ,Beatrice McKenna,An Early Frost,NBC
1985 (43rd),Lesley-Anne Down,Madeline Fabray,North and South,ABC
1985 (43rd),Katherine Helmond,Mona Robinson,Who's the Boss?,ABC
1985 (43rd),Kate Reid,Linda Loman,Death of a Salesman,CBS
1985 (43rd),Inga Swenson,Gretchen Kraus,Benson,ABC
1986 (44th),Olivia de Havilland ,Dowager Empress Maria,Anastasia: The Mystery of Anna,NBC
1986 (44th),Justine Bateman,Mallory Keaton,Family Ties,NBC
1986 (44th),Piper Laurie,Annie Gilbert,Promise,CBS
1986 (44th),Lilli Palmer,Tsarina Natalya,Peter the Great,NBC
1986 (44th),Geraldine Page,Itta Halaunbrenner,Nazi Hunter: The Beate Klarsfeld Story,ABC
1987 (45th),Claudette Colbert ,Alice Grenville,The Two Mrs. Grenvilles,NBC
1987 (45th),Allyce Beasley,Agnes DiPesto,Moonlighting,ABC
1987 (45th),Julia Duffy,Stephanie Vanderkellen,Newhart,CBS
1987 (45th),Christine Lahti,Althea Milford,Amerika,ABC
1988 (46th),Katherine Helmond ,Mona Robinson,Who's the Boss?,ABC
1988 (46th),Jackée Harry,Sandra Clark,227,NBC
1988 (46th),Swoosie Kurtz,Doris Steadman,Baja Oklahoma,HBO
1988 (46th),Susan Ruttan,Roxanne Melman,L.A. Law,NBC
1989 (47th),Amy Madigan ,Sarah Weddington,Roe vs. Wade,NBC
1989 (47th),Anjelica Huston,Clara Allen,Lonesome Dove,CBS
1989 (47th),Susan Ruttan,Roxanne Melman,L.A. Law,NBC
1989 (47th),Julie Sommars,Julie Marsh,Matlock,NBC
