0,1,2,3,4,5,6,7,8
Figure skating at the 2013 Winter Universiade – Men's singles,1,Song Nan, China,220.7,1.0,81.56,2.0,139.14
Figure skating at the 2013 Winter Universiade – Men's singles,2,Gordei Gorshkov, Russia,213.52,2.0,70.73,1.0,142.79
Figure skating at the 2013 Winter Universiade – Men's singles,3,Akio Sasaki, Japan,203.66,6.0,67.69,3.0,135.97
Figure skating at the 2013 Winter Universiade – Men's singles,Yoji Tsuboi, Japan,176.90,3.0,69.47,17.0,107.43,None
Figure skating at the 2013 Winter Universiade – Men's singles,Stéphane Walker, Switzerland,176.26,13.0,62.48,14.0,113.78,None
Figure skating at the 2013 Winter Universiade – Men's singles,Mikhail Karaliuk, Belarus,166.50,15.0,59.22,18.0,107.28,None
Figure skating at the 2013 Winter Universiade – Men's singles,Pavel Kaška, Czech Republic,162.34,19.0,54.63,16.0,107.71,None
Figure skating at the 2013 Winter Universiade – Men's singles,Jui-Shu Chen, Chinese Taipei,151.61,20.0,54.33,21.0,97.28,None
Figure skating at the 2013 Winter Universiade – Men's singles,Saverio Giacomelli, Italy,149.26,23.0,51.87,20.0,97.39,None
Figure skating at the 2013 Winter Universiade – Men's singles,Ali Demirboğa, Turkey,143.04,24.0,51.84,22.0,91.2,None
Figure skating at the 2013 Winter Universiade – Men's singles,Florian Lejeune, France,,30.0,44.13,,,None
Figure skating at the 2013 Winter Universiade – Men's singles,Suchet Kongchim, Thailand,,32.0,32.68,,,None
