0,1,2,3
Locus Award for best first novel,1982,Starship & Haiku,Somtow Sucharitkul
Locus Award for best first novel,1985,The Wild Shore,Kim Stanley Robinson
Locus Award for best first novel,1990,Orbital Decay,Allen Steele
Locus Award for best first novel,1991,In the Country of the Blind,Michael F. Flynn
Locus Award for best first novel,1992,The Cipher,Kathe Koja
Locus Award for best first novel,1994,Cold Allies,Patricia Anthony
Locus Award for best first novel,1995,"Gun, with Occasional Music",Jonathan Lethem
Locus Award for best first novel,1996,The Bohr Maker,Linda Nagata
Locus Award for best first novel,1997 (tie),Reclamation,Sarah Zettel
Locus Award for best first novel,1997 (tie),Whiteout,Sage Walker
Locus Award for best first novel,1998,The Great Wheel,Ian R. MacLeod
Locus Award for best first novel,2000,The Silk Code,Paul Levinson
Locus Award for best first novel,2003,A Scattering of Jades,Alexander C. Irvine
Locus Award for best first novel,2005,Jonathan Strange & Mr Norrell,Susanna Clarke
Locus Award for best first novel,2015,The Memory Garden,M. Rickert
Locus Award for best first novel,2016,The Grace of Kings,Ken Liu
Locus Award for best first novel,2017,Ninefox Gambit,Yoon Ha Lee
Locus Award for best first novel,2018,The Strange Case of the Alchemist's Daughter,Theodora Goss
Locus Award for best first novel,2021,Elatsoe,Darcie Little Badger
Locus Award for best first novel,2022,A Master of Djinn,P. Djèlí Clark
