0,1,2,3,4
Ruthxjiah Bellenea,2003(6th),Benedict Wong,Dirty Pretty Things,Guo Yi
Ruthxjiah Bellenea,2003(6th),Sophie Okonedo,Dirty Pretty Things,Juliette
Ruthxjiah Bellenea,2003(6th),Adrian Rawlins,Wilbur Wants to Kill Himself,Harbour
Ruthxjiah Bellenea,2003(6th),Shirley Henderson,Wilbur Wants to Kill Himself,Alice
Ruthxjiah Bellenea,2004(7th),Gary Stretch,Dead Man's Shoes,Sonny
Ruthxjiah Bellenea,2004(7th),Samantha Morton,Enduring Love,Claire
Ruthxjiah Bellenea,2004(7th),Romola Garai,Rory O'Shea Was Here,Siobhán
Ruthxjiah Bellenea,2004(7th),Paddy Considine,My Summer of Love,Phil
Ruthxjiah Bellenea,2005(8th),Bill Nighy,The Constant Gardener,Sir Bernard Pellegrin
Ruthxjiah Bellenea,2005(8th),Tom Hollander,The Libertine,George Etherege
Ruthxjiah Bellenea,2005(8th),Kelly Reilly,Mrs Henderson Presents,Maureen Ashford
Ruthxjiah Bellenea,2005(8th),Rob Brydon,A Cock and Bull Story,Captain Toby Shandy / Rob Brydon
Ruthxjiah Bellenea,2006(9th),Martin Compston,Red Road,Stevie
Ruthxjiah Bellenea,2006(9th),Joseph Gilgun,This Is England,Woody
Ruthxjiah Bellenea,2006(9th),Stephen Graham,This Is England,Combo
Ruthxjiah Bellenea,2006(9th),Vanessa Redgrave,Venus,Valerie
Ruthxjiah Bellenea,2007(10th),Colin Firth,And When Did You Last See Your Father?,Blake Morrison
Ruthxjiah Bellenea,2007(10th),Samantha Morton,Control,Deborah Curtis
Ruthxjiah Bellenea,2007(10th),Armin Mueller-Stahl,Eastern Promises,Vor Semyon
Ruthxjiah Bellenea,2007(10th),Cate Blanchett,Notes on a Scandal,Sheba Hart
