0,1,2,3,4,5,6
Carlsson II Cabinet,Deputy Prime Minister,Odd Engström,27 February 1990,4 October 1991, ,Social Democrats
Carlsson II Cabinet,Minister for Education,Bengt Göransson,27 February 1990,4 October 1991, ,Social Democrats
Carlsson II Cabinet,Minister for Health and Social Affairs,Ingela Thalén,27 February 1990,4 October 1991, ,Social Democrats
Carlsson II Cabinet,Minister for Employment,Mona Sahlin,27 February 1990,4 October 1991, ,Social Democrats
Carlsson II Cabinet,Minister for Agriculture,Mats Hellström,27 February 1990,4 October 1991, ,Social Democrats
Carlsson II Cabinet,Minister for Communications,Georg Andersson,27 February 1990,4 October 1991, ,Social Democrats
Carlsson II Cabinet,Minister for Civil Service Affairs,Bengt K. Å. Johansson,27 February 1990,4 October 1991, ,Social Democrats
Carlsson II Cabinet,Minister for Housing,Ulf Lönnqvist,27 February 1990,4 October 1991, ,Social Democrats
Carlsson II Cabinet,Minister for the Environment,Birgitta Dahl,27 February 1990,4 October 1991, ,Social Democrats
Carlsson II Cabinet,Minister for Enterprise,Rune Molin,27 February 1990,4 October 1991, ,Social Democrats
Carlsson II Cabinet,Taxes,Erik Åsbrink,27 February 1990,4 October 1991, ,Social Democrats
Carlsson II Cabinet,International Development Cooperation,Lena Hjelm-Wallén,27 February 1990,4 October 1991, ,Social Democrats
Carlsson II Cabinet,Minister of Foreign Trade,Anita Gradin,27 February 1990,4 October 1991, ,Social Democrats
Carlsson II Cabinet,Social Security,Bengt Lindqvist,27 February 1990,4 October 1991, ,Social Democrats
Carlsson II Cabinet,Schools,Göran Persson,27 February 1990,4 October 1991, ,Social Democrats
Carlsson II Cabinet,Migration,Maj-Lis Lööw,27 February 1990,4 October 1991, ,Social Democrats
Carlsson II Cabinet,Consumer and Youth,Margot Wallström,27 February 1990,4 October 1991, ,Social Democrats
