0,1,2,3
Hong Kong Film Award for Best Director,"1982
(2nd)",David Lai,Lonely Fifteen
Hong Kong Film Award for Best Director,"1982
(2nd)",Sammo Hung,The Prodigal Son
Hong Kong Film Award for Best Director,"1982
(2nd)",Choi Gai-Kwong,Teenage Dreamers
Hong Kong Film Award for Best Director,"1982
(2nd)",Patrick Tam Kar-Ming,Nomad
Hong Kong Film Award for Best Director,"1983
(3rd)",Li Han-Xiang,Burning of the Imperial Palace
Hong Kong Film Award for Best Director,"1983
(3rd)",Wu Ma,The Dead and the Deadly
Hong Kong Film Award for Best Director,"1983
(3rd)",Teddy Robin,All the Wrong Spies
Hong Kong Film Award for Best Director,"1983
(3rd)",Kirk Wong,Health Warning
Hong Kong Film Award for Best Director,"1984
(4th)",Tsui Hark,Shanghai Blues
Hong Kong Film Award for Best Director,"1984
(4th)",Johnny Mak,Long Arm of the Law
Hong Kong Film Award for Best Director,"1984
(4th)",Po-Chih Leong,Hong Kong 1941
Hong Kong Film Award for Best Director,"1984
(4th)",Danny Lee Sau-Yin,Law with Two Phases
Hong Kong Film Award for Best Director,"1985
(5th)",Mabel Cheung,The Illegal Immigrant
Hong Kong Film Award for Best Director,"1985
(5th)",Stanley Kwan,Women
Hong Kong Film Award for Best Director,"1985
(5th)",Ricky Lau,Mr. Vampire
Hong Kong Film Award for Best Director,"1985
(5th)",Sammo Hung,Heart of Dragon
Hong Kong Film Award for Best Director,"1985
(5th)",Jackie Chan,Police Story
Hong Kong Film Award for Best Director,"1986
(6th)",Allen Fong,Just Like Weather
Hong Kong Film Award for Best Director,"1986
(6th)",Stephen Shin,Brotherhood
Hong Kong Film Award for Best Director,"1986
(6th)",John Woo,A Better Tomorrow
Hong Kong Film Award for Best Director,"1986
(6th)",Derek Yee,The Lunatics
Hong Kong Film Award for Best Director,"1986
(6th)",Li Han-Xiang,The Last Emperor
Hong Kong Film Award for Best Director,"1986
(6th)",Stanley Kwan,Love Unto Waste
Hong Kong Film Award for Best Director,"1987
(7th)",Ching Siu-tung,A Chinese Ghost Story
Hong Kong Film Award for Best Director,"1987
(7th)",Mabel Cheung,An Autumn's Tale
Hong Kong Film Award for Best Director,"1987
(7th)",Ringo Lam,Prison on Fire
Hong Kong Film Award for Best Director,"1987
(7th)",Ann Hui,The Romance of Book & Sword
Hong Kong Film Award for Best Director,"1987
(7th)",Patrick Tam,Final Victory
Hong Kong Film Award for Best Director,"1988
(8th)",Lawrence Ah Mon,Gangs
Hong Kong Film Award for Best Director,"1988
(8th)",Alex Law,Painted Faces
Hong Kong Film Award for Best Director,"1988
(8th)",Wong Kar-wai,As Tears Go By
Hong Kong Film Award for Best Director,"1988
(8th)",Jacob Cheung,Last Eunuch in China
Hong Kong Film Award for Best Director,"1989
(9th)",Johnnie To,All About Ah-Long
Hong Kong Film Award for Best Director,"1989
(9th)",Jacob Cheung,Beyond the Sunset
Hong Kong Film Award for Best Director,"1989
(9th)",Anthony Chan Yau,A Fishy Story
Hong Kong Film Award for Best Director,"1989
(9th)",Mabel Cheung,Eight Taels of Gold
Hong Kong Film Award for Best Director,"1990
(10th)",John Woo,Bullet in the Head
Hong Kong Film Award for Best Director,"1990
(10th)",Ann Hui,Song of the Exile
Hong Kong Film Award for Best Director,"1990
(10th)",Yim Ho,Red Dust
Hong Kong Film Award for Best Director,"1990
(10th)",Clara Law,Farewell China
Hong Kong Film Award for Best Director,"1991
(11th)",John Woo,Once a Thief
Hong Kong Film Award for Best Director,"1991
(11th)",Gordon Chan,Fight Back to School
Hong Kong Film Award for Best Director,"1991
(11th)",Lawrence Ah Mon,Lee Rock
Hong Kong Film Award for Best Director,"1991
(11th)",Poon Man-Kit,To Be Number One
Hong Kong Film Award for Best Director,"1992
(12th)",Jeffrey Lau,92 Legendary La Rose Noire
Hong Kong Film Award for Best Director,"1992
(12th)",Gordon Chan,King of Beggars
Hong Kong Film Award for Best Director,"1992
(12th)",Tsui Hark,Once Upon a Time in China II
Hong Kong Film Award for Best Director,"1992
(12th)",Stanley Kwan,Center Stage
Hong Kong Film Award for Best Director,"1993
(13th)",Derek Yee,"C'est la vie, mon chéri"
Hong Kong Film Award for Best Director,"1993
(13th)",Kirk Wong,Crime Story
Hong Kong Film Award for Best Director,"1993
(13th)",Cha Yuen-Yee,Legal Innocence
Hong Kong Film Award for Best Director,"1993
(13th)","Peter Chan
Lee Chi-Ngai","Tom, Dick and Hairy"
Hong Kong Film Award for Best Director,"1993
(13th)",Clara Law,Temptation of a Monk
Hong Kong Film Award for Best Director,"1994
(14th)",Wong Kar-wai,Ashes of Time
Hong Kong Film Award for Best Director,"1994
(14th)",Peter Chan,"He's a Woman, She's a Man"
Hong Kong Film Award for Best Director,"1994
(14th)",Tsui Hark,The Lovers
Hong Kong Film Award for Best Director,"1994
(14th)",Gordon Chan,The Final Option
Hong Kong Film Award for Best Director,"1995
(15th)",Ann Hui,Summer Snow
Hong Kong Film Award for Best Director,"1995
(15th)",Derek Yee,Full Throttle
Hong Kong Film Award for Best Director,"1995
(15th)",Wong Kar-wai,Fallen Angels
Hong Kong Film Award for Best Director,"1995
(15th)",Yim Ho,The Day the Sun Turned Cold
Hong Kong Film Award for Best Director,"1995
(15th)",Johnnie To,Loving You
Hong Kong Film Award for Best Director,"1996
(16th)",Peter Chan,Comrades: Almost a Love Story
Hong Kong Film Award for Best Director,"1996
(16th)",Derek Chiu,The Log
Hong Kong Film Award for Best Director,"1996
(16th)","Derek Yee
Lau Chi-Leung",Viva Erotica
Hong Kong Film Award for Best Director,"1996
(16th)",Shu Kei,Hu Du Men
Hong Kong Film Award for Best Director,"1996
(16th)",Benny Chan,Big Bullet
Hong Kong Film Award for Best Director,"1997
(17th)",Wong Kar-wai,Happy Together
Hong Kong Film Award for Best Director,"1997
(17th)",Ringo Lam,Full Alert
Hong Kong Film Award for Best Director,"1997
(17th)",Mabel Cheung,The Soong Sisters
Hong Kong Film Award for Best Director,"1997
(17th)",Johnnie To,Lifeline
Hong Kong Film Award for Best Director,"1998
(18th)",Stanley Kwan,Hold You Tight
Hong Kong Film Award for Best Director,"1998
(18th)",Fruit Chan,The Longest Summer
Hong Kong Film Award for Best Director,"1998
(18th)",Mabel Cheung,City of Glass
Hong Kong Film Award for Best Director,"1998
(18th)",Patrick Yau,The Longest Nite
Hong Kong Film Award for Best Director,"1999
(19th)",Sylvia Chang,Tempting Heart
Hong Kong Film Award for Best Director,"1999
(19th)",Ann Hui,Ordinary Heroes
Hong Kong Film Award for Best Director,"1999
(19th)",Ringo Lam,The Victim
Hong Kong Film Award for Best Director,"1999
(19th)",Johnnie To,Running Out of Time
Hong Kong Film Award for Best Director,"2000
(20th)",Ang Lee,"Crouching Tiger, Hidden Dragon"
Hong Kong Film Award for Best Director,"2000
(20th)",Wong Kar-wai,In the Mood for Love
Hong Kong Film Award for Best Director,"2000
(20th)",Fruit Chan,"Durian, Durian"
Hong Kong Film Award for Best Director,"2000
(20th)","Johnnie To
Wai Ka-Fai",Needing You...
Hong Kong Film Award for Best Director,"2000
(20th)",Wilson Yip,Juliet in Love
Hong Kong Film Award for Best Director,"2001
(21st)",Ann Hui,July Rhapsody
Hong Kong Film Award for Best Director,"2001
(21st)",Stanley Kwan,Lan Yu
Hong Kong Film Award for Best Director,"2001
(21st)","Johnnie To
Wai Ka-Fai",Love on a Diet
Hong Kong Film Award for Best Director,"2001
(21st)",Ann Hui,Visible Secret
Hong Kong Film Award for Best Director,"2002
(22nd)",Law Chi-Leung,Inner Senses
Hong Kong Film Award for Best Director,"2002
(22nd)",Peter Chan,Three: Going Home
Hong Kong Film Award for Best Director,"2002
(22nd)",Fruit Chan,Hollywood Hong Kong
Hong Kong Film Award for Best Director,"2002
(22nd)",Zhang Yimou,Hero
Hong Kong Film Award for Best Director,"2003
(23rd)","Johnnie To
Wai Ka-Fai",Running on Karma
Hong Kong Film Award for Best Director,"2003
(23rd)",Derek Yee,Lost in Time
Hong Kong Film Award for Best Director,"2003
(23rd)","Andrew Lau
Alan Mak",Infernal Affairs II
Hong Kong Film Award for Best Director,"2003
(23rd)",Benny Chan Muk-Sing,Heroic Duo
Hong Kong Film Award for Best Director,"2004
(24th)",Wong Kar-wai,2046
Hong Kong Film Award for Best Director,"2004
(24th)",Stephen Chow,Kung Fu Hustle
Hong Kong Film Award for Best Director,"2004
(24th)",Benny Chan Muk-Sing,New Police Story
Hong Kong Film Award for Best Director,"2004
(24th)",Johnnie To,Breaking News
Hong Kong Film Award for Best Director,"2005
(25th)",Derek Yee,2 Young
Hong Kong Film Award for Best Director,"2005
(25th)","Andrew Lau
Alan Mak",Initial D
Hong Kong Film Award for Best Director,"2005
(25th)",Peter Chan,Perhaps Love
Hong Kong Film Award for Best Director,"2005
(25th)",Tsui Hark,Seven Swords
Hong Kong Film Award for Best Director,"2006
(26th)",Jacob Cheung,Battle of Wits
Hong Kong Film Award for Best Director,"2006
(26th)",Johnnie To,Election 2
Hong Kong Film Award for Best Director,"2006
(26th)",Johnnie To,Exiled
Hong Kong Film Award for Best Director,"2006
(26th)",Zhang Yimou,Curse of the Golden Flower
Hong Kong Film Award for Best Director,"2007
(27th)",Ann Hui,The Postmodern Life of My Aunt
Hong Kong Film Award for Best Director,"2007
(27th)",Yau Nai-Hoi,Eye in the Sky
Hong Kong Film Award for Best Director,"2007
(27th)","Johnnie To
Wai Ka-Fai",Mad Detective
Hong Kong Film Award for Best Director,"2007
(27th)",Derek Yee,Protégé
Hong Kong Film Award for Best Director,"2008
(28th)",Benny Chan,Connected
Hong Kong Film Award for Best Director,"2008
(28th)",John Woo,Red Cliff
Hong Kong Film Award for Best Director,"2008
(28th)",Johnnie To,Sparrow
Hong Kong Film Award for Best Director,"2008
(28th)",Wilson Yip,Ip Man
Hong Kong Film Award for Best Director,"2009
(29th)",Teddy Chan,Bodyguards and Assassins
Hong Kong Film Award for Best Director,"2009
(29th)",Ann Hui,Night and Fog
Hong Kong Film Award for Best Director,"2009
(29th)",John Woo,Red Cliff II
Hong Kong Film Award for Best Director,"2009
(29th)",Derek Yee,Shinjuku Incident
Hong Kong Film Award for Best Director,"2009
(29th)","Alan Mak
Felix Chong",Overheard
Hong Kong Film Award for Best Director,"2010
(30th)","Derek Kwok
Clement Cheng",Gallants
Hong Kong Film Award for Best Director,"2010
(30th)",Wilson Yip,Ip Man 2
Hong Kong Film Award for Best Director,"2010
(30th)",Su Chao-pin,Reign of Assassins
Hong Kong Film Award for Best Director,"2010
(30th)",Dante Lam,The Stool Pigeon
Hong Kong Film Award for Best Director,"2011
(31st)",Johnnie To,Life without Principle
Hong Kong Film Award for Best Director,"2011
(31st)",Tsui Hark,Flying Swords of Dragon Gate
Hong Kong Film Award for Best Director,"2011
(31st)","Alan Mak
Felix Chong",Overheard 2
Hong Kong Film Award for Best Director,"2011
(31st)",Jiang Wen,Let the Bullets Fly
Hong Kong Film Award for Best Director,"2012
(32nd)","Longman Leung
Sunny Luk Kim Ching",Cold War
Hong Kong Film Award for Best Director,"2012
(32nd)",Cheang Pou-soi,Motorway
Hong Kong Film Award for Best Director,"2012
(32nd)",Pang Ho-cheung,Love in the Buff
Hong Kong Film Award for Best Director,"2012
(32nd)",Lo Chi Leung,The Bullet Vanishes
Hong Kong Film Award for Best Director,"2012
(32nd)",Dante Lam,The Viral Factor
Hong Kong Film Award for Best Director,"2013
(33rd)",Johnnie To,Drug War
Hong Kong Film Award for Best Director,"2013
(33rd)",Benny Chan,The White Storm
Hong Kong Film Award for Best Director,"2013
(33rd)",Derek Kwok,As the Light Goes Out
Hong Kong Film Award for Best Director,"2013
(33rd)",Dante Lam,Unbeatable
Hong Kong Film Award for Best Director,"2014
(34th)",Ann Hui,The Golden Era
Hong Kong Film Award for Best Director,"2014
(34th)",Fruit Chan,The Midnight After
Hong Kong Film Award for Best Director,"2014
(34th)",Peter Chan,Dearest
Hong Kong Film Award for Best Director,"2014
(34th)",Dante Lam,That Demon Within
Hong Kong Film Award for Best Director,"2014
(34th)","Alan Mak
Felix Chong",Overheard 3
Hong Kong Film Award for Best Director,"2015
(35th)",Tsui Hark,The Taking Of Tiger Mountain
Hong Kong Film Award for Best Director,"2015
(35th)",Adrian Kwan Shun Fai,Little Big Master
Hong Kong Film Award for Best Director,"2015
(35th)",Derek Yee,I Am Somebody
Hong Kong Film Award for Best Director,"2015
(35th)",Wilson Yip,Ip Man 3
Hong Kong Film Award for Best Director,"2015
(35th)",Philip Yung Tsz Kwong,Port Of Call
Hong Kong Film Award for Best Director,"2016
(36th)","Frank Hui, Jevons Au and Vicky Wong",Trivisa
Hong Kong Film Award for Best Director,"2016
(36th)",Wong Chun,Mad World
Hong Kong Film Award for Best Director,"2016
(36th)",Derek Tsang,Soul Mate
Hong Kong Film Award for Best Director,"2016
(36th)",Johnnie To,Three
Hong Kong Film Award for Best Director,"2016
(36th)",Stephen Chow,The Mermaid
Hong Kong Film Award for Best Director,"2017
(37th)",Ann Hui,Our Time Will Come
Hong Kong Film Award for Best Director,"2017
(37th)",Kearen Pang,29+1
Hong Kong Film Award for Best Director,"2017
(37th)",Herman Yau,Shock Wave
Hong Kong Film Award for Best Director,"2017
(37th)",Sylvia Chang,Love Education
Hong Kong Film Award for Best Director,"2017
(37th)",Wilson Yip,Paradox
Hong Kong Film Award for Best Director,"2018
(38th)",Felix Chong,Project Gutenberg
Hong Kong Film Award for Best Director,"2018
(38th)",Fruit Chan,Three Husbands
Hong Kong Film Award for Best Director,"2018
(38th)",Dante Lam,Operation Red Sea
Hong Kong Film Award for Best Director,"2018
(38th)",Sunny Chan,Men On The Dragon
Hong Kong Film Award for Best Director,"2018
(38th)",Oliver Chan Siu Kuen,Still Human
Hong Kong Film Award for Best Director,"2019
(39th)",Derek Tsang,Better Days
Hong Kong Film Award for Best Director,"2019
(39th)",Kiwi Chow,Beyond The Dream
Hong Kong Film Award for Best Director,"2019
(39th)",Ray Yeung,Suk Suk
Hong Kong Film Award for Best Director,"2019
(39th)",Heiward Mak,Fagara
Hong Kong Film Award for Best Director,"2019
(39th)",Wilson Yip,Ip Man 4: The Finale
Hong Kong Film Award for Best Director,"2020 and 2021
(40th)",Benny Chan,Raging Fire
Hong Kong Film Award for Best Director,"2020 and 2021
(40th)",Peter Chan,Leap
Hong Kong Film Award for Best Director,"2020 and 2021
(40th)",Cheang Pou-soi,Limbo
Hong Kong Film Award for Best Director,"2020 and 2021
(40th)",Longman Leung,Anita
Hong Kong Film Award for Best Director,"2020 and 2021
(40th)",Man Lim-chung,Keep Rolling
