0,1,2,3
List of Aurealis Award for winners and nominees for best fantasy novel,David Brooks,The House of Balthus,Allen & Unwin
List of Aurealis Award for winners and nominees for best fantasy novel,Sara Douglass,Battleaxe,Voyager Books
List of Aurealis Award for winners and nominees for best fantasy novel,Paul Kidd,Mus of Kerbridge,TSR
List of Aurealis Award for winners and nominees for best fantasy novel,Tony Shillitoe,The Last Wizard,Pan Macmillan
List of Aurealis Award for winners and nominees for best fantasy novel,Shannah Jay,The Price of Wisdom,Pan Macmillan
List of Aurealis Award for winners and nominees for best fantasy novel,Geoffrey McSkimming,Cairo Jim and the Alabastron of Forgotten Gods,Hachette Children's Books Australia
List of Aurealis Award for winners and nominees for best fantasy novel,Dirk Strasser,Equinox,Pan Macmillan
List of Aurealis Award for winners and nominees for best fantasy novel,Isobelle Carmody,Darkfall,Penguin Books
List of Aurealis Award for winners and nominees for best fantasy novel,Sara Douglass,Sinner,Voyager Books
List of Aurealis Award for winners and nominees for best fantasy novel,Kate Forsyth,Dragonclaw,Random House
List of Aurealis Award for winners and nominees for best fantasy novel,Lucy Sussex,Black Ice,Hodder Headline
List of Aurealis Award for winners and nominees for best fantasy novel,Sara Douglass,Pilgrim,Voyager Books
List of Aurealis Award for winners and nominees for best fantasy novel,Ian Irvine,A Shadow on the Glass,Penguin Books
List of Aurealis Award for winners and nominees for best fantasy novel,Sophie Masson,Cold Iron,Hodder
List of Aurealis Award for winners and nominees for best fantasy novel,Sara Douglass,Crusader,Voyager Books
List of Aurealis Award for winners and nominees for best fantasy novel,Kate Forsyth,The Cursed Towers,Random House
List of Aurealis Award for winners and nominees for best fantasy novel,Dave Luckett,A Dark Journey/A Dark Victory,Omnibus Books
List of Aurealis Award for winners and nominees for best fantasy novel,Juliet Marillier,Daughter of the Forest,Pan Macmillan
List of Aurealis Award for winners and nominees for best fantasy novel,Sara Douglass,The Nameless Day,Voyager Books
List of Aurealis Award for winners and nominees for best fantasy novel,Anthony Eaton,The Darkness,UQP
List of Aurealis Award for winners and nominees for best fantasy novel,Jennifer Fallon,Medalon,Voyager Books
List of Aurealis Award for winners and nominees for best fantasy novel,Hoa Pham,Vixen,Sceptre
List of Aurealis Award for winners and nominees for best fantasy novel,Sara Douglass*,The Wounded Hawk,Voyager Books
List of Aurealis Award for winners and nominees for best fantasy novel,Juliet Marillier,Child of the Prophecy,Pan Macmillan
List of Aurealis Award for winners and nominees for best fantasy novel,Garth Nix,Lirael,Allen & Unwin
List of Aurealis Award for winners and nominees for best fantasy novel,Cameron Rogers,The Music of Razors,Penguin Books
List of Aurealis Award for winners and nominees for best fantasy novel,Sean Williams,The Stone Mage and the Sea,Voyager Books
List of Aurealis Award for winners and nominees for best fantasy novel,Trudi Canavan,The Novice,Voyager Books
List of Aurealis Award for winners and nominees for best fantasy novel,Alison Croggon,The Gift,Penguin Books
List of Aurealis Award for winners and nominees for best fantasy novel,Sara Douglass,Hades' Daughter,Voyager Books
List of Aurealis Award for winners and nominees for best fantasy novel,Sara Douglass,The Crippled Angel,Voyager Books
List of Aurealis Award for winners and nominees for best fantasy novel,Tony Shillitoe,Blood,Voyager Books
List of Aurealis Award for winners and nominees for best fantasy novel,K. J. Bishop,The Etched City,Prime Books
List of Aurealis Award for winners and nominees for best fantasy novel,Lian Hearn,Grass for His Pillow,Hodder
List of Aurealis Award for winners and nominees for best fantasy novel,Glenda Larke,The Aware,Voyager Books
List of Aurealis Award for winners and nominees for best fantasy novel,Sean McMullen,Voyage of the Shadowmoon,Tor Books
List of Aurealis Award for winners and nominees for best fantasy novel,Lian Hearn,Brilliance of the Moon,Hodder
List of Aurealis Award for winners and nominees for best fantasy novel,Glenda Larke,The Tainted,Voyager Books
List of Aurealis Award for winners and nominees for best fantasy novel,Sophie Masson,"Snow, Fire, Sword",Random House
List of Aurealis Award for winners and nominees for best fantasy novel,Kim Wilkins,Giants of the Frost,Voyager Books
List of Aurealis Award for winners and nominees for best fantasy novel,Juliet Marillier*,Blade of Fortriu,Pan Macmillan
List of Aurealis Award for winners and nominees for best fantasy novel,Sara Douglass,Darkwitch Rising,Voyager Books
List of Aurealis Award for winners and nominees for best fantasy novel,Anthony Eaton,Nightpeople,UQP
List of Aurealis Award for winners and nominees for best fantasy novel,Sonya Hartnett,Surrender,Penguin Books
List of Aurealis Award for winners and nominees for best fantasy novel,Karen Miller,The Innocent Mage,Voyager Books
List of Aurealis Award for winners and nominees for best fantasy novel,Grace Dugan,The Silver Road,Penguin Books
List of Aurealis Award for winners and nominees for best fantasy novel,Glenda Larke,Heart of the Mirage,Voyager Books
List of Aurealis Award for winners and nominees for best fantasy novel,Sean McMullen,Voidfarer,Tor Books
List of Aurealis Award for winners and nominees for best fantasy novel,Michael Pryor,Blaze of Glory,Random House
List of Aurealis Award for winners and nominees for best fantasy novel,Jennifer Fallon,Gods of Amyrantha,Voyager Books
List of Aurealis Award for winners and nominees for best fantasy novel,Sylvia Kelso,The Moving Water,Five Star Publishing
List of Aurealis Award for winners and nominees for best fantasy novel,Glenda Larke,Song of the Shiver Barrens,Voyager Books
List of Aurealis Award for winners and nominees for best fantasy novel,Michael Pryor,Heart of Gold,Random House
List of Aurealis Award for winners and nominees for best fantasy novel,Sylvia Kelso,Amberlight,Juno Books
List of Aurealis Award for winners and nominees for best fantasy novel,Margo Lanagan,Tender Morsels,Allen & Unwin
List of Aurealis Award for winners and nominees for best fantasy novel,Juliet Marillier,Heir to Sevenwaters,Pan Macmillan
List of Aurealis Award for winners and nominees for best fantasy novel,Karen Miller,The Riven Kingdom,HarperVoyager
List of Aurealis Award for winners and nominees for best fantasy novel,Peter M. Ball,Horn,Twelfth Planet Press
List of Aurealis Award for winners and nominees for best fantasy novel,Glenda Larke,The Last Stormlord,HarperVoyager
List of Aurealis Award for winners and nominees for best fantasy novel,K. E. Mills,Witches Incorporated,HarperVoyager
List of Aurealis Award for winners and nominees for best fantasy novel,K. J. Taylor,The Dark Griffin,HarperVoyager
List of Aurealis Award for winners and nominees for best fantasy novel,Tansy Rayner Roberts*,Power and Majesty,HarperVoyager
List of Aurealis Award for winners and nominees for best fantasy novel,Andrea K Höst,The Silence of Medair,Andrea K Hösth
List of Aurealis Award for winners and nominees for best fantasy novel,Trent Jamieson,Death Most Definite,Orbit Books
List of Aurealis Award for winners and nominees for best fantasy novel,Glenda Larke,Stormlord Rising,HarperVoyager
List of Aurealis Award for winners and nominees for best fantasy novel,Juliet Marillier,Heart's Blood,Pan Macmillan
List of Aurealis Award for winners and nominees for best fantasy novel,Pamela Freeman*,Ember and Ash,Hachette
List of Aurealis Award for winners and nominees for best fantasy novel,Jennifer Fallon,The Undivided,HarperVoyager
List of Aurealis Award for winners and nominees for best fantasy novel,Glenda Larke,Stormlord's Exile,HarperVoyager
List of Aurealis Award for winners and nominees for best fantasy novel,Jo Anderton,Debris,Angry Robot
List of Aurealis Award for winners and nominees for best fantasy novel,Tansy Rayner Roberts,The Shattered City,HarperVoyager
List of Aurealis Award for winners and nominees for best fantasy novel,Margo Lanagan*,Sea Hearts,Allen & Unwin
List of Aurealis Award for winners and nominees for best fantasy novel,Kate Forsyth,Bitter Greens,Random House Australia
List of Aurealis Award for winners and nominees for best fantasy novel,Jay Kristoff,Stormdancer,Tor UK
List of Aurealis Award for winners and nominees for best fantasy novel,Juliet Marillier,Flame of Sevenwaters,Pan Macmillan Australia
List of Aurealis Award for winners and nominees for best fantasy novel,Jo Spurrier,Winter Be My Shield,HarperVoyager
List of Aurealis Award for winners and nominees for best fantasy novel,Mitchell Hogan*,A Crucible of Souls,Mitchell Hogan
List of Aurealis Award for winners and nominees for best fantasy novel,Max Barry,Lexicon,Hachette Australia
List of Aurealis Award for winners and nominees for best fantasy novel,Amie Kaufman & Meagan Spooner,These Broken Stars,Allen & Unwin
List of Aurealis Award for winners and nominees for best fantasy novel,Garth Nix,Newt's Emerald,Jill Grinberg Literary Management
List of Aurealis Award for winners and nominees for best fantasy novel,Tansy Rayner Roberts,Ink Black Magic,FableCroft Publishing
List of Aurealis Award for winners and nominees for best fantasy novel,Juliet Marillier*,Dreamer's Pool,Pan Macmillan Australia
List of Aurealis Award for winners and nominees for best fantasy novel,Keri Arthur,Fireborn,Hachette Australia
List of Aurealis Award for winners and nominees for best fantasy novel,Amie Kaufman & Meagan Spooner,This Shattered World,Allen & Unwin
List of Aurealis Award for winners and nominees for best fantasy novel,Glenda Larke,The Lascar's Dagger,Hachette Australia
List of Aurealis Award for winners and nominees for best fantasy novel,Scott Westerfeld,Afterworlds,Penguin Books Australia
List of Aurealis Award for winners and nominees for best fantasy novel,Kim Wilkins,Daughters of the Storm,Harlequin Enterprises Australia
List of Aurealis Award for winners and nominees for best fantasy novel,Trent Jamieson*,Day Boy,Text Publishing
List of Aurealis Award for winners and nominees for best fantasy novel,Kathryn Barker,In the Skin of a Monster,Allen & Unwin
List of Aurealis Award for winners and nominees for best fantasy novel,Alison Goodman,Lady Helen and the Dark Days Club,HarperCollins
List of Aurealis Award for winners and nominees for best fantasy novel,Glenda Larke,The Dagger's Path,HarperVoyager
List of Aurealis Award for winners and nominees for best fantasy novel,Juliet Marillier,Tower of Thorns,Pan Macmillan Australia
List of Aurealis Award for winners and nominees for best fantasy novel,Ilka Tampke,Skin,Text Publishing
List of Aurealis Award for winners and nominees for best fantasy novel,Jay Kristoff*,Nevernight,HarperVoyager
List of Aurealis Award for winners and nominees for best fantasy novel,Glenda Larke,The Fall of the Dagger,Hachette Australia
List of Aurealis Award for winners and nominees for best fantasy novel,Juliet Marillier,Den of Wolves,Pan Macmillan Australia
List of Aurealis Award for winners and nominees for best fantasy novel,Angela Slatter,Vigil,Jo Fletcher Books
List of Aurealis Award for winners and nominees for best fantasy novel,Mark Smith,Road to Winter,Text Publishing
List of Aurealis Award for winners and nominees for best fantasy novel,Kim Wilkins,Sisters of the Fire,Harlequin Australia
List of Aurealis Award for winners and nominees for best fantasy novel,Jay Kristoff*,Godsgrave,HarperCollins Publishers
List of Aurealis Award for winners and nominees for best fantasy novel,Thoraiya Dyer,Crossroads of Canopy,Tor Books
List of Aurealis Award for winners and nominees for best fantasy novel,Goldie Goldbloom,Gwen,Fremantle Press
List of Aurealis Award for winners and nominees for best fantasy novel,Kathryn Gossow,Cassandra,Odyssey Books
List of Aurealis Award for winners and nominees for best fantasy novel,Michael Pryor,Gap Year in Ghost Town,Allen & Unwin
List of Aurealis Award for winners and nominees for best fantasy novel,Robin Shortt,Wellside,Candlemark & Gleam
List of Aurealis Award for winners and nominees for best fantasy novel,Sam Hawke*,City of Lies,Penguin Random House
List of Aurealis Award for winners and nominees for best fantasy novel,Maria Lewis*,The Witch Who Courted Death,Hachette Australia
List of Aurealis Award for winners and nominees for best fantasy novel,Alan Baxter,Devouring Dark,Grey Matter Press
List of Aurealis Award for winners and nominees for best fantasy novel,Alison Goodman,Lady Helen and the Dark Days Deceit,HarperCollins Publishers
List of Aurealis Award for winners and nominees for best fantasy novel,Aletha Kinsela,Lightning Tracks,Plainspeak Publishing
List of Aurealis Award for winners and nominees for best fantasy novel,Devin Madson,We Ride the Storm,(self-published)
List of Aurealis Award for winners and nominees for best fantasy novel,Garth Nix*,Angel Mage,Allen & Unwin
List of Aurealis Award for winners and nominees for best fantasy novel,Jay Kristoff,Darkdawn,HarperCollins Publishers
List of Aurealis Award for winners and nominees for best fantasy novel,Maria Lewis,The Wailing Woman,Piatkus
List of Aurealis Award for winners and nominees for best fantasy novel,Juliet Marillier,The Harp of Kings,Macmillan
List of Aurealis Award for winners and nominees for best fantasy novel,P. M. Freestone,The Darkest Bloom,Scholastic
List of Aurealis Award for winners and nominees for best fantasy novel,Michael Pryor,Graveyard Shift in Ghost Town,Allen & Unwin
List of Aurealis Award for winners and nominees for best fantasy novel,Garth Nix*,The Left-Handed Booksellers of London,Allen & Unwin
List of Aurealis Award for winners and nominees for best fantasy novel,Sam Hawke*,Hollow Empire,Bantam Press
List of Aurealis Award for winners and nominees for best fantasy novel,Claire McKenna,Monstrous Heart,HarperVoyager
List of Aurealis Award for winners and nominees for best fantasy novel,Astrid Scholte,The Vanishing Deep,Allen & Unwin
List of Aurealis Award for winners and nominees for best fantasy novel,Dirk Strasser,Conquist,Chimaera Publications
List of Aurealis Award for winners and nominees for best fantasy novel,Bonnie Wynne,The Ninth Sorceress,Talem Press
List of Aurealis Award for winners and nominees for best fantasy novel,C. S. Pacat*,Dark Rise,Allen & Unwin
List of Aurealis Award for winners and nominees for best fantasy novel,Angela Slatter,All the Murmuring Bones,Titan Publishing
List of Aurealis Award for winners and nominees for best fantasy novel,Freya Marske,A Marvellous Light,Tor
List of Aurealis Award for winners and nominees for best fantasy novel,Maria Lewis,The Rose Daughter,Piatkus
List of Aurealis Award for winners and nominees for best fantasy novel,Shelley Parker-Chan,She Who Became the Sun,Mantle
List of Aurealis Award for winners and nominees for best fantasy novel,Meg Grace,Supermums: And So It Begins,(self-published)
List of Aurealis Award for winners and nominees for best fantasy novel,Kate Emery,The Not So Chosen One,Text
List of Aurealis Award for winners and nominees for best fantasy novel,Trent Jamieson,The Stone Road,Erewhon
List of Aurealis Award for winners and nominees for best fantasy novel,Freya Marske,A Restless Truth,Tor
List of Aurealis Award for winners and nominees for best fantasy novel,Daniel O'Malley,Blitz,HarperCollins
List of Aurealis Award for winners and nominees for best fantasy novel,Angela Slatter,Path of Thorns,Titan
List of Aurealis Award for winners and nominees for best fantasy novel,Sean Williams,Honour Among Ghosts,Allen & Unwon
