0,1,2,3,4,5,6,7,8
Dosan Main Line,Konzōji,金蔵寺,3.7,3.7, ,◇,Zentsūji,Kagawa
Dosan Main Line,Zentsūji,善通寺,2.3,6.0, ,◇,Zentsūji,Kagawa
Dosan Main Line,Kotohira,琴平,5.3,11.3,Kotoden Kotohira Line (Kotoden-Kotohira)Electrified section ends at this station,◇,"Kotohira, Nakatado District",Kagawa
Dosan Main Line,Shioiri,塩入,6.4,17.7, ,◇,"Mannō, Nakatado District",Kagawa
Dosan Main Line,Kurokawa,黒川,3.9,21.6, ,｜,"Mannō, Nakatado District",Kagawa
Dosan Main Line,Sanuki-Saida,讃岐財田,2.3,23.9, ,◇,Mitoyo,Kagawa
Dosan Main Line,Tsubojiri▽,坪尻,8.2,32.1, ,◆,Miyoshi,Tokushima
Dosan Main Line,Hashikura,箸蔵,3.3,35.4, ,◇,Miyoshi,Tokushima
Dosan Main Line,Awa-Ikeda,阿波池田,5.1,43.9,     Tokushima Line (B25),◇,Miyoshi,Tokushima
Dosan Main Line,Minawa,三縄,3.9,47.8, ,◇,Miyoshi,Tokushima
Dosan Main Line,Iyaguchi,祖谷口,4.5,52.3, ,｜,Miyoshi,Tokushima
Dosan Main Line,Awa-Kawaguchi,阿波川口,2.8,55.1, ,◇,Miyoshi,Tokushima
Dosan Main Line,Koboke,小歩危,4.7,59.8, ,◇,Miyoshi,Tokushima
Dosan Main Line,Ōboke,大歩危,5.7,65.5, ,◇,Miyoshi,Tokushima
Dosan Main Line,Tosa-Iwahara,土佐岩原,7.2,72.7, ,◇,"Ōtoyo, Nagaoka District",Kōchi
Dosan Main Line,Toyonaga,豊永,4.0,76.7, ,◇,"Ōtoyo, Nagaoka District",Kōchi
Dosan Main Line,Ōtaguchi,大田口,3.7,80.4, ,◇,"Ōtoyo, Nagaoka District",Kōchi
Dosan Main Line,Tosa-Ananai,土佐穴内,2.8,83.2, ,｜,"Ōtoyo, Nagaoka District",Kōchi
Dosan Main Line,Ōsugi,大杉,4.0,87.2, ,◇,"Ōtoyo, Nagaoka District",Kōchi
Dosan Main Line,Tosa-Kitagawa,土佐北川,6.1,93.3, ,◇,"Ōtoyo, Nagaoka District",Kōchi
Dosan Main Line,Kakumodani,角茂谷,2.2,95.5, ,｜,"Ōtoyo, Nagaoka District",Kōchi
Dosan Main Line,Shigetō,繁藤,2.1,97.6, ,◇,Kami,Kōchi
Dosan Main Line,Shingai▽,新改,6.3,103.9, ,◆,Kami,Kōchi
Dosan Main Line,Tosa-Yamada,土佐山田,7.4,111.3, ,◇,Kami,Kōchi
Dosan Main Line,Yamada-Nishimachi▽,山田西町,0.8,112.1, ,｜,Kami,Kōchi
Dosan Main Line,Tosa-Nagaoka▽,土佐長岡,2.0,114.1, ,｜,Nankoku,Kōchi
Dosan Main Line,Tosa-Ōtsu,土佐大津,3.2,119.4, ,◇,Kōchi,Kōchi
Dosan Main Line,Nunoshida▽,布師田,2.0,121.4, ,｜,Kōchi,Kōchi
Dosan Main Line,Tosa-Ikku,土佐一宮,1.3,122.7, ,◇,Kōchi,Kōchi
Dosan Main Line,Azōno▽,薊野,1.8,124.5, ,◇,Kōchi,Kōchi
Dosan Main Line,Kōchi,高知,2.1,126.6,Tosaden Sanbashi Line (Kōchi-Ekimae),◇,Kōchi,Kōchi
Dosan Main Line,Iriake,入明,1.3,127.9, ,｜,Kōchi,Kōchi
Dosan Main Line,Engyōjiguchi,円行寺口,0.8,128.7, ,｜,Kōchi,Kōchi
Dosan Main Line,Asahi,旭,1.5,130.2,Tosaden Ino Line (Asahi-Ekimae-Dōri),◇,Kōchi,Kōchi
Dosan Main Line,Kōchi-Shōgyō-Mae,高知商業前,1.1,131.3,Tosaden Ino Line (Kagamigawabashi),｜,Kōchi,Kōchi
Dosan Main Line,Asakura,朝倉,1.4,132.7,Tosaden Ino Line (Asakura-Ekimae),◇,Kōchi,Kōchi
Dosan Main Line,Edagawa,枝川,3.5,136.2,Tosaden Ino Line (Edagawa),｜,"Ino, Agawa District",Kōchi
Dosan Main Line,Ino,伊野,1.8,138.0,Tosaden Ino Line (Ino-Ekimae),◇,"Ino, Agawa District",Kōchi
Dosan Main Line,Hakawa,波川,1.5,139.5, ,｜,"Ino, Agawa District",Kōchi
Dosan Main Line,Omura-Jinja-Mae,小村神社前,2.1,141.6, ,｜,"Hidaka, Takaoka District",Kōchi
Dosan Main Line,Kusaka,日下,2.1,143.7, ,◇,"Hidaka, Takaoka District",Kōchi
Dosan Main Line,Okabana,岡花,2.0,145.7, ,｜,"Hidaka, Takaoka District",Kōchi
Dosan Main Line,Tosa-Kamo,土佐加茂,2.9,148.6, ,◇,"Sakawa, Takaoka District",Kōchi
Dosan Main Line,Nishi-Sakawa,西佐川,3.8,152.4, ,◇,"Sakawa, Takaoka District",Kōchi
Dosan Main Line,Sakawa,佐川,1.8,154.2, ,◇,"Sakawa, Takaoka District",Kōchi
Dosan Main Line,Erinono,襟野々,1.8,156.0, ,｜,"Sakawa, Takaoka District",Kōchi
Dosan Main Line,Togano,斗賀野,2.0,158.0, ,◇,"Sakawa, Takaoka District",Kōchi
Dosan Main Line,Asō,吾桑,5.4,163.4, ,◇,Susaki,Kōchi
Dosan Main Line,Ōnogō,多ノ郷,2.7,166.1, ,◇,Susaki,Kōchi
Dosan Main Line,Ōma,大間,0.9,167.0, ,｜,Susaki,Kōchi
Dosan Main Line,Susaki,須崎,1.7,168.7, ,◇,Susaki,Kōchi
Dosan Main Line,Tosa-Shinjō,土佐新荘,1.9,170.6, ,｜,Susaki,Kōchi
Dosan Main Line,Awa,安和,3.0,173.6, ,｜,Susaki,Kōchi
Dosan Main Line,Tosa-Kure,土佐久礼,6.1,179.7, ,◇,"Nakatosa, Takaoka District",Kōchi
Dosan Main Line,Kageno,影野,10.7,190.4, ,◇,"Shimanto, Takaoka District",Kōchi
Dosan Main Line,Rokutanji,六反地,1.8,192.2, ,｜,"Shimanto, Takaoka District",Kōchi
Dosan Main Line,Niida,仁井田,2.0,194.2, ,｜,"Shimanto, Takaoka District",Kōchi
