0,1,2,3,4
Bundestagswahlkreis Braunschweig,1949,Otto Arnholz,SPD,39.9
Bundestagswahlkreis Braunschweig,1953,Otto Arnholz,SPD,37.1
Bundestagswahlkreis Braunschweig,1957,Hermann Koch,CDU,42.0
Bundestagswahlkreis Braunschweig,1961,Walter Schmidt,SPD,45.2
Bundestagswahlkreis Braunschweig,1965,Walter Schmidt,SPD,47.0
Bundestagswahlkreis Braunschweig,1969,Walter Schmidt,SPD,54.1
Bundestagswahlkreis Braunschweig,1972,Hermann Oetting,SPD,58.6
Bundestagswahlkreis Braunschweig,1976,Klaus-Dieter Kühbacher,SPD,51.0
Bundestagswahlkreis Braunschweig,1980,Klaus-Dieter Kühbacher,SPD,51.5
Bundestagswahlkreis Braunschweig,1983,Joachim Clemens,CDU,46.7
Bundestagswahlkreis Braunschweig,1987,Joachim Clemens,CDU,43.8
Bundestagswahlkreis Braunschweig,1990,Joachim Clemens,CDU,44.3
Bundestagswahlkreis Braunschweig,1994,Leyla Onur,SPD,44.6
Bundestagswahlkreis Braunschweig,1998,Leyla Onur,SPD,55.8
Bundestagswahlkreis Braunschweig,2021,Christos Pantazis,SPD,36.7
