0,1,2,3,4
Cesar Award for Best Picture,2010,In the Beginning,À l'origine,Xavier Giannoli
Cesar Award for Best Picture,2010,The Concert,Le Concert,Radu Mihaileanu
Cesar Award for Best Picture,2010,Wild Grass,Les Herbes folles,Alain Resnais
Cesar Award for Best Picture,2010,Skirt Day,La Journée de la jupe,Jean-Paul Lilienfeld
Cesar Award for Best Picture,2010,Rapt,Rapt,Lucas Belvaux
Cesar Award for Best Picture,2010,Welcome,Welcome,Philippe Lioret
Cesar Award for Best Picture,2011,Heartbreaker,L'Arnacœur,Pascal Chaumeil
Cesar Award for Best Picture,2011,Gainsbourg: A Heroic Life,Gainsbourg (Vie héroïque),Joann Sfar
Cesar Award for Best Picture,2011,Mammuth,Mammuth,Benoît Delépine and Gustave de Kervern
Cesar Award for Best Picture,2011,The Names of Love,Le Nom des gens,Michel Leclerc
Cesar Award for Best Picture,2011,The Ghost Writer,The Ghost Writer,Roman Polanski
Cesar Award for Best Picture,2011,On Tour,Tournée,Mathieu Amalric
Cesar Award for Best Picture,2012,The Minister,L'exercice de l'État,Pierre Schöller
Cesar Award for Best Picture,2012,Declaration of War,La Guerre est déclarée,Valérie Donzelli
Cesar Award for Best Picture,2012,Le Havre,Le Havre,Aki Kaurismäki
Cesar Award for Best Picture,2012,The Intouchables,Intouchables,Olivier Nakache & Éric Toledano
Cesar Award for Best Picture,2012,Pater,Pater,Alain Cavalier
Cesar Award for Best Picture,2012,Poliss,Polisse,Maïwenn
Cesar Award for Best Picture,2013,Camille Rewinds,Camille redouble,Noémie Lvovsky
Cesar Award for Best Picture,2013,"Farewell, My Queen",Les Adieux à la reine,Benoît Jacquot
Cesar Award for Best Picture,2013,Holy Motors,Holy Motors,Leos Carax
Cesar Award for Best Picture,2013,In the House,Dans la maison,François Ozon
Cesar Award for Best Picture,2013,Rust and Bone,De rouille et d'os,Jacques Audiard
Cesar Award for Best Picture,2013,What's in a Name?,Le prénom,Alexandre de La Patellière and Matthieu Delaporte
Cesar Award for Best Picture,2014,"Me, Myself and Mum","Les Garçons et Guillaume, à table!",Guillaume Gallienne
Cesar Award for Best Picture,2014,9 Month Stretch,Neuf mois ferme,Albert Dupontel
Cesar Award for Best Picture,2014,Blue Is the Warmest Colour,La Vie d'Adèle – Chapitres 1 & 2,Abdellatif Kechiche
Cesar Award for Best Picture,2014,Jimmy P.,Jimmy P.,Arnaud Desplechin
Cesar Award for Best Picture,2014,The Past,Le Passé,Asghar Farhadi
Cesar Award for Best Picture,2014,Stranger by the Lake,L'Inconnu du lac,Alain Guiraudie
Cesar Award for Best Picture,2014,Venus in Fur,La Vénus à la fourrure,Roman Polanski
Cesar Award for Best Picture,2015,Love at First Fight,Les Combattants,Thomas Cailley
Cesar Award for Best Picture,2015,Eastern Boys,Eastern Boys,Robin Campillo
Cesar Award for Best Picture,2015,The Bélier Family,La Famille Bélier,Éric Lartigau
Cesar Award for Best Picture,2015,Hippocrates,Hippocrate,Thomas Lilti
Cesar Award for Best Picture,2015,Saint Laurent,Saint Laurent,Bertrand Bonello
Cesar Award for Best Picture,2015,Clouds of Sils Maria,Sils Maria,Olivier Assayas
Cesar Award for Best Picture,2016,Fatima,Fatima,Philippe Faucon
Cesar Award for Best Picture,2016,Dheepan,Dheepan,Jacques Audiard
Cesar Award for Best Picture,2016,The Measure of a Man,La Loi du marché,Stéphane Brizé
Cesar Award for Best Picture,2016,Marguerite,Marguerite,Xavier Giannoli
Cesar Award for Best Picture,2016,Mon roi,Mon roi,Maïwenn
Cesar Award for Best Picture,2016,Mustang,Mustang,Deniz Gamze Ergüven
Cesar Award for Best Picture,2016,Standing Tall,La Tête haute,Emmanuelle Bercot
Cesar Award for Best Picture,2016,My Golden Days,Trois souvenirs de ma jeunesse,Arnaud Desplechin
Cesar Award for Best Picture,2017,Elle,Elle,Paul Verhoeven
Cesar Award for Best Picture,2017,Divines,Divines,Houda Benyamina
Cesar Award for Best Picture,2017,Frantz,Frantz,François Ozon
Cesar Award for Best Picture,2017,The Innocents,Les Innocentes,Anne Fontaine
Cesar Award for Best Picture,2017,Slack Bay,Ma Loute,Bruno Dumont
Cesar Award for Best Picture,2017,From the Land of the Moon,Mal de pierres,Nicole Garcia
Cesar Award for Best Picture,2017,In Bed with Victoria,Victoria,Justine Triet
Cesar Award for Best Picture,2018,BPM (Beats per Minute),120 battements par minute,Robin Campillo
Cesar Award for Best Picture,2018,See You Up There,Au revoir là-haut,Albert Dupontel
Cesar Award for Best Picture,2018,Barbara,Barbara,Mathieu Amalric
Cesar Award for Best Picture,2018,Le Brio,Le Brio,Yvan Attal
Cesar Award for Best Picture,2018,Patients,Patients,Grand Corps Malade and Mehdi Idir
Cesar Award for Best Picture,2018,Bloody Milk,Petit Paysan,Hubert Charuel
Cesar Award for Best Picture,2018,C'est la vie!,Le Sens de la fête,Éric Toledano
Cesar Award for Best Picture,2019,Custody,Jusqu'à la garde,Xavier Legrand
Cesar Award for Best Picture,2019,Sink or Swim,Le Grand Bain,Gilles Lellouche
Cesar Award for Best Picture,2019,The Sisters Brothers,The Sisters Brothers,Jacques Audiard
Cesar Award for Best Picture,2019,In Safe Hands,Pupille,Jeanne Herry
Cesar Award for Best Picture,2019,Guy,Guy,Alex Lutz
Cesar Award for Best Picture,2019,The Trouble with You,En liberté!,Pierre Salvadori
Cesar Award for Best Picture,2019,Memoir of War,La douleur,Emmanuel Finkiel
