0,1,2,3,4
Funny Girl (film),Academy Awards,Best Score of a Musical Picture – Original or Adaptation,Walter Scharf,Nominated
Funny Girl (film),Academy Awards,Best Song – Original for the Picture,"""Funny Girl"" – Jule Styne and Bob Merrill",Nominated
Funny Girl (film),Academy Awards,Best Sound,Columbia Studio Sound Department,Nominated
Funny Girl (film),American Cinema Editors Awards,Best Edited Feature Film,"Robert Swink, Maury Winetrobe and William Sands",Nominated
Funny Girl (film),British Academy Film Awards,Best Actress in a Leading Role,Barbra Streisand,Nominated
Funny Girl (film),British Academy Film Awards,Best Cinematography,Harry Stradling,Nominated
Funny Girl (film),British Academy Film Awards,Best Costume Design,Irene Sharaff,Nominated
Funny Girl (film),David di Donatello Awards,Best Foreign Actress,Barbra Streisand,Won
Funny Girl (film),Directors Guild of America Awards,Outstanding Directorial Achievement in Motion Pictures,William Wyler,Nominated
Funny Girl (film),Golden Globe Awards,Best Motion Picture – Musical or Comedy,Best Motion Picture – Musical or Comedy,Nominated
Funny Girl (film),Golden Globe Awards,Best Actress in a Motion Picture – Musical or Comedy,Barbra Streisand,Won
Funny Girl (film),Golden Globe Awards,Best Director – Motion Picture,William Wyler,Nominated
Funny Girl (film),Golden Globe Awards,Best Original Song – Motion Picture,"""Funny Girl"" – Jule Styne and Bob Merrill",Nominated
Funny Girl (film),Laurel Awards,Top Road Show,Top Road Show,Won
Funny Girl (film),Laurel Awards,Top Female Comedy Performance,Barbra Streisand,Won
Funny Girl (film),Laurel Awards,Top Female Supporting Performance,Kay Medford,Nominated
Funny Girl (film),National Film Preservation Board,National Film Registry,National Film Registry,Inducted
Funny Girl (film),Society of Camera Operators,Historical Shot,Nelson Tyler,Won
Funny Girl (film),Writers Guild of America Awards,Best Written American Musical,Isobel Lennart,Won
