0,1,2,3,4
British Independent Film Award - Best Supporting Actor,2010(13th),Kayvan Novak,Four Lions,Waj
British Independent Film Award - Best Supporting Actor,2010(13th),Bob Hoskins,Made in Dagenham,Albert Passingham
British Independent Film Award - Best Supporting Actor,2010(13th),Andrew Garfield,Never Let Me Go,Tommy D
British Independent Film Award - Best Supporting Actor,2010(13th),Guy Pearce,The King's Speech,King Edward VIII
British Independent Film Award - Best Supporting Actor,2011(14th),Benedict Cumberbatch,Tinker Tailor Soldier Spy,Peter Guilliam
British Independent Film Award - Best Supporting Actor,2011(14th),Tom Hardy,Tinker Tailor Soldier Spy,Ricki Tarr
British Independent Film Award - Best Supporting Actor,2011(14th),Eddie Marsan,Tyrannosaur,James
British Independent Film Award - Best Supporting Actor,2011(14th),Ezra Miller,We Need to Talk about Kevin,Kevin Khatchadourian
British Independent Film Award - Best Supporting Actor,2012(15th),Billy Connolly,Quartet,"Wilfred ""Wilf"" Bond"
British Independent Film Award - Best Supporting Actor,2012(15th),Cillian Murphy,Broken,Mike Kiernan
British Independent Film Award - Best Supporting Actor,2012(15th),Tom Wilkinson,The Best Exotic Marigold Hotel ,Graham Dashwood
British Independent Film Award - Best Supporting Actor,2012(15th),Domhnall Gleeson,Shadow Dancer,Connor McVeigh
British Independent Film Award - Best Supporting Actor,2013(16th),John Arcilla,Metro Manila,Douglas Ong
British Independent Film Award - Best Supporting Actor,2013(16th),Rupert Friend,Starred Up,Oliver Baumer
British Independent Film Award - Best Supporting Actor,2013(16th),Jeff Goldblum,Le Week-End,Morgan
British Independent Film Award - Best Supporting Actor,2013(16th),Eddie Marsan,Filth,Clifford Blades
British Independent Film Award - Best Supporting Actor,2014(17th),Michael Fassbender,Frank,Frank
British Independent Film Award - Best Supporting Actor,2014(17th),Sean Harris, '71,Captain Sandy Brown
British Independent Film Award - Best Supporting Actor,2014(17th),Ben Schnetzer,Pride,Mark Ashton
British Independent Film Award - Best Supporting Actor,2014(17th),Rafe Spall,X+Y,Martin Humphreys
British Independent Film Award - Best Supporting Actor,2015(18th),Brendan Gleeson,Suffragette,Arthur Steed
British Independent Film Award - Best Supporting Actor,2015(18th),Luke Evans,High-Rise,Richard Wilder
British Independent Film Award - Best Supporting Actor,2015(18th),Domhnall Gleeson,Brooklyn,Jim Farrell
British Independent Film Award - Best Supporting Actor,2015(18th),Sean Harris,Macbeth,Macduff
British Independent Film Award - Best Supporting Actor,2015(18th),Ben Whishaw,The Lobster,The Limping Man
British Independent Film Award - Best Supporting Actor,2016(19th),Brett Goldstein,Adult Life Skills,Brendan
British Independent Film Award - Best Supporting Actor,2016(19th),Jamie Dornan,Anthropoid,Jan Kubiš
British Independent Film Award - Best Supporting Actor,2016(19th),Sean Harris,Trespass Against Us,Gordon Bennett
British Independent Film Award - Best Supporting Actor,2016(19th),Arinze Kene,The Pass,Ade
British Independent Film Award - Best Supporting Actor,2016(19th),Christopher Lloyd,I Am Not a Serial Killer,Bill Crowley
British Independent Film Award - Best Supporting Actor,2017 (20th),Simon Russell Beale,The Death of Stalin,Lavrentiy Beria
British Independent Film Award - Best Supporting Actor,2017 (20th),Woody Harrelson,"Three Billboards Outside Ebbing, Missouri",Bill Willoughby
British Independent Film Award - Best Supporting Actor,2017 (20th),Sam Rockwell,"Three Billboards Outside Ebbing, Missouri",Jason Dixon
British Independent Film Award - Best Supporting Actor,2017 (20th),Ian Hart,God's Own Country,Martin Saxby
British Independent Film Award - Best Supporting Actor,2017 (20th),Steve Buscemi,The Death of Stalin,Nikita Khrushchev
British Independent Film Award - Best Supporting Actor,2018 (21st),Alessandro Nivola,Disobedience,Dovid Kuperman
British Independent Film Award - Best Supporting Actor,2018 (21st),Steve Buscemi,Lean on Pete,Del Montgomery
British Independent Film Award - Best Supporting Actor,2018 (21st),Barry Keoghan,American Animals,Spencer Reinhard
British Independent Film Award - Best Supporting Actor,2018 (21st),Evan Peters,American Animals,Warren Lipka
British Independent Film Award - Best Supporting Actor,2018 (21st),Dominic West,Colette,Henry Gauthier-Villars
British Independent Film Award - Best Supporting Actor,2019 (22nd),Hugh Laurie,The Personal History of David Copperfield,Mr. Dick
British Independent Film Award - Best Supporting Actor,2019 (22nd),Chiwetel Ejiofor,The Boy Who Harnessed the Wind,Trywell Kamkwamba
British Independent Film Award - Best Supporting Actor,2019 (22nd),Edlison Manuel Olbera Núñez,Yuli: The Carlos Acosta Story,Young Carlos Acosta
British Independent Film Award - Best Supporting Actor,2019 (22nd),Peter Mullan,The Vanishing,Thomas Marshall
British Independent Film Award - Best Supporting Actor,2019 (22nd),Bluey Robinson,Dirty God,Naz
