0,1,2,3
"2010
(17th) ",Glenn Close,Damages,Patty Hewes
"2010
(17th) ",Mariska Hargitay,Law & Order: Special Victims Unit,Olivia Benson
"2010
(17th) ",Kyra Sedgwick,The Closer,Brenda Leigh Johnson
"2011
(18th) ",Jessica Lange,American Horror Story,Constance Langdon
"2011
(18th) ",Kathy Bates,Harry's Law,"Harriet ""Harry"" Korn"
"2011
(18th) ",Glenn Close,Damages,Patty Hewes
"2011
(18th) ",Kyra Sedgwick,The Closer,Brenda Leigh Johnson
"2012
(19th) ",Michelle Dockery,Downton Abbey,Lady Mary Crawley
"2012
(19th) ",Maggie Smith,Downton Abbey,"Violet, Dowager Countess of Grantham"
"2012
(19th) ",Jessica Lange,American Horror Story: Asylum,Sister Jude / Judy Martin
"2013
(20th) ",Maggie Smith,Downton Abbey,"Violet, Dowager Countess of Grantham"
"2013
(20th) ",Jessica Lange,American Horror Story: Coven,Fiona Goode
"2014
(21st) ",Viola Davis,How to Get Away with Murder,"Professor Annalise Keating, J.D."
"2014
(21st) ",Tatiana Maslany,Orphan Black,Various
"2014
(21st) ",Maggie Smith,Downton Abbey,"Violet, Dowager Countess of Grantham"
"2015
(22nd) ",Viola Davis,How to Get Away with Murder,"Professor Annalise Keating, J.D."
"2015
(22nd) ",Maggie Smith,Downton Abbey,"Violet, Dowager Countess of Grantham"
"2016
(23rd) ",Winona Ryder,Stranger Things,Joyce Byers
"2016
(23rd) ",Thandie Newton,Westworld,Maeve Millay
"2017
(24th) ",Laura Linney,Ozark,Wendy Byrde
"2017
(24th) ",Elisabeth Moss,The Handmaid's Tale,June Osborne / Offred
"2018
(25th) ",Julia Garner,Ozark,Ruth Langmore
"2018
(25th) ",Laura Linney,Ozark,Wendy Byrde
"2018
(25th) ",Elisabeth Moss,The Handmaid's Tale,June Osborne / Offred
"2019
(26th) ",Jennifer Aniston,The Morning Show,Alex Levy
"2019
(26th) ",Helena Bonham Carter,The Crown,"Princess Margaret, Countess of Snowdon"
"2019
(26th) ",Olivia Colman,The Crown,Queen Elizabeth II
"2019
(26th) ",Elisabeth Moss,The Handmaid's Tale,June Osborne / Offred
