0,1,2,3,4
I Want to Live! (1983 film),1958,Best Cinematography – Black-and-White,Lionel Lindon,Nominated
I Want to Live! (1983 film),2008,Courtroom Drama Film,Courtroom Drama Film,Nominated
I Want to Live! (1983 film),1959,Best Foreign Actress,Susan Hayward,Nominated
I Want to Live! (1983 film),1959,Best Foreign Actress,Susan Hayward,Won
I Want to Live! (1983 film),1959,Outstanding Directorial Achievement in Motion Pictures,Robert Wise,Nominated
I Want to Live! (1983 film),1959,Best Motion Picture – Drama,Best Motion Picture – Drama,Nominated
I Want to Live! (1983 film),1959,Best Actress in a Motion Picture – Drama,Susan Hayward,Won
I Want to Live! (1983 film),1959,Best Director – Motion Picture,Robert Wise,Nominated
I Want to Live! (1983 film),1959,"Best Sound Track Album, Dramatic Picture Score or Original Cast",Johnny Mandel,Nominated
I Want to Live! (1983 film),1959,Top Drama,Top Drama,Nominated
I Want to Live! (1983 film),1959,Top Female Dramatic Performance,Susan Hayward,Nominated
I Want to Live! (1983 film),1959,Top Cinematography – Black-and-White,Lionel Lindon,Nominated
I Want to Live! (1983 film),1959,Best Score,Johnny Mandel,Nominated
I Want to Live! (1983 film),1958,Best Film,Robert Wise,Nominated
I Want to Live! (1983 film),1958,Best Actress,Susan Hayward,Won
I Want to Live! (1983 film),1958,Best Actress,Susan Hayward,Won
I Want to Live! (1983 film),1958,Best Foreign Actress,Susan Hayward,Won
I Want to Live! (1983 film),1959,Best Written American Drama,Nelson Gidding and Don Mankiewicz,Nominated
