0,1,2,3,4
Frank Marshall (movie producer),2019,Irving G. Thalberg Memorial Award,Irving G. Thalberg Memorial Award,Won
Frank Marshall (movie producer),1982,Raiders of the Lost Ark,Best Film,Nominated
Frank Marshall (movie producer),2000,The Sixth Sense,Best Film,Nominated
Frank Marshall (movie producer),2008,The Bourne Ultimatum,Outstanding British Film,Nominated
Frank Marshall (movie producer),2009,The Curious Case of Benjamin Button,Best Film,Nominated
Frank Marshall (movie producer),1982,Inkpot Award,Inkpot Award,Won
Frank Marshall (movie producer),2023,Jazz Fest: A New Orleans Story,Best Music Film,Won
Frank Marshall (movie producer),2010,The Special Relationship,Outstanding Television Movie,Nominated
Frank Marshall (movie producer),2015,Sinatra: All or Nothing at All,Outstanding Documentary or Nonfiction Special,Nominated
Frank Marshall (movie producer),2018,What Haunts Us,Exceptional Merit in Documentary Filmmaking,Nominated
Frank Marshall (movie producer),2020,Laurel Canyon: A Place in Time,Outstanding Documentary or Nonfiction Special,Nominated
Frank Marshall (movie producer),2021,The Bee Gees: How Can You Mend a Broken Heart,Outstanding Documentary or Nonfiction Special,Nominated
Frank Marshall (movie producer),2021,The Bee Gees: How Can You Mend a Broken Heart,Outstanding Directing for a Documentary/Nonfiction Program,Nominated
Frank Marshall (movie producer),2004,Seabiscuit,Outstanding Producer of Theatrical Motion Pictures,Nominated
Frank Marshall (movie producer),2008,David O. Selznick Achievement Award in Theatrical Motion Pictures,David O. Selznick Achievement Award in Theatrical Motion Pictures,Won
Frank Marshall (movie producer),2009,The Curious Case of Benjamin Button,Outstanding Producer of Theatrical Motion Pictures,Nominated
Frank Marshall (movie producer),2021,Laurel Canyon: A Place in Time,Outstanding Producer of Non-Fiction Television,Nominated
Frank Marshall (movie producer),1991,Arachnophobia,Best Director,Nominated
Frank Marshall (movie producer),1993,George Pal Memorial Award,George Pal Memorial Award,Won
Frank Marshall (movie producer),1996,Congo,Best Director,Nominated
Frank Marshall (movie producer),2022,A Strange Loop,Best Musical,Won
