0,1,2,3,4
BFCA Critics' Choice Award for Best Actress,2001,Nicole Kidman,Satine,Moulin Rouge!
BFCA Critics' Choice Award for Best Actress,2001,Renée Zellweger,Bridget Jones,Bridget Jones's Diary
BFCA Critics' Choice Award for Best Actress,2002,Salma Hayek,Frida Kahlo,Frida
BFCA Critics' Choice Award for Best Actress,2002,Nicole Kidman,Virginia Woolf,The Hours
BFCA Critics' Choice Award for Best Actress,2002,Diane Lane,"Constance ""Connie"" Sumner",Unfaithful
BFCA Critics' Choice Award for Best Actress,2003,Jennifer Connelly,Kathy Nicolo,House of Sand and Fog
BFCA Critics' Choice Award for Best Actress,2003,Diane Keaton,Erica Barry,Something's Gotta Give
BFCA Critics' Choice Award for Best Actress,2003,Nicole Kidman,Ada Monroe,Cold Mountain
BFCA Critics' Choice Award for Best Actress,2003,Samantha Morton,Sarah Sullivan,In America
BFCA Critics' Choice Award for Best Actress,2003,Naomi Watts,"Cristina ""Cris"" Peck",21 Grams
BFCA Critics' Choice Award for Best Actress,2004,Annette Bening,Julia Lambert,Being Julia
BFCA Critics' Choice Award for Best Actress,2004,Catalina Sandino Moreno,María Álvarez,Maria Full of Grace
BFCA Critics' Choice Award for Best Actress,2004,Imelda Staunton,Vera Drake,Vera Drake
BFCA Critics' Choice Award for Best Actress,2004,Kate Winslet,Clementine Kruczynski,Eternal Sunshine of the Spotless Mind
BFCA Critics' Choice Award for Best Actress,2004,Uma Thurman,Beatrix Kiddo,Kill Bill: Volume 2
BFCA Critics' Choice Award for Best Actress,2005,Joan Allen,Terry Wolfmeyer,The Upside of Anger
BFCA Critics' Choice Award for Best Actress,2005,Judi Dench,Laura Henderson,Mrs Henderson Presents
BFCA Critics' Choice Award for Best Actress,2005,Felicity Huffman,"Sabrina ""Bree"" Osbourne",Transamerica
BFCA Critics' Choice Award for Best Actress,2005,Keira Knightley,Elizabeth Bennet,Pride & Prejudice
BFCA Critics' Choice Award for Best Actress,2005,Charlize Theron,Josey Aimes,North Country
BFCA Critics' Choice Award for Best Actress,2006,Penélope Cruz,Raimunda,Volver
BFCA Critics' Choice Award for Best Actress,2006,Judi Dench,Barbara Covett,Notes on a Scandal
BFCA Critics' Choice Award for Best Actress,2006,Meryl Streep,Miranda Priestly,The Devil Wears Prada
BFCA Critics' Choice Award for Best Actress,2006,Kate Winslet,Sarah Pierce,Little Children
BFCA Critics' Choice Award for Best Actress,2007,Amy Adams,Princess Giselle,Enchanted
BFCA Critics' Choice Award for Best Actress,2007,Cate Blanchett,Queen Elizabeth I,Elizabeth: The Golden Age
BFCA Critics' Choice Award for Best Actress,2007,Marion Cotillard,Édith Piaf,La Vie en Rose
BFCA Critics' Choice Award for Best Actress,2007,Angelina Jolie,Mariane Pearl,A Mighty Heart
BFCA Critics' Choice Award for Best Actress,2007,Elliot Page,Juno MacGuff,Juno
BFCA Critics' Choice Award for Best Actress,2008,Kate Beckinsale,Rachel Armstrong,Nothing but the Truth
BFCA Critics' Choice Award for Best Actress,2008,Cate Blanchett,Daisy Fuller (adult),The Curious Case of Benjamin Button
BFCA Critics' Choice Award for Best Actress,2008,Angelina Jolie,Christine Collins,Changeling
BFCA Critics' Choice Award for Best Actress,2008,Melissa Leo,Ray Eddy,Frozen River
BFCA Critics' Choice Award for Best Actress,2009,Meryl Streep (TIE),Julia Child,Julie & Julia 
BFCA Critics' Choice Award for Best Actress,2009,Emily Blunt,Queen Victoria,The Young Victoria
BFCA Critics' Choice Award for Best Actress,2009,Carey Mulligan,Jenny Miller,An Education
BFCA Critics' Choice Award for Best Actress,2009,Saoirse Ronan,Susie Salmon,The Lovely Bones
BFCA Critics' Choice Award for Best Actress,2009,Gabourey Sidibe,"Claireece ""Precious"" Jones",Precious
