0,1,2,3,4
Hong Kong Film Awards for Best Supporting Actress,1985(4th),Loletta Lee,Shanghai Blues,None
Hong Kong Film Awards for Best Supporting Actress,1985(4th),Chin Hau,Love in a Fallen City,None
Hong Kong Film Awards for Best Supporting Actress,1985(4th),Lam Hoi-Ling,An Amorous Woman of Tang Dynasty,None
Hong Kong Film Awards for Best Supporting Actress,1985(4th),Yu Sin,Hong Kong 1941,None
Hong Kong Film Awards for Best Supporting Actress,1986(5th),Deanie Ip,My Name Ain't Suzie,None
Hong Kong Film Awards for Best Supporting Actress,1986(5th),Elaine Jin,Women,None
Hong Kong Film Awards for Best Supporting Actress,1986(5th),Chan Yuen-Lai,Hong Kong Graffiti,None
Hong Kong Film Awards for Best Supporting Actress,1986(5th),Pauline Wong,Night Caller,None
Hong Kong Film Awards for Best Supporting Actress,1987(6th),Margaret Lee,The Last Emperor,None
Hong Kong Film Awards for Best Supporting Actress,1987(6th),Lee Din-Hing,The Last Emperor,None
Hong Kong Film Awards for Best Supporting Actress,1987(6th),Cher Yeung,Dream Lovers,None
Hong Kong Film Awards for Best Supporting Actress,1987(6th),Tsai Chin,Love Unto Waste,None
Hong Kong Film Awards for Best Supporting Actress,1988(7th),Joyce Godenzi,Eastern Condors,None
Hong Kong Film Awards for Best Supporting Actress,1988(7th),Carrie Ng,City on Fire,None
Hong Kong Film Awards for Best Supporting Actress,1988(7th),Deanie Ip,Spiritual Love,None
Hong Kong Film Awards for Best Supporting Actress,1989(8th),Sara Lee,School on Fire,None
Hong Kong Film Awards for Best Supporting Actress,1989(8th),Elaine Jin,Set Me Free,None
Hong Kong Film Awards for Best Supporting Actress,1989(8th),Prudence Liew,Law or Justice,None
Hong Kong Film Awards for Best Supporting Actress,1989(8th),Cora Miao,The Other Half and the Other Half,None
Hong Kong Film Awards for Best Supporting Actress,1990(9th),Josephine Koo,A Fishy Story,None
Hong Kong Film Awards for Best Supporting Actress,1990(9th),Meg Lam,The First Time is the Last Time,None
Hong Kong Film Awards for Best Supporting Actress,1990(9th),Seung Tin-Ngoh,Sentenced to Hang,None
Hong Kong Film Awards for Best Supporting Actress,1990(9th),Pauline Wong,Web of Deception,
Hong Kong Film Awards for Best Supporting Actress,1991(10th),Rain Lau,Queen of Temple Street,None
Hong Kong Film Awards for Best Supporting Actress,1991(10th),Carol Cheng,Queen's Bench 2,None
Hong Kong Film Awards for Best Supporting Actress,1991(10th),Maggie Cheung,Red Dust,None
Hong Kong Film Awards for Best Supporting Actress,1991(10th),Hayley Man,Farewell China,None
Hong Kong Film Awards for Best Supporting Actress,1991(10th),Rebecca Pan,Days of Being Wild,None
Hong Kong Film Awards for Best Supporting Actress,1992(11th),Deanie Ip,Dances with the Dragon,None
Hong Kong Film Awards for Best Supporting Actress,1992(11th),Rosamund Kwan,This Thing Called Love,None
Hong Kong Film Awards for Best Supporting Actress,1992(11th),Carrie Ng,Au Revoir Mon Amour,None
Hong Kong Film Awards for Best Supporting Actress,1992(11th),Chingmy Yau,Lee Rock,None
Hong Kong Film Awards for Best Supporting Actress,1992(11th),Cecilia Yip,To Be Number One,None
Hong Kong Film Awards for Best Supporting Actress,1993(12th),Teresa Mo,92 Legendary La Rose Noire,None
Hong Kong Film Awards for Best Supporting Actress,1993(12th),Teresa Mo,"Now You See Love, Now You Don't",None
Hong Kong Film Awards for Best Supporting Actress,1993(12th),Wong Wan-Si,92 Legendary La Rose Noire,None
Hong Kong Film Awards for Best Supporting Actress,1993(12th),Deanie Ip,Fight Back to School II,None
Hong Kong Film Awards for Best Supporting Actress,1994(13th),Fung Bo Bo,"C'est la vie, mon chéri",None
Hong Kong Film Awards for Best Supporting Actress,1994(13th),Law Lan,Thou Shalt Not Swear,None
Hong Kong Film Awards for Best Supporting Actress,1994(13th),Carrie Ng,"C'est la vie, mon chéri",None
Hong Kong Film Awards for Best Supporting Actress,1994(13th),Deanie Ip,Murder,None
Hong Kong Film Awards for Best Supporting Actress,1994(13th),Veronica Yip,Love Among the Triad,None
Hong Kong Film Awards for Best Supporting Actress,1995(14th),Law Koon-Lan,I Have a Date with Spring,None
Hong Kong Film Awards for Best Supporting Actress,1995(14th),Valerie Chow,Chungking Express,None
Hong Kong Film Awards for Best Supporting Actress,1995(14th),Fung Wai-Hung,I Have a Date with Spring,None
Hong Kong Film Awards for Best Supporting Actress,1995(14th),Carrie Ng,The Lovers,None
Hong Kong Film Awards for Best Supporting Actress,1995(14th),Sandra Ng,The Returning,None
Hong Kong Film Awards for Best Supporting Actress,1996(15th),Law Koon-Lan,Summer Snow,None
Hong Kong Film Awards for Best Supporting Actress,1996(15th),Law Koon Lan,The Umbrella Story,None
Hong Kong Film Awards for Best Supporting Actress,1996(15th),Ha Ping,Full Throttle,None
Hong Kong Film Awards for Best Supporting Actress,1996(15th),Francoise Yip,Rumble in the Bronx,None
Hong Kong Film Awards for Best Supporting Actress,1997(16th),Law Koon-Lan,Bodyguards of Last Governor,None
Hong Kong Film Awards for Best Supporting Actress,1997(16th),Law Koon-Lan,July 13th,None
Hong Kong Film Awards for Best Supporting Actress,1997(16th),Theresa Lee,Big Bullet,None
Hong Kong Film Awards for Best Supporting Actress,1997(16th),Theresa Lee,"Who's the Woman, Who's the Man?",None
Hong Kong Film Awards for Best Supporting Actress,1997(16th),Anita Yuen,Hu Du Men,None
Hong Kong Film Awards for Best Supporting Actress,1998(17th),Elaine Jin,The Soong Sisters,None
Hong Kong Film Awards for Best Supporting Actress,1998(17th),Michelle Yeoh,The Soong Sisters,None
Hong Kong Film Awards for Best Supporting Actress,1998(17th),Theresa Lee,Downtown Torpedoes,None
Hong Kong Film Awards for Best Supporting Actress,1998(17th),Theresa Lee,The Intimates,None
Hong Kong Film Awards for Best Supporting Actress,1999(18th),Stephanie Che,Beast Cops,None
Hong Kong Film Awards for Best Supporting Actress,1999(18th),Amanda Lee Wai Man,9413,None
Hong Kong Film Awards for Best Supporting Actress,1999(18th),Shu Qi,The Storm Riders,None
Hong Kong Film Awards for Best Supporting Actress,1999(18th),Kristy Yang,Portland Street Blues,None
Hong Kong Film Awards for Best Supporting Actress,2000(19th),Bau Hei-Jing,Little Cheung,None
Hong Kong Film Awards for Best Supporting Actress,2000(19th),Josie Ho,Purple Storm,None
Hong Kong Film Awards for Best Supporting Actress,2000(19th),Elaine Jin,Metada Fumaca,None
Hong Kong Film Awards for Best Supporting Actress,2000(19th),Elaine Jin,Tempting Heart,None
Hong Kong Film Awards for Best Supporting Actress,2001(20th),Cheng Pei-pei,"Crouching Tiger, Hidden Dragon",None
Hong Kong Film Awards for Best Supporting Actress,2001(20th),Gigi Leung,A War Named Desire,None
Hong Kong Film Awards for Best Supporting Actress,2001(20th),Candy Lo,Time and Tide,None
Hong Kong Film Awards for Best Supporting Actress,2001(20th),Teresa Mo,And I Hate You So,None
Hong Kong Film Awards for Best Supporting Actress,2001(20th),Rebecca Pan,In the Mood for Love,None
Hong Kong Film Awards for Best Supporting Actress,2002(21st),Josie Ho,Forever and Ever,None
Hong Kong Film Awards for Best Supporting Actress,2002(21st),Kara Hui,Visible Secret,None
Hong Kong Film Awards for Best Supporting Actress,2002(21st),So Kung,Lan Yu,None
Hong Kong Film Awards for Best Supporting Actress,2002(21st),Cecilia Yip,The Avenging Fist,None
Hong Kong Film Awards for Best Supporting Actress,2003(22nd),Kristal Tin,Golden Chicken,None
Hong Kong Film Awards for Best Supporting Actress,2003(22nd),Cecilia Yip,May and August,None
Hong Kong Film Awards for Best Supporting Actress,2003(22nd),Eugenia Yuan,Three: Going Home,None
Hong Kong Film Awards for Best Supporting Actress,2003(22nd),Zhang Ziyi,Hero,None
Hong Kong Film Awards for Best Supporting Actress,2004(23rd),Bau Hei-Jing,Lost in Time,None
Hong Kong Film Awards for Best Supporting Actress,2004(23rd),Josie Ho,The Twins Effect,None
Hong Kong Film Awards for Best Supporting Actress,2004(23rd),Candy Lo,Truth or Dare: 6th Floor Rear Flat,None
Hong Kong Film Awards for Best Supporting Actress,2004(23rd),Maggie Shiu,PTU,None
Hong Kong Film Awards for Best Supporting Actress,2005(24th),Bai Ling,Dumplings: Three...Extremes,None
Hong Kong Film Awards for Best Supporting Actress,2005(24th),Jenny Hu,Yesterday Once More,None
Hong Kong Film Awards for Best Supporting Actress,2005(24th),Candy Lo,Six Strong Guys,None
Hong Kong Film Awards for Best Supporting Actress,2005(24th),Maggie Shiu,Breaking News,None
Hong Kong Film Awards for Best Supporting Actress,2005(24th),Kate Yeung,20 30 40,None
Hong Kong Film Awards for Best Supporting Actress,2006(25th),Karena Lam,Ah Sou,None
Hong Kong Film Awards for Best Supporting Actress,2006(25th),Maggie Shiu,Election,None
Hong Kong Film Awards for Best Supporting Actress,2006(25th),Su Yan,Everlasting Regret,None
Hong Kong Film Awards for Best Supporting Actress,2006(25th),Zhang Jingchu,Seven Swords,None
Hong Kong Film Awards for Best Supporting Actress,2007(26th),Kelly Lin,After This Our Exile,None
Hong Kong Film Awards for Best Supporting Actress,2007(26th),Isabella Leong,Diary,None
Hong Kong Film Awards for Best Supporting Actress,2007(26th),Kristal Tin,My Mother is a Belly Dancer,None
Hong Kong Film Awards for Best Supporting Actress,2007(26th),Candy Yu,My Name Is Fame,None
Hong Kong Film Awards for Best Supporting Actress,2008(27th),Susan Shaw,The Pye-Dog,None
Hong Kong Film Awards for Best Supporting Actress,2008(27th),Anita Yuen,Protégé,None
Hong Kong Film Awards for Best Supporting Actress,2008(27th),Karen Mok,Mr. Cinema,None
Hong Kong Film Awards for Best Supporting Actress,2008(27th),Maggie Shiu,Eye in the Sky,None
Hong Kong Film Awards for Best Supporting Actress,2008(27th),Zhao Wei,The Postmodern Life of My Aunt,None
Hong Kong Film Awards for Best Supporting Actress,2009(28th),Chan Lai-Wun,The Way We Are,None
Hong Kong Film Awards for Best Supporting Actress,2009(28th),Nora Miao,Run Papa Run,None
Hong Kong Film Awards for Best Supporting Actress,2009(28th),Sun Li,Painted Skin,None
Hong Kong Film Awards for Best Supporting Actress,2009(28th),Race Wong,True Women for Sale,None
Hong Kong Film Awards for Best Supporting Actress,2009(28th),Zhao Wei,Red Cliff,None
Hong Kong Film Awards for Best Supporting Actress,2010(29th),Denise Ho,Look for a Star,None
Hong Kong Film Awards for Best Supporting Actress,2010(29th),Fan Bingbing,Bodyguards And Assassins,None
Hong Kong Film Awards for Best Supporting Actress,2010(29th),Li Yuchun,Bodyguards And Assassins,None
Hong Kong Film Awards for Best Supporting Actress,2010(29th),Zhao Wei,Red Cliff II,None
Hong Kong Film Awards for Best Supporting Actress,2011(30th),Candice Yu,Once A Gangster,None
Hong Kong Film Awards for Best Supporting Actress,2011(30th),Mimi Chu,Crossing Hennessy,None
Hong Kong Film Awards for Best Supporting Actress,2011(30th),Nina Paw,Crossing Hennessy,None
Hong Kong Film Awards for Best Supporting Actress,2011(30th),Zhang Jingchu,City Under Siege,None
Hong Kong Film Awards for Best Supporting Actress,2012(31st),Kara Wai,Dragon,None
Hong Kong Film Awards for Best Supporting Actress,2012(31st),Qin Hailu,A Simple Life,None
Hong Kong Film Awards for Best Supporting Actress,2012(31st),Gwei Lun Mei,Flying Swords Of Dragon Gate,None
Hong Kong Film Awards for Best Supporting Actress,2012(31st),Carina Lau,Let The Bullet Flys,None
Hong Kong Film Awards for Best Supporting Actress,2013(32nd),Susan Shaw,Vulgaria ,None
Hong Kong Film Awards for Best Supporting Actress,2013(32nd),Jiang Yiyan,The Bullet Vanishes,None
Hong Kong Film Awards for Best Supporting Actress,2013(32nd),Elaine Jin,The Viral Factor,None
Hong Kong Film Awards for Best Supporting Actress,2013(32nd),Fan Hsiao Shuan,The Silent War,None
Hong Kong Film Awards for Best Supporting Actress,2014(33rd),Du Juan, American Dreams In China ,None
Hong Kong Film Awards for Best Supporting Actress,2014(33rd),Carina Lau,Young Detective Dee: Rise Of The Sea Dragon,None
Hong Kong Film Awards for Best Supporting Actress,2014(33rd),Law Lan,The White Storm,None
Hong Kong Film Awards for Best Supporting Actress,2014(33rd),Crystal Lee,Unbeatable,None
Hong Kong Film Awards for Best Supporting Actress,2015(34th),Ivana Wong,Golden Chicken SSS,None
Hong Kong Film Awards for Best Supporting Actress,2015(34th),Kara Wai, The Midnight After ,None
Hong Kong Film Awards for Best Supporting Actress,2015(34th),Hao Lei,The Golden Era,None
Hong Kong Film Awards for Best Supporting Actress,2015(34th),Fiona Sit,Girls,None
Hong Kong Film Awards for Best Supporting Actress,2015(34th),Nina Paw,Insanity,None
Hong Kong Film Awards for Best Supporting Actress,2016(35th),Elaine Jin ,Port of Call,None
Hong Kong Film Awards for Best Supporting Actress,2016(35th),Qin Hailu,A Tale Of Three Cities,None
Hong Kong Film Awards for Best Supporting Actress,2016(35th),Anna Ng,Little Big Master,None
Hong Kong Film Awards for Best Supporting Actress,2016(35th),Janice Man,Helios,None
Hong Kong Film Awards for Best Supporting Actress,2016(35th),Lee Sin-je,Murmur Of The Hearts,None
Hong Kong Film Awards for Best Supporting Actress,2017(36th),Elaine Jin,Mad World,None
Hong Kong Film Awards for Best Supporting Actress,2017(36th),Charmaine Fong,Mad World,None
Hong Kong Film Awards for Best Supporting Actress,2017(36th),Zhang Yuqi,Mermaid,None
Hong Kong Film Awards for Best Supporting Actress,2017(36th),Fish Liew,Sisterhood,None
Hong Kong Film Awards for Best Supporting Actress,2017(36th),Janice Man,Cold War 2,None
Hong Kong Film Awards for Best Supporting Actress,2018(37th),Deanie Ip,Our Time Will Come,None
Hong Kong Film Awards for Best Supporting Actress,2018(37th),Joyce Cheng,29+1,None
Hong Kong Film Awards for Best Supporting Actress,2018(37th),Estelle Wu,Love Education,None
Hong Kong Film Awards for Best Supporting Actress,2018(37th),Susan Shaw,Vampire Cleanup Department,None
Hong Kong Film Awards for Best Supporting Actress,2018(37th),Baby Bo,Somewhere Beyond The Mist,None
Hong Kong Film Awards for Best Supporting Actress,2019(38th),Kara Wai,Tracey,None
Hong Kong Film Awards for Best Supporting Actress,2019(38th),Huang Lu,G Affairs,None
Hong Kong Film Awards for Best Supporting Actress,2019(38th),Jiang Luxia,Operation Red Sea,None
Hong Kong Film Awards for Best Supporting Actress,2019(38th),Jennifer Yu,Men On The Dragon,None
Hong Kong Film Awards for Best Supporting Actress,2019(38th),Catherine Chau,Project Gutenberg,None
Hong Kong Film Awards for Best Supporting Actress,2020(39th),Patra Au,Suk Suk,None
Hong Kong Film Awards for Best Supporting Actress,2020(39th),Megan Lai,Fagara,None
Hong Kong Film Awards for Best Supporting Actress,2020(39th),Nina Paw,My Prince Edward,None
Hong Kong Film Awards for Best Supporting Actress,2020(39th),Cya Liu,i'm livin' it,None
Hong Kong Film Awards for Best Supporting Actress,2020(39th),Charlene Choi,Fatal Visit,None
Hong Kong Film Awards for Best Supporting Actress,2022(40th),Fish Liew,Anita,None
Hong Kong Film Awards for Best Supporting Actress,2022(40th),Nina Paw,Caught in Time,None
Hong Kong Film Awards for Best Supporting Actress,2022(40th),Chung Suet Ying,TIME,None
Hong Kong Film Awards for Best Supporting Actress,2022(40th),Fish Liew,Limbo,None
Hong Kong Film Awards for Best Supporting Actress,2022(40th),Bai Lang,Leap,None
Hong Kong Film Awards for Best Supporting Actress,2022(40th),Loletta Lee,Drifting,None
