0,1,2,3,4
U north,Academy Awards,Best Picture,"Sydney Pollack, Steven Samuels,Jennifer Fox and Kerry Orent",Nominated
U north,BAFTA Awards,Best Original Screenplay,Tony Gilroy,Nominated
U north,BAFTA Awards,Best Actor,George Clooney,Nominated
U north,BAFTA Awards,Best Supporting Actor,Tom Wilkinson,Nominated
U north,BAFTA Awards,Best Supporting Actress,Tilda Swinton,Won
U north,BAFTA Awards,Best Editing,John Gilroy,Nominated
U north,Golden Globe Awards,Best Motion Picture – Drama,,Nominated
U north,Golden Globe Awards,Best Actor – Motion Picture Drama,George Clooney,Nominated
U north,Golden Globe Awards,Best Supporting Actor,Tom Wilkinson,Nominated
U north,Golden Globe Awards,Best Supporting Actress,Tilda Swinton,Nominated
U north,Dallas-Fort Worth Film Critics Association Awards,Best Supporting Actress,Tilda Swinton,Won
U north,Kansas City Film Critics Circle Award,Best Supporting Actress,Tilda Swinton,Won
U north,Vancouver Film Critics Circle Award,Best Supporting Actress,Tilda Swinton,Won
U north,National Board of Review,Best Actor,George Clooney,Won
U north,San Francisco Film Critics Circle,Best Actor,George Clooney,Won
U north,Washington D.C. Area Film Critics Association,Best Actor,George Clooney,Won
U north,Satellite Award,Best Original Screenplay,Tony Gilroy,Nominated
U north,Satellite Award,Best Supporting Actor – Drama,Tom Wilkinson,Won
U north,Satellite Award,Best Supporting Actress – Drama,Tilda Swinton,Nominated
U north,London Film Critics Association,Best British Actor of the year,Tom Wilkinson,Won
U north,Edgar Award,Best Motion Picture Screenplay,Tony Gilroy,Won
U north,Broadcast Film Critics Association Awards,Best Picture,,Nominated
U north,Broadcast Film Critics Association Awards,Best Screenplay,Tony Gilroy,Nominated
U north,Broadcast Film Critics Association Awards,Best Actor,George Clooney,Nominated
U north,Broadcast Film Critics Association Awards,Best Supporting Actor,Tom Wilkinson,Nominated
U north,Broadcast Film Critics Association Awards,Best Supporting Actress,Tilda Swinton,Nominated
U north,Chicago Film Critics Association,Best Picture,,Nominated
U north,Chicago Film Critics Association,Best Director,Tony Gilroy,Nominated
U north,Chicago Film Critics Association,Best Original Screenplay,Tony Gilroy,Nominated
U north,Chicago Film Critics Association,Best Actor,George Clooney,Nominated
U north,Chicago Film Critics Association,Best Supporting Actor,Tom Wilkinson,Nominated
U north,Chicago Film Critics Association,Best Supporting Actress,Tilda Swinton,Nominated
U north,Chicago Film Critics Association,Most Promising Filmmaker,Tony Gilroy,Nominated
U north,London Film Critics' Circle,Actor of the Year,George Clooney,Nominated
U north,London Film Critics' Circle,British Actor of the Year,Tom Wilkinson,Nominated
U north,London Film Critics' Circle,British Supporting Actress of the Year,Tilda Swinton,Nominated
U north,Screen Actors Guild Awards,Best Male Actor in a Leading Role,George Clooney,Nominated
U north,Screen Actors Guild Awards,Best Male Actor in a Supporting Role,Tom Wilkinson,Nominated
U north,Screen Actors Guild Awards,Best Female Actor in a Supporting Role,Tilda Swinton,Nominated
U north,Venice Film Festival,Golden Lion,Tony Gilroy,Nominated
