0,1,2
Ahmedabad Airport,Air India," Delhi, London–Gatwick, Mumbai, Pune
"
Ahmedabad Airport,Akasa Air," Bangalore, Delhi, Goa–Mopa, Hyderabad, Kochi (begins 15 June 2023), Lucknow, Mumbai
"
Ahmedabad Airport,Alliance Air," Delhi, Jodhpur, Udaipur
"
Ahmedabad Airport, Emirates ," Dubai–International
"
Ahmedabad Airport, Fly Baghdad ," Najaf (begins 4 May 2023)
"
Ahmedabad Airport,IndiGo," Agra, Amritsar, Bagdogra, Bangalore, Bhopal, Bhubaneswar, Chandigarh, Chennai, Dehradun, Delhi, Dubai–International, Goa–Dabolim, Goa–Mopa, Hyderabad, Indore, Jaipur, Jammu, Jeddah (begins 15 June 2023), Jodhpur, Kochi, Kolhapur, Kolkata, Kuwait City, Lucknow, Mumbai, Nagpur, Nashik, Patna, Pune, Raipur, Ranchi, Srinagar (begins 1 June 2023), Varanasi
"
Ahmedabad Airport,Iran Air ," Tehran–Imam Khomeini
"
Ahmedabad Airport,Jazeera Airways," Kuwait City
"
Ahmedabad Airport,Star Air," Belgaum, Bhuj
"
Ahmedabad Airport,Thai Smile ," Bangkok–Suvarnabhumi
"
Ahmedabad Airport,VietJet Air," Hanoi, Ho Chi Minh City
"
Ahmedabad Airport,Vistara," Delhi, Mumbai
"
