0,1,2,3,4,5,6,7,8,9,10,11,12,13
24 tv show,Leslie Hope,Teri Bauer,Main,,,,,,,,,,24
24 tv show,Sarah Clarke,Nina Myers,Main,Recurring,Recurring,,,,,,,,36
24 tv show,Penny Johnson Jerald,Sherry Palmer,Recurring,Main,Recurring,,,,,,,,45
24 tv show,Xander Berkeley,George Mason,Recurring,Main,,,,,,,,,27
24 tv show,Eric Balfour,Milo Pressman,Recurring,,,,,Main,,28,None,None,None
24 tv show,Sarah Wynter,Kate Warner,,Main,Guest,,,,,,,,25
24 tv show,Reiko Aylesworth,Michelle Dessler,,Recurring,Main,Recurring,Guest,,,,,,62
24 tv show,James Badge Dale,Chase Edmunds,,,Main,,,,,,,,24
24 tv show,D. B. Woodside,Wayne Palmer,,,Recurring,,Recurring,Main,,,,,48
24 tv show,Kim Raver,Audrey Raines,,,,Main,Main,Recurring,,Main,64,None,None
24 tv show,Roger Cross,Curtis Manning,,,,Main,Main,Recurring,,44,None,None,None
24 tv show,William Devane,James Heller,,,,Main,Recurring,Recurring,,Main,32,None,None
24 tv show,James Morrison,Bill Buchanan,,,,Recurring,Main,Main,,Main,,64,None
24 tv show,Jean Smart,Martha Logan,,,,,Main,Guest,,24,None,None,None
24 tv show,Carlo Rota,Morris O'Brian,,,,,Recurring,Main,,Recurring,,29,None
24 tv show,Jayne Atkinson,Karen Hayes,,,,,Recurring,Main,,30,None,None,None
24 tv show,Peter MacNicol,Tom Lennox,,,,,,Main,Guest,,25,None,None
24 tv show,Marisol Nichols,Nadia Yassir,,,,,,Main,,24,None,None,None
24 tv show,Regina King,Sandra Palmer,,,,,,Main,,9,None,None,None
24 tv show,Bob Gunton,Ethan Kanin,,,,,,Recurring,Main,Recurring,,32,None
24 tv show,Colm Feore,Henry Taylor,,,,,,,Main,,13,None,None
24 tv show,Annie Wersching,Renee Walker,,,,,,,,Main,,37,None
24 tv show,Jeffrey Nordling,Larry Moss,,,,,,,,Main,,19,None
24 tv show,Rhys Coiro,Sean Hillinger,,,,,,,,Main,,10,None
24 tv show,Janeane Garofalo,Janis Gold,,,,,,,,Main,,21,None
24 tv show,Anil Kapoor,Omar Hassan,,,,,,,,,Main,,15
24 tv show,Mykelti Williamson,Brian Hastings,,,,,,,,,Main,,17
24 tv show,Katee Sackhoff,Dana Walsh,,,,,,,,,Main,,20
24 tv show,Chris Diamantopoulos,Rob Weiss,,,,,,,,,Main,,12
24 tv show,John Boyd,Arlo Glass,,,,,,,,,Main,,24
24 tv show,"Freddie Prinze, Jr.",Cole Ortiz,,,,,,,,,Main,,24
24 tv show,Yvonne Strahovski,Kate Morgan,,,,,,,,,,Main,12
24 tv show,Tate Donovan,Mark Boudreau,,,,,,,,,,Main,12
24 tv show,Gbenga Akinnagbe,Erik Ritter,,,,,,,,,,Main,11
24 tv show,Giles Matthey,Jordan Reed,,,,,,,,,,Main,9
24 tv show,Michael Wincott,Adrian Cross,,,,,,,,,,Main,10
24 tv show,Benjamin Bratt,Steve Navarro,,,,,,,,,,Main,10
