0,1,2,3
Juno Award for Songwriter of the Year,Ron Sexsmith,"""Whatever It Takes"", ""Not About to Lose"", ""Hard Bargain""","
Buck 65 — ""Wicked and Weird"", ""463"", ""Sore""
Marc Jordan — ""Let's Waste Some Time"", ""Shot Down My Heart"",  ""Tears of Hercules""
Avril Lavigne — ""Don't Tell Me"", ""My Happy Ending"", ""Nobody's Home""
Gordie Sampson — ""Sunburn"", ""Paris"", ""You (Or Somebody Like You)"""
Juno Award for Songwriter of the Year,Gordie Sampson,"""Jesus, Take the Wheel"", ""Words Get in the Way"", ""Crybaby""","
Sarah Harmer — ""I Am Aglow"", ""Oleander"", ""Escarpment Blues""
k-os — ""Sunday Morning"", ""The Rain"", ""Flypaper""
Nickelback — ""Far Away"", ""If Everyone Cared"", ""Rockstar""
Ron Sexsmith — ""All in Good Time"", ""Never Give Up"", ""Hands of Time"""
Juno Award for Songwriter of the Year,Leonard Cohen,"""Amen"", ""Going Home"", ""Show Me the Place""","
Arkells – ""Michigan Left"", ""On Paper"", ""Whistleblower""
Kathleen Edwards – ""A Soft Place to Land"", ""Chameleon/Comedian"", ""Change the Sheets""
Hannah Georgas – ""Enemies"", ""Robotic"", ""Somebody""
Afie Jurvanen – ""Be My Witness"", ""Caught Me Thinkin"", ""Lost in the Light"""
Juno Award for Songwriter of the Year,Afie Jurvanen,"""All the Time"", ""Bitter Memories"", ""Stronger Than That""","
Catherine MacLellan - ""Jack's Song"", ""Tell Me Luella"", ""The Raven's Sun""
Henry ""Cirkut"" Walter - ""Birthday"", ""Dark Horse"", ""Wild Wild Love""
Jenn Grant - ""Bring Me a Rose"", ""No One's Gonna Love You (Quite Like I Do)"", ""Trailer Park""
Magic! - ""Don't Kill the Magic"", ""Let Your Hair Down"", ""Rude"""
Juno Award for Songwriter of the Year,Abel Tesfaye,"""Can't Feel My Face"", ""In the Night"", ""The Hills""","
Béatrice Martin - ""Carry On"", ""Crier tout bas"", ""Oceans Brawl""
Dallas Green - ""Blood"", ""Lover Come Back"", ""Wasted Love""
Tobias Jesso Jr. - ""When We Were Young"", ""Alive"", ""Without You""
Buffy Sainte-Marie - ""Farm in the Middle of Nowhere"", ""Ke Sakihitin Awasis (I Love You Baby)"", ""Love Charms (Mojo Bijoux)"""
Juno Award for Songwriter of the Year,Gord Downie,"""The Stranger"", ""The Only Place To Be"", ""Son""","
Ruth Berhe - ""Lost Boy"", ""Superficial Love"", ""2 Poor Kids""
Leonard Cohen - ""You Want It Darker"", ""It Seemed the Better Way"", ""Traveling Light""
Tegan Quin and Sara Quin - ""Boyfriend"", ""100x"", ""Stop Desire""
Donovan Woods - ""Leaving Nashville"", ""What Kind of Love Is That"", ""They Don't Make Anything in That Town"""
Juno Award for Songwriter of the Year,"Gord Downie, Kevin Drew","""A Natural"", ""Introduce Yerself"", ""The North""","
Charlotte Cardin — ""Main Girl"", ""Paradise Motion"", ""The Kids""
Amelia Curran — ""Come Back for Me"", ""Watershed"", ""Try""
Rose Cousins — ""Chosen"", ""Grace"", ""White Flag""
Scott Helman — ""21 Days"", ""It's Kinda Complicated"", ""PDA"""
Juno Award for Songwriter of the Year,Shawn Mendes,"""Lost in Japan"", ""Youth"", ""In My Blood""","
Frank Dukes — ""Be Careful"", ""Better Now"", ""Call Out My Name""
Afie Jurvanen — ""No Wrong"", ""Way With Words"", ""Any Place""
Jessie Reyez — ""Promises"", ""One Kiss"", ""Apple Juice""
Donovan Woods — ""Our Friend Bobby"", ""Truck Full of Money"", ""Next Year"""
Juno Award for Songwriter of the Year,Alessia Cara,"""Growing Pains"", ""Out of Love"", ""Rooting for You""","
Tim Baker - ""All Hands"", ""Dance"", ""The Eighteenth Hole""
Bülow - ""Boys Will Be Boys"", ""Sweet Little Lies"", ""Two Punks in Love""
Tenille Townes - ""I Kept the Roses"", ""Jersey on the Wall (I'm Just Asking)"", ""White Horse""
Patrick Watson - ""Broken"", ""Dream for Dreaming"", ""Here Comes the River"""
Juno Award for Songwriter of the Year,"Abel Tesfaye, Ahmad Balshe, Jason ""DaHeala"" Quenneville","""After Hours"", ""Blinding Lights"", ""Save Your Tears""","
Alanis Morissette — ""Ablaze"", ""Reasons I Drink"", ""Smiling""
Alessia Cara — ""Hell and High Water"", ""I Choose"", ""Welcome Back""
Jessie Reyez — ""Coffin"", ""Far Away"", ""No One's in the Room""
JP Saxe — ""A Little Bit Yours"", ""Golf on TV"", ""If the World was Ending"""
Juno Award for Songwriter of the Year,Abel Tesfaye,"""Hurricane"", ""Moth to a Flame"", ""Take My Breath""","
Mustafa Ahmed — ""Air Forces"", ""The Hearse"", ""What About Heaven""
Allison Russell — ""4th Day Prayer"", ""Montreal"", ""Nightflyer""
Tobi — ""Off The Drugs"", ""Shall I Continue"", ""Too Hot""
Charlotte Day Wilson — ""I Can Only Whisper"", ""If I Could"", ""Wish It Was Easy"""
Juno Award for Songwriter of the Year,Abel Tesfaye,"""Less Than Zero"", ""Out of Time"", ""Sacrifice""","
Faouzia — ""Anybody Else"", ""Puppet"", ""RIP, Love""
Tate McRae — ""Chaotic"", ""Feel Like Shit"", ""She's All I Wanna Be""
Tenille Townes — ""The Last Time"", ""When You Need It"", ""When's It Gonna Happen""
Tobi — ""Before We Panic"", ""Flowers"", ""Move"""
