0,1,2,3
Academy award for best cinematography,1930/31(4th),Tabu: A Story of the South Seas,Floyd Crosby
Academy award for best cinematography,1932/33(6th),Reunion in Vienna,George Folsey
Academy award for best cinematography,1934(7th),Operator 13,George Folsey
Academy award for best cinematography,1935(8th),Les Misérables,Gregg Toland
Academy award for best cinematography,1936(9th),Black-and-White,Black-and-White
Academy award for best cinematography,1936(9th),The Gorgeous Hussy,George Folsey
Academy award for best cinematography,1936(9th),Color (Special Achievement),Color (Special Achievement)
Academy award for best cinematography,1936(9th),The Garden of Allah,W. Howard Greene and Harold Rosson
Academy award for best cinematography,1937(10th),Black-and-White,Black-and-White
Academy award for best cinematography,1937(10th),Color (Special Achievement),Color (Special Achievement)
Academy award for best cinematography,1937(10th),A Star Is Born,W. Howard Greene
Academy award for best cinematography,1938(11th),Black-and-White,Black-and-White
Academy award for best cinematography,1938(11th),Color (Special Achievement),Color (Special Achievement)
Academy award for best cinematography,1938(11th),Sweethearts,Oliver T. Marsh and Allen Davey
Academy award for best cinematography,1939(12th),Black-and-White ,Black-and-White 
Academy award for best cinematography,1939(12th),Wuthering Heights,Gregg Toland
Academy award for best cinematography,1939(12th),Stagecoach,Bert Glennon
Academy award for best cinematography,1939(12th),Color ,Color 
Academy award for best cinematography,1939(12th),Gone with the Wind,Ernest Haller and Ray Rennahan
Academy award for best cinematography,1939(12th),The Private Lives of Elizabeth and Essex,Sol Polito and W. Howard Greene
