0,1,2,3,4
Prizzi's Honor,Academy Awards,Best Screenplay – Based on Material from Another Medium,Richard Condon and Janet Roach,Nominated
Prizzi's Honor,Academy Awards,Best Film Editing,Rudi Fehr and Kaja Fehr,Nominated
Prizzi's Honor,Boston Society of Film Critics Awards,Best English-Language Film,Best English-Language Film,Won
Prizzi's Honor,Boston Society of Film Critics Awards,Best Actor,Jack Nicholson,Won
Prizzi's Honor,Boston Society of Film Critics Awards,Best Supporting Actress,Anjelica Huston,Won
Prizzi's Honor,Boston Society of Film Critics Awards,Best Director,John Huston,Won
Prizzi's Honor,British Academy Film Awards,Best Actress in a Supporting Role,Anjelica Huston,Nominated
Prizzi's Honor,British Academy Film Awards,Best Adapted Screenplay,Richard Condon and Janet Roach,Won
Prizzi's Honor,Casting Society of America Awards,Best Casting for Feature Film – Comedy,Alixe Gordin,Won
Prizzi's Honor,David di Donatello Awards,Best Foreign Producer,John Foreman,Nominated
Prizzi's Honor,David di Donatello Awards,Best Foreign Director,John Huston,Nominated
Prizzi's Honor,David di Donatello Awards,Best Foreign Actor,Jack Nicholson,Nominated
Prizzi's Honor,David di Donatello Awards,Best Foreign Screenplay,Richard Condon and Janet Roach,Nominated
Prizzi's Honor,Directors Guild of America Awards,Outstanding Directorial Achievement in Motion Pictures,John Huston,Nominated
Prizzi's Honor,Golden Globe Awards,Best Motion Picture – Musical or Comedy,Best Motion Picture – Musical or Comedy,Won
Prizzi's Honor,Golden Globe Awards,Best Actor in a Motion Picture – Musical or Comedy,Jack Nicholson,Won
Prizzi's Honor,Golden Globe Awards,Best Actress in a Motion Picture – Musical or Comedy,Kathleen Turner,Won
Prizzi's Honor,Golden Globe Awards,Best Supporting Actress – Motion Picture,Anjelica Huston,Nominated
Prizzi's Honor,Golden Globe Awards,Best Director – Motion Picture,John Huston,Won
Prizzi's Honor,Golden Globe Awards,Best Screenplay – Motion Picture,Richard Condon and Janet Roach,Nominated
Prizzi's Honor,Guild of German Art House Cinemas,Best Foreign Film,John Huston,Won
Prizzi's Honor,Kansas City Film Critics Circle Awards,Best Supporting Actress,Anjelica Huston,Won
Prizzi's Honor,Los Angeles Film Critics Association Awards,Best Actor,Jack Nicholson,Nominated
Prizzi's Honor,Los Angeles Film Critics Association Awards,Best Supporting Actor,William Hickey,Nominated
Prizzi's Honor,Los Angeles Film Critics Association Awards,Best Supporting Actress,Anjelica Huston,Won
Prizzi's Honor,Los Angeles Film Critics Association Awards,Best Screenplay,Richard Condon and Janet Roach,Nominated
Prizzi's Honor,Nastro d'Argento,Best Foreign Actor,Jack Nicholson,Nominated
Prizzi's Honor,Nastro d'Argento,Best Foreign Director,John Huston,Nominated
Prizzi's Honor,National Board of Review Awards,Top Ten Films,Top Ten Films,6th Place
Prizzi's Honor,National Board of Review Awards,Best Supporting Actress,Anjelica Huston,Won
Prizzi's Honor,National Society of Film Critics Awards,Best Film,Best Film,2nd Place
Prizzi's Honor,National Society of Film Critics Awards,Best Director,John Huston,Won
Prizzi's Honor,National Society of Film Critics Awards,Best Actor,Jack Nicholson,Won
Prizzi's Honor,National Society of Film Critics Awards,Best Supporting Actor,William Hickey,2nd Place
Prizzi's Honor,National Society of Film Critics Awards,Best Supporting Actress,Anjelica Huston,Won
Prizzi's Honor,National Society of Film Critics Awards,Best Screenplay,Richard Condon and Janet Roach,4th Place
Prizzi's Honor,New York Film Critics Circle Awards,Best Film,Best Film,Won
Prizzi's Honor,New York Film Critics Circle Awards,Best Director,John Huston,Won
Prizzi's Honor,New York Film Critics Circle Awards,Best Actor,Jack Nicholson,Won
Prizzi's Honor,New York Film Critics Circle Awards,Best Supporting Actress,Anjelica Huston,Won
Prizzi's Honor,Sant Jordi Awards,Best Foreign Actress,Kathleen Turner (also for Crimes of Passion),Won
Prizzi's Honor,ShoWest Convention,Female Star of the Year,Kathleen Turner,Won
Prizzi's Honor,Venice Film Festival,Golden Lion,John Huston,Nominated
Prizzi's Honor,Venice Film Festival,Special Lion for the Overall Work,John Huston,Won
Prizzi's Honor,Writers Guild of America Awards,Best Screenplay – Based on Material from Another Medium,Richard Condon and Janet Roach,Won
