0,1,2,3
Screen Actors Guild Award for Best Ensemble - Drama Series,"2010
(17th) ",The Closer,"G. W. Bailey, Michael Paul Chan, Raymond Cruz, Robert Gossett, Tony Denison, Corey Reynolds, Kyra Sedgwick, J. K. Simmons, Jon Tenney"
Screen Actors Guild Award for Best Ensemble - Drama Series,"2010
(17th) ",Dexter,"Julie Benz, Jennifer Carpenter, Michael C. Hall, Desmond Harrington, C. S. Lee, Jonny Lee Miller, James Remar, Julia Stiles, Lauren Velez, David Zayas"
Screen Actors Guild Award for Best Ensemble - Drama Series,"2010
(17th) ",The Good Wife,"Christine Baranski, Josh Charles, Alan Cumming, Matt Czuchry, Julianna Margulies, Chris Noth, Archie Panjabi, Graham Phillips"
Screen Actors Guild Award for Best Ensemble - Drama Series,"2011
(18th) ",Dexter,"Billy Brown, Jennifer Carpenter, Josh Cooke, Aimee Garcia, Michael C. Hall, Colin Hanks, Desmond Harrington, Rya Kihlstedt, C.S. Lee, Edward James Olmos, James Remar, Lauren Vélez, David Zayas"
Screen Actors Guild Award for Best Ensemble - Drama Series,"2011
(18th) ",Game of Thrones,"Amrita Acharia, Mark Addy, Alfie Allen, Josef Altin, Sean Bean, Susan Brown, Emilia Clarke, Nikolaj Coster-Waldau, Peter Dinklage, Ron Donachie, Michelle Fairley, Jerome Flynn, Elyes Gabel, Aidan Gillen, Jack Gleeson, Iain Glen, Julian Glover, Kit Harington, Lena Headey, Isaac Hempstead Wright, Conleth Hill, Richard Madden, Jason Momoa, Rory McCann, Ian McElhinney, Luke McEwan, Roxanne McKee, Dar Salim, Mark Stanley, Donald Sumpter, Sophie Turner, Maisie Williams"
Screen Actors Guild Award for Best Ensemble - Drama Series,"2011
(18th) ",The Good Wife,"Christine Baranski, Josh Charles, Alan Cumming, Matt Czuchry, Julianna Margulies, Chris Noth, Archie Panjabi, Graham Phillips, Makenzie Vega"
Screen Actors Guild Award for Best Ensemble - Drama Series,"2012
(19th) ",Homeland,"Morena Baccarin, Timothée Chalamet, Claire Danes, Rupert Friend, David Harewood, Diego Klattenhoff, Damian Lewis, David Marciano, Navid Negahban, Jackson Pace, Mandy Patinkin, Zuleikha Robinson, Morgan Saylor, Jamey Sheridan"
Screen Actors Guild Award for Best Ensemble - Drama Series,"2013
(20th) ",Game of Thrones,"Alfie Allen, John Bradley-West, Oona Chaplin, Gwendoline Christie, Emilia Clarke, Nikolaj Coster-Waldau, Mackenzie Crook, Charles Dance, Joe Dempsie, Peter Dinklage, Natalie Dormer, Nathalie Emmanuel, Michelle Fairley, Jack Gleeson, Iain Glen, Kit Harington, Lena Headey, Isaac Hempstead-Wright, Kristofer Hivju, Paul Kaye, Sibel Kekilli, Rose Leslie, Richard Madden, Rory McCann, Michael McElhatton, Ian McElhinney, Philip McGinley, Hannah Murray, Iwan Rheon, Sophie Turner, Carice van Houten, Maisie Williams"
Screen Actors Guild Award for Best Ensemble - Drama Series,"2013
(20th) ",Homeland,"F. Murray Abraham, Sarita Choudhury, Claire Danes, Rupert Friend, Tracy Letts, Damian Lewis, Mandy Patinkin, Morgan Saylor"
Screen Actors Guild Award for Best Ensemble - Drama Series,"2014
(21st) ",Game of Thrones,"Alfie Allen, Josef Altin, Jacob Anderson, John Bradley-West, Dominic Carter, Gwendoline Christie, Emilia Clarke, Nikolaj Coster-Waldau, Ben Crompton, Charles Dance, Peter Dinklage, Natalie Dormer, Nathalie Emmanuel, Iain Glen, Julian Glover, Kit Harington, Lena Headey, Conleth Hill, Rory McCann, Ian McElhinney, Pedro Pascal, Daniel Portman, Mark Stanley, Sophie Turner, Maisie Williams"
Screen Actors Guild Award for Best Ensemble - Drama Series,"2014
(21st) ",Homeland,"Numan Acar, Nazanin Boniadi, Claire Danes, Rupert Friend, Raza Jaffrey, Nimrat Kaur, Tracy Letts, Mark Moses, Michael O'Keefe, Mandy Patinkin, Laila Robins, Maury Sterling"
Screen Actors Guild Award for Best Ensemble - Drama Series,"2014
(21st) ",House of Cards,"Mahershala Ali, Jayne Atkinson, Rachel Brosnahan, Derek Cecil, Nathan Darrow, Michel Gill, Joanna Going, Sakina Jaffrey, Michael Kelly, Mozhan Marno, Gerald McRaney, Molly Parker, Jimmi Simpson, Kevin Spacey, Robin Wright"
Screen Actors Guild Award for Best Ensemble - Drama Series,"2015
(22nd) ",Game of Thrones,"Alfie Allen, Ian Beattie, John Bradley-West, Gwendoline Christie, Emilia Clarke, Michael Condron, Nikolaj Coster-Waldau, Ben Crompton, Liam Cunningham, Stephen Dillane, Peter Dinklage, Nathalie Emmanuel, Tara Fitzgerald, Jerome Flynn, Brian Fortune, Joel Fry, Aiden Gillen, Iain Glen, Kit Harington, Lena Headey, Michiel Huisman, Hannah Murray, Brenock O'Connor, Daniel Portman, Diana Rigg, Iwan Rheon, Owen Teale, Sophie Turner, Carice van Houten, Indira Varma, Maisie Williams, Tom Wlaschiha"
Screen Actors Guild Award for Best Ensemble - Drama Series,"2015
(22nd) ",Homeland,"F. Murray Abraham, Atheer Adel, Claire Danes, Alexander Fehling, Rupert Friend, Nina Hoss, René Ifrah, Mark Ivanir, Sebastian Koch, Miranda Otto, Mandy Patinkin, Sarah Sokolovic"
Screen Actors Guild Award for Best Ensemble - Drama Series,"2015
(22nd) ",House of Cards,"Mahershala Ali, Derek Cecil, Nathan Darrow, Michael Kelly, Elizabeth Marvel, Molly Parker, Jimmi Simpson, Kevin Spacey, Robin Wright"
Screen Actors Guild Award for Best Ensemble - Drama Series,"2016
(23rd) ",The Crown,"Claire Foy, Clive Francis, Harry Hadden-Paton, Victoria Hamilton, Jared Harris, Daniel Ings, Billy Jenkins, Vanessa Kirby, John Lithgow, Lizzy McInnerny, Ben Miles, Jeremy Northam, Nicholas Rowe, Matt Smith, Pip Torrens, Harriet Walter"
Screen Actors Guild Award for Best Ensemble - Drama Series,"2016
(23rd) ",Game of Thrones,"Alfie Allen, Jacob Anderson, Dean-Charles Chapman, Emilia Clarke, Nikolaj Coster-Waldau, Liam Cunningham, Peter Dinklage, Nathalie Emmanuel, Iain Glen, Kit Harington, Lena Headey, Conleth Hill, Kristofer Hivju, Michiel Huisman, Faye Marsay, Jonathan Pryce, Sophie Turner, Carice van Houten, Gemma Whelan, Maisie Williams"
Screen Actors Guild Award for Best Ensemble - Drama Series,"2016
(23rd) ",Westworld,"Ben Barnes, Ingrid Bolsø Berdal, Ed Harris, Luke Hemsworth, Anthony Hopkins, Sidse Babett Knudsen, James Marsden, Leonardo Nam, Thandie Newton, Talulah Riley, Rodrigo Santoro, Angela Sarafyan, Jimmi Simpson, Ptolemy Slocum, Evan Rachel Wood, Shannon Woodward, Jeffrey Wright"
Screen Actors Guild Award for Best Ensemble - Drama Series,"2017
(24th) ",This Is Us,"Eris Baker, Alexandra Breckenridge, Sterling K. Brown, Lonnie Chavis, Mackenzie Hancsicsak, Justin Hartley, Faithe Herman, Ron Cephas Jones, Chrissy Metz, Mandy Moore, Chris Sullivan, Milo Ventimiglia, Susan Kelechi Watson, Hannah Zeile"
Screen Actors Guild Award for Best Ensemble - Drama Series,"2017
(24th) ",The Crown,"Claire Foy, Victoria Hamilton, Vanessa Kirby, Anton Lesser, Matt Smith"
Screen Actors Guild Award for Best Ensemble - Drama Series,"2017
(24th) ",Game of Thrones,"Alfie Allen, Jacob Anderson, Pilou Asbæk, Hafþór Júlíus Björnsson, John Bradley West, Jim Broadbent, Gwendoline Christie, Emilia Clarke, Nikolaj Coster-Waldau, Liam Cunningham, Peter Dinklage, Richard Dormer, Nathalie Emmanuel, James Faulkner, Jerome Flynn, Aidan Gillen, Iain Glen, Kit Harington, Lena Headey, Isaac Hempstead Wright, Conleth Hill, Kristofer Hivju, Tom Hopper, Anton Lesser, Rory McCann, Staz Nair, Richard Rycroft, Sophie Turner, Rupert Vansittart, Maisie Williams"
Screen Actors Guild Award for Best Ensemble - Drama Series,"2017
(24th) ",The Handmaid's Tale,"Madeline Brewer, Amanda Brugel, Ann Dowd, O. T. Fagbenle, Joseph Fiennes, Tattiawna Jones, Max Minghella, Elisabeth Moss, Yvonne Strahovski, Samira Wiley"
Screen Actors Guild Award for Best Ensemble - Drama Series,"2018
(25th) ",This Is Us,"Eris Baker, Alexandra Breckenridge, Sterling K. Brown, Niles Fitch, Mackenzie Hancsicsak, Justin Hartley, Faithe Herman, Jon Huertas, Melanie Liburd, Chrissy Metz, Mandy Moore, Lyric Ross, Chris Sullivan, Milo Ventimiglia, Susan Kelechi Watson, Hannah Zeile"
Screen Actors Guild Award for Best Ensemble - Drama Series,"2018
(25th) ",The Americans,"Anthony Arkin, Scott Cohen, Brandon J. Dirden, Noah Emmerich, Laurie Holden, Margo Martindale, Matthew Rhys, Costa Ronin, Keri Russell, Keidrich Sellati, Miriam Shor, Holly Taylor"
Screen Actors Guild Award for Best Ensemble - Drama Series,"2018
(25th) ",Better Call Saul,"Jonathan Banks, Rainer Bock, Ray Campbell, Giancarlo Esposito, Michael Mando, Bob Odenkirk, Rhea Seehorn"
Screen Actors Guild Award for Best Ensemble - Drama Series,"2018
(25th) ",The Handmaid's Tale,"Alexis Bledel, Madeline Brewer, Amanda Brugel, Ann Dowd, O. T. Fagbenle, Joseph Fiennes, Nina Kiri, Max Minghella, Elisabeth Moss, Yvonne Strahovski, Sydney Sweeney, Bahia Watson"
Screen Actors Guild Award for Best Ensemble - Drama Series,"2018
(25th) ",Ozark,"Jason Bateman, Lisa Emery, Skylar Gaertner, Julia Garner, Darren Goldstein, Jason Butler Harner, Carson Holmes, Sofia Hublitz, Laura Linney, Trevor Long, Janet McTeer, Peter Mullan, Jordana Spiro, Charlie Tahan, Robert Treveiler, Harris Yulin"
Screen Actors Guild Award for Best Ensemble - Drama Series,"2019
(26th) ",The Crown,"Marion Bailey, Helena Bonham Carter, Olivia Colman, Charles Dance, Ben Daniels, Erin Doherty, Charles Edwards, Tobias Menzies, Josh O'Connor, Sam Phillips, David Rintoul, Jason Watkins"
Screen Actors Guild Award for Best Ensemble - Drama Series,"2019
(26th) ",Big Little Lies,"Iain Armitage, Darby Camp, Chloe Coleman, Cameron Crovetti, Nicholas Crovetti, Laura Dern, Martin Donovan, Merrin Dungey, Crystal Fox, Ivy George, Nicole Kidman, Zoë Kravitz, Kathryn Newton, Jeffrey Nordling, Denis O'Hare, Adam Scott, Alexander Skarsgård, Douglas Smith, Meryl Streep, James Tupper, Robin Weigert, Reese Witherspoon, Shailene Woodley"
Screen Actors Guild Award for Best Ensemble - Drama Series,"2019
(26th) ",Game of Thrones,"Alfie Allen, Jacob Anderson, Pilou Asbæk, John Bradley West, Gwendoline Christie, Emilia Clarke, Nikolaj Coster-Waldau, Ben Crompton, Liam Cunningham, Joe Dempsie, Peter Dinklage, Richard Dormer, Nathalie Emmanuel, Jerome Flynn, Iain Glen, Kit Harington, Lena Headey, Isaac Hempstead Wright, Conleth Hill, Kristofer Hivju, Rory McCann, Hannah Murray, Staz Nair, Daniel Portman, Bella Ramsey, Richard Rycroft, Sophie Turner, Rupert Vansittart, Maisie Williams"
Screen Actors Guild Award for Best Ensemble - Drama Series,"2019
(26th) ",The Handmaid's Tale,"Alexis Bledel, Madeline Brewer, Amanda Brugel, Ann Dowd, O. T. Fagbenle, Joseph Fiennes, Kristen Gutoskie, Nina Kiri, Ashleigh LaThrop, Elisabeth Moss, Yvonne Strahovski, Bahia Watson, Bradley Whitford, Samira Wiley"
