0,1,2,3,4
Gigi (1958 movie),Academy Awards,Best Cinematography – Color,Joseph Ruttenberg,Won
Gigi (1958 movie),Academy Awards,Best Scoring of a Musical Picture,André Previn,Won
Gigi (1958 movie),Academy Awards,Best Song,"""Gigi""  Music by Frederick Loewe;  Lyrics by Alan Jay Lerner",Won
Gigi (1958 movie),British Academy Film Awards,Best Film,Best Film,Nominated
Gigi (1958 movie),David di Donatello Awards,Best Foreign Production,Arthur Freed,Won
Gigi (1958 movie),Directors Guild of America Awards,Outstanding Directorial Achievement in Motion Pictures,Vincente Minnelli,Won
Gigi (1958 movie),Golden Globe Awards,Best Motion Picture – Musical,Best Motion Picture – Musical,Won
Gigi (1958 movie),Golden Globe Awards,Best Actor in a Motion Picture – Musical or Comedy,Maurice Chevalier,Nominated
Gigi (1958 movie),Golden Globe Awards,Best Actor in a Motion Picture – Musical or Comedy,Louis Jourdan,Nominated
Gigi (1958 movie),Golden Globe Awards,Best Actress in a Motion Picture – Musical or Comedy,Leslie Caron,Nominated
Gigi (1958 movie),Golden Globe Awards,Best Supporting Actress – Motion Picture,Hermione Gingold,Won
Gigi (1958 movie),Golden Globe Awards,Best Director – Motion Picture,Vincente Minnelli,Won
Gigi (1958 movie),Grammy Awards,"Best Sound Track Album, Dramatic Picture Score or Original Cast",André Previn,Won
Gigi (1958 movie),Laurel Awards,Top Musical,Top Musical,Won
Gigi (1958 movie),Laurel Awards,Top Male Musical Performance,Maurice Chevalier,Nominated
Gigi (1958 movie),Laurel Awards,Top Male Musical Performance,Louis Jourdan,Nominated
Gigi (1958 movie),Laurel Awards,Top Female Musical Performance,Leslie Caron,Won
Gigi (1958 movie),Laurel Awards,Top Female Musical Performance,Hermione Gingold,Nominated
Gigi (1958 movie),Laurel Awards,Top Cinematography – Color,Joseph Ruttenberg,Nominated
Gigi (1958 movie),Laurel Awards,Best Song,"""Gigi""  Music by Frederick Loewe;  Lyrics by Alan Jay Lerner",Nominated
Gigi (1958 movie),National Board of Review Awards,Top Ten Films,Top Ten Films,10th Place
Gigi (1958 movie),National Film Preservation Board,National Film Registry,National Film Registry,Inducted
Gigi (1958 movie),Photoplay Awards,Gold Medal,Gold Medal,Won
Gigi (1958 movie),Writers Guild of America Awards,Best Written Musical,Alan Jay Lerner,Won
