0,1,2,3,4,5,6,7
Bulgaria in the Eurovision Song Contest,Elitsa Todorova and Stoyan Yankoulov,"""Water""",Bulgarian,5,157,6,146
Bulgaria in the Eurovision Song Contest,Deep Zone and Balthazar,"""DJ, Take Me Away""",English,Failed to qualify,Failed to qualify,11,56
Bulgaria in the Eurovision Song Contest,Sofi Marinova,"""Love Unlimited""",Bulgarian,Failed to qualify,11,45,None
Bulgaria in the Eurovision Song Contest,Elitsa Todorova and Stoyan Yankoulov,"""Samo shampioni"" (Ğ¡Ğ°Ğ¼Ğ¾ ÑˆĞ°Ğ¼Ğ¿Ğ¸Ğ¾Ğ½Ğ¸)",Bulgarian,Failed to qualify,12,45,None
Bulgaria in the Eurovision Song Contest,Poli Genova,"""If Love Was a Crime""","English, Bulgarian",4,307,5,220
Bulgaria in the Eurovision Song Contest,Kristian Kostov,"""Beautiful Mess""",English,2,615,1,403
Bulgaria in the Eurovision Song Contest,Equinox,"""Bones""",English,14,166,7,177
Bulgaria in the Eurovision Song Contest,Victoria,"""Tears Getting Sober""",English,Contest cancelled X,Contest cancelled X,Contest cancelled X,Contest cancelled X
Bulgaria in the Eurovision Song Contest,Victoria,"""Growing Up Is Getting Old""",English,11,170,3,250
Bulgaria in the Eurovision Song Contest,Intelligent Music Project,"""Intention""",English,Failed to qualify,Failed to qualify,16,29
