0,1,2,3,4,5
Satellite Award for Best Supporting Actor - (Mini)Series or TV Film,2010,Ty Burrell,Modern Family,Phil Dunphy,ABC
Satellite Award for Best Supporting Actor - (Mini)Series or TV Film,2010,Bruce Campbell,Burn Notice,Sam Axe,USA Network
Satellite Award for Best Supporting Actor - (Mini)Series or TV Film,2010,Chris Colfer,Glee,Kurt Hummel,Fox
Satellite Award for Best Supporting Actor - (Mini)Series or TV Film,2010,Alan Cumming,The Good Wife,Eli Gold,CBS
Satellite Award for Best Supporting Actor - (Mini)Series or TV Film,2010,Neil Patrick Harris,How I Met Your Mother,Barney Stinson,CBS
Satellite Award for Best Supporting Actor - (Mini)Series or TV Film,2010,Martin Short,Damages,Leonard Winstone,FX
Satellite Award for Best Supporting Actor - (Mini)Series or TV Film,2011,Ty Burrell,Modern Family,Phil Dunphy,ABC
Satellite Award for Best Supporting Actor - (Mini)Series or TV Film,2011,Donald Glover,Community,Troy Barnes,NBC
Satellite Award for Best Supporting Actor - (Mini)Series or TV Film,2011,Walton Goggins,Justified,Boyd Crowder,FX
Satellite Award for Best Supporting Actor - (Mini)Series or TV Film,2011,Neil Patrick Harris,How I Met Your Mother,Barney Stinson,CBS
Satellite Award for Best Supporting Actor - (Mini)Series or TV Film,2011,Guy Pearce,Mildred Pierce,Monty Beragon,HBO
Satellite Award for Best Supporting Actor - (Mini)Series or TV Film,2011,James Woods,Too Big to Fail,Richard S. Fuld Jr.,HBO
Satellite Award for Best Supporting Actor - (Mini)Series or TV Film,2012,Powers Boothe,Nashville,Lamar Wyatt,ABC
Satellite Award for Best Supporting Actor - (Mini)Series or TV Film,2012,Jim Carter,Downton Abbey,"Charles ""Charlie"" Carson",PBS
Satellite Award for Best Supporting Actor - (Mini)Series or TV Film,2012,Giancarlo Esposito,Breaking Bad,Gus Fring,AMC
Satellite Award for Best Supporting Actor - (Mini)Series or TV Film,2012,Evan Peters,American Horror Story: Asylum,Kit Walker,FX
Satellite Award for Best Supporting Actor - (Mini)Series or TV Film,2013,Nikolaj Coster-Waldau,Game of Thrones,Jaime Lannister,HBO
Satellite Award for Best Supporting Actor - (Mini)Series or TV Film,2013,William Hurt,Bonnie & Clyde,Frank Hamer,Lifetime
Satellite Award for Best Supporting Actor - (Mini)Series or TV Film,2013,James Wolk,Mad Men,Bob Benson,AMC
Satellite Award for Best Supporting Actor - (Mini)Series or TV Film,2013,Peter Sarsgaard,The Killing,Ray Seward,AMC
Satellite Award for Best Supporting Actor - (Mini)Series or TV Film,2013,Jimmy Smits,Sons of Anarchy,Nero Padilla,FX
Satellite Award for Best Supporting Actor - (Mini)Series or TV Film,2013,Corey Stoll,House of Cards,Peter Russo,Netflix
Satellite Award for Best Supporting Actor - (Mini)Series or TV Film,2014,Matt Bomer,The Normal Heart,Felix Turner,HBO
Satellite Award for Best Supporting Actor - (Mini)Series or TV Film,2014,Christopher Eccleston,The Leftovers,Matt Jamison,HBO
Satellite Award for Best Supporting Actor - (Mini)Series or TV Film,2014,Andre Holland,The Knick,Dr. Algernon C. Edwards,Cinemax
Satellite Award for Best Supporting Actor - (Mini)Series or TV Film,2014,Jimmy Smits,Sons of Anarchy,Nero Padilla,FX
Satellite Award for Best Supporting Actor - (Mini)Series or TV Film,2015,Christian Slater,Mr. Robot,Mr. Robot,USA Network
Satellite Award for Best Supporting Actor - (Mini)Series or TV Film,2015,Jonathan Banks,Better Call Saul,Mike Ehrmantraut,AMC
Satellite Award for Best Supporting Actor - (Mini)Series or TV Film,2015,Michael K. Williams,Bessie,Jack Gee,HBO
Satellite Award for Best Supporting Actor - (Mini)Series or TV Film,2015,Elvis Nolasco,American Crime,Carter Nix,ABC
Satellite Award for Best Supporting Actor - (Mini)Series or TV Film,2016,Ben Mendelsohn,Bloodline,Danny Rayburn,Netflix
Satellite Award for Best Supporting Actor - (Mini)Series or TV Film,2016,Jonathan Banks,Better Call Saul,Mike Ehrmantraut,AMC
Satellite Award for Best Supporting Actor - (Mini)Series or TV Film,2016,Hugh Laurie,The Night Manager,"Richard ""Dicky"" Onslow Roper",AMC
Satellite Award for Best Supporting Actor - (Mini)Series or TV Film,2016,Andre Braugher,Brooklyn Nine-Nine,Raymond Holt,Fox
Satellite Award for Best Supporting Actor - (Mini)Series or TV Film,2016,Michael Kelly,House of Cards,"Douglas ""Doug"" Stamper",Netflix
Satellite Award for Best Supporting Actor - (Mini)Series or TV Film,2016,Jared Harris,The Crown,King George VI,Netflix
Satellite Award for Best Supporting Actor - (Mini)Series or TV Film,2017,Michael McKean,Better Call Saul,Chuck McGill,AMC
Satellite Award for Best Supporting Actor - (Mini)Series or TV Film,2017,Louie Anderson,Baskets,Christine Baskets,FX
Satellite Award for Best Supporting Actor - (Mini)Series or TV Film,2017,Stanley Tucci,Feud: Bette and Joan,Jack L. Warner,FX
Satellite Award for Best Supporting Actor - (Mini)Series or TV Film,2017,Christopher Eccleston,The Leftovers,Matt Jamison,HBO
Satellite Award for Best Supporting Actor - (Mini)Series or TV Film,2017,Alexander Skarsgård,Big Little Lies,Perry Wright,HBO
Satellite Award for Best Supporting Actor - (Mini)Series or TV Film,2017,Lakeith Stanfield,War Machine,Corporal Billy Cole,Netflix
Satellite Award for Best Supporting Actor - (Mini)Series or TV Film,2018,Hugo Weaving,Patrick Melrose,David Melrose,Showtime
Satellite Award for Best Supporting Actor - (Mini)Series or TV Film,2018,Mark Duplass,Goliath,Tom Wyatt,Prime Video
Satellite Award for Best Supporting Actor - (Mini)Series or TV Film,2018,Ben Whishaw,A Very English Scandal,Norman Josiffe/Norman Scott,Prime Video
Satellite Award for Best Supporting Actor - (Mini)Series or TV Film,2018,John Macmillan,King Lear,Edmund,BBC Two
Satellite Award for Best Supporting Actor - (Mini)Series or TV Film,2018,Édgar Ramírez,The Assassination of Gianni Versace: American Crime Story,Gianni Versace,FX
Satellite Award for Best Supporting Actor - (Mini)Series or TV Film,2018,Paul Ready,The Terror,Assistant Surgeon Harry Goodsir,AMC
Satellite Award for Best Supporting Actor - (Mini)Series or TV Film,2019,Jeremy Strong,Succession,Kendall Roy,HBO
Satellite Award for Best Supporting Actor - (Mini)Series or TV Film,2019,Alan Arkin,The Kominsky Method,Norman Newlander,Netflix
Satellite Award for Best Supporting Actor - (Mini)Series or TV Film,2019,Stellan Skarsgård,Chernobyl,Boris Shcherbina,HBO
Satellite Award for Best Supporting Actor - (Mini)Series or TV Film,2019,Walton Goggins,The Righteous Gemstones,"""Baby"" Billy Freeman",HBO
Satellite Award for Best Supporting Actor - (Mini)Series or TV Film,2019,Dennis Quaid,Goliath,Wade Blackwood,Prime Video
Satellite Award for Best Supporting Actor - (Mini)Series or TV Film,2019,Andrew Scott,Fleabag,The Priest,Prime Video
Satellite Award for Best Supporting Actor - (Mini)Series or TV Film,2019,Tony Shalhoub,The Marvelous Mrs. Maisel,"Abraham ""Abe"" Weissman",Prime Video
