0,1,2,3,4,5,6
First cabinet of Ingvar Carlsson,Minister for Finance,Odd Engström,16 February 1990,27 February 1990, ,Social Democrats
First cabinet of Ingvar Carlsson,Minister for Education,Lennart Bodström,12 March 1986,29 January 1989, ,Social Democrats
First cabinet of Ingvar Carlsson,Minister for Education,Bengt Göransson,29 January 1989,27 February 1990, ,Social Democrats
First cabinet of Ingvar Carlsson,Minister for Health and Social Affairs,Sven Hulterström,29 January 1989,11 January 1990, ,Social Democrats
First cabinet of Ingvar Carlsson,Minister for Health and Social Affairs,Ingela Thalén,11 January 1990,27 February 1990, ,Social Democrats
First cabinet of Ingvar Carlsson,Minister for Employment,Anna-Greta Leijon,12 March 1986,19 October 1987, ,Social Democrats
First cabinet of Ingvar Carlsson,Minister for Employment,Ingela Thalén,19 October 1987,11 January 1990, ,Social Democrats
First cabinet of Ingvar Carlsson,Minister for Employment,Mona Sahlin,11 January 1990,27 February 1990, ,Social Democrats
First cabinet of Ingvar Carlsson,Minister for Agriculture,Svante Lundkvist,12 March 1986,10 October 1986, ,Social Democrats
First cabinet of Ingvar Carlsson,Minister for Agriculture,Mats Hellström,10 October 1986,27 February 1990, ,Social Democrats
First cabinet of Ingvar Carlsson,Minister for Communications,Sven Hulterström,12 March 1986,29 January 1989, ,Social Democrats
First cabinet of Ingvar Carlsson,Minister for Communications,Georg Andersson,29 January 1989,27 February 1990, ,Social Democrats
First cabinet of Ingvar Carlsson,Minister for Civil Service Affairs,Bo Holmberg,12 March 1986,4 October 1988, ,Social Democrats
First cabinet of Ingvar Carlsson,Minister for Civil Service Affairs,Bengt K. Å. Johansson,4 October 1988,27 February 1990, ,Social Democrats
First cabinet of Ingvar Carlsson,Minister for Housing,Ulf Lönnqvist,4 October 1988,27 February 1990, ,Social Democrats
First cabinet of Ingvar Carlsson,Minister for the Environment and Energy,Birgitta Dahl,12 March 1986,27 February 1990, ,Social Democrats
First cabinet of Ingvar Carlsson,Minister for Enterprise,Thage G. Peterson,12 March 1986,30 September 1988, ,Social Democrats
First cabinet of Ingvar Carlsson,Minister for Enterprise,Ingvar Carlsson (acting),30 September 1988,4 October 1988, ,Social Democrats
First cabinet of Ingvar Carlsson,Minister for Enterprise,Ivar Nordberg,4 October 1988,11 January 1990, ,Social Democrats
First cabinet of Ingvar Carlsson,Minister for Enterprise,Rune Molin,11 January 1990,27 February 1990, ,Social Democrats
First cabinet of Ingvar Carlsson,"Sports, Tourism and Youth",Ulf Lönnqvist,10 October 1986,4 October 1988, ,Social Democrats
First cabinet of Ingvar Carlsson,School,Bengt Göransson,12 March 1986,29 January 1989, ,Social Democrats
First cabinet of Ingvar Carlsson,School,Göran Persson,29 January 1989,27 February 1990, ,Social Democrats
First cabinet of Ingvar Carlsson,Culture,Bengt Göransson,12 March 1986,29 February 1990, ,Social Democrats
First cabinet of Ingvar Carlsson,Foreign Trade,Mats Hellström,12 March 1986,10 October 1986, ,Social Democrats
First cabinet of Ingvar Carlsson,Foreign Trade,Anita Gradin,10 October 1986,27 February 1990, ,Social Democrats
First cabinet of Ingvar Carlsson,Nordic Cooperation,Svante Lundqvist,12 March 1986,10 October 1986, ,Social Democrats
First cabinet of Ingvar Carlsson,Nordic Cooperation,Ulf Lönnqvist,10 October 1986,4 October 1988, ,Social Democrats
First cabinet of Ingvar Carlsson,Nordic Cooperation,Mats Hellström,4 October 1988,27 February 1990, ,Social Democrats
First cabinet of Ingvar Carlsson,Salaries and Consumer,Bengt K. Å. Johansson,12 March 1986,4 October 1988, ,Social Democrats
First cabinet of Ingvar Carlsson,Consumer and Youth,Margot Wallström,4 October 1988,27 February 1990, ,Social Democrats
First cabinet of Ingvar Carlsson,Budget,Odd Engström,12 March 1986,16 February 1990, ,Social Democrats
First cabinet of Ingvar Carlsson,International Development Cooperation,Lena Hjelm-Wallén,12 March 1986,27 February 1990, ,Social Democrats
First cabinet of Ingvar Carlsson,Family and Disabled,Bengt Lindqvist,12 March 1986,27 February 1990, ,Social Democrats
First cabinet of Ingvar Carlsson,Equality,Anita Gradin,12 March 1986,10 October 1986, ,Social Democrats
First cabinet of Ingvar Carlsson,Equality,Anna-Greta Leijon,10 October 1986,19 October 1987, ,Social Democrats
First cabinet of Ingvar Carlsson,Equality,Ingela Thalén,19 October 1987,29 January 1989, ,Social Democrats
First cabinet of Ingvar Carlsson,Equality,Maj-Lis Lööw,29 January 1989,27 February 1990, ,Social Democrats
First cabinet of Ingvar Carlsson,Migration,Anita Gradin,12 March 1986,10 October 1986, ,Social Democrats
First cabinet of Ingvar Carlsson,Migration,Georg Andersson,10 October 1986,29 January 1989, ,Social Democrats
First cabinet of Ingvar Carlsson,Migration,Maj-Lis Lööw,29 January 1989,27 February 1990, ,Social Democrats
First cabinet of Ingvar Carlsson,Church,Bo Holmberg,12 March 1986,4 October 1988, ,Social Democrats
First cabinet of Ingvar Carlsson,Church,Margot Wallström,4 October 1988,27 February 1990, ,Social Democrats
