0,1,2,3,4
BAFTA Award for Best Actress in a Supporting Role,199044th,Anjelica Huston,Crimes and Misdemeanors,Dolores Paley
BAFTA Award for Best Actress in a Supporting Role,199044th,Shirley MacLaine,Steel Magnolias,Ouiser Boudreaux
BAFTA Award for Best Actress in a Supporting Role,199044th,Billie Whitelaw,The Krays,Violet Kray
BAFTA Award for Best Actress in a Supporting Role,199145th,Annette Bening,The Grifters,Myra Langtry
BAFTA Award for Best Actress in a Supporting Role,199145th,Amanda Plummer,The Fisher King,Lydia
BAFTA Award for Best Actress in a Supporting Role,199145th,Julie Walters,Stepping Out,Vera
BAFTA Award for Best Actress in a Supporting Role,199246th,Kathy Bates,Fried Green Tomatoes,Evelyn Couch
BAFTA Award for Best Actress in a Supporting Role,199246th,Helena Bonham Carter,Howards End,Helen Schlegel
BAFTA Award for Best Actress in a Supporting Role,199246th,Miranda Richardson,The Crying Game,Jude
BAFTA Award for Best Actress in a Supporting Role,199347th,Winona Ryder,The Age of Innocence,May Welland
BAFTA Award for Best Actress in a Supporting Role,199347th,Holly Hunter,The Firm,Tammy Hemphill
BAFTA Award for Best Actress in a Supporting Role,199347th,Maggie Smith,The Secret Garden,Mrs. Medlock
BAFTA Award for Best Actress in a Supporting Role,199448th,Charlotte Coleman,Four Weddings and a Funeral,Scarlet
BAFTA Award for Best Actress in a Supporting Role,199448th,Sally Field,Forrest Gump,Mrs. Gump
BAFTA Award for Best Actress in a Supporting Role,199448th,Anjelica Huston,Manhattan Murder Mystery,Marcia Fox
BAFTA Award for Best Actress in a Supporting Role,199549th,Joan Allen,Nixon,Pat Nixon
BAFTA Award for Best Actress in a Supporting Role,199549th,Mira Sorvino,Mighty Aphrodite,Linda Ash
BAFTA Award for Best Actress in a Supporting Role,199549th,Elizabeth Spriggs,Sense and Sensibility,Mrs. Jennings
BAFTA Award for Best Actress in a Supporting Role,199650th,Lauren Bacall,The Mirror Has Two Faces,Hannah Morgan
BAFTA Award for Best Actress in a Supporting Role,199650th,Marianne Jean-Baptiste,Secrets & Lies,Hortense Cumberbatch
BAFTA Award for Best Actress in a Supporting Role,199650th,Lynn Redgrave,Shine,Gillian
BAFTA Award for Best Actress in a Supporting Role,199751st,Jennifer Ehle,Wilde,Constance Lloyd Wilde
BAFTA Award for Best Actress in a Supporting Role,199751st,Lesley Sharp,The Full Monty,Jeanette
BAFTA Award for Best Actress in a Supporting Role,199751st,Zoe Wanamaker,Wilde,Ada Leverson
BAFTA Award for Best Actress in a Supporting Role,199852nd,Kathy Bates,Primary Colors,Libby Holden
BAFTA Award for Best Actress in a Supporting Role,199852nd,Brenda Blethyn,Little Voice,Mari Hoff
BAFTA Award for Best Actress in a Supporting Role,199852nd,Lynn Redgrave,Gods and Monsters,Hanna
BAFTA Award for Best Actress in a Supporting Role,199953rd,Thora Birch,American Beauty,Jane Burnham
BAFTA Award for Best Actress in a Supporting Role,199953rd,Mena Suvari,American Beauty,Angela Hayes
BAFTA Award for Best Actress in a Supporting Role,199953rd,Cate Blanchett,The Talented Mr. Ripley,Meredith Logue
BAFTA Award for Best Actress in a Supporting Role,199953rd,Cameron Diaz,Being John Malkovich,Lotte Schwartz
