0,1,2
Asian Cycling Confederation, Afghanistan,Afghanistan Cycling Federation
Asian Cycling Confederation, Bahrain,Bahrain Cycling Association
Asian Cycling Confederation, Bangladesh,Bangladesh Cycling Federation
Asian Cycling Confederation, Bhutan,Bhutan Cycling Federation
Asian Cycling Confederation, Brunei,Brunei Darussalam Cycling Federation
Asian Cycling Confederation, Cambodia,Cambodian Cycling Federation
Asian Cycling Confederation, Chinese Taipei,Chinese Taipei Cycling Association
Asian Cycling Confederation, Iraq,Iraqi Cycling Federation
Asian Cycling Confederation, Jordan,Jordan Cycling Federation
Asian Cycling Confederation, Kuwait,Kuwait Athletic and Cycling Federation
Asian Cycling Confederation, Kyrgyzstan,Kyrgys Cycling Federation
Asian Cycling Confederation, Laos,Lao Cycling Federation
Asian Cycling Confederation, Lebanon,Fédération Libanaise de Cyclisme
Asian Cycling Confederation, Maldives,Bicycle Association of Maldives
Asian Cycling Confederation, Mongolia,Mongolian Cycling Federation
Asian Cycling Confederation, Myanmar,Myanmar Cycling Federation
Asian Cycling Confederation,   Nepal,Nepal Cycling Association
Asian Cycling Confederation, North Korea,Cycling Association of the Democratic People's Republic of Korea
Asian Cycling Confederation, Oman,Oman Cycling Association
Asian Cycling Confederation, Palestine,Palestinian Cycling Federation
Asian Cycling Confederation, Saudi Arabia,Saudi Cycling Federation
Asian Cycling Confederation, Sri Lanka,Cycling Federation of Sri Lanka
Asian Cycling Confederation, Syria,Syrian Arab Cycling Federation
Asian Cycling Confederation, Tajikistan,Tajikistan Cycling Federation
Asian Cycling Confederation, Thailand,Thai Cycling Association
Asian Cycling Confederation, Turkmenistan,Cycling Federation of Turkmenistan
Asian Cycling Confederation, United Arab Emirates,UAE Cycling Federation
Asian Cycling Confederation, Uzbekistan,Uzbekistan Cycling Federation
Asian Cycling Confederation, Vietnam,Vietnam Cycling Federation
Asian Cycling Confederation, Yemen,Yemen Cycling Federation
