0,1,2,3,4,5,6,7,8,9,10,11
,,,,,,,,,,,
,,,,,,,,,,,
Line 1,,,,Fushouling(Opening 2023),福寿岭,,,,,Shijingshan,None
Line 1,,,,"Pingguoyuan(Under renovation, re-opening 2023)",苹果园, 6   S1 ,325 336 358 370 396 399 472 527 597 664 876 892 929 931 932 941快 948 961 972 977 977快 981 M2 M3 M4 M5 M6 M7 M11 M16 M20 M22,0.0,0.0,Shijingshan,None
Line 1,●,,●,Gucheng,古城,,318 327 337 399 597 941 958 959 992 快速直达专线208 快速直达专线213 快速直达专线222 夜5 专61 专218,2.606,2.606,Shijingshan,None
Line 1,●,,●,Bajiao Amusement Park,八角游乐园,,325 337 373 436 472 527 574 597 598 663 914 941 959 965 992 专46 专86 专91 专111 专215,1.921,4.527,Shijingshan,None
Line 1,●,,●,Babaoshan,八宝山,,1 76 337 373 527 546 574 597 610 914 941 951 961 979 快速直达专线187 夜1 专69 专109 专111 专150 专215,1.953,6.48,Shijingshan,None
Line 1,●,,●,Yuquan Lu,玉泉路,,1 76 78 337 338 354 370 373 389 436 452 463 472 473 481 507 610 612 644 941 941快 979 快速直达专线171 夜1 专11,1.479,7.959,Shijingshan,None
Line 1,●,,●,Wukesong,五棵松,,1 64 76 97 337 370 436 568 585 624 740 952 967 982 983 特9 夜1 专127,1.81,9.769,Haidian,None
Line 1,●,,●,Wanshou Lu,万寿路,,1 32 33 64 68 76 77 89 308 335 337 370 624 627 夜1 夜5 夜16,1.778,11.547,Haidian,None
Line 1,●,●,●,Gongzhufen,公主坟, 10 ,1 32 33 40 52 62 64 68 74 76 77 89 94 134 300 300快 308 323 335 337 370 374 394 437 603 624 631快 698 977 977快 特8 夜1 夜5 夜30,1.313,12.86,Haidian,None
Line 1,●,●,●,Muxidi,木樨地, 16  (out-of-system interchange),1 21 32 52 65 68 78 85 94 114 308 320 夜1 夜8,1.166,15.198,Xicheng,None
Line 1,●,●,●,Nanlishi Lu,南礼士路,,1 3 10 15 19 42 46 49 52 56 夜1 夜8 夜12,1.291,16.489,Xicheng,None
Line 1,●,●,●,Fuxingmen,复兴门, 2  19  (Out-of-system interchange via Taipingqiao),1 10 15 44 49 52 332 387 395 423 691 694 特12 夜1 夜20 专191,0.424,16.913,Xicheng,None
Line 1,●,●,●,Tian'anmenxi,天安门西,,1 5 52 观光1 观光2 夜1,1.217,19.72,Xicheng,None
Line 1,●,●,●,Tian'anmendong,天安门东,,1 2 52 82 120 观光1 观光2 夜1 夜2 夜17,0.925,20.645,Dongcheng,None
Line 1,●,●,●,Wangfujing,王府井, 8 ,1 41 52 103 120 观光2 特11 夜1 夜17 夜18 夜21,0.852,21.497,Dongcheng,None
Line 1,●,●,●,Yong'anli,永安里,,1 9 28 43 58 120 126 140 403 639 668 夜1 夜24,1.377,24.878,Chaoyang,None
Line 1,●,●,●,Sihui,四惠,,1 57 58 322 363 397 405 455 468 475 496 506 517 553 605 657 666 671 865 988 989 夜1 夜27 专113 专167,1.673,28.726,Chaoyang,None
Line 1,●,●,●,Sihuidong,四惠东,,363 397 468 475 506 517 553 666 夜27 专141,1.714,30.44,Chaoyang,None
Batong line,●,●,●,Gaobeidian,高碑店,,363 397 475 506 517 666 夜27 专141,1.375,31.815,Chaoyang,None
Batong line,●,●,●,Communication Univ of China,传媒大学,,397 475 506 666 夜27 专36,2.002,33.817,Chaoyang,None
Batong line,●,●,●,Shuangqiao,双桥,,382 397 411 451 475 506 666 夜27,1.894,35.711,Chaoyang,None
Batong line,●,●,●,Guaanzhuang,管庄,,364 388 442 532 615 666 690 BRT2(快速公交2) 夜27 专39 专211,1.912,37.623,Chaoyang,None
Batong line,●,●,●,Baliqiao,八里桥,,322 615 647 666 668 807 夜27,1.763,39.386,Chaoyang,None
Batong line,●,●,●,Tongzhou Beiyuan,通州北苑,,316 317 322 372 591 615 647 666 667 804 805 806 808 809 810 811 861 924 938 通1 T2 通3 通4 通10 通11 通12 通13 通19 通21 通22 通37 通51 通60 通87 通90 T118 夜27 专157,1.7,41.086,Tongzhou,None
Batong line,●,●,●,Guoyuan,果园,,312 316 317 552 591 668 805 938 通10 通11 通12 通19 通36 通36专 通68 通87 T103 T118 夜29,1.465,42.551,Tongzhou,None
Batong line,●,,,Jiukeshu,九棵树,,372 582 587 668 805 810 938 通5 T7 通9 通10 通13 通13支 通14 通21 通22 T25 通41 通43 通44 通45 通62 通64 通65 T71 通72 通73 通87 通90 T101 T102 T103 T113 T117,0.99,43.541,Tongzhou,None
Batong line,●,,,Liyuan,梨园,,372 587 589 647 668 805 806 810 913 938 通5 T7 通9 通10 通13 通13支 通14 T18 通21 通22 通34 通41 通43 通53 通62 通64 通65 通68区 通72 通73 通90 T101 T102 T103 T109,1.225,44.766,Tongzhou,None
Batong line,●,,,Linheli,临河里,,435 587 589 591 806 810 924 938 通4 通9 通13 通13支 通14 通21 通22 通34 通38 通41 通43 通53 通62 通64 通68区 通72 通73 通90 T101 T102 T107 T116 T118 专173 专203,1.257,46.023,Tongzhou,None
Batong line,●,,,Tuqiao,土桥,,435 591 805 806 807 810 910 924 938 通5 T6 通9 通13 通13支 通14 通21 通22 通34 通38 通41 通43 通50 通53 通64 通72 通73 通90 T101 T103 T105 T107 T108 T112 T115 T116 T118 T121,0.776,46.799,Tongzhou,None
Batong line,●,,,Huazhuang,花庄, 7 ,589 806 通14 通34 通43 通53 通68区 通72 通73 通90 T101 T102 T116,2.238,49.037,Tongzhou,None
Batong line,●,,,Universal Resort,环球度假区, 7 ,589 T116,1.863,50.9,Tongzhou,None
,,,,,,,,,,,
,,,,,,,,,,,
