0,1,2,3,4,5,6,7
Blue Line (Toei Subway),I01,Meguro,目黒,-,0.0,"
MG Meguro Line
N Namboku Line (N-01) (shared)
JY Yamanote Line
",Shinagawa
Blue Line (Toei Subway),I02,Shirokanedai,白金台,1.3,1.3,N Tokyo Metro Namboku Line (N-02) (shared),Minato
Blue Line (Toei Subway),I03,Shirokane-takanawa,白金高輪,1.0,2.3,N Namboku Line (N-03) (shared),Minato
Blue Line (Toei Subway),I04,Mita,三田,1.7,4.0,"
A Asakusa Line (A-08)
JY Yamanote Line (Tamachi Station)
JK Keihin-Tōhoku Line (Tamachi Station)
",Minato
Blue Line (Toei Subway),I05,Shibakoen,芝公園,0.6,4.6, ,Minato
Blue Line (Toei Subway),I06,Onarimon,御成門,0.7,5.3, ,Minato
Blue Line (Toei Subway),I07,Uchisaiwaicho,内幸町,1.1,6.4, ,Chiyoda
Blue Line (Toei Subway),I09,Ōtemachi,大手町,0.9,8.2,"
M Marunouchi Line (M-18)
T Tozai Line (T-09)
C Chiyoda Line (C-11)
Z Hanzōmon Line (Z-08)
M Marunouchi Line (Tokyo, M-17)
",Chiyoda
Blue Line (Toei Subway),I11,Suidobashi,水道橋,1.0,10.6,JB Chūō-Sōbu Line,Bunkyō
Blue Line (Toei Subway),I12,Kasuga,春日,0.7,11.3,"
E Ōedo Line (E-07)
M Marunouchi Line (Korakuen Station: M-22)
N Namboku Line (Korakuen Station: N-11)
",Bunkyō
Blue Line (Toei Subway),I13,Hakusan,白山,1.4,12.7, ,Bunkyō
Blue Line (Toei Subway),I14,Sengoku,千石,1.0,13.7, ,Bunkyō
Blue Line (Toei Subway),I17,Shin-itabashi,新板橋,1.0,17.0,JA Saikyō Line (Itabashi Station),Itabashi
Blue Line (Toei Subway),I18,Itabashikuyakushomae,板橋区役所前,0.9,17.9, ,Itabashi
Blue Line (Toei Subway),I19,Itabashihoncho,板橋本町,1.2,19.1, ,Itabashi
Blue Line (Toei Subway),I20,Motohasunuma,本蓮沼,0.9,20.0, ,Itabashi
Blue Line (Toei Subway),I21,Shimura-sakaue,志村坂上,1.1,21.1, ,Itabashi
Blue Line (Toei Subway),I22,Shimura-sanchome,志村三丁目,0.9,22.0, ,Itabashi
Blue Line (Toei Subway),I23,Hasune,蓮根,1.2,23.2, ,Itabashi
Blue Line (Toei Subway),I24,Nishidai,西台,0.8,24.0, ,Itabashi
Blue Line (Toei Subway),I25,Takashimadaira,高島平,1.0,25.0, ,Itabashi
Blue Line (Toei Subway),I26,Shin-takashimadaira,新高島平,0.7,25.7, ,Itabashi
Blue Line (Toei Subway),I27,Nishi-takashimadaira,西高島平,0.8,26.5, ,Itabashi
