0,1,2,3
Directors Guild of America Award for Outstanding Directing – Feature Film,1970(23rd),Robert Altman,M*A*S*H
Directors Guild of America Award for Outstanding Directing – Feature Film,1970(23rd),Arthur Hiller,Love Story
Directors Guild of America Award for Outstanding Directing – Feature Film,1970(23rd),David Lean,Ryan's Daughter
Directors Guild of America Award for Outstanding Directing – Feature Film,1970(23rd),Bob Rafelson,Five Easy Pieces
Directors Guild of America Award for Outstanding Directing – Feature Film,1971(24th),Peter Bogdanovich,The Last Picture Show
Directors Guild of America Award for Outstanding Directing – Feature Film,1971(24th),Stanley Kubrick,A Clockwork Orange
Directors Guild of America Award for Outstanding Directing – Feature Film,1971(24th),Robert Mulligan,Summer of '42
Directors Guild of America Award for Outstanding Directing – Feature Film,1971(24th),John Schlesinger,Sunday Bloody Sunday
Directors Guild of America Award for Outstanding Directing – Feature Film,1972(25th),John Boorman,Deliverance
Directors Guild of America Award for Outstanding Directing – Feature Film,1972(25th),Bob Fosse,Cabaret
Directors Guild of America Award for Outstanding Directing – Feature Film,1972(25th),George Roy Hill,Slaughterhouse-Five
Directors Guild of America Award for Outstanding Directing – Feature Film,1972(25th),Martin Ritt,Sounder
Directors Guild of America Award for Outstanding Directing – Feature Film,1973(26th),Bernardo Bertolucci,Last Tango in Paris
Directors Guild of America Award for Outstanding Directing – Feature Film,1973(26th),William Friedkin,The Exorcist
Directors Guild of America Award for Outstanding Directing – Feature Film,1973(26th),George Lucas,American Graffiti
Directors Guild of America Award for Outstanding Directing – Feature Film,1973(26th),Sidney Lumet,Serpico
Directors Guild of America Award for Outstanding Directing – Feature Film,1974(27th),Francis Ford Coppola,The Conversation
Directors Guild of America Award for Outstanding Directing – Feature Film,1974(27th),Bob Fosse,Lenny
Directors Guild of America Award for Outstanding Directing – Feature Film,1974(27th),Sidney Lumet,Murder on the Orient Express
Directors Guild of America Award for Outstanding Directing – Feature Film,1974(27th),Roman Polanski,Chinatown
Directors Guild of America Award for Outstanding Directing – Feature Film,1975(28th),Miloš Forman,One Flew Over the Cuckoo's Nest
Directors Guild of America Award for Outstanding Directing – Feature Film,1975(28th),Robert Altman,Nashville
Directors Guild of America Award for Outstanding Directing – Feature Film,1975(28th),Stanley Kubrick,Barry Lyndon
Directors Guild of America Award for Outstanding Directing – Feature Film,1975(28th),Sidney Lumet,Dog Day Afternoon
Directors Guild of America Award for Outstanding Directing – Feature Film,1975(28th),Steven Spielberg,Jaws
Directors Guild of America Award for Outstanding Directing – Feature Film,1976(29th),Sidney Lumet,Network
Directors Guild of America Award for Outstanding Directing – Feature Film,1976(29th),Alan J. Pakula,All the President's Men
Directors Guild of America Award for Outstanding Directing – Feature Film,1976(29th),Martin Scorsese,Taxi Driver
Directors Guild of America Award for Outstanding Directing – Feature Film,1976(29th),Lina Wertmüller,Seven Beauties
Directors Guild of America Award for Outstanding Directing – Feature Film,1977(30th),George Lucas,Star Wars
Directors Guild of America Award for Outstanding Directing – Feature Film,1977(30th),Herbert Ross,The Turning Point
Directors Guild of America Award for Outstanding Directing – Feature Film,1977(30th),Steven Spielberg,Close Encounters of the Third Kind
Directors Guild of America Award for Outstanding Directing – Feature Film,1977(30th),Fred Zinnemann,Julia
Directors Guild of America Award for Outstanding Directing – Feature Film,1978(31st),Hal Ashby,Coming Home
Directors Guild of America Award for Outstanding Directing – Feature Film,1978(31st),Warren Beatty and Buck Henry,Heaven Can Wait
Directors Guild of America Award for Outstanding Directing – Feature Film,1978(31st),Paul Mazursky,An Unmarried Woman
Directors Guild of America Award for Outstanding Directing – Feature Film,1978(31st),Alan Parker,Midnight Express
Directors Guild of America Award for Outstanding Directing – Feature Film,1979(32nd),Woody Allen,Manhattan
Directors Guild of America Award for Outstanding Directing – Feature Film,1979(32nd),James Bridges,The China Syndrome
Directors Guild of America Award for Outstanding Directing – Feature Film,1979(32nd),Francis Ford Coppola,Apocalypse Now
Directors Guild of America Award for Outstanding Directing – Feature Film,1979(32nd),Peter Yates,Breaking Away
