0,1,2,3,4
Zorba the Greek (film),Academy Award,Best Art Direction (Black-and-White),Vassilis Photopoulos,Won
Zorba the Greek (film),Academy Award,Best Cinematography (Black-and-White),Walter Lassally,Won
Zorba the Greek (film),BAFTA Award,Best Film from any Source,Michael Cacoyannis,Nominated
Zorba the Greek (film),BAFTA Award,Best Foreign Actor,Anthony Quinn,Nominated
Zorba the Greek (film),BAFTA Award,Best Foreign Actress,Lila Kedrova,Nominated
Zorba the Greek (film),Golden Globe Award,Best Motion Picture – Drama,Best Motion Picture – Drama,Nominated
Zorba the Greek (film),Golden Globe Award,Best Director,Michael Cacoyannis,Nominated
Zorba the Greek (film),Golden Globe Award,Best Actor – Motion Picture Drama,Anthony Quinn,Nominated
Zorba the Greek (film),Golden Globe Award,Best Supporting Actress – Motion Picture,Lila Kedrova,Nominated
Zorba the Greek (film),Golden Globe Award,Best Original Score,Mikis Theodorakis,Nominated
Zorba the Greek (film),Grammy Award,Best Score Soundtrack for Visual Media,Mikis Theodorakis,Nominated
Zorba the Greek (film),National Board of Review,Top Ten Films,Top Ten Films,Won
Zorba the Greek (film),National Board of Review,Best Actor,Anthony Quinn,Won
