0,1,2,3,4,5,6,7,8,9
Antipopes in fiction,c. 199 – c. 200,Natalius,Natalius,Natalius,"c. 159 Rome, Roman Empire",38 / 48,"1 year, 0 days (365)",Later reconciled (see above),Zephyrinus
Antipopes in fiction,20 Dec 217 – 28 Sep 235,Saint Hippolytus,Hippolytus,Hippolytus,170 Rome. Roman Empire,45 / 65 (†66),"17 years, 282 days (6491)",Later reconciled with Pope Pontian (see above),Callixtus I
Antipopes in fiction,20 Dec 217 – 28 Sep 235,Saint Hippolytus,Hippolytus,Hippolytus,170 Rome. Roman Empire,45 / 65 (†66),"17 years, 282 days (6491)",Later reconciled with Pope Pontian (see above),Urban I
Antipopes in fiction,20 Dec 217 – 28 Sep 235,Saint Hippolytus,Hippolytus,Hippolytus,170 Rome. Roman Empire,45 / 65 (†66),"17 years, 282 days (6491)",Later reconciled with Pope Pontian (see above),Pontian
Antipopes in fiction,Mar 251 – Aug 258,Novatian,Novatianus,Novatian,"c. 200 Rome, Roman Empire",51 / 58 (†93),"7 years, 153 days (2710)",Founder of Novatianism,Cornelius
Antipopes in fiction,Mar 251 – Aug 258,Novatian,Novatianus,Novatian,"c. 200 Rome, Roman Empire",51 / 58 (†93),"7 years, 153 days (2710)",Founder of Novatianism,Lucius I
Antipopes in fiction,Mar 251 – Aug 258,Novatian,Novatianus,Novatian,"c. 200 Rome, Roman Empire",51 / 58 (†93),"7 years, 153 days (2710)",Founder of Novatianism,Stephen I
Antipopes in fiction,Mar 251 – Aug 258,Novatian,Novatianus,Novatian,"c. 200 Rome, Roman Empire",51 / 58 (†93),"7 years, 153 days (2710)",Founder of Novatianism,Sixtus II
Antipopes in fiction,20 Apr 309 – 16 Aug 310,Heraclius,Heraclius,Heraclius,"c. 265 Rome, Roman Empire",45 / 46,"1 year, 118 days (483)",,Eusebius
Antipopes in fiction,355 – 26 Nov 365,Felix II*,Felix secundus,Felix,"c. 270 Rome, Roman Empire",80 / 90,"10 years, 329 days (3982)",Installed by Roman emperor Constantius II,Liberius
Antipopes in fiction,1 Oct 366 – 16 Nov 367,Ursicinus,Ursicinus,Ursinus,"c. 300 Rome, Roman Empire",66 / 67,"1 year, 46 days (411)",,Damasus I
Antipopes in fiction,27 Dec 418 – 3 Apr 419,Eulalius,Eulalius,Eulalius,"c. 370 Rome, Roman Empire",38 / 39 (†42),"1 year, 46 days (411)",,Boniface I
Antipopes in fiction,22 Nov 498 – Aug 506/08,Laurentius,Laurentius,Lorenzo Celio,"c. 460 Rome, Roman Empire",38 / 46 (†48),"9 years, 283 days (3569)",Supported by Byzantine emperor Anastasius I,Symmachus
Antipopes in fiction,22 Sep 530 – 14 Oct 530,Dioscorus,Dioscurus,Dióskoros,c. 450 Alexandria,70 / 70,22 days (22),,Boniface II
Antipopes in fiction,21 Sep 687,Theodore,Theodorus,Theodore,"c. 599 Rome, Western Roman Empire",88 / 88 (†92),97 days (97),,Sergius I
Antipopes in fiction,21 Sep 687,Paschal (I),Paschalis,Pascale,"c. 598 Rome, Western Roman Empire",89 / 89 (†94),97 days (97),,Sergius I
Antipopes in fiction,28 Jun 767 – 6 Aug 768,Constantine II,Constantinus secundus,Konstantinus,"c. 700 Rome, Western Roman Empire",67 / 68 (†69),"1 year, 39 days (405)",,Between Paul I and Stephen III
Antipopes in fiction,31 Jul 768,Philip,Philippus,Philip,"c. 701 Rome, Western Roman Empire",68 / 68 (†99),0 days (0),Installed by envoy of Lombard King Desiderius,Stephen III
Antipopes in fiction,25 Jan – 31 May 844,John VIII,Joannes octavus,Giovanni,"c. 800 Rome, Papal States",44 / 44 (†91),151 days (151),Elected by acclamation,Sergius II
Antipopes in fiction,Jan 855 – 31 Mar 855,Anastasius III Bibliothecarius,Anastasius tertius,Anastasius,"c. 810 Rome, Papal States",45 / 45 (†68),89 days (89),,Benedict III
Antipopes in fiction,3 Oct 903 – 27 Jan 904,Christopher,Christophorus,Christoforo,"c. 850 Rome, Papal States",53 / 54,116 days (116),,Between Leo V and Sergius III
Antipopes in fiction,Jul 974,Boniface VII*,Bonifacius,Franco Ferrucci,"c. 900 Rome, Papal States",73 / 73 and 84 / 85,30 days (30)334 days (334) total 364 days (364 days),,Between Benedict VI and Benedict VII
Antipopes in fiction,20 Aug 984 – 20 Jul 985,Boniface VII*,Bonifacius,Franco Ferrucci,"c. 900 Rome, Papal States",73 / 73 and 84 / 85,30 days (30)334 days (334) total 364 days (364 days),,Between John XIV and John XV
Antipopes in fiction,Apr 997 – Feb 998,John XVI*,Joannes,John Filagatto,"c. 941 Rossano, Calabria, Papal States (Italy)",56 / 56 (†59),"1 year, 0 days (365)",Supported by Byzantine emperor Basil II,Gregory V
Antipopes in fiction,Jun 1012,Gregory VI,Gregorius Sextus,Gregorio,"c. 960 Rome, Papal States",52 / 52 (†60),29 days (29),,Benedict VIII
Antipopes in fiction,4 Apr 1058 – 24 Jan 1059,Benedict X*,Benedictus Decimus,Giovanni Mincio dei Conti di Tusculo,"c. 1000 Rome, Papal States,",58 / 59 (†80),295 days (295 ),Supported by the Counts of Tusculum,Nicholas II
Antipopes in fiction,July 1061 – 31 May 1064,Honorius II,Honorius Secundus,Pietro Cadalus,"1010 Verona, Papal States",51 / 54 (†62),"2 years, 335 days (1065)","Supported by Agnes, regent of the Holy Roman Empire",Alexander II
Antipopes in fiction,"25 Jun 1080, 21 Mar 1084 – 8 Sep 1100",Clement III,Clemens Tertius,Guibert of Ravenna,"c. 1029 Parma, Papal States","51 / 51, 54 / 71","20 years, 44 days (7348)","Supported by Henry IV, Holy Roman Emperor",Gregory VII
Antipopes in fiction,"25 Jun 1080, 21 Mar 1084 – 8 Sep 1100",Clement III,Clemens Tertius,Guibert of Ravenna,"c. 1029 Parma, Papal States","51 / 51, 54 / 71","20 years, 44 days (7348)","Supported by Henry IV, Holy Roman Emperor",Victor III
Antipopes in fiction,"25 Jun 1080, 21 Mar 1084 – 8 Sep 1100",Clement III,Clemens Tertius,Guibert of Ravenna,"c. 1029 Parma, Papal States","51 / 51, 54 / 71","20 years, 44 days (7348)","Supported by Henry IV, Holy Roman Emperor",Urban II
Antipopes in fiction,"25 Jun 1080, 21 Mar 1084 – 8 Sep 1100",Clement III,Clemens Tertius,Guibert of Ravenna,"c. 1029 Parma, Papal States","51 / 51, 54 / 71","20 years, 44 days (7348)","Supported by Henry IV, Holy Roman Emperor",Paschal II
Antipopes in fiction,8 Sep 1100 – Jan 1101,Theodoric,Theodoricus,Theodoro,"c. 1030 Rome, Papal States,",70 / 71 (†72),121 days (−244),Successor to Clement III,Paschal II
Antipopes in fiction,Jan 1101 – Feb 1102,Adalbert or Albert,Adalbertus,Albert,"c. 1046 Atella, Campania, Papal States,",55 / 56 (†85),31 days (31),Successor to Theodoric,Paschal II
Antipopes in fiction,8 Nov 1105 – 11 Apr 1111,Sylvester IV,Sylvester Quartus,Maginulf,"c. 1050 Rome, Papal States",49 / 55 (†56),"5 years, 324 days (31)","Supported by Henry V, Holy Roman Emperor",Paschal II
Antipopes in fiction,10 Mar 1118 – 22 Apr 1121,Gregory VIII,Gregorius Octavus,Maurice Burdain,"c. 1057 Limousin, Occitania, France",61 / 65 (†72),"3 years, 43 days (1139)","Supported by Henry V, Holy Roman Emperor",Gelasius II
Antipopes in fiction,16 Dec 1124,Celestine II,Cœlestinus Secundus,Teobaldo Boccapecci,"c. 1050 Rome, Papal States",74 / 74 (†86),0 days (0),,Honorius II
Antipopes in fiction,14 Feb 1130 – 25 Jan 1138,Anacletus II,Anacletus Secundus,Pietro Pierleoni,"c. 1090 Rome, Papal States",48 / 48,"7 years, 345 days (2902)",,Innocent II
Antipopes in fiction,23 Mar 1138,Victor IV,Victor Quartus,Gregorio Conti,"c. 1057 Ceccano, Papal States",81 / 81 (†90),2 days (2),Successor to Anacletus II,Innocent II
Antipopes in fiction,7 Sep 1159 – 20 Apr 1164,Victor IV,Victor Quartus,Ottavio di Montecelio,"c. 1095 Tivoli, Papal States",64 / 69,"4 years, 226 days (1687)","Supported by Frederick I, Holy Roman Emperor",Alexander III
Antipopes in fiction,22 Apr 1164 – 28 Sep 1168,Paschal III,Paschalis Tertius,Guido di Crema,"c. 1110 Crema, Lombardy, Papal States",54 / 58,"4 years, 159 days (1620 days)","Supported by Frederick I, Holy Roman Emperor",Alexander III
Antipopes in fiction,Sep 1168 – 29 Aug 1178,Callixtus III,Callixtus Tertius,Giovanni of Struma,"c. 1090 Arezzo, Papal States",78 / 88 (†90),"9 years, 362 days (3649 days)","Supported by Frederick I, Holy Roman Emperor",Alexander III
Antipopes in fiction,29 Sep 1179 – Jan 1180,Innocent III,Innocentius Tertius,Lanzo of Sezza,"c. 1120 Sezze, Papal States",59 / 60 (†63),95 days (95 days),"Supported by Frederick I, Holy Roman Emperor",Alexander III
Antipopes in fiction,12 May 1328 – 12 Aug 1330,Nicholas V,Nicolaus Quintus,Pietro Rainalducci,"c. 1258 Corvaro, Papal States",70 / 74,"2 years, 92 days (822 days)","Supported by Louis IV, Holy Roman Emperor",John XXII
Antipopes in fiction,20 Sep 1378 – 16 Sep 1394,Clement VII,Clemens,Robert of Geneva,"1342 Annecy, France",36/52,"15 years, 361 days (5840 days)",Avignon,Urban VI
Antipopes in fiction,20 Sep 1378 – 16 Sep 1394,Clement VII,Clemens,Robert of Geneva,"1342 Annecy, France",36/52,"15 years, 361 days (5840 days)",Avignon,Boniface IX
Antipopes in fiction,25 Jun 1409 – 3 May 1410,Alexander V*,Alexander,Pietro Philarghi,"c. 1339 Crete, Republic of Venice",70 / 71,312 days (312 days),Pisa,Gregory XII
Antipopes in fiction,25 May 1410 – 29 May 1415,John XXIII,Ioannes Vicecimus Tertius,Baldassare Cossa,c. 1365,45 / 50 (†54),"5 years, 6 days (1832 days)",Pisa,Gregory XII
Antipopes in fiction,10 Jun 1423 – 26 Jul 1429,Clement VIII,Clemens Octavus,Gil Sánchez Muñoz y Carbón,"1370 Teruel, Aragon",52 / 59 (†77),"6 years, 49 days (2241 days)",Avignon,Martin V
Antipopes in fiction,1424–1430,Benedict XIV,Benedictus Quartus Decimus,Bernard Garnier,1370 France,54 / 59 (†89),"6 years, 211 days (2403 days)","Claimed successor to Benedict XIII – aka ""The hidden pope""  ",Martin V
Antipopes in fiction,1430–1437,Benedict XIV,Benedictus Quartus Decimus,Jean Carrier,c. 1370 France,59 / 66,"7 years, 242 days (2799 days)",,Martin V
Antipopes in fiction,5 Nov 1439 – 7 Apr 1449,Felix V,Fœlix,Duke Amadeus VIII of Savoy,"4 September 1383 Chambéry, Savoy",56/65 (†67),"9 years, 153 days (3441)",Elected by the Council of Basel,Eugene IV
Antipopes in fiction,5 Nov 1439 – 7 Apr 1449,Felix V,Fœlix,Duke Amadeus VIII of Savoy,"4 September 1383 Chambéry, Savoy",56/65 (†67),"9 years, 153 days (3441)",Elected by the Council of Basel,Nicholas V
