0,1,2,3,4,5
British academy television award for best actor,2000(46th),Aiden Gillen,Queer as Folk,Stuart Alan Jones,Channel 4
British academy television award for best actor,2000(46th),Pete Postlethwaite,Lost for Words,Deric Longden,ITV
British academy television award for best actor,2000(46th),Timothy Spall,Shooting the Past,Oswald Bates,BBC Two
British academy television award for best actor,2001(47th),Steven Mackintosh,Care,Davy Younger,BBC One
British academy television award for best actor,2001(47th),Pete Postlethwaite,The Sins,Len Green,BBC One
British academy television award for best actor,2001(47th),Ken Stott,The Vice,Pat Chappel,ITV
British academy television award for best actor,2002(48th),Alan Bates,Love in a Cold Climate,Matthew Alconleigh,BBC One
British academy television award for best actor,2002(48th),David Suchet,The Way We Live Now,Augustus Melmotte,BBC One
British academy television award for best actor,2002(48th),Timothy Spall,Vacuuming Completely Nude in Paradise,Tommy Rag,BBC Two
British academy television award for best actor,2003(49th),James Nesbitt,Bloody Sunday,Ivan Cooper,ITV
British academy television award for best actor,2003(49th),Kenneth Branagh,Conspiracy,Reinhard Heydrich,BBC Two/HBO
British academy television award for best actor,2003(49th),Kenneth Branagh,Shackleton,Ernest Shackleton,Channel 4
British academy television award for best actor,2004 (50th),Christopher Eccleston,The Second Coming,Steven Baxter,ITV
British academy television award for best actor,2004 (50th),Jim Broadbent,The Young Visiters,Alfred Salteena,BBC One
British academy television award for best actor,2004 (50th),David Morrissey,State of Play,Stephen Collins,BBC One
British academy television award for best actor,2005 (51st),Benedict Cumberbatch,Hawking,Stephen Hawking,BBC Two
British academy television award for best actor,2005 (51st),Mark Strong,The Long Firm,Harry Starks,BBC Two
British academy television award for best actor,2005 (51st),Michael Sheen,Dirty Filthy Love,Mark Furness,ITV
British academy television award for best actor,2006 (52nd),Denis Lawson,Bleak House,John Jarndyce,BBC One
British academy television award for best actor,2006 (52nd),Rufus Sewell,ShakespeaRe-Told: The Taming of the Shrew,Petruchio,BBC One
British academy television award for best actor,2006 (52nd),Bernard Hill,A Very Social Secretary,David Blunkett,Channel 4
British academy television award for best actor,2007 (53rd),John Simm,Life on Mars,Sam Tyler,BBC One
British academy television award for best actor,2007 (53rd),Andy Serkis,Longford,Ian Brady,Channel 4
British academy television award for best actor,2007 (53rd),Michael Sheen,Kenneth Williams: Fantabulosa!,Kenneth Williams,BBC Four
British academy television award for best actor,2008 (54th),Andrew Garfield,Boy A,Jack Burridge / Eric Wilson,Channel 4
British academy television award for best actor,2008 (54th),Tom Hardy,Stuart: A Life Backwards,Stuart Shorter,BBC Two
British academy television award for best actor,2008 (54th),Matthew MacFadyen,Secret Life,Charlie Webb,Channel 4
British academy television award for best actor,2008 (54th),Antony Sher,Primo,Primo Levi,BBC Four
British academy television award for best actor,2009 (55th),Stephen Dillane,The Shooting of Thomas Hurndall,Anthony Hurndall,Channel 4
British academy television award for best actor,2009 (55th),Jason Isaacs,The Curse of Steptoe,Harry H. Corbett,BBC Four
British academy television award for best actor,2009 (55th),Ken Stott,Hancock & Joan,Tony Hancock,BBC Four
British academy television award for best actor,2009 (55th),Ben Whishaw,Criminal Justice,Ben Coulter,BBC One
