0,1,2,3,4,5,6,7,8,9,10,11,12,13
Keikyū Main Line,KK02,Kitashinagawa,北品川,O,|,,|,|,|,↓,↑, ,"Shinagawa, Tokyo"
Keikyū Main Line,KK03,Shimbamba,新馬場,O,|,,|,|,|,↓,↑, ,"Shinagawa, Tokyo"
Keikyū Main Line,KK04,Aomono-yokochō,青物横丁,O,O,,O,|,|,↓,↑, ,"Shinagawa, Tokyo"
Keikyū Main Line,KK05,Samezu,鮫洲,O,|,,|,|,|,↓,↑, ,"Shinagawa, Tokyo"
Keikyū Main Line,KK06,Tachiaigawa,立会川,O,O,,|,|,|,↓,↑, ,"Shinagawa, Tokyo"
Keikyū Main Line,KK07,Ōmorikaigan,大森海岸,O,|,,|,|,|,↓,↑, ,"Shinagawa, Tokyo"
Keikyū Main Line,KK08,Heiwajima,平和島,O,O,,O,|,|,↓,↑, ,"Ōta, Tokyo"
Keikyū Main Line,KK09,Ōmorimachi,大森町,O,|,,|,|,|,↓,↑, ,"Ōta, Tokyo"
Keikyū Main Line,KK10,Umeyashiki,梅屋敷,O,|,,|,|,|,↓,↑, ,"Ōta, Tokyo"
Keikyū Main Line,KK11,Keikyū Kamata,京急蒲田,O,O,O,O,O,|,↓,↑,KK Keikyū Airport Line (through service),"Ōta, Tokyo"
Keikyū Main Line,KK18,Zōshiki,雑色,O, ,|,|,|, ,↓,↑, ,"Ōta, Tokyo"
Keikyū Main Line,KK19,Rokugōdote,六郷土手,O, ,|,|,|, ,↓,↑, ,"Ōta, Tokyo"
Keikyū Main Line,KK20,Keikyū Kawasaki,京急川崎,O, ,O,O,O, ,↓,↑,"
KK Keikyū Daishi Line
JT Tōkaidō Main Line
JK Keihin-Tōhoku Line
JN Nambu Line
","Kawasaki-ku, Kawasaki, Kanagawa"
Keikyū Main Line,KK27,Hatchō-nawate,八丁畷,O, ,|,|,|, ,↓,↑,JN Nambu Branch Line,"Kawasaki-ku, Kawasaki, Kanagawa"
Keikyū Main Line,KK28,Tsurumi-ichiba,鶴見市場,O, ,|,|,|, ,↓,↑, ,"Tsurumi-ku, Yokohama, Kanagawa"
Keikyū Main Line,KK29,Keikyū Tsurumi,京急鶴見,O, ,O,|,|, ,↓,↑,"
JK Keihin-Tōhoku Line
JI Tsurumi Line
","Tsurumi-ku, Yokohama, Kanagawa"
Keikyū Main Line,KK30,Kagetsu-sōjiji,花月総持寺,O, ,|,|,|, ,↓,↑, ,"Tsurumi-ku, Yokohama, Kanagawa"
Keikyū Main Line,KK31,Namamugi,生麦,O, ,|,|,|, ,↓,↑, ,"Tsurumi-ku, Yokohama, Kanagawa"
Keikyū Main Line,KK32,Keikyū Shinkoyasu,京急新子安,O, ,|,|,|, ,↓,↑, ,"Kanagawa-ku, Yokohama, Kanagawa"
Keikyū Main Line,KK33,Koyasu,子安,O, ,|,|,|, ,↓,↑, ,"Kanagawa-ku, Yokohama, Kanagawa"
Keikyū Main Line,KK34,Kanagawa-shimmachi,神奈川新町,O, ,O,O,|, ,↓,↑, ,"Kanagawa-ku, Yokohama, Kanagawa"
Keikyū Main Line,KK35,Keikyū Higashi-kanagawa,京急東神奈川,O, ,O,|,|, ,↓,↑,"
JK Keihin-Tōhoku Line
JH Yokohama Line
","Kanagawa-ku, Yokohama, Kanagawa"
Keikyū Main Line,KK36,Kanagawa,神奈川,O, ,|,|,|, ,↓,↑, ,"Kanagawa-ku, Yokohama, Kanagawa"
Keikyū Main Line,KK38,Tobe,戸部,O, ,|,|,|, ,↓,↑, ,"Nishi-ku, Yokohama, Kanagawa"
Keikyū Main Line,KK39,Hinodechō,日ノ出町,O, ,O,|,|, ,↓,↑, ,"Naka-ku, Yokohama, Kanagawa"
Keikyū Main Line,KK40,Koganechō,黄金町,O, ,|,|,|, ,↓,↑, ,"Minami-ku, Yokohama, Kanagawa"
Keikyū Main Line,KK41,Minamiōta,南太田,O, ,|,|,|, ,↓,↑, ,"Minami-ku, Yokohama, Kanagawa"
Keikyū Main Line,KK42,Idogaya,井土ヶ谷,O, ,O,|,|, ,↓,↑, ,"Minami-ku, Yokohama, Kanagawa"
Keikyū Main Line,KK43,Gumyōji,弘明寺,O, ,O,|,|, ,↓,↑, ,"Minami-ku, Yokohama, Kanagawa"
Keikyū Main Line,KK44,Kamiōoka,上大岡,O, ,O,O,O, ,O,O, Yokohama Subway Blue Line,"Kōnan-ku, Yokohama"
Keikyū Main Line,KK45,Byōbugaura,屏風浦,O, ,|,|,|, ,↓,↑, ,"Isogo-ku, Yokohama, Kanagawa"
Keikyū Main Line,KK46,Sugita,杉田,O, ,O,|,|, ,↓,↑, ,"Isogo-ku, Yokohama, Kanagawa"
Keikyū Main Line,KK47,Keikyū Tomioka,京急富岡,O, ,|,|,|, ,↓,↑, ,"Kanazawa-ku, Yokohama, Kanagawa"
Keikyū Main Line,KK48,Nōkendai,能見台,O, ,O,|,|, ,↓,↑, ,"Kanazawa-ku, Yokohama, Kanagawa"
Keikyū Main Line,KK49,Kanazawa-bunko,金沢文庫,O, ,O,O,O, ,O,O, ,"Kanazawa-ku, Yokohama, Kanagawa"
Keikyū Main Line,KK54,Oppama,追浜,O, ,,O,|, ,↓,↑, ,"Yokosuka, Kanagawa"
Keikyū Main Line,KK55,Keikyū Taura,京急田浦,O, ,,|,|, ,↓,↑, ,"Yokosuka, Kanagawa"
Keikyū Main Line,KK56,Anjinzuka,安針塚,O, ,,|,|, ,↓,↑, ,"Yokosuka, Kanagawa"
Keikyū Main Line,KK57,Hemi,逸見,O, ,,|,|, ,↓,↑, ,"Yokosuka, Kanagawa"
Keikyū Main Line,KK58,Shioiri,汐入,O, ,,O,|, ,↓,↑, ,"Yokosuka, Kanagawa"
Keikyū Main Line,KK59,Yokosuka-chūō,横須賀中央,O, ,,O,O, ,O,O, ,"Yokosuka, Kanagawa"
Keikyū Main Line,KK60,Kenritsudaigaku,県立大学,O, ,,|,|, ,↓,↑, ,"Yokosuka, Kanagawa"
Keikyū Main Line,KK62,Keikyū Ōtsu,京急大津,O, ,,O, , , , , ,"Yokosuka, Kanagawa"
Keikyū Main Line,KK63,Maborikaigan,馬堀海岸,O, ,,O, , , , , ,"Yokosuka, Kanagawa"
Keikyū Main Line,KK64,Uraga,浦賀,O, ,,O, , , , , ,"Yokosuka, Kanagawa"
