0,1,2,3,4
American Photojournalist,52nd Academy Awards,Best Picture,"Francis Ford Coppola, Fred Roos, Gray Frederickson, and Tom Sternberg",Nominated
American Photojournalist,52nd Academy Awards,Best Director,Francis Ford Coppola,Nominated
American Photojournalist,52nd Academy Awards,Best Writing – Screenplay Based on Material from Another Medium,John Milius and Francis Ford Coppola,Nominated
American Photojournalist,1979 Cannes Film Festival,Palme d'Or,Apocalypse Now,Won
American Photojournalist,33rd British Academy Film Awards,Best Film,Apocalypse Now,Nominated
American Photojournalist,33rd British Academy Film Awards,Best Actor,Martin Sheen,Nominated
American Photojournalist,33rd British Academy Film Awards,Best Supporting Actor,Robert Duvall,Won
American Photojournalist,33rd British Academy Film Awards,Best Direction,Francis Ford Coppola,Won
American Photojournalist,33rd British Academy Film Awards,Best Original Film Music,Carmine Coppola and Francis Ford Coppola,Nominated
American Photojournalist,33rd British Academy Film Awards,Best Cinematography,Vittorio Storaro,Nominated
American Photojournalist,33rd British Academy Film Awards,Best Editing,"Richard Marks, Walter Murch, Gerald B. Greenberg, and Lisa Fruchtman",Nominated
American Photojournalist,33rd British Academy Film Awards,Best Production Design,Dean Tavoularis,Nominated
American Photojournalist,33rd British Academy Film Awards,Best Soundtrack,"Nathan Boxer, Richard Cirincione, Walter Murch",Nominated
American Photojournalist,5th César Awards,Best Foreign Film (Meilleur film étranger),Francis Ford Coppola,Nominated
American Photojournalist,David di Donatello Awards,Best Foreign Director (Migliore Regista Straniero),Francis Ford Coppola,Won
American Photojournalist,32nd Directors Guild of America Awards,Outstanding Directorial Achievement in Motion Pictures,Francis Ford Coppola,Nominated
American Photojournalist,37th Golden Globe Awards,Best Motion Picture – Drama,"Francis Ford Coppola, Fred Roos, Gray Frederickson, and Tom Sternberg",Nominated
American Photojournalist,37th Golden Globe Awards,Best Director,Francis Ford Coppola,Won
American Photojournalist,37th Golden Globe Awards,Best Supporting Actor,Robert Duvall,Won
American Photojournalist,37th Golden Globe Awards,Best Original Score,Carmine Coppola and Francis Ford Coppola,Won
American Photojournalist,22nd Annual Grammy Awards,Best Original Score Written for a Motion Picture,Carmine Coppola and Francis Ford Coppola,Nominated
American Photojournalist,1979 National Society of Film Critics Awards,Best Supporting Actor,Frederic Forrest,Won
American Photojournalist,32nd Writers Guild of America Awards,Best Drama Written Directly for the Screen,John Milius and Francis Ford Coppola,Nominated
American Photojournalist,London Film Critics' Circle Awards,Film of the Year,Francis Ford Coppola,Won
