0,1,2,3,4
Giant (1956 film),Academy Awards,Best Director,George Stevens,Won
Giant (1956 film),Academy Awards,Best Art Direction – Color,Boris Leven and Ralph S. Hurst,Nominated
Giant (1956 film),Academy Awards,Best Costume Design – Color,Moss Mabry and Marjorie Best,Nominated
Giant (1956 film),Academy Awards,Best Film Editing,"William Hornbeck, Philip W. Anderson and Fred Bohanan",Nominated
Giant (1956 film),Academy Awards,Best Music Score of a Dramatic or Comedy Picture,Dimitri Tiomkin,Nominated
Giant (1956 film),David di Donatello Awards,Best Foreign Production,Best Foreign Production,Won
Giant (1956 film),Directors Guild of America Awards,Outstanding Directorial Achievement in Motion Pictures,George Stevens,Won
Giant (1956 film),Golden Globe Awards,Best Motion Picture – Drama,Best Motion Picture – Drama,Nominated
Giant (1956 film),Golden Globe Awards,Best Director – Motion Picture,George Stevens,Nominated
Giant (1956 film),Golden Globe Awards,Most Promising Newcomer – Female,Carroll Baker (also for Baby Doll),Won
Giant (1956 film),National Film Preservation Board,National Film Registry,National Film Registry,Inducted
Giant (1956 film),New York Film Critics Circle Awards,Best Film,Best Film,Nominated
Giant (1956 film),New York Film Critics Circle Awards,Best Screenplay,Ivan Moffat and Fred Guiol,Nominated
Giant (1956 film),Online Film & Television Association Awards,Hall of Fame – Motion Picture,Hall of Fame – Motion Picture,Won
Giant (1956 film),Photoplay Awards,Gold Medal,Gold Medal,Won
Giant (1956 film),Saturn Awards,Best DVD or Blu-ray Collection,"Giant (as part of ""The James Dean Ultimate Collector's Collection"")",Nominated
Giant (1956 film),Writers Guild of America Awards,Best Written American Drama,Ivan Moffat and Fred Guiol,Nominated
