0,1,2,3,4
European Film Award for Best Screenwriter,1990(3rd), Ryszard Bugajski   Janusz Dymek,Interrogation,Przesłuchanie
European Film Award for Best Screenwriter,1990(3rd), Etienne Glaser   Madeleine Gustafsson   Suzanne Osten,The Guardian Angel,Skyddsängeln
European Film Award for Best Screenwriter,1992(5th), István Szabó,"Sweet Emma, Dear Böbe","Édes Emma, drága Böbe - vázlatok, aktok"
European Film Award for Best Screenwriter,1993(6th),No award given,No award given,No award given
European Film Award for Best Screenwriter,1994(7th),No award given,No award given,No award given
European Film Award for Best Screenwriter,1995(8th),No award given,No award given,No award given
European Film Award for Best Screenwriter,1997(10th), Ademir Kenović Abdulah Sidran,The Perfect Circle,Savršeni krug
European Film Award for Best Screenwriter,1997(10th), Andrei Kurkov,A Friend of the Deceased,Priyatel pokoynika
European Film Award for Best Screenwriter,1998(11th), Lars von Trier,The Idiots,Idioterne
European Film Award for Best Screenwriter,1998(11th), Alex van Warmerdam,Little Tony,Kleine Teun
European Film Award for Best Screenwriter,1998(11th), Jean-Pierre Bacri  Agnès Jaoui,Same Old Song,On connaît la chanson
European Film Award for Best Screenwriter,1999(12th), Saša Gedeon,The Idiot Returns ,Návrat idiota
European Film Award for Best Screenwriter,1999(12th), Ayub Khan Din,East is East,East is East
