0,1,2,3
Laurence Olivier Award for Best Actress,Penny Downie,Scenes from a Marriage,Marianne
Laurence Olivier Award for Best Actress,Barbara Jefford,Coriolanus,Volumnia
Laurence Olivier Award for Best Actress,Josette Simon,After the Fall,Maggie
Laurence Olivier Award for Best Actress,Janet McTeer,Uncle Vanya,Yelena
Laurence Olivier Award for Best Actress,Patricia Routledge,Talking Heads,Miss Schofield
Laurence Olivier Award for Best Actress,Fiona Shaw,Hedda Gabler,Hedda Gabler Tesman
Laurence Olivier Award for Best Actress,Stockard Channing,Six Degrees of Separation,Ouisa Kittredge
Laurence Olivier Award for Best Actress,Judi Dench,The Gift of the Gorgon,Helen
Laurence Olivier Award for Best Actress,Jane Horrocks,The Rise and Fall of Little Voice,Little Voice
Laurence Olivier Award for Best Actress,Kathryn Hunter,The Skriker,Skriker
Laurence Olivier Award for Best Actress,Diana Rigg,Medea,Medea
Laurence Olivier Award for Best Actress,Penelope Wilton,The Deep Blue Sea,Hester Collyer
Laurence Olivier Award for Best Actress,Frances de la Tour,Les Parents terribles,Leo
Laurence Olivier Award for Best Actress,Sheila Gish,Les Parents terribles,Yvonne
Laurence Olivier Award for Best Actress,Margot Leicester,Broken Glass,Sylvia Gellburg
Laurence Olivier Award for Best Actress,Judi Dench,Absolute Hell,Christine Foskett
Laurence Olivier Award for Best Actress,Diana Rigg,Mother Courage,Mother Courage
Laurence Olivier Award for Best Actress,Zoë Wanamaker,The Glass Menagerie,Amanda Wingfield
Laurence Olivier Award for Best Actress,Lia Williams,Skylight,Kyra Hollis
Laurence Olivier Award for Best Actress,Eileen Atkins,John Gabriel Borkman,Mrs. Gunhild Borkman
Laurence Olivier Award for Best Actress,Vanessa Redgrave,John Gabriel Borkman,Ella Rentheim
Laurence Olivier Award for Best Actress,Diana Rigg,Who's Afraid of Virginia Woolf?,Martha
Laurence Olivier Award for Best Actress,Zoë Wanamaker,Electra,Electra
Laurence Olivier Award for Best Actress,Judi Dench,Amy's View,Esme Allen
Laurence Olivier Award for Best Actress,Sally Dexter,Closer,Anna
Laurence Olivier Award for Best Actress,Maggie Smith,A Delicate Balance,Claire
Laurence Olivier Award for Best Actress,Sinéad Cusack,Our Lady of Sligo,Mai O'Hara
Laurence Olivier Award for Best Actress,Judi Dench,Filumena Marturano,Filumena
Laurence Olivier Award for Best Actress,Nicole Kidman,The Blue Room,Various Characters
Laurence Olivier Award for Best Actress,Diana Rigg,Britannicus and Phèdre,Agrippina / Phaedra
