0,1,2,3
Street of Chance,Best Writing (Adapted Screenplay),Howard EstabrookI,Nominated
What Price Hollywood?,Best Story,"Adela Rogers St. Johns, Jane Murfin",Nominated
Viva Villa!,Best Picture,Metro-Goldwyn-Mayer,Nominated
Viva Villa!,Best Assistant Director,John Waters,Won
David Copperfield,Best Picture,Metro-Goldwyn-Mayer,Nominated
David Copperfield,Best Assistant Director,Joseph NewmanII,Nominated
David Copperfield,Best Film Editing,Robert J. Kern,Nominated
A Tale of Two Cities,Best Picture,Metro-Goldwyn-Mayer,Nominated
The Garden of Allah,Best Assistant Director,Eric G. Stacey,Nominated
The Garden of Allah,Best Original Score,Max Steiner,Nominated
The Garden of Allah,Honorary Award,W. Howard Greene and Harold RossonIII,Won
A Star Is Born,Best Picture,Selznick International,Nominated
A Star Is Born,Best Assistant Director,Eric G. Stacey,Nominated
A Star Is Born,Honorary Award,W. Howard GreeneIV,Won
The Prisoner of Zenda,Best Original Score,Alfred Newman,Nominated
—,Irving G. Thalberg Memorial Award,David O. Selznick,NominatedV
Intermezzo: A Love Story,Best Cinematography (Black-and-white),Gregg Toland,NominatedVI
Intermezzo: A Love Story,Best Scoring,Lou Forbes,Nominated
Gone with the Wind,Best Picture,Selznick International Pictures,Won
Gone with the Wind,Best Cinematography (color),"Ernest Haller, Ray Rennahan",Won
Gone with the Wind,Best Sound,Thomas T. Moulton,Nominated
Gone with the Wind,Best Visual Effects,"John R. Cosgrove, Fred Albin, Arthur Johns",Nominated
Gone with the Wind,Honorary Award,William Cameron MenziesVIII,Won
Gone with the Wind,Technical Achievement (Class III),multipleVIX,Won
—,Irving G. Thalberg Memorial Award,David O. Selznick,Won
Rebecca,Best Picture,Selznick International Pictures,Won
Rebecca,Academy Award for Best Art Direction (Black-and-white),Lyle Wheeler,Nominated
Rebecca,Best Cinematography (Black-and-white),George Barnes,Won
Rebecca,Best Film Editing,Hal C. Kern,Nominated
Rebecca,Best Visual Effects,Jack Cosgrove (Photographic Effects)Arthur Johns (Sound Effects),Nominated
Rebecca,Best Writing (Adapted Screenplay),"Robert E. Sherwood, Joan Harrison",Nominated
Since You Went Away,Best Picture,Selznick International Pictures,Nominated
Since You Went Away,Best Art Direction (Black-and-white),Mark-Lee Kirk (Art Direction)Victor A.Gangelin (Interior Decoration),Nominated
Since You Went Away,Best Cinematography (Black-and-white),"Stanley Cortez, Lee Garmes",Nominated
Since You Went Away,Best Film Editing,"Hal C. Kern, James E. Newcom",Nominated
Since You Went Away,Best Original Score,Max Steiner,Won
Since You Went Away,Best Visual Effects,John R. Cosgrove (Photographic Effects)Arthur Johns (Sound effects),Nominated
Spellbound,Best Picture,Selznick International Pictures,Nominated
Spellbound,Best Cinematography (Black-and-white),George Barnes,Nominated
Spellbound,Best Original Score,Miklos Rozsa,Won
Spellbound,Best Visual Effects,Jack Cosgrove,Nominated
Portrait of Jennie,Best Cinematography (Black-and-white),Joseph H. August,Nominated
Portrait of Jennie,Best Visual Effects,"Paul Eagler, Joseph McMillan Johnson, Russell Shearman, Clarence Slifer (Special Visual Effects)Charles L. Freeman, James G. Stewart (Special Audible Effects)",Won
The Third Man,Best Cinematography (Black-and-white),Robert Krasker,Won
Indiscretion of an American Wife,Best Costume Design (Black-and-white),Christian Dior,Nominated
