0,1,2,3,4,5,6
 United Kingdom,Richard Dunston Ltd.,Thorne,TID 132,TID-class tug,For the Admiralty.,None
 Germany,Deutsche Werft AG,Hamburg,U-2361,Type XXIII submarine,For Kriegsmarine,None
 Germany,Germaniawerft,Kiel,U-4703,Type XXIII submarine,For Kriegsmarine,None
 United States,American Bridge Company,"Ambridge, Pennsylvania",LST-1081,LST-542-class tank landing ship,,None
 Germany,Blohm + Voss,Hamburg,U-2538,Type XXI submarine,For Kriegsmarine,None
 Germany,Blohm + Voss,Hamburg,U-2539,Type XXI submarine,For Kriegsmarine,None
 Germany,AG Weser,Bremen,U-3031,Type XXI submarine,For Kriegsmarine,None
 Germany,AG Weser,Bremen,U-3038,Type XXI submarine,For Kriegsmarine,None
 United States,Philadelphia Navy Yard,Philadelphia,San Marcos,Casa Grande-class dock landing ship,,None
 Germany,AG Weser,Bremen,U-3032,Type XXI submarine,For Kriegsmarine,None
 Germany,Schichau-Werke,Danzig,U-3527,Type XXI submarine,For Kriegsmarine,None
 Germany,Schichau-Werke,Danzig,U-3528,Type XXI submarine,For Kriegsmarine,None
 Germany,Deutsche Werft AG,Hamburg,U-2362,Type XXIII submarine,For Kriegsmarine,None
 Germany,Germaniawerft,Kiel,U-4705,Type XXIII submarine,For Kriegsmarine,None
 United Kingdom,Caledon Shipbuilding & Engineering Co. Ltd.,Dundee,Empire Life,Standard Fast type Cargo liner,For Ministry of War Transport.,None
 United Kingdom,S. P. Austin & Sons Ltd.,Sunderland,Pinewood,C-type coaster,"For Wm. France, Fenwick & Co. Ltd.",None
 United Kingdom,Richard Dunston Ltd.,Thorne,TID 133,TID-class tug,For the Admiralty.,None
 Germany,Blohm + Voss,Hamburg,U-2540,Type XXI submarine,For Kriegsmarine,None
 Germany,Blohm + Voss,Hamburg,U-2541,Type XXI submarine,For Kriegsmarine,None
 Germany,Deutsche Werft,Hamburg,Betzdorf,Hansa A Type cargo ship,For Unternehmen der Eisenstahlindustrie,None
 United Kingdom,Goole Shipbuilding & Repairing Co. Ltd,Goole,Empire Fairway,Empire F type coaster,For Ministry of War Transport.,None
 United Kingdom,Harland & Wolff,Belfast,St Brides Bay,Bay-class frigate,For Royal Navy.,None
 United Kingdom,Richard Dunston Ltd.,Thorne,VIC 91,VIC lighter,For the Admiralty.,None
 Germany,Deutsche Werft AG,Hamburg,U-2363,Type XXIII submarine,For Kriegsmarine,None
 United Kingdom,A & J Inglis Ltd,Glasgow,Empire Shetland,Coastal tanker,For Ministry of War Transport.,None
 United Kingdom,Richard Dunston Ltd.,Thorne,TID 134,TID-class tug,For Ministry of War Transport.,None
 Germany,Germaniawerft,Kiel,U-4076,Type XXIII submarine,For Kriegsmarine,None
 United Kingdom,Richard Dunston Ltd.,Thorne,VIC 92,VIC lighter,For the Admiralty.,None
 Germany,AG Weser,Bremen,U-3033,Type XXI submarine,For Kriegsmarine,None
 Germany,AG Weser,Bremen,U-3034,Type XXI submarine,For Kriegsmarine,None
 Germany,Blohm + Voss,Hamburg,U-2542,Type XXI submarine,For Kriegsmarine,None
 Germany,Deutsche Werft AG,Hamburg,U-2364,Type XXIII submarine,For Kriegsmarine,None
 Germany,AG Weser,Bremen,U-3035,Type XXI submarine,For Kriegsmarine,None
 United States,Todd Pacific Shipyards,"Tacoma, Washington",Bairoko,Commencement Bay-class escort carrier,,None
 Germany,Germaniawerft,Kiel,U-4707,Type XXIII submarine,For Kriegsmarine,None
 Germany,Deutsche Werft AG,Hamburg,U-2365,Type XXIII submarine,For Kriegsmarine,None
 Germany,AG Weser,Bremen,U-3036,Type XXI submarine,For Kriegsmarine,None
 Germany,Schichau-Werke,Danzig,U-3529,Type XXI submarine,For Kriegsmarine,None
 Germany,Schichau-Werke,Danzig,U-3530,Type XXI submarine,For Kriegsmarine,None
 United Kingdom,Richards Ironworks Ltd.,Lowestof,VIC 80,Improved VIC lighter,For the Admiralty.,None
 United Kingdom,"R. & W. Hawthorn, Leslie & Company Limited",Newcastle upon Tyne,Agincourt,Battle-class destroyer,,None
 United Kingdom,Lithgows Ltd.,Port Glasgow,Egidia,Cargo ship,For Anchor Line Ltd.,None
 United Kingdom,Burntisland Shipbuilding Company,Burntisland,Empire Freetown,Cargo ship,For Ministry of War Transport.,None
 United Kingdom,Grangemouth Dockyard Co. Ltd.,Grangemouth,Empire Tavistock,Coastal tanker,For Ministry of War Transport.,None
 United Kingdom,Richard Dunston Ltd.,Thorne,TID 135,TID-class tug,For Government of Burma.,None
 United Kingdom,Henry Robb Ltd.,Leith,Stork,Cargo ship,For General Steam Navigation Co. Ltd.,None
 United Kingdom,Harland & Wolff,Govan,LST 3042,LST,For Royal Navy,None
 Germany,AG Weser,Bremen,U-3037,Type XXI submarine,For Kriegsmarine,None
 United Kingdom,Rowhedge Ironworks Co. Ltd.,Rowhedge,VIC 76,VIC lighter,For the Admiralty.,None
 United Kingdom,Brown's Shipbuilding & Drydock Co. Ltd.,Hull,VIC 74,VIC lighter,For the Admiralty.,None
 United Kingdom,John Readhead & Sons Ltd.,South Shields,Shahristan,Cargo ship,For Strick Line.,None
 United Kingdom,Richard Dunston Ltd.,Thorne,TID 136,TID-class tug,"Transfer to Government of Burma cancelled, to the Admiralty in 1948.",None
 Germany,Germaniawerft,Kiel,U-4709,Type XXIII submarine,For Kriegsmarine,None
 Germany,Blohm + Voss,Hamburg,U-2543,Type XXI submarine,For Kriegsmarine,None
 Germany,Blohm + Voss,Hamburg,U-2544,Type XXI submarine,For Kriegsmarine,None
 United Kingdom,William Doxford & Sons Ltd.,Pallion,Meadowbank,Cargo ship,For Bank Line Ltd.,None
 Germany,AG Weser,Bremen,U-3040,Type XXI submarine,For Kriegsmarine,None
 Germany,Schichau-Werke,Danzig,U-3531,Type XXI submarine,For Kriegsmarine,None
 Germany,Schichau-Werke,Danzig,U-3532,Type XXI submarine,For Kriegsmarine,None
 United Kingdom,Bartram & Sons Ltd,Sunderland,Empire Aden,Cargo ship,For Ministry of War Transport,None
 United Kingdom,Short Brothers Ltd.,Sunderland,Empire Nairobi,Cargo ship,For Ministry of War Transport.,None
 United Kingdom,Harland & Wolff,Belfast,LST 3011,"Landing Ship, Tank",For Royal Navy.,None
 Germany,Germaniawerft,Kiel,U-4704,Type XXIII submarine,For Kriegsmarine,None
 Germany,AG Weser,Bremen,U-3041,Type XXI submarine,For Kriegsmarine,None
 United Kingdom,Richard Dunston Ltd.,Thorne,TID 137,TID-class tug,Transfer to Government of Burma cancelled. To Tanganyika Railways in 1948 as Plover.,None
 Germany,Schichau-Werke,Danzig,U-3533,Type XXI submarine,For Kriegsmarine,None
 Germany,Schichau-Werke,Danzig,U-3534,Type XXI submarine,For Kriegsmarine,None
 Germany,AG Weser,Bremen,U-3039,Type XXI submarine,For Kriegsmarine,None
 United States,Todd Pacific Shipyards,"Tacoma, Washington",Badoeng Strait,Commencement Bay-class escort carrier,,None
 Japan,Kure Naval Arsenal,"Kure, Hiroshima",I-205,I-201-class submarine,For Imperial Japanese Navy,None
 United Kingdom,Goole Shipbuilding & Repairing Co. Ltd.,Goole,Petrel,Coaster,For General Steam Navigation Co. Ltd.,None
 United Kingdom,Harland & Wolff,Belfast,Start Bay,Bay-class frigate,For Royal Navy.,None
 Germany,Deutsche Werft AG,Hamburg,U-2366,Type XXIII submarine,For Kriegsmarine,None
 Germany,Blohm + Voss,Hamburg,U-2546,Type XXI submarine,For Kriegsmarine,None
 United Kingdom,Richard Dunston Ltd.,Thorne,TID 138,TID-class tug,Transfer to Government of Burma cancelled. To Tanganyika Railways in 1948 as Lapwing.,None
 Germany,Germaniawerft,Kiel,U-4711,Type XXIII submarine,For Kriegsmarine,None
 Germany,Blohm + Voss,Hamburg,U-2545,Type XXI submarine,For Kriegsmarine,None
 Germany,Deutsche Werft AG,Hamburg,U-2367,Type XXIII submarine,For Kriegsmarine,None
 United States,New York Shipbuilding Corporation,"Camden, New Jersey",Fargo,Fargo-class cruiser,None,None
 United States,Western Pipe and Steel Company,"San Pedro, California",Northwind,Wind-class icebreaker,To replace USCGC Northwind (WAG-278),None
 United Kingdom,Richard Dunston Ltd.,Thorne,TID 139,TID-class tug,For Government of Burma.,None
 United Kingdom,Harland and Wolff,Belfast,Powerful,Majestic-class aircraft carrier,Sold to Canada as HMCS Bonaventure,None
 United Kingdom,Goole Shipbuilding & Repairing Co Ltd,Goole,Empire Seascape,Shelt-type coaster,For Ministry of War Transport.,None
 United Kingdom,William Doxford & Sons Ltd.,Pallion,Pundua,Cargo ship,For British India Steam Navigation Co. Ltd. Ltd.,None
 United Kingdom,Harland & Wolff,Belfast,Defoe,Cargo ship,For Lamport & Holt.,None
 United Kingdom,William Gray & Co Ltd,"West Hartlepool, England",Empire Caicos,Empire Malta-class Scandinavian type cargo ship,For Ministry of War Transport.,None
 United Kingdom,Vickers-Armstrong Limited,"Barrow-in-Furness, England",Majestic,Majestic-class aircraft carrier,Sold to Australia as HMAS Melbourne,None
 United Kingdom,Henry Scarr Ltd.,Hessle,Empire Seabeach,Shelt-type coaster,For Ministry of War Transport.,None
 United Kingdom,Henry Scarr Ltd.,Hessle,Empire Seasheltie,Shelt-type coaster,For Ministry of War Transport.,None
 United Kingdom,Shipbuilding Corporation,Newcastle upon Tyne,Empire Seaforth,Coaster,For Ministry of War Transport,None
 United Kingdom,Shipbuilding Corporation Ltd.,Sunderland,Empire Prome,Cargo ship,For Ministry of War Transport.,None
 Germany,Germaniawerft,Kiel,U-4712,Type XXIII submarine,For Kriegsmarine,None
 Germany,AG Weser,Bremen,U-3044,Type XXI submarine,For Kriegsmarine,None
 United Kingdom,Rowhedge Ironworks Co. Ltd.,Rowhedge,VIC 77,VIC lighter,For the Admiralty.,None
 United Kingdom,Richard Dunston Ltd.,Thorne,TID 140,TID-class tug,Transfer the Government of Burma cancelled. To the Admiralty in 1948.,None
 Australia,Mort's Dock and Engineering,"Balmain, New South Wales",Macquarie,River-class frigate,,None
 Germany,AG Weser,Bremen,U-3045,Type XXI submarine,For Kriegsmarine,None
 United Kingdom,Isaac Pimblott & Sons Ltd.,Northwich,VIC 61,VIC lighter,For the Admiralty.,None
 United Kingdom,Richard Dunston Ltd.,Thorne,VIC 93,VIC lighter,For the Admiralty.,None
 United Kingdom,Richard Dunston Ltd.,Thorne,TID 141,TID-class tug,For Ministry of War Transport.,None
 Germany,Blohm + Voss,Hamburg,U-2547,Type XXI submarine,For Kriegsmarine,None
 Germany,Blohm + Voss,Hamburg,U-2548,Type XXI submarine,For Kriegsmarine,None
 Germany,AG Weser,Bremen,U-3046,Type XXI submarine,For Kriegsmarine,None
 United Kingdom,"Swan, Hunter & Wigham Richardson Ltd.",Newcastle upon Tyne,British Virtue,Tanker,For British Tanker Co. Ltd.,None
 United Kingdom,Harland & Wolff,Belfast,LST 3012,"Landing Ship, Tank",For Royal Navy.,None
 United Kingdom,J. L. Thompson & Sons Ltd.,Sunderland,Empire Joy,Standard Fast type cargo liner,For Ministry of War Transport.,None
 United Kingdom,Sir James Laing & Sons Ltd.,Sunderland,Borus,Standard Fast type tanker,For Oil & Molasses Tankers Ltd.,None
 United Kingdom,Shipbuilding Corporation Ltd.,Newcastle upon Tyne,Empire Prospect,Cargo ship,For Ministry of War Transport.,None
 United Kingdom,Grangemouth Dockyard Co. Ltd.,Grangemouth,Empire Wapping,Icemaid type collier,For Ministry of War Transport.,None
 United Kingdom,William Gray & Co. Ltd.,West Hartlepool,Pachumba,Cargo ship,For British India Steam Navigation Co. Ltd.,None
 United Kingdom,A & J Inglis Ltd,Glasgow,Empire Belgrave,Coastal tanker,For Ministry of War Transport,None
 United Kingdom,Cochrane & Sons Ltd.,Selby,Empire Flora,Stella-type tug,For Ministry of War Transport.,None
 United Kingdom,Cochrane & Sons Ltd.,Selby,Empire Stella,Stella-type tug,For Ministry of War Transport.,None
 United Kingdom,"Hall, Russell & Co. Ltd.",Aberdeen,Firebeam,Collier,"For Gas, Light & Coke Co. Ltd.",None
 United States,Todd Pacific Shipyards,"Tacoma, Washington",Saidor,Commencement Bay-class escort carrier,,None
 United Kingdom,Goole Shipbuilding & Repairing Co Ltd,Goole,Empire Seashore,Shelt-type coaster,For Ministry of War Transport.,None
 Germany,Deutsche Werft AG,Hamburg,U-2368,Type XXIII submarine,For Kriegsmarine,None
 United Kingdom,Richard Dunston Ltd.,Thorne,VIC 94,VIC lighter,For the Admiralty.,None
 United States,Newport News Shipbuilding,"Newport News, Virginia",Midway,Midway-class aircraft carrier,First in class,None
 United Kingdom,William Hamilton & Co. Ltd.,Port Glasgow,Manipur,Cargo ship,For T. & J. Brocklebank Ltd.,None
 Germany,Deutsche Werft AG,Hamburg,U-2369,Type XXIII submarine,For Kriegsmarine,None
 Germany,Germaniawerft,Kiel,U-4708,Type XXIII submarine,For Kriegsmarine,None
 United Kingdom,Vickers-Armstrongs Ltd.,Barrow in Furness,Empire Admiral,Heavy lift ship,For Ministry of War Transport.,None
 Japan,Kure Naval Arsenal,"Kure, Hiroshima",I-206,I-201-class submarine,For Imperial Japanese Navy,None
 United Kingdom,"Swan, Hunter & Wigham Richardson Ltd.",Wallsend,Regent Hawk,Tanker,For Trinidad Leaseholds Ltd.,None
 Germany,Flensburger Schiffbau-Gesellschaft,Flensburg,Sasbeck,Cargo ship,,None
 United Kingdom,S. P. Austin & Sons Ltd,Sunderland,Empire Maya,C-type coaster,For Ministry of War Transport.,None
 United Kingdom,Shipbuilding Corporation,Newcastle upon Tyne,Empire Seabrook,Coaster,For Ministry of War Transport,None
28 March, United Kingdom,J. Harker Ltd.,Knottingley,VIC 99,VIC lighter,For the Admiralty.
 United Kingdom,William Doxford & Sons Ltd.,Pallion,Ambassador,Cargo ship,For Hall Bros. Steamship Co. Ltd.,None
 United Kingdom,Sir J. Laing & Sons Ltd.,Sunderland,Borus,Intermediate type tanker,For Anglo-Saxon Petroleum Co. Ltd.,None
 United Kingdom,Harland & Wolff Ltd.,Govan,British Might,Tanker,For British Tanker Co. Ltd.,None
 United Kingdom,Johh Lewis & Sons Ltd.,Aberdeen,Empire Kew,Tudor Queen type coaster,For .,None
 United Kingdom,Harland & Wolff,Belfast,Tremadoc Bay,Bay-class frigate,For Royal Navy.,None
 United Kingdom,Furness Shipbuilding Co. Ltd.,Haverton Hill-on-Tees,Wave Regent,Wave-class oiler,For Royal Fleet Auxiliary.,None
 United Kingdom,Cochrane & Sons Ltd.,Selby,Empire Sheila,Stella-type tug,For Ministry of War Transport.,None
 Germany,Blohm + Voss,Hamburg,U-2551,Type XXI submarine,For Kriegsmarine,None
 Germany,Blohm + Voss,Hamburg,U-2552,Type XXI submarine,For Kriegsmarine,None
 United Kingdom,Henry Scarr Ltd.,Hessle,Empire Seahawk,Shelt-type coaster,For Ministry of War Transport.,None
 United Kingdom,Henry Scarr Ltd.,Hessle,Empire Seafront,Shelt-type coaster,For Ministry of War Transport.,None
 United Kingdom,Harland & Wolff Ltd.,Belfast,LST 3006,"Landing Ship, Tank",For Royal Navy.,None
 United Kingdom,Fleming & Ferguson Ltd.,Paisley,Empire Heathland,Hopper ship,For Ministry of War Transport.,None
 United Kingdom,Richard Dunston Ltd.,Thorne,TID 145,TID-class tug,For the Admiralty.,None
 Norway,Kaldnes Mekaniske Verksted,Tønsberg,Lyngdalsfjord,Trawler,For the Kriegsmarine,None
 United Kingdom,Richard Dunston Ltd.,Thorne,TID 142,TID-class tug,For the Admiralty.,None
 United Kingdom,Richards Ironworks Ltd.,Lowestof,VIC 101,Improved VIC lighter,For the Admiralty.,None
 Germany,AG Weser,Bremen,U-3047,Type XXI submarine,For Kriegsmarine,None
 United Kingdom,Blythswood Shipbuilding Co. Ltd.,Glasgow,British Wisdom,Tanker,For British Tanker Co. Ltd.,None
 United Kingdom,S. P. Austin & Sons Ltd.,Sunderland,Empire Maymount,C-type coaster,For Ministry of War Transport.,None
 United Kingdom,Goole Shipbuilding & Repairing Co Ltd,Goole,Empire Seaward,Shelt-type coaster,For Ministry of War Transport.,None
 United Kingdom,"R & W Hawthorn, Leslie & Co Ltd.",Govan,Empire Neptun,Ocean type tanker,For Ministry of War Transport.,None
 United Kingdom,Burntisland Shipbuilding Company,Burntisland,Padana,Cargo ship,For British India Steam Navigation Co. Ltd.,None
 United States,Todd Pacific Shipyards,"Tacoma, Washington",Sicily,Commencement Bay-class escort carrier,,None
 Germany,Germaniawerft,Kiel,U-4710,Type XXIII submarine,For Kriegsmarine,None
 United States,Federal Shipbuilding and Drydock Company,"Kearny, New Jersey",Gyatt,Gearing-class destroyer,,None
 United Kingdom,"Barclay, Curle & Co. Ltd.",Glasgow,Perim,Cargo ship,For Peninsular and Oriental Steam Navigation Company.,None
 United Kingdom,Richard Dunston Ltd.,Thorne,TID 143,TID-class tug,For Chittagong Port Commissioners.,None
 United Kingdom,Lithgows,Port Glasgow,Empire Cyprus,Cargo ship,For Ministry of War Transport,None
 Germany,Deutsche Werft AG,Hamburg,U-2371,Type XXIII submarine,For Kriegsmarine,None
 Germany,AG Weser,Bremen,U-3050,Type XXI submarine,For Kriegsmarine,None
 Germany,Germaniawerft,Kiel,U-4713,Type XXIII submarine,For Kriegsmarine,None
 Germany,AG Weser,Bremen,U-3051,Type XXI submarine,For Kriegsmarine,None
 United Kingdom,Richard Dunston Ltd.,Thorne,VIC 95,VIC lighter,For the Admiralty.,None
 United Kingdom,Richard Dunston Ltd.,Thorne,TID 144,TID-class tug,For the Admiralty.,None
 United States,William Cramp & Sons,Philadelphia,Galveston,Cleveland-class cruiser,,None
 United Kingdom,Harland & Wolff,Belfast,LST 3013,"Landing Ship, Tank",For Royal Navy.,None
 United Kingdom,Richard Dunston Ltd.,Thorne,VIC 96,VIC lighter,For the Admiralty.,None
 Dominion of Canada,Davie Shipbuilding & Repairing Co Ltd,"Lauzon, Quebec",LST 3512,"Landing Ship, Tank",For Royal Navy,None
 United Kingdom,John Readhead & Co Ltd,South Shields,Empire Fawley,Cargo ship,For Ministry of War Transport,None
 United Kingdom,Clelands (Successors) Ltd,Willington Quay-on-Tyne,Empire Bess,Tug,For the Admiralty.,None
 United Kingdom,Short Brothers Ltd,Sunderland,Empire Dominica,Cargo ship,For Ministry of War Transport,None
 United Kingdom,William Doxford & Sons Ltd.,Pallion,Moraybank,Cargo ship,For Bank Line Ltd.,None
 Germany,Germaniawerft,Kiel,U-4714,Type XXIII submarine,For Kriegsmarine,None
 United Kingdom,Harland & Wolff,Belfast,Wigtown Bay,Bay-class frigate,For Royal Navy.,None
 United Kingdom,J L Thompson & Sons Ltd.,Sunderland,Empire Arrow,Intermediate type tanker,For Ministry of War Transport.,None
 United Kingdom,Smiths Dock Co Ltd,Middlesbrough,Empire Pattern,B-type coaster,For Ministry of War Transport.,None
 United Kingdom,Charles Connell & Co Ltd,Glasgow,LST 3032,"Landing Ship, Tank",For Ministry of War Transport.,None
 United States,Bethlehem Steel Company,"Quincy, Massachusetts",Helena,Baltimore-class cruiser,,None
 United Kingdom,Cochrane & Sons Ltd.,Selby,Empire Clara,Stella-type tug,For Ministry of War Transport.,None
 United Kingdom,Cochrane & Sons Ltd.,Selby,Empire Martha,Stella-type tug,For Ministry of War Transport.,None
 United States,New York Naval Shipyard,"Brooklyn, New York",Franklin D. Roosevelt,Midway-class aircraft carrier,,None
 United Kingdom,A. & J. Inglis,Glasgow,Empire Campden,Coastal tanker,For Ministry of War Transport,None
 United Kingdom,Scott & Sons Ltd.,Bowling,Empire Madge,Modified Warrior-type tug,For Ministry of War Transport.,None
 United Kingdom,John Readhead & Sons Ltd.,South Shields,Empire Gunfleet,Cargo ship,For Ministry of War Transport.,None
 United Kingdom,Goole Shipbuilding & Repairing Co Ltd,Goole,Empire Seaway,Shelt-type coaster,For Ministry of War Transport.,None
 United Kingdom,Henry Scarr Ltd.,Hessle,Empire Seabreeze,Shelt-type coaster,For Ministry of War Transport.,None
 United Kingdom,Henry Scarr Ltd.,Hessle,Empire Seaboy,Shelt-type coaster,For Ministry of War Transport.,None
 United Kingdom,Harland & Wolff Ltd,Belfast,LST 3010,"Landing Ship, Tank",For Royal Navy.,None
 Germany,Deutsche Werft AG,Hamburg,U-2370,Type XXIII submarine,For Kriegsmarine,None
 United Kingdom,Richard Dunston Ltd.,Thorne,TID 146,TID-class tug,For Hong Kong Harbour Board.,None
 United Kingdom,Richard Dunston Ltd.,Thorne,TID 150,TID-class tug,For Ministry of War Transport.,None
 United States,New York Navy Yard,New York City,Kearsarge,Essex-class aircraft carrier,,None
 United States,New York Shipbuilding Corporation,"Camden, New Jersey",Toledo,Baltimore-class cruiser,,None
 United Kingdom,William Gray & Co. Ltd.,West Hartlepool,Empire Aldgate,Empire Malta-class Scandinavian type cargo ship,For Ministry of War Transport.,None
 United Kingdom,William Gray & Co Ltd,West Hartlepool,Empire Eddystone,Cargo ship,For Ministry of War Transport,None
 United Kingdom,"Swan, Hunter & Wigham Richardson Ltd.",Newcastle upon Tyne,Tasso,Cargo ship,For Ellerman's Wilson Line Ltd.,None
 United Kingdom,Henry Robb Ltd.,Leith,Turmoil,Bustler-class tug,For the Admiralty.,None
 United Kingdom,Goole Shipbuilding & Repairing Co. Ltd.,Goole,Adaptity,Coaster,For F. T. Everard & Co. Ltd.,None
 United States,Norfolk Navy Yard,"Norfolk, Virginia",Tarawa,Essex-class aircraft carrier,,None
 United Kingdom,Harland & Wolff Ltd,Belfast,Empire Clarendon,Refrigerated cargo liner,For Ministry of War Transport,None
 United Kingdom,Greenock Dockyard Co. Ltd.,Greenock,Empire Marshal,Heavy lift ship,For Ministry of War Transport.,None
 United Kingdom,Cochrane & Sons Ltd.,Selby,Empire Vera,Stella-type tug,For Ministry of War Transport.,None
 United Kingdom,Burntisland Shipbuilding Co. Ltd.,Burntisland,Empire Pacific,B-type coaster,For Ministry of War Transport.,None
 United Kingdom,Isaac Pimblott & Sons Ltd.,Northwich,VIC 62,VIC lighter,For the Admiralty.,None
 United Kingdom,Fleming & Furguson Ltd.,Paisley,Empire Grassland,Dredger,For Ministry of War Transport.,None
 United Kingdom,Bartram & Sons Ltd,Sunderland,Empire Mayflower,C-type Coaster,For Ministry of War Transport.,None
 United Kingdom,Bartram & Sons Ltd,Sunderland,Empire Mayrose,C-type coaster,For Ministry of War Transport.,None
 United Kingdom,Richard Dunston Ltd.,Thorne,TID 147,TID-class tug,For Ministry of War Transport.,None
 United Kingdom,William Doxford & Sons Ltd.,Pallion,Hartington,Cargo ship,For National Steamship Co. Ltd.,None
 United Kingdom,Ardrossan Dockyard Ltd.,Ardrossan,Highland Queen,Coaster,For British Channel Islands Shipping Co. Ltd.,None
 United Kingdom,S. P. Austin & Sons Ltd.,Sunderland,Moorwood,C-type coaster,"For France, Fenwick & Co. Ltd.",None
 United Kingdom,Caledon Shipbuilding & Engineering Co. Ltd.,Dundee,Rhexenor,Cargo ship,For China Mutual Steam Navigation Co. Ltd. ,None
 United Kingdom,G. Brown & Co. (Marine) Ltd.,Greenock,Empire Bromley,Tudor Queen type coaster,For Ministry of War Transport.,None
 United Kingdom,Shipbuilding Corporation Ltd.,Sunderland,Empire Mombasa,Cargo ship,For Ministry of War Transport.,None
 United Kingdom,Bartram & Sons Ltd,Sunderland,Empire Tobago,Cargo ship,For Ministry of War Transport.,None
 United Kingdom,Lithgows Ltd.,Port Glasgow,Elysia,Cargo ship,For Anchor Line Ltd.,None
 United Kingdom,H Scarr Ltd,Hessle,Empire Maymead,C-type coaster,For Ministry of War Transportf.,None
 United Kingdom,"Cook, Welton & Gemmell Ltd",Beverley,Empire Mayport,C-type Coaster,For Ministry of War Transport.,None
 United Kingdom,"Cook, Welton & Gemmell Ltd.",Beverley,Empire Peggy,Modified Warrior-type tug,For the Admiralty.,None
 United Kingdom,Henry Scarr Ltd.,Hessle,Empire Seagull,Shelt-type coaster,For Ministry of War Transport.,None
 Dominion of Canada,Canadian Vickers Ltd.,Montreal,LST 3514,"Landing Ship, Tank",For Royal Navy.,None
 United Kingdom,Richard Dunston Ltd.,Thorne,TID 148,TID-class tug,For Hong Kong Harbour Board.,None
 United Kingdom,Richard Dunston Ltd.,Thorne,TID 149,TID-class tug,For the Admiralty.,None
 United Kingdom,Richard Dunston Ltd.,Thorne,TID 151,TID-class tug,For Hong Kong Harbour Board.,None
 United Kingdom,Swan Hunter,"Wallsend, Tyne and Wear",Leviathan,Majestic-class aircraft carrier,Scrapped before completion,None
 United Kingdom,Shipbuilding Corporation,Newcastle upon Tyne,Empire Seasilver,Coaster,For Ministry of War Transport,None
 United Kingdom,Cammell Laird & Co. Ltd.,Birkenhead,Sacramento,Cargo ship,For Ellerma's Wilson Line Ltd. ,None
 United Kingdom,Charles Connell & Co Ltd,Glasgow,Tapti,Cargo ship,For J. Nourse Ltd.,None
 United States,Bethlehem Steel,"Quincy, Massachusetts",Oregon City,Oregon City-class cruiser,First in class,None
 United Kingdom,Richards Ironworks Ltd.,Lowestof,VIC 102,Improved VIC lighter,For the Admiralty.,None
 United Kingdom,Smiths Dock Co Ltd,Middlesbrough,Empire Pampas,B-type coaster,For Ministry of War Transport.,None
 United Kingdom,John Lewis & Sons Ltd.,Aberdeen,Empire Richmond,Tudor Queen type coaster,For .,None
 United Kingdom,Goole Shipbuilding & Repairing Co Ltd,Goole,Empire Seafarer,Shelt-type coaster,For Ministry of War Transport.,None
 United Kingdom,William Gray & Co. Ltd.,West Hartlepool,Empire Southwark,Empire Malta-class Scandinavian type cargo ship,For Ministry of War Transport.,None
 United Kingdom,Furness Shipbuilding Co. Ltd.,Haverton Hill-on-Tees,Southern Venturer,Whaling factory tanker,For Sevilla Whaling Co. Ltd.,None
 United Kingdom,Harland & Wolff,Govan,Empire Fitzroy,Tanker,For Ministry of War Transport.,None
 United Kingdom,Cochrane & Sons Ltd.,Selby,Empire Greta,Stella-type tug,For Ministry of War Transport.,None
 United Kingdom,Grangemouth Dockyard Co. Ltd.,Grangemouth,Empire Jewel,Empire Pym type tanker,For Ministry of War Transport.,None
 United Kingdom,Cochrane & Sons Ltd.,Selby,Empire Nina,Stella-type tug,For Ministry of War Transport.,None
 United States,Todd Pacific Shipyards,"Tacoma, Washington",Rabaul,Commencement Bay-class escort carrier,,None
 United Kingdom,J. Harker Ltd.,Knottingley,Empire Anglesey,Isles-class coastal tanker,For Ministry or War Transport.,None
 United States,Electric Boat Corporation,"Groton, Connecticut",Cubera,Balao-class submarine,,None
 United Kingdom,John Readhead & Sons Ltd.,South Shields,Palikonda,Cargo ship,For British India Steam Navigation Co. Ltd.,None
 Dominion of Canada,Yarrows Ltd,"Esquimalt, British Columbia",LST 3534,"Landing Ship, Tank",For Royal Navy,None
 United Kingdom,John Crown & Sons Ltd.,Sunderland,Empire Highlander,Collier,For Ministry of War Transport.,None
 United Kingdom,Henry Scarr Ltd.,Hessle,Empire Seabird,Shelt-type coaster,For Ministry of War Transport.,None
 United Kingdom,Short Brothers Ltd.,Sunderland,Empire Honduras,Cargo ship,For Ministry of War Transport.,None
 United Kingdom,J. L. Thompson & Sons Ltd.,Sunderland,Empire Senlac,Intermediate type tanker,For Ministry of War Transport.,None
 United Kingdom,A Hall & Co Ltd,Aberdeen,Empire Shirley,Near-Warrior type tug,For Ministry of War Transport.,None
 United States,Todd Pacific Shipyards,"Tacoma, Washington",Mindoro,Commencement Bay-class escort carrier,,None
 United Kingdom,Sir J. Laing & Sons Ltd.,Sunderland,Empire Cross,Intermediate type tanker,For Ministry of War Transport.,None
 United Kingdom,Harland & Wolff,Belfast,Patella,Tanker,For Anglo-Saxon Petroleum Company.,None
Error in Template:Date table sorting: 'mo' is not a valid month, United Kingdom,Henry Robb Ltd.,Leith,Warden,Bustler-class tug,For the Admiralty.
 United States,Bethlehem Steel Company,"Quincy, Massachusetts",Albany,Oregon City-class cruiser,,None
 United Kingdom,William Hamilton & Co. Ltd.,Port Glasgow,Empire Palace,B-type coaster,For Ministry of War Transport.,None
 United Kingdom,Henry Scarr Ltd.,Hessle,Empire Seacoast,Shelt-type coaster,For Ministry of War Transport.,None
 United Kingdom,Blyth Dry Dock & Shipbuilding Co. Ltd.,Blyth,LST 3026,"Landing Ship, Tank",For Royal Navy.,None
 United Kingdom,Harland & Wolff Ltd,Govan,LST 3041,"Landing Ship, Tank",For Royal Navy.,None
 United Kingdom,Davie Shipbuilding & Repairing Co. Ltd.,Lauzon,LST 3507,"Landing Ship, Tank",For Royal Navy.,None
 United Kingdom,Fleming & Ferguson Ltd.,Paisley,Empire Mammoth,Bucket dredger,For Ministry of War Transport.,None
 United States,Philadelphia Navy Yard,Philadelphia,Princeton,Essex-class aircraft carrier,,None
 United States,New York Shipbuilding Corporation,"Camden, New Jersey",Saipan,Saipan-class aircraft carrier,Converted cruiser hull; first in class,None
 Dominion of Canada,Davie Shipbuilding & Repairing Co Ltd,"Lauzon, Quebec",LST 3523,"Landing Ship, Tank",,None
 United Kingdom,William Doxford & Sons Ltd.,Pallion,Empire Tilbury,Cargo ship,For Ministry of War Transport.,None
 United Kingdom,Smith's Dock Co. Ltd.,Middlesbrough,Southern Strife,Whaler,For South Georgia Co. Ltd.,None
 United Kingdom,Smith's Dock Co. Ltd.,Middlesbrough,Southern Truce,Whaler,For South Georgia Co. Ltd.,None
 United Kingdom,Grangemouth Dockyard Co. Ltd.,Grangemouth,Bruas,Icemaid type collier,For Sarawak Steamship Co.,None
 United Kingdom,Burntisland Shipbuilding Co Ltd,Burntisland,Empire Calshot,Cargo ship,For Ministry of War Transport,None
 United Kingdom,A Hall & Co Ltd,Aberdeen,Empire Connie,Near-Warrior type tug,For Ministry of War Transport.,None
 United Kingdom,William Gray & Co Ltd,West Hartlepool,Empire Dunnet,Cargo ship,For Ministry of War Transport,None
 United Kingdom,"Cook, Welton & Gemmell Ltd",Beverley,Empire Maybury,C-type Coaster,For Ministry of War Transport.,None
 United Kingdom,Blythwood Shipbuilding Co. Ltd.,Glasgow,Empire Trinidad,Ocean type tanker,For Ministry of War Transport.,None
 United Kingdom,John Lewis & Sons Ltd.,Aberdeen,Eminence,Coaster,For London & Rochester Trading Co. Ltd.,None
 United Kingdom,Cochrane & Sons Ltd.,Selby,Empire Helen,Near-Warrior type tug,For Ministry of War Transport.,None
 United Kingdom,Cochrane & Sons Ltd.,Selby,Empire Simon,Near-Warrior type tug,For Ministry of War Transport. Completed as Simonia of Overseas Towage & Salvage Co. Ltd.,None
 United States,Todd Pacific Shipyards,"Tacoma, Washington",Rabaul,Commencement Bay-class escort carrier,,None
 United States,Federal Shipbuilding and Drydock Company,"Kearney, New Jersey",Juneau,Atlanta-class cruiser,,None
 Soviet Union,Schichau-Werke,Danzig,U-3535,Type XXI submarine,For Soviet Navy,None
 Soviet Union,Schichau-Werke,Danzig,U-3536,Type XXI submarine,For Soviet Navy,None
 Soviet Union,Schichau-Werke,Danzig,U-3537,Type XXI submarine,For Soviet Navy,None
 Soviet Union,Schichau-Werke,Danzig,U-3538,Type XXI submarine,For Soviet Navy,None
 United Kingdom,William Doxford & Sons Ltd.,Pallion,Empire Northfleet,Cargo ship,For Ministry of War Transport.,None
 United Kingdom,Isaac Pimblott & Sons Ltd.,Northwich,Empire Nickleby,Empire Lad-class coastal tanker,For Ministry of War Transport.,None
 United Kingdom,,,Actaeon,Modified Black Swan-class sloop,,None
 Dominion of Canada,Davie Shipbuilding & Repairing Co Ltd,"Lauzon, Quebec",LST 3524,"Landing Ship, Tank",For Royal Navy,None
 United Kingdom,Harland & Wolff Ltd.,Belfast,British Supremacy,Tanker,For British Tanker Co. Ltd.,None
 United Kingdom,Furness Shipbuilding Co. Ltd.,Haverton Hill-on-Tees,Norhaval,Tanker,For Hvalfangerisk Polaris A/S.,None
 United Kingdom,Sir J. Laing & Sons Ltd.,Sunderland,Empire Herald,Wave-class oiler,For Ministry of War Transport. Completed as RFA Wave Prince for Royal Fleet Auxiliary.,None
 United Kingdom,Clelands (Successors) Ltd,Wallsend,Empire Seablue,Coaster,For Ministry of War Transport,None
 United Kingdom,Clelands (Successors) Ltd,Wallsend,Empire Seagreen,Coaster,For Ministry of War Transport,None
 United Kingdom,Harland & Wolff,Govan,Empire Tesland,TES-type coastal tanker,For Ministry of War Transport.,None
 United Kingdom,Henry Scarr Ltd.,Hessle,Empire Sealion,Shelt-type coaster,For Ministry of War Transport.,None
 United Kingdom,Fairfield Ltd.,Govan,LST 3038,"Landing Ship, Tank",For Royal Navy.,None
 Dominion of Canada,Canadian Vickers Ltd.,Montreal,LST 3520,"Landing Ship, Tank",For Royal Navy.,None
 United Kingdom,"Cook, Welton & Gemmell Ltd.",Beverley,Empire Dorothy,Modified Warrior-type tug,For Ministry of War Transport.,None
 United States,Bethlehem Steel,Staten Island,Arnold J. Isbell,Gearing-class destroyer,,None
 United Kingdom,William Hamilton & Co. Ltd.,Port Glasgow,Empire Goodwin,Cargo ship,For the Ministry of War Transport.,None
 United States,Todd Pacific Shipyards,"Tacoma, Washington",Palau,Commencement Bay-class escort carrier,,None
 United Kingdom,Blyth Dry Docks & Shipbuilding Co. Ltd.,Blyth,Empire Pavilion,B-type coaster,For Ministry of War Transport.,None
 United Kingdom,William Pickersgill & Sons Ltd.,Sunderland,TID 153,TID-class tug,For Ministry of War Transport.,None
 United Kingdom,William Pickersgill & Sons Ltd.,Sunderland,TID 161,TID-class tug,For French Government.,None
 United Kingdom,A & J Inglis Ltd.,Glasgow,Empire Grosvenor,Coastal tanker,For Ministry of War Transport.,None
 United Kingdom,William Simons & Co. Ltd.,Renfrew,Empire Nora,Modified Stella-type tug,For Ministry of War Transport.,None
 United Kingdom,Harland & Wolff,Belfast,Pilcomayo,Cargo ship,For Royal Mail Line.,None
 United Kingdom,Caledon Shipbuilding & Engineering Co. Ltd.,Dundee,Empire Favour,Cargo ship,For Ministry of War Transport.,None
 United States,Newport News Shipbuilding,"Newport News, Virginia",Leyte,Essex-class aircraft carrier,,None
 United Kingdom,"Swan, Hunter & Wigham Richardson Ltd.",Wallsend,Port Lincoln,Cargo ship,For Port Line Ltd.,None
 United Kingdom,Smith's Dock Co. Ltd.,Middlesbrough,Thorarinn,Whaler,For Bryde & Dahls Hvalf. A/S.,None
 United Kingdom,Smith's Dock Co. Ltd.,Middlesbrough,Thordr,Whaler,For Bryde & Dahls Hvalf. A/S.,None
 United Kingdom,"Cook, Welton & Gemmell Ltd.",Beverley,Empire Pam,Modified Warrior-type tug,For Ministry of War Transport.,None
 United Kingdom,William Gray & Co. Ltd.,West Hartlepool,Foochow,Cargo ship,For China Navigation Co. Ltd.,None
 United Kingdom,Bartram & Sons Ltd,Sunderland,Pemba,Cargo ship,For British India Steam Navigation Company.,None
 United Kingdom,William Gray & Co. Ltd.,West Hartlepool,Cattaro,Cargo ship,For Ellerman's Wilson Line Co. Ltd.,None
 United Kingdom,Lithgows Ltd.,Port Glasgow,Beaverdell,Cargo ship,For Canadian Pacific Steamships Ltd.,None
 United Kingdom,J. L. Thompson & Sons Ltd.,Sunderland,Empire Gala,Cargo liner,For Ministry of War Transport. Completed as Bir Hakrim for the Government of French Indo-China.,None
 United Kingdom,Goole Shipbuilding & Repairing Co Ltd,Goole,Empire Seaworthy,Shelt-type coaster,For Ministry of War Transport.,None
 United States,Bethlehem Steel Company,"Quincy, Massachusetts",Rochester,Oregon City-class cruiser,,None
 United Kingdom,William Pickersgill & Sons Ltd.,Sunderland,TID 155,TID-class tug,For the Admiralty.,None
 United Kingdom,William Pickersgill & Sons Ltd.,Sunderland,TID 162,TID-class tug,For French Government.,None
 United Kingdom,Charles Hill & Sons Ltd,Bristol,Empire Mayland,C-type coaster,For Ministry of War Transport.,None
 United Kingdom,Cochrane & Sons Ltd,Selby,Empire Mayring,C-type Coaster,For Ministry of War Transport.,None
 United Kingdom,H Scarr Ltd,Hessle,Empire Maytown,C-type Coaster,For Ministry of War Transport.,None
 United Kingdom,Henry Scarr Ltd.,Hessle,Empire Seaport,Shelt-type coaster,For Ministry of War Transport.,None
 United Kingdom,Henry Scarr Ltd.,Hessle,Empire Seaview,Shelt-type coaster,For Ministry of War Transport.,None
 United Kingdom,William Pickersgill & Sons Ltd.,Sunderland,TID 152,TID-class tug,For Ministry of War Transport.,None
 United Kingdom,William Pickersgill & Sons Ltd.,Sunderland,TID 154,TID-class tug,For Ministry of War Transport.,None
 United Kingdom,William Pickersgill & Sons Ltd.,Sunderland,TID 164,TID-class tug,For the Admiralty.,None
 United Kingdom,J. S. Watson (Gainsborough) Ltd.,Gainsborough,VIC 97,VIC lighter,For the Admiralty.,None
 United States,New York Shipbuilding Corporation,"Camden, New Jersey",Wright,Saipan-class aircraft carrier,Converted cruiser hull,None
 United Kingdom,Isaac Pimblott & Sons Ltd.,Northwich,VIC 63,VIC lighter,For the Admiralty.,None
 United Kingdom,Greenock Dockyard Co. Ltd.,Greenock,Empire Wallace,Heavy lift ship,For Ministry of Transport.,None
 United Kingdom,Grangemouth Dockyard Co. Ltd.,Grangemouth,Bidor,Icemaid type collier,For Singapore Straits Steamship Co. Ltd.,None
 United States,Bethlehem Shipbuilding,"Quincy, Massachusetts",Philippine Sea,Essex-class aircraft carrier,,None
 United States,Todd Pacific Shipyards,"Tacoma, Washington",Tinian,Commencement Bay-class escort carrier,Never commissioned; United States Navy reserve until stricken in 1970,None
 United Kingdom,"Hall, Russell & Co. Ltd.",Aberdeen,Sir Joseph Swan,Collier,For London Power Co. Ltd.,None
 United Kingdom,Short Brothers Ltd.,Sunderland,Taksang,Cargo ship,For Indo-China Steam Navigation Co. Ltd.,None
 United Kingdom,Burntisland Shipbuilding Company,Burntisland,Cormist,Collier,For Wm. Cory & Son Ltd.,None
 United Kingdom,Cochrane & Sons Ltd,Selby,Empire Mayrover,C-type coaster,For Ministry of Transport.,None
 United Kingdom,Sir J. Laing & Sons Ltd.,Sunderland,Empire Tedassa,TED-type coastal Tanker,For Ministry of Transport.,None
 United Kingdom,William Pickersgill & Sons Ltd.,Sunderland,TID 156,TID-class tug,For Ministry of War Transport.,None
 United Kingdom,Harland & Wolff,Belfast,TF40,"Landing Ship, Tank",For Royal Navy.,None
 United Kingdom,John Crown & Sons Ltd.,Sunderland,Empire Sally,Modified Warrior-type tug,For Ministry of War Transport.,None
 United Kingdom,Lithgows Ltd.,Port Glasgow,Palamcotta,Cargo ship,For British India Steam Navigation Co. Ltd.,None
 United Kingdom,"Swan, Hunter & Wigham Richardson Ltd.",Newcastle upon Tyne,British Caution,Tanker,For British Tanker Co. Ltd.,None
 United Kingdom,George Brown & Co. (Marine) Ltd.,Greenock,]1=,Modified Stella-type tug,For Ministry of War Transport.,None
 United Kingdom,Fleming & Ferguson Ltd.,Paisley,Empire Netta,Modified Stella-type tug,For Ministry of War Transport.,None
 United Kingdom,Goole Shipbuilding & Repairing Co Ltd,Goole,Empire Seaflower,Shelt-type coaster,For Ministry of War Transport.,None
 United States,Bethlehem Shipbuilding Corporation Fore River Shipyard,Quincy,Rupertus,Gearing-class destroyer,For United States Navy,None
 United Kingdom,"Cook, Welton & Gemmell Ltd.",Beverley,Aby,Fishing trawler,For Boston Deep Sea Fishing & Ice Co. Ltd.,None
 Australia,HMA Naval Dockyard,"Williamstown, Victoria",Culgoa,Bay-class frigate,,None
 United Kingdom,Vickers-Armstrongs,Tyneside,Hercules,Majestic-class aircraft carrier,Sold to India. Completed in 1957 by Harland & Wolff as INS Vikrant.,None
 United States,Federal Shipbuilding and Drydock Company,"Kearny, New Jersey",Spokane,Atlanta-class cruiser,,None
 United Kingdom,Richards Ironworks Ltd.,Lowestof,VIC 103,Improved VIC lighter,For the Admiralty.,None
 United Kingdom,J. Hay & Sons Ltd.,Kirkintilloch,SS Chindit (1945),Coaster,For private owner.,None
 United Kingdom,Sir J. Laing & Sons Ltd.,Sunderland,Empire Tedilla,TED-type coastal tanker,For Ministry of War Transport.,None
 United Kingdom,Smith's Dock Co. Ltd.,Middlesbrough,Southern Wheeler,Whaler,For South Georgia Co. Ltd.,None
 United States,New England Shipbuilding Corporation,"Portland, Maine",Albert M. Boe,Liberty ship,,None
 United Kingdom,Scott & Sons Ltd.,Bowling,Empire Nan,Modified Warrior-type tug,For Ministry of War Transport.,None
 United Kingdom,Fleming & Furguson Ltd.,Paisley,Larubi',Non-propelled dredger,For Anglo-Iranian Oil Co. Ltd.,None
 United Kingdom,Isaac Pimblott & Sons Ltd.,Northwich,VIC 35,VIC lighter,For the Admiralty.,None
 United Kingdom,Goole Shipbuilding & Repairing Co. Ltd.,Goole,Actuality,Coaster,For F. T. Everard & Co. Ltd.,None
 United Kingdom,Goole Shipbuilding & Repairing Co Ltd,Goole,Empire Seagrass,Shelt-type coaster,For Ministry of War Transport.,None
 Dominion of Canada,Davie Shipbuilding & Repairing Co. Ltd,Lauzon,LST 3519,"Landing Ship, Tank",For Royal Navy.,None
 Dominion of Canada,Yarrows Ltd.,Esquimalt,LST 3512,"Landing Ship, Tank",For Royal Navy.,None
 Dominion of Canada,Yarrows Ltd.,Esquimalt,LST 3517,"Landing Ship, Tank",For Royal Navy.,None
 United Kingdom,William Pickersgill & Sons Ltd.,Sunderland,TID 165,TID-class tug,For the Admiralty.,None
 United Kingdom,William Pickersgill & Sons Ltd.,Sunderland,TID 166,TID-class tug,For Ministry of War Transport.,None
 United Kingdom,Alexander Stephen & Sons Ltd.,Linthouse,Devon,Refrigerated cargo line,For Federal Steam Navigation Co. Ltd.,None
 United Kingdom,Harland & Wolff,Govan,Empire Tescombe,TES-type coastal tanker,For Ministry of War Transport.,None
 United Kingdom,"Swan, Hunter & Wigham Richardson Ltd.",Newcastle upon Tyne,Empire Teslin,TES-type coastal tanker,Completed as Fragun for Anglo-Saxon Petroleum Co. Ltd.,None
 United Kingdom,Blyth Dry Docks & Shipbuilding Co. Ltd.,Blyth,Empire Passmore,B-type coaster,For Ministry of Transport.,None
 United Kingdom,John Lewis & Sons Ltd.,Aberdeen,Marinda,Trawler,For J. Marr & Sons Ltd.,None
 United Kingdom,Smith's Dock Co. Ltd.,Middlesbrough,Southern Wilcox,Whaler,For South Georgia Co. Ltd.,None
 United Kingdom,"Cook, Welton & Gemmell Ltd.",Beverley,Bulby,Fishing trawler,For Boston Deep Sea Fishing & Ice Co. Ltd.,None
 United Kingdom,William Simons & Co. Ltd.,Renfrew,Empire Champion,Dredger,For Ministry of Transport.,None
 United Kingdom,Goole Shipbuilding & Repairing Co Ltd,Goole,Empire Seabright,Shelt-type coaster,For Ministry of War Transport.,None
 United Kingdom,Cochrane & Sons Ltd,Selby,St. Bartholomew,Trawler,For St. Andrews Steam Fishing Co. Ltd.,None
 United States,New York Navy Yard,New York City,Oriskany,Essex-class aircraft carrier,,None
 United Kingdom,J. L. Thompson & Sons Ltd.,Sunderland,Bencruachan,Cargo ship,For Ben Line Steamers Ltd.,None
 Sweden,"N&C Sundins Batbyggen, Kramfors","Kramfors, Sweden",SV Golden Quest,Cargo ship,For Swedish American Line,None
 United Kingdom,Ardrossan Dockyard Ltd.,Ardrossan,Balmoral Queen,Coaster,For British Channel Islands Shipping Co. Ltd.,None
 United Kingdom,Ferguson Brothers (Port Glasgow) Co. Ltd.,Port Glasgow,Empire Frieda,Modified Stella-type tug,For Ministry of War Transport.,None
 United Kingdom,Sir J. Laing & Sons Ltd.,Sunderland,Empire Naseby,Wave-class oiler,For Ministry of Transport. Completed as RFA Wave Knight for Royal Fleet Auxiliary.,None
 United Kingdom,"Swan, Hunter & Wigham Richardson Ltd.",Newcastle upon Tyne,Empire Tesdale,TES-type coastal tanker,Completed as Beme for Burmah Oil Co. (Tankers) Ltd.,None
 United Kingdom,Grangemouth Dockyard Co. Ltd.,Grangemouth,Bentong,Icemaid type collier,For Singapore Straits Steamship Co. Ltd.,None
 United Kingdom,Charles Connell & Co Ltd,Glasgow,Benvorlich,Cargo ship,For Ben Line.,None
 United Kingdom,William Gray & Co. Ltd.,West Hartlepool,Fukien,Cargo ship,For China Navigation Co. Ltd.,None
 United Kingdom,Henry Robb Ltd.,Leith,Kanna,Cargo ship,For Union Steamship Company of New Zealand Ltd.,None
 United Kingdom,Harland & Wolff,Belfast,Riebeeck Castle,Refrigerated cargo ship,For Union-Castle Line.,None
 United Kingdom,Cammell Laird & Co. Ltd.,Birkenhead,City of Carlisle,Cargo ship,For Ellerman & Bucknall Steamship Co. Ltd. ,None
 United Kingdom,Harland & Wolff Ltd.,Belfast,Neothyris,Tanker,For Anglo-Saxon Petroleum Co. Ltd.,None
 United Kingdom,Fleming & Ferguson Ltd.,Paisley,Empire Zona,Modified Stella-type tug,For Ministry of War Transport.,None
 United Kingdom,"Cook, Welton & Gemmell Ltd.",Beverley,Navena,Fishing trawler,For J. Marr & Son Ltd.,None
 United Kingdom,Brown's Shipbuilding & Drydock Co. Ltd.,Hull,VIC 75,VIC lighter,For the Admiralty.,None
 United Kingdom,Harland & Wolff Ltd,Govan,Empire Tesella,TES-type coastal tanker,For Ministry of War Transport.,None
 United Kingdom,S. P. Austin & Sons Ltd.,Sunderland,Birdwood,C-type coaster,"For Wm. France, Fenwick & Co, Ltd.",None
 Dominion of Canada,Davie Shipbuilding & Repairing Co. Ltd.,Lauzon,LST 3523,"Landing Ship, Tank",For Royal Navy.,None
 United Kingdom,"Swan, Hunter & Wigham Richardson Ltd.",Newcastle upon Tyne,Monarch,Cable laying ship,For H.M. Postmaster General.,None
 United Kingdom,Henry Scarr Ltd.,Hessle,TID 174,TID-class tug,For French Government.,None
 United States,New York Shipbuilding Corporation,"Camden, New Jersey",Hawaii,Alaska-class cruiser,,None
 United Kingdom,Isaac Pimblott & Sons Ltd.,Northwich,VIC 64,VIC lighter,For Ministry of War Transport.,None
 United Kingdom,Burntisland Shipbuilding Company,Burntisland,Derrydare,Cargo ship,For McCowan and Cross Ltd.,None
 United Kingdom,J. S. Watson (Gainsborough) Ltd.,Gainsborough,VIC 98,VIC lighter,For the Admiralty.,None
 United Kingdom,John Lewis & Sons Ltd.,Aberdeen,Empire Fenchurch,Tudor Queen type coaster,For Ministry of Transport.,None
 United Kingdom,Shipbuilding Corporation Ltd.,Sunderland,Empire Kedah,Cargo ship,"For Ministry of Transpor. Completed as Marshall for Kaye, Son & Co. Ltd.",None
 United Kingdom,Blythswood Shipbuilding Co. Ltd.,Glasgow,British Success,Tanker,For British Tanker Co. Ltd.,None
 United Kingdom,Cochrane & Sons Ltd,Selby,St. Mark,Trawler,For St. Andrews Steam Fishing Co. Ltd.,None
 United Kingdom,"R. & W. Hawthorn, Leslie and Co. Ltd.",Newcastle on Tyne,Nearea,Tanker,For Anglo-Saxon Petroleum Co. Ltd.,None
 United Kingdom,Short Brothers Ltd.,Sunderland,Loksang,Cargo ship,For Indo-China Steam Navigation Co. Ltd.,None
 United States,Philadelphia Navy Yard,Philadelphia,Valley Forge,Essex-class aircraft carrier,,None
 United Kingdom,William Pickersgill & Sons Ltd.,Southwick,Empire Flamborough,Cargo ship,For Ministry of Transport,None
 United Kingdom,Sir J. Laing & Sons Ltd.,Sunderland,Empire Maldon,Intermediate type tanker,For Ministry of Transport.,None
 United Kingdom,Shipbuilding Corporation Ltd,Newcastle upon Tyne,Empire Antigua,Cargo ship,For Ministry of Transport,None
 United Kingdom,Blyth Dry Docks & Shipbuilding Co. Ltd.,Blyth,Empire Park,B-type coaster,For Ministry of Transport.,None
 United Kingdom,William Gray & Co. Ltd.,West Hartlepool,Fengtien,Cargo ship,For China Navigation Co. Ltd.,None
 United Kingdom,John Readhead & Sons Ltd.,South Shields,Obra,Cargo ship,For British India Steam Navigation Co. Ltd.,None
 United Kingdom,Burntisland Shipbuilding Company,Burntisland,Oliver Bury,Collier,"For London Power Co, Ltd.",None
 United Kingdom,Lithgows Ltd.,Port Glasgow,Pentakota,Cargo ship,For British India Steam Navigtion Co. Ltd.,None
 United Kingdom,Henry Scarr Ltd.,Hessle,TID 171,TID-class tug,For Ministry of War Transport.,None
 United Kingdom,Furness Shipbuilding Co. Ltd.,Haverton Hill-on-Tees,Wave Sovereign,Wave-class oiler,For Royal Fleet Auxiliary.,None
 United Kingdom,Bartram & Sons Ltd,Sunderland,Empire Tesbury,TES-type coastal tanker,For Ministry of War Transport.,None
 United Kingdom,Bartram & Sons Ltd,Sunderland,Empire Tesville,TES-type coastal tanker,For Ministry of War Transport.,None
 United Kingdom,Henry Robb Ltd.,Leith,Katui,Cargo ship,For Union Steamship Company of New Zealand Ltd.,None
 United Kingdom,"Cook, Welton & Gemmell Ltd.",Beverley,St. Botolph,Fishing trawler,For St. Andrew's Steam Fishing Co. Ltd.,None
 United Kingdom,Fleming & Furguson Ltd.,Paisley,Cargo Fleet No.3,Hopper barge,For Cargo Fleet Iron Co.,None
 United Kingdom,William Denny and Brothers Ltd.,Dumbarton,City of Lucknow,Cargo ship,For Ellerman's Hall Line Co. Ltd.,None
 United Kingdom,Cammell Laird & Co. Ltd.,Birkenhead,King Orry,Ferry,For Isle of Man Steam Packet Co. Ltd. ,None
 United Kingdom,J. Pollock & Sons Ltd.,Faversham,VIC 56,VIC lighter,For the Admiralty.,None
 United Kingdom,Goole Shipbuilding & Repairing Co Ltd,Goole,Empire Seabank,Shelt-type coaster,For Ministry of War Transport.,None
 United Kingdom,G. Brown & Co. (Marine) Ltd.,Greenock,Empire Lewisham,Tudor Queen type coaster,For Ministry of Transport.,None
 United Kingdom,A & J Inglis Ltd.,Glasgow,Empire Tedport,TED-type coastal tanker,For Ministry of Transport.,None
 United Kingdom,A &J Inglis Ltd,Glasgow,Empire Tedship,TED-type coastal tanker,For Ministry of Transport.,None
 United Kingdom,"Barclay, Curle & Co. Ltd.",Glasgow,City of Khartoum,Cargo ship,For Ellerman Lines.,None
 United Kingdom,Harland & Wolff Ltd,Govan,LST 3042,"Landing Ship, Tank",For Royal Navy.,None
 Dominion of Canada,Davie Shipbuilding & Repairing Co. Ltd.,Lauzon,LST 3524,"Landing Ship, Tank",For Royal Navy.,None
 Dominion of Canada,Davie Shipbuilding & Repairing Co. Ltd.,Lauzon,LST 3525,"Landing Ship, Tank",For Royal Navy.,None
 Dominion of Canada,Yarrows Ltd.,Esquimalt,LST 3534,"Landing Ship, Tank",For Royal Navy.,None
 United Kingdom,Henry Scarr Ltd.,Hessle,TID 172,TID-class tug,For the Admiralty. Completed as Martello.,None
 United Kingdom,Henry Scarr Ltd.,Hessle,TID 175,TID-class tug,For the Ministry of Shipping.,None
 United Kingdom,Henry Scarr Ltd.,Hessle,TID 176,TID-class tug,For the Ministry of Shipping.,None
 United Kingdom,John Lewis & Sons Ltd.,Aberdeen,Braconvale,Trawler,For Don Fishing Co. Ltd.,None
 United Kingdom,Caledon Shipbuilding & Engineering Co. Ltd.,Dundee,Stentor,Cargo ship,For Ocean Steamship Co. Ltd. ,None
 United Kingdom,Harland & Wolff Ltd.,Belfast,Empire Wessex,Refrigerated cargo liner,For Ministry of Shipping. Completed as Port Hobart for Port Line].,None
 United Kingdom,Blyth Dry Docks & Shipbuilding Co. Ltd.,Blyth,Empire Rosa,Modified Stella-type tug,For Ministry of War Transport.,None
 United Kingdom,Lithgows Ltd.,Port Glasgow,Beaverglen,Cargo ship,For Canadian Pacific Steamships Ltd.,None
 United Kingdom,Ferguson Bros. Ltd.,Port Glasgow,Empire Rita,Modified Stella-type tug,For Ministry of War Transport.,None
 United Kingdom,Cochrane & Sons Ltd,Selby,Northella,Trawler,For J. Marr & Son Ltd.,None
 United Kingdom,Caledon Shipbuilding & Engineering Co. Ltd.,Dundee,Szechuen,Cargo ship,For China Navigation Co. Ltd. ,None
 United Kingdom,Blyth Dry Docks & Shipbuilding Co. Ltd.,Blyth,Empire Hilda,Modified Stella-type tug,For Ministry of War Transport.,None
 United Kingdom,S. P. Austin & Sons Ltd.,Sunderland,Keynes,C-type coaster,"For Stephenson, Clarke Ltd.",None
 United Kingdom,Burntisland Shipbuilding Company,Burntisland,Kittiwake,Cargo ship,For British & Continental Steamship Co. Ltd.,None
 United Kingdom,Henry Robb Ltd.,Leith,Cornrake,Cargo ship,For General Steam Navigation Co. Ltd.,None
 United Kingdom,Harland & Wolff,Govan,Empire Grenada,Ocean type tanker,For Ministry of Transport. Completed as British Piper for British Tanker Company.,None
 United Kingdom,Scott & Sons,Bowling,Empire Maysong,C-type Coaster,For Ministry of Transport.,None
 United Kingdom,,,Snipe,Modified Black Swan-class sloop,,None
 United Kingdom,"Barclay, Curle & Co. Ltd.",Glasgow,City of Swansea,Cargo ship,For Ellerman Lines.,None
 United Kingdom,William Simons & Co. Ltd.,Renfrew,Empire Moorland,Dredger,For Ministry of Transport.,None
 United Kingdom,A Hall & Co Ltd,Aberdeen,Empire Roderick,Near-Warrior type tug,For Ministry of War Transport.,None
 United Kingdom,Goole Shipbuilding & Repairing Co. Ltd.,Goole,Friargate,Coaster,For Hull Gates Shipping Co. Ltd.,None
 United Kingdom,Greenock Dockyard Co. Ltd.,Greenock,Empire Canute,Heavy lift ship,For Ministry of Transport. Completed as Belocean for Belships Ltd.,None
 United Kingdom,Charles Hill & Sons Ltd,Bristol,Empire Maymorn,[C-type coaster,For Ministry of Transport.,None
 United Kingdom,William Denny and Brothers Ltd.,Dumbarton,Ashburton,Cargo ship,For Australind Steam Shipping Co. Ltd.,None
 United Kingdom,William Denny and Brothers Ltd.,Dumbarton,Bhopal,Paddle steamer,For India General Navigation & Railway Company.,None
 United Kingdom,W. J. Yarwood & Sons Ltd.,Northwich,Bishops Beagle,Lighter,For Liverpool Lighterage Co. Ltd. and/or Bishops Wharf Carrying Co. Ltd.,None
 United Kingdom,W. J. Yarwood & Sons Ltd.,Northwich,Bishops Whippet,Lighter,For Liverpool Lighterage Co. Ltd. and/or Bishops Wharf Carrying Co. Ltd.,None
 United Kingdom,Cochrane & Sons Ltd.,Selby,Capable,Nimble-class tug,For the Admiralty.,None
 United Kingdom,Cochrane & Sons Ltd.,Selby,Careful,Nimble-class tug,For the Admiralty.,None
 United Kingdom,Sir J Laing & Sons Ltd,Sunderland,Empire Chancellor,Tanker,For Ministry of War Transport,None
 United Kingdom,J.L. Thompson and Sons,Sunderland,Empire Ensign,Tanker,For Ministry of War Transport,None
 Allied-occupied Germany,Flensburger Schiffbau-Gesellschaft,Flensburg,Empire Frome,Cargo ship,For Ministry of War Transport,None
 United Kingdom,Cochrane & Sons Ltd.,Selby,Expert,Nimble-class tug,For the Admiralty.,None
 Netherlands,NV Scheepswerke Gebroeders Pot,Bolnes,Hermes,Cargo ship,For Koninklijke Nederlandsche Stoomboot Maatschappij,None
 United Kingdom,William Denny and Brothers Ltd.,Dumbarton,Indore,Paddle steamer,For India General Navigation & Railway Company.,None
 United Kingdom,Vickers-Armstrongs Ltd.,Newcastle upon Tyne,LST 3001,"Landing Ship, Tank",For Royal Navy.,None
 United Kingdom,Vickers-Armstrongs Ltd.,Newcastle upon Tyne,LST 3004,"Landing Ship, Tank","Completed at Rio de Janeiro, Brazil in 1950 as Rio Tejo for E. G. Fontes & Cia.",None
 United Kingdom,Harland & Wolff Ltd.,Belfast,LST 3009,"Landing Ship, Tank",For Royal Navy.,None
 United Kingdom,"Barclay, Curle & Co. Ltd.",Glasgow,LST 3015,"Landing Ship, Tank",For Royal Navy.,None
 United Kingdom,"R. &. W. Hawthorn, Leslie & Co. Ltd.",Newcastle upon Tyne,LST 3018,"Landing Ship, Tank",Completed at Rio de Janeiro in 1949 as Rio Minho for E. G. Fontes & Cia.,None
 United Kingdom,Lithgows Ltd.,Port Glasgow,LST 3021,"Landing Ship, Tank",For Royal Navy.,None
 United Kingdom,Lithgows Ltd.,Port Glasgow,LST 3023,"Landing Ship, Tank",Completed at Rio de Janeiro in 1949 as Rio Guadiana for E. G. Fontes & Cia.,None
 United Kingdom,Smith's Dock Co. Ltd.,North Shields,LST 3024,"Landing Ship, Tank",For Royal Navy.,None
 United Kingdom,A. Stephen Ltd,,LST 3028,"Landing Ship, Tank",For Royal Navy.,None
 United Kingdom,"Hall, Russell & Co. Ltd",Aberdeen,LST 3030,"Landing Ship, Tank",Completed in 1949 as the factory ship Clupea for S. Bartz-Johannessen.,None
 United Kingdom,C. Connell & Co. Ltd,Glasgow,LST 3032,"Landing Ship, Tank",Completed at Rio de Janeiro in 1950 as Rio Mondego for E. G. Fontes & Cia.,None
 United Kingdom,William Pickersgill & Sons Ltd.,Sunderland,LST 3033,"Landing Ship, Tank",For Royal Navy.,None
 United Kingdom,Fairfield Ltd.,Govan,LST 3037,"Landing Ship, Tank",For Royal Navy.,None
 United Kingdom,Fairfield Ltd.,Govan,LST 3039,"Landing Ship, Tank",Completed at Rio de Janeiro in 1951 as Rio Douro for E. G. Fontes & Cia.,None
 Dominion of Canada,Davie Shipbuilding & Repairing Co. Ltd.,Lauzon,LST 3509,"Landing Ship, Tank",For Royal Navy.,None
 United Kingdom,J. Harker Ltd.,Knottingley,MOB 1,Miitary Oil Barge,For the Admiralty.,None
 United Kingdom,J. Harker Ltd.,Knottingley,MOB 2,Miitary Oil Barge,For the Admiralty.,None
 United Kingdom,William Denny and Brothers Ltd.,Dumbarton,Mysore,Paddle steamer,For India General Navigation & Railway Company.,None
 United Kingdom,William Pickersgill & Sons Ltd.,Sunderland,TID 157,TID-class tug,For Ministry of War Transport.,None
 United Kingdom,William Pickersgill & Sons Ltd.,Sunderland,TID 158,TID-class tug,For Ministry of War Transport.,None
 United Kingdom,William Pickersgill & Sons Ltd.,Sunderland,TID 159,TID-class tug,For Ministry of War Transport.,None
 United Kingdom,William Pickersgill & Sons Ltd.,Sunderland,TID 160,TID-class tug,For the French Government.,None
 United Kingdom,William Pickersgill & Sons Ltd.,Sunderland,TID 167,TID-class tug,For Ministry of War Transport.,None
 United Kingdom,Henry Scarr Ltd.,Hessle,TID 170,TID-class tug,For Ministry of War Transport.,None
 United Kingdom,William Pickersgill & Sons Ltd.,Sunderland,TID 177,TID-class tug,For the Ministry of War Transport.,None
 United Kingdom,William Denny and Brothers Ltd.,Dumbarton,Vigore,Paddle steamer,For India General Navigation & Railway Company.,None
