0,1,2,3,4,5
Noah Wyle,1995,Primetime Emmy Awards,Outstanding Supporting Actor in a Drama Series,ER,Nominated
Noah Wyle,1995,Screen Actors Guild Awards,Outstanding Performance by an Ensemble in a Drama Series,ER,Nominated
Noah Wyle,1995,Viewers for Quality Television,Best Supporting Actor in a Quality Drama Series,ER,Nominated
Noah Wyle,1996,Primetime Emmy Awards,Outstanding Supporting Actor in a Drama Series,ER,Nominated
Noah Wyle,1997,Golden Globe Awards,"Best Supporting Actor – Series, Miniseries or Television Film",ER,Nominated
Noah Wyle,1997,Primetime Emmy Awards,Outstanding Supporting Actor in a Drama Series,Nominated,ER
Noah Wyle,1997,Viewers for Quality Television,Best Supporting Actor in a Quality Drama Series,Nominated,ER
Noah Wyle,1998,Golden Globe Awards,"Best Supporting Actor – Series, Miniseries or Television Film",ER,Nominated
Noah Wyle,1998,Primetime Emmy Awards,Outstanding Supporting Actor in a Drama Series,Nominated,ER
Noah Wyle,1998,Viewers for Quality Television,Best Supporting Actor in a Quality Drama Series,Nominated,ER
Noah Wyle,1999,Golden Globe Awards,"Best Supporting Actor – Series, Miniseries or Television Film",ER,Nominated
Noah Wyle,1999,Primetime Emmy Awards,Outstanding Supporting Actor in a Drama Series,Nominated,ER
Noah Wyle,1999,Teen Choice Awards,Choice TV Actor,Nominated,ER
Noah Wyle,2000,Screen Actors Guild Awards,Outstanding Performance by an Ensemble in a Drama Series,ER,Nominated
Noah Wyle,2003,Prism Awards,Performance in a Drama Series,ER,Won
Noah Wyle,2005,Saturn Awards,Best Actor on Television,The Librarian: Quest for the Spear,Nominated
Noah Wyle,2007,Saturn Awards,Best Actor on Television,The Librarian: Return to King Solomon's Mines,Nominated
Noah Wyle,2009,Saturn Awards,Best Actor on Television,The Librarian: Curse of the Judas Chalice,Nominated
Noah Wyle,2011,Teen Choice Awards,Choice Summer TV Star: Male,Falling Skies,Nominated
Noah Wyle,2012,Saturn Awards,Best Actor on Television,Falling Skies,Nominated
Noah Wyle,2014,Saturn Awards,Best Actor on Television,Nominated,Falling Skies
Noah Wyle,2015,Saturn Awards,Best Actor on Television,Nominated,Falling Skies
Noah Wyle,2020,Critics' Choice Television Award,Critics' Choice Television Award for Best Actor in a Limited Series or Movie Made for Television,The Red Line,Nominated
