0,1,2,3,4,5
Andy Samburg,2007,Primetime Emmy Awards,"Outstanding Original Music and Lyricsfor the song ""Dick In A Box""",Saturday Night Live,Won
Andy Samburg,2009,Primetime Emmy Awards,"Outstanding Original Music and Lyricsfor the song ""Motherlover""",Saturday Night Live,Nominated
Andy Samburg,2009,Teen Choice Awards,Web Star,Nominated,Saturday Night Live
Andy Samburg,2009,Teen Choice Awards,Choice Comedian,Nominated,Saturday Night Live
Andy Samburg,2010,People's Choice Awards,Favorite Web Celeb,Saturday Night Live,Nominated
Andy Samburg,2011,Teen Choice Awards,Choice Comedian,Saturday Night Live,Nominated
Andy Samburg,2012,Teen Choice Awards,Choice Comedian,Saturday Night Live,Nominated
Andy Samburg,2014,People's Choice Awards,Best Actor in a New TV Series,Brooklyn Nine-Nine,Nominated
Andy Samburg,2014,Golden Globe Awards,Best Actor – Television Series Musical or Comedy,Brooklyn Nine-Nine,Won
Andy Samburg,2014,American Comedy Awards,Best Comedy Actor – TV,Brooklyn Nine-Nine,Won
Andy Samburg,2014,Teen Choice Awards,Choice TV Actor: Comedy,Brooklyn Nine-Nine,Nominated
Andy Samburg,2014,EWwy Award,"Best Actor, Comedy",Brooklyn Nine-Nine,Nominated
Andy Samburg,2015,Screen Actors Guild Awards,Outstanding Performance by an Ensemble in a Comedy Series,Brooklyn Nine-Nine,Nominated
Andy Samburg,2015,Teen Choice Awards,Choice TV Actor: Comedy,Nominated,Brooklyn Nine-Nine
Andy Samburg,2015,Primetime Emmy Awards,Outstanding Writing for a Variety Special,Saturday Night Live 40th Anniversary Special,Nominated
Andy Samburg,2016,People's Choice Awards,Favorite Comedic TV Actor,Brooklyn Nine-Nine,Nominated
Andy Samburg,2016,Teen Choice Awards,Choice TV Actor: Comedy,Brooklyn Nine-Nine,Nominated
Andy Samburg,2016,Poppy Awards,Outstanding Lead Actor in a Comedy Series,Brooklyn Nine-Nine,Won
Andy Samburg,2017,People's Choice Awards,Favorite Comedic TV Actor,Brooklyn Nine-Nine,Nominated
Andy Samburg,2017,Teen Choice Award,Choice Comedy TV Actor,Nominated,Brooklyn Nine-Nine
Andy Samburg,2018,Teen Choice Awards,Choice Comedy TV Actor,Brooklyn Nine-Nine,Nominated
Andy Samburg,2019,Critics' Choice Awards,Best Actor in a Comedy Series,Brooklyn Nine-Nine,Nominated
Andy Samburg,2019,Teen Choice Awards,Choice Comedy TV Actor,Nominated,Brooklyn Nine-Nine
Andy Samburg,2019,Primetime Emmy Awards,Outstanding Variety Special (Live),The 76th Annual Golden Globes Awards,Nominated
Andy Samburg,2021,Critics' Choice Super Awards,Best Actor in a Science Fiction/Fantasy Movie,Palm Springs,Won
Andy Samburg,2021,Satellite Awards,Best Actor – Motion Picture Comedy or Musical,Palm Springs,Nominated
Andy Samburg,2021,Satellite Awards,Best Motion Picture – Comedy or Musical,Nominated,Palm Springs
Andy Samburg,2021,Golden Globe Awards,Best Actor – Motion Picture Musical or Comedy,Palm Springs,Nominated
Andy Samburg,2021,Golden Globe Awards,Best Motion Picture – Musical or Comedy,Nominated,Palm Springs
Andy Samburg,2021,Critics' Choice Movie Awards,Best Comedy,Palm Springs,Won
Andy Samburg,2021,Primetime Emmy Awards,Outstanding Comedy Series,PEN15,Nominated
Andy Samburg,2022,Primetime Emmy Awards,Outstanding Short Form Animated Program,The Boys Presents: Diabolical,Nominated
Andy Samburg,2023,Kids' Choice Awards,Favorite Voice from an Animated Movie (Male),Chip 'n Dale: Rescue Rangers,Pending
Andy Samburg,2023,Kids' Choice Awards,Favorite Voice from an Animated Movie (Male),Hotel Transylvania: Transformania,Pending
