0,1,2,3
World Fantasy Award-Collection,Basil Copper,From Evil's Pillow,Arkham House
World Fantasy Award-Collection,Avram Davidson*,The Enquiries of Doctor Eszterhazy,Warner
World Fantasy Award-Collection,Harlan Ellison,Deathbird Stories,Harper & Row
World Fantasy Award-Collection,Frank Belknap Long,The Early Long,Doubleday
World Fantasy Award-Collection,E. Hoffmann Price,"Far Lands, Other Days",Carcosa
World Fantasy Award-Collection,Kirby McCauley* (editor),Frights,St. Martin's Press
World Fantasy Award-Collection,Edward Bryant,Cinnabar,Macmillan Publishers
World Fantasy Award-Collection,Lin Carter (editor),Flashing Swords! 3: Warriors and Wizards,Dell Publishing
World Fantasy Award-Collection,Ramsey Campbell,The Height of the Scream,Arkham House
World Fantasy Award-Collection,Ray Bradbury,Long After Midnight,Alfred A. Knopf
World Fantasy Award-Collection,Ramsey Campbell (editor),Superhorror,St. Martin's Press
World Fantasy Award-Collection,Robert Bloch,Cold Chills,Doubleday
World Fantasy Award-Collection,Fritz Leiber,Swords and Ice Magic,Ace Books
World Fantasy Award-Collection,Stuart David Schiff (editor),Whispers,Doubleday
World Fantasy Award-Collection,Gerald W. Page (editor),The Year's Best Horror Stories V,DAW Books
World Fantasy Award-Collection,Fritz Leiber,Heroes and Horrors,Whispers Press
World Fantasy Award-Collection,Stephen King,Night Shift,Doubleday
World Fantasy Award-Collection,Karl Edward Wagner,Night Winds,Warner
World Fantasy Award-Collection,Avram Davidson,The Redward Edward Papers,Doubleday
World Fantasy Award-Collection,Gerald W. Page (editor),The Year's Best Horror Stories VI,DAW Books
World Fantasy Award-Collection,Charles L. Grant (editor),Nightmares,Playboy Press
World Fantasy Award-Collection,Robert Asprin (editor),Thieves' World,Ace Books
World Fantasy Award-Collection,Stuart David Schiff (editor),Whispers II,Doubleday
World Fantasy Award-Collection,Terry Carr (editor),"The Year's Finest Fantasy, Volume 2",Berkley Books
World Fantasy Award-Collection,Orson Scott Card (editor),Dragons of Light,Ace Books
World Fantasy Award-Collection,Bill Pronzini (editor),Mummy! A Chrestomathy of Crypt-ology,Arbor House
World Fantasy Award-Collection,Ramsey Campbell (editor),New Terrors,Pan Books
World Fantasy Award-Collection,Harlan Ellison,Shatterday,Houghton Mifflin Harcourt
World Fantasy Award-Collection,Mark Alan Arnold* (editor),Elsewhere,Ace Books
World Fantasy Award-Collection,Terry Carr (editor),Fantasy Annual IV,Timescape
World Fantasy Award-Collection,Charles L. Grant,Tales from the Nightside,Arkham House
World Fantasy Award-Collection,Stuart David Schiff (editor),Whispers III,Doubleday
World Fantasy Award-Collection,Charles L. Grant* (editor),Nightmare Seasons,Doubleday
World Fantasy Award-Collection,Dennis Etchison,The Dark Country,Scream/Press
World Fantasy Award-Collection,Stephen King,Different Seasons,Viking Press
World Fantasy Award-Collection,Susan Shwartz (editor),Hecate's Cauldron,DAW Books
World Fantasy Award-Collection,Alan Ryan (editor),Perpetual Light,Warner
World Fantasy Award-Collection,Charles L. Grant (editor),"The Dodd, Mead Gallery of Horror","Dodd, Mead and Company"
World Fantasy Award-Collection,Tanith Lee,"Red as Blood, or Tales from the Sisters Grimmer",DAW Books
World Fantasy Award-Collection,Jane Yolen,Tales of Wonder,Schocken Books
World Fantasy Award-Collection,Parke Godwin,The Fire When It Comes,Doubleday
World Fantasy Award-Collection,J. N. Williamson (editor),Masques,Maclay & Associates
World Fantasy Award-Collection,Alan Ryan (editor),Night Visions 1,Dark Harvest
World Fantasy Award-Collection,Garry Kilworth,The Songbirds of Pain,Victor Gollancz
World Fantasy Award-Collection,M. John Harrison,Viriconium Nights,Ace Books
World Fantasy Award-Collection,Robin McKinley* (editor),Imaginary Lands,Ace Books
World Fantasy Award-Collection,Angela Carter,Black Venus,Hogarth Press
World Fantasy Award-Collection,Jane Yolen,Dragonfield and Other Stories,Ace Books
World Fantasy Award-Collection,Terri Windling (editor),Faery!,Ace Books
World Fantasy Award-Collection,Charles L. Grant (editor),Night Visions 2,Dark Harvest
World Fantasy Award-Collection,Stephen King,Skeleton Crew,Putnam Publishing Group
World Fantasy Award-Collection,Stuart David Schiff (editor),Whispers V,Doubleday
World Fantasy Award-Collection,Douglas E. Winter (editor),Black Wine,Dark Harvest
World Fantasy Award-Collection,Dennis Etchison (editor),Cutting Edge,Doubleday
World Fantasy Award-Collection,Tanith Lee,Dreams of Dark and Light,Arkham House
World Fantasy Award-Collection,Emma Bull (editor),Liavek: The Players of Luck,Ace Books
World Fantasy Award-Collection,Will Shetterly (editor),Liavek: The Players of Luck,Ace Books
World Fantasy Award-Collection,Jane Yolen,Merlin's Booke,Ace Books
World Fantasy Award-Collection,George R. R. Martin (editor),Night Visions 3,Dark Harvest
World Fantasy Award-Collection,Tanith Lee,Night's Sorceries,DAW Books
World Fantasy Award-Collection,Michael Shea,Polyphemus,Arkham House
World Fantasy Award-Collection,Ramsey Campbell,Scared Stiff: Tales of Sex and Death,Scream/Press
World Fantasy Award-Collection,Karl Edward Wagner,Why Not You and I?,Tor Books
World Fantasy Award-Collection,Gene Wolfe*,Storeys from the Old Hotel,Kerosina Books
World Fantasy Award-Collection,Dennis Etchison,The Blood Kiss,Scream/Press
World Fantasy Award-Collection,Clive Barker,Cabal,Poseidon Press
World Fantasy Award-Collection,Charles Beaumont,Charles Beaumont: Selected Stories,Dark Harvest
World Fantasy Award-Collection,Fritz Leiber,The Knight and Knave of Swords,William Morrow and Company
World Fantasy Award-Collection,Richard Matheson*,Richard Matheson: Collected Stories,Scream/Press
World Fantasy Award-Collection,Robert R. McCammon,Blue World and Other Stories,Grafton
World Fantasy Award-Collection,Joe R. Lansdale,By Bizarre Hands,Mark V. Ziesing
World Fantasy Award-Collection,Harlan Ellison,Harlan Ellison's Watching,Underwood–Miller
World Fantasy Award-Collection,John Crowley,Novelty,Doubleday
World Fantasy Award-Collection,Carol Emshwiller*,The Start of the End of It All and Other Stories,The Women's Press
World Fantasy Award-Collection,Michael Blumlein,The Brains of Rats,Scream/Press
World Fantasy Award-Collection,Peter Straub,Houses Without Doors,Grafton
World Fantasy Award-Collection,Fritz Leiber,The Leiber Chronicles,Dark Harvest
World Fantasy Award-Collection,Dan Simmons,Prayers to Broken Stones,Dark Harvest
World Fantasy Award-Collection,Robert Holdstock,The Bone Forest,Grafton
World Fantasy Award-Collection,Thomas Ligotti,Grimscribe: His Lives and Works,Carroll & Graf Publishers
World Fantasy Award-Collection,R. A. Lafferty,Lafferty In Orbit,Broken Mirrors Press
World Fantasy Award-Collection,Fred Chappell,More Shapes Than One,St. Martin's Press
World Fantasy Award-Collection,Howard Waldrop,Night of the Cooters: More Neat Stories,Mark V. Ziesing
World Fantasy Award-Collection,Jack Cady*,The Sons of Noah & Other Stories,Broken Moon Press
World Fantasy Award-Collection,Greg Bear,Bear's Fantasies,Wildside Press
World Fantasy Award-Collection,James Blaylock,Lord Kelvin's Machine,Arkham House
World Fantasy Award-Collection,John Kessel,Meeting in Infinity,Arkham House
World Fantasy Award-Collection,Norman Partridge,Mr. Fox and Other Feral Tales,Roadkill Press
World Fantasy Award-Collection,Charles de Lint,Spiritwalk,Tor Books
World Fantasy Award-Collection,Ramsey Campbell*,Alone with the Horrors,Arkham House
World Fantasy Award-Collection,Neil Gaiman,Angels and Visitations,DreamHaven Books
World Fantasy Award-Collection,John Crowley,Antiquities,Incunabula
World Fantasy Award-Collection,Charles de Lint,Dreams Underfoot,Tor Books
World Fantasy Award-Collection,Garry Kilworth,Hogfoot Right and Bird-hands,Edgewood Press
World Fantasy Award-Collection,Darrell Schweitzer,Transients and Other Disquieting Stories,W. Paul Ganley
World Fantasy Award-Collection,Terry Lamsley,Under the Crust,Wendigo
World Fantasy Award-Collection,Bradley Denton*,The Calvin Coolidge Home for Dead Comedians and A Conflagration Artist,Wildside Press
World Fantasy Award-Collection,Robert Bloch,The Early Fears,Fedogan & Bremer
World Fantasy Award-Collection,Joel Lane,The Earth Wire & Other Stories,Egerton Press
World Fantasy Award-Collection,Joyce Carol Oates,Haunted: Tales of the Grotesque,Dutton Penguin
World Fantasy Award-Collection,Lisa Goldstein,Travellers In Magic,Tor Books
World Fantasy Award-Collection,Gwyneth Jones*,Seven Tales and a Fable,Edgewood Press
World Fantasy Award-Collection,Hugh B. Cave,Death Stalks the Night,Fedogan & Bremer
World Fantasy Award-Collection,Charles de Lint,The Ivory and the Horn,Tor Books
World Fantasy Award-Collection,Jonathan Carroll,The Panic Hand,HarperCollins UK
World Fantasy Award-Collection,Brian W. Aldiss,The Secret of This Book,HarperCollins UK
World Fantasy Award-Collection,Jonathan Lethem*,"The Wall of the Sky, the Wall of the Eye",Harcourt Brace
World Fantasy Award-Collection,Norman Partridge,Bad Intentions,Subterranean Press
World Fantasy Award-Collection,James K. Morrow,Bible Stories for Adults,Harcourt Brace
World Fantasy Award-Collection,Terry Lamsley,Conference with the Dead,Ash-Tree Press
World Fantasy Award-Collection,Richard Chizmar,Midnight Promises,Gauntlet Publications
World Fantasy Award-Collection,Thomas Ligotti,The Nightmare Factory,Carroll & Graf Publishers
World Fantasy Award-Collection,S. P. Somtow,The Pavilion of Frozen Women,Victor Gollancz
World Fantasy Award-Collection,Brian McNaughton*,The Throne of Bones,Terminal Fright Press
World Fantasy Award-Collection,Ray Bradbury,Driving Blind,Avon Publications
World Fantasy Award-Collection,Paul Di Filippo,Fractal Paisleys,Four Walls Eight Windows
World Fantasy Award-Collection,Michael Swanwick,A Geography of Unknown Lands,Tigereyes Press
World Fantasy Award-Collection,Peter S. Beagle,Giant Bones,Roc Books
World Fantasy Award-Collection,Karen Joy Fowler*,Black Glass,Henry Holt and Company
World Fantasy Award-Collection,Gahan Wilson,The Cleft and Other Odd Tales,Tor Books
World Fantasy Award-Collection,Elizabeth Hand,Last Summer at Mars Hill,HarperPrism
World Fantasy Award-Collection,Graham Masterton,Manitou Man: The Worlds of Graham Masterton,British Fantasy Society
World Fantasy Award-Collection,Jack Cady,The Night We Buried Road Dog,DreamHaven Books
World Fantasy Award-Collection,Charles de Lint*,Moonlight and Vines,Tor Books
World Fantasy Award-Collection,Stephen R. Donaldson*,Reave the Just and Other Tales,HarperCollins Voyager
World Fantasy Award-Collection,Thomas Piccirilli,Deep Into That Darkness Peering,Terminal Fright Press
World Fantasy Award-Collection,Stephen King,Hearts in Atlantis,Charles Scribner's Sons
World Fantasy Award-Collection,Darrell Schweitzer,Necromancies and Netherworlds: Uncanny Stories,Wildside Press
World Fantasy Award-Collection,Andy Duncan*,Beluthahatchie and Other Stories,Golden Gryphon Press
World Fantasy Award-Collection,Terry Dowling,Blackwater Days,Eidolon Publications
World Fantasy Award-Collection,Peter Straub,Magic Terror: Seven Tales,Random House
World Fantasy Award-Collection,"Neal Barrett, Jr.",Perpetuity Blues and Other Stories,Golden Gryphon Press
World Fantasy Award-Collection,Robert Charles Wilson,The Perseids and Other Stories,Tor Books
World Fantasy Award-Collection,M. John Harrison,Travel Arrangements,Victor Gollancz
World Fantasy Award-Collection,William F. Nolan,Dark Universe: Stories 1951-2001,Stealth Press
World Fantasy Award-Collection,Harlan Ellison,The Essential Ellison: A 50-Year Retrospective: Revised and Expanded,Morpheus International
World Fantasy Award-Collection,Kelly Link,Stranger Things Happen,Small Beer Press
World Fantasy Award-Collection,Dennis Etchison,Talking in the Dark,Stealth Press
World Fantasy Award-Collection,Jeffrey Ford*,The Fantasy Writer's Assistant and Other Stories,Golden Gryphon Press
World Fantasy Award-Collection,Jeff VanderMeer,City of Saints and Madmen,Prime Books
World Fantasy Award-Collection,Chet Williamson,Figures in Rain,Ash-Tree Press
World Fantasy Award-Collection,Richard Parks,The Ogre's Wife: Fairy Tales for Grownups,Obscura Press
World Fantasy Award-Collection,Charles de Lint,Waifs and Strays,Viking Press
World Fantasy Award-Collection,Robin McKinley,Water: Tales of Elemental Spirits,Putnam Publishing Group
World Fantasy Award-Collection,Peter Dickinson,Water: Tales of Elemental Spirits,Putnam Publishing Group
World Fantasy Award-Collection,Elizabeth Hand*,Bibliomancy,PS Publishing
World Fantasy Award-Collection,Jack Cady,Ghosts of Yesterday,Night Shade Books
World Fantasy Award-Collection,George R. R. Martin,GRRM: A RRetrospective,Subterranean Press
World Fantasy Award-Collection,Michael Marshall Smith,More Tomorrow & Other Stories,Earthling Publications
World Fantasy Award-Collection,Glen Hirshberg,The Two Sams: Ghost Stories,Carroll & Graf Publishers
World Fantasy Award-Collection,Margo Lanagan*,Black Juice,Allen & Unwin Australia
World Fantasy Award-Collection,Ian R. MacLeod,Breathmoss and Other Exhalations,Golden Gryphon Press
World Fantasy Award-Collection,John M. Ford,Heat of Fusion and Other Stories,Tor Books
World Fantasy Award-Collection,Joe R. Lansdale,Mad Dog Summer and Other Stories,Subterranean Press
World Fantasy Award-Collection,Peter Crowther,Songs of Leaving,Subterranean Press
World Fantasy Award-Collection,Eileen Gunn,Stable Strategies and Others,Tachyon Publications
World Fantasy Award-Collection,Lucius Shepard,Trujillo and Other Stories,PS Publishing
World Fantasy Award-Collection,Bruce Holland Rogers*,The Keyhole Opera,Wheatland Press
World Fantasy Award-Collection,Joe Hill,20th Century Ghosts,PS Publishing
World Fantasy Award-Collection,Holly Phillips,In the Palace of Repose,Prime Books
World Fantasy Award-Collection,Kelly Link,Magic for Beginners,Small Beer Press
World Fantasy Award-Collection,Caitlín R. Kiernan,"To Charles Fort, with Love",Subterranean Press
World Fantasy Award-Collection,M. Rickert*,Map of Dreams,Golden Gryphon Press
World Fantasy Award-Collection,Glen Hirshberg,American Morons,Earthling Publications
World Fantasy Award-Collection,Jeffrey Ford,The Empire of Ice Cream,Golden Gryphon Press
World Fantasy Award-Collection,Susanna Clarke,The Ladies of Grace Adieu and Other Stories,Bloomsbury
World Fantasy Award-Collection,Margo Lanagan,Red Spikes,Allen & Unwin Australia
World Fantasy Award-Collection,Robert Shearman*,Tiny Deaths,Comma Press
World Fantasy Award-Collection,Lucius Shepard,Dagger Key and Other Stories,PS Publishing
World Fantasy Award-Collection,Tim Pratt,Hart & Boot & Other Stories,Night Shade Books
World Fantasy Award-Collection,Stephen Gallagher,Plots and Misadventures,Subterranean Press
World Fantasy Award-Collection,Ellen Klages,Portable Childhoods,Tachyon Publications
World Fantasy Award-Collection,Kim Newman,The Secret Files of the Diogenes Club,MonkeyBrain Books
World Fantasy Award-Collection,Jeffrey Ford*,The Drowned Life,Harper Perennial
World Fantasy Award-Collection,Nisi Shawl,Filter House,Aqueduct Press
World Fantasy Award-Collection,Kelly Link,Pretty Monsters,Viking Press
World Fantasy Award-Collection,Peter S. Beagle,Strange Roads,DreamHaven Books
World Fantasy Award-Collection,Shaun Tan,Tales from Outer Suburbia,Allen & Unwin
World Fantasy Award-Collection,Lyudmila Petrushevskaya*,There Once Lived a Woman Who Tried To Kill Her Neighbor's Baby: Scary Fairy Tales,Penguin
World Fantasy Award-Collection,Gene Wolfe*,The Best of Gene Wolfe,PS Publishing
World Fantasy Award-Collection,Paul Witcover,Everland and Other Stories,PS Publishing
World Fantasy Award-Collection,Brian Evenson,Fugue State,Coffee House Press
World Fantasy Award-Collection,Barbara Roden,Northwest Passages,Prime Books
World Fantasy Award-Collection,Peter S. Beagle,We Never Talk About My Brother,Tachyon Publications
World Fantasy Award-Collection,Karen Joy Fowler*,What I Didn't See and Other Stories,Small Beer Press
World Fantasy Award-Collection,Caitlín R. Kiernan,The Ammonite Violin & Others,Subterranean Press
World Fantasy Award-Collection,M. Rickert,Holiday,Golden Gryphon Press
World Fantasy Award-Collection,Angela Slatter,Sourdough and Other Stories,Tartarus Press
World Fantasy Award-Collection,Jeff VanderMeer,The Third Bear,Tachyon Publications
World Fantasy Award-Collection,Tim Powers*,The Bible Repairman and Other Stories,Tachyon Publications
World Fantasy Award-Collection,Lisa L. Hannett,Bluegrass Symphony,Ticonderoga Publications
World Fantasy Award-Collection,Caitlín R. Kiernan,Two Worlds and In Between,Subterranean Press
World Fantasy Award-Collection,Maureen F. McHugh,After the Apocalypse,Small Beer Press
World Fantasy Award-Collection,Reggie Oliver,Mrs Midnight and Other Stories,Tartarus Press
World Fantasy Award-Collection,Joel Lane*,Where Furnaces Burn,PS Publishing
World Fantasy Award-Collection,Kij Johnson,At the Mouth of the River of Bees,Small Beer Press
World Fantasy Award-Collection,Ursula K. Le Guin,"The Unreal and the Real: Selected Stories Volume One: Where on Earth and Volume Two: Outer Space, Inner Lands",Small Beer Press
World Fantasy Award-Collection,Robert Shearman,Remember Why You Fear Me,ChiZine Publications
World Fantasy Award-Collection,Karin Tidbeck,Jagannath,Cheeky Frawg Books
World Fantasy Award-Collection,Caitlín R. Kiernan*,The Ape's Wife and Other Stories,Subterranean Press
World Fantasy Award-Collection,Nathan Ballingrud,North American Lake Monsters: Stories,Small Beer Press
World Fantasy Award-Collection,Laird Barron,The Beautiful Thing That Awaits Us All and Other Stories,Night Shade Books
World Fantasy Award-Collection,Reggie Oliver,Flowers of the Sea,Tartarus Press
World Fantasy Award-Collection,Rachel Swirsky,"How the World Became Quiet: Myths of the Past, Present, and Future",Subterranean Press
World Fantasy Award-Collection,Angela Slatter*,The Bitterwood Bible and Other Recountings,Tartarus Press
World Fantasy Award-Collection,Helen Marshall*,Gifts for the One Who Comes After,ChiZine Publications
World Fantasy Award-Collection,Rebecca Lloyd,Mercy and Other Stories,Tartarus Press
World Fantasy Award-Collection,Robert Shearman,They Do the Same Things Different There,ChiZine Publications
World Fantasy Award-Collection,Janeen Webb,Death at the Blue Elephant,Ticonderoga Publications
World Fantasy Award-Collection,C. S. E. Cooney*,Bone Swans,Mythic Delirium
World Fantasy Award-Collection,Kelly Link,Get in Trouble,Random House
World Fantasy Award-Collection,Leena Krohn,Leena Krohn: The Collected Fiction,Cheeky Frawg Books
World Fantasy Award-Collection,James K. Morrow,Reality by Other Means: The Best Short Fiction of James Morrow,Wesleyan University Press
World Fantasy Award-Collection,V. H. Leslie,Skein and Bone,Undertow Publications
World Fantasy Award-Collection,M. Rickert,You Have Never Been Here,Small Beer Press
World Fantasy Award-Collection,Jeffrey Ford*,A Natural History of Hell,Small Beer Press
World Fantasy Award-Collection,Tina Connolly,On the Eyeball Floor and Other Stories,Fairwood Press
World Fantasy Award-Collection,Ken Liu,The Paper Menagerie and Other Stories,Saga Press
World Fantasy Award-Collection,Joe Abercrombie,Sharp Ends,Orbit Books
World Fantasy Award-Collection,L. S. Johnson,Vacui Magia,Traversing Z Press
World Fantasy Award-Collection,Jane Yolen*,The Emerald Circus,Tachyon Publications
World Fantasy Award-Collection,Ellen Klages,Wicked Wonders,Tachyon Publications
World Fantasy Award-Collection,Carmen Maria Machado,Her Body and Other Parties,Graywolf Press
World Fantasy Award-Collection,Tim Powers,Down and Out in Purgatory: The Collected Stories of Tim Powers,Baen Books
World Fantasy Award-Collection,Sofia Samatar,Tender,Small Beer Press
World Fantasy Award-Collection,Paolo Bacigalupi*,The Tangled Lands,Saga Press
World Fantasy Award-Collection,Tobias S. Buckell*,The Tangled Lands,Saga Press
World Fantasy Award-Collection,Andy Duncan,An Agent of Utopia,Small Beer Press
World Fantasy Award-Collection,N. K. Jemisin,How Long 'til Black Future Month?,Orbit Books
World Fantasy Award-Collection,Margo Lanagan,Phantom Limbs,PS Publishing
World Fantasy Award-Collection,Amanda Downum,Still So Strange,ChiZine Publications
World Fantasy Award-Collection,Brian Evenson*,Song for the Unraveling of the World,Coffee House Press
World Fantasy Award-Collection,Nino Cipri,Homesick,Dzanc Books
World Fantasy Award-Collection,John Hornor Jacobs,A Lush and Seething Hell,Harper Voyager
World Fantasy Award-Collection,Sarah Pinsker,Sooner or Later Everything Falls Into the Sea,Small Beer Press
World Fantasy Award-Collection,Molly Gloss,Unforeseen,Saga Press
World Fantasy Award-Collection,Aoko Matsuda*,Where the Wild Ladies Are,Soft Skull Press
World Fantasy Award-Collection,Jeffrey Ford,The Best of Jeffrey Ford,PS Publishing
World Fantasy Award-Collection,Sheree Renée Thomas,Nine Bar Blues,Third Man Books
World Fantasy Award-Collection,Kathe Koja,Velocities: Stories,Meerkat Press
World Fantasy Award-Collection,Robert Shearman,We All Hear Stories in the Dark,PS Publishing
World Fantasy Award-Collection,Usman T. Malik*,Midnight Doorways: Fables from Pakistan,Kitab Press
World Fantasy Award-Collection,Jeffrey Ford,Big Dark Hole,Small Beer Press
World Fantasy Award-Collection,A. C. Wise,The Ghost Sequences,Undertow Publications
World Fantasy Award-Collection,Isabel Yap,Never Have I Ever,Small Beer Press
World Fantasy Award-Collection,Jen Fawkes,Tales the Devil Told Me,Press 53
World Fantasy Award-Collection,Angela Slatter,The Tallow-Wife and Other Tales,Tartarus Press
