0,1,2,3,4,5
There will Be Blood,"February 24, 2008",Academy Awards,Best Director,Paul Thomas Anderson,Nominated
There will Be Blood,"February 24, 2008",Academy Awards,Best Adapted Screenplay,Paul Thomas Anderson,Nominated
There will Be Blood,"December 16, 2007",American Film Institute,Top 10 Films,Won,None
There will Be Blood,2007,Austin Film Critics Association Awards,Top 10 Films,1st Place,None
There will Be Blood,2007,Austin Film Critics Association Awards,Best Film,Won,None
There will Be Blood,2007,Austin Film Critics Association Awards,Best Director,Paul Thomas Anderson,Won
There will Be Blood,2007,Austin Film Critics Association Awards,Best Actor,Daniel Day-Lewis,Won
There will Be Blood,2007,Austin Film Critics Association Awards,Best Cinematography,Robert Elswit,Won
There will Be Blood,2007,Austin Film Critics Association Awards,Best Score,Jonny Greenwood,Won
There will Be Blood,"January 22, 2008",Australian Film Critics Association Awards,Best Overseas Film,Won,None
There will Be Blood,"February 10, 2008",BAFTA Awards,Best Film,"JoAnne Sellar, Paul Thomas Anderson and Daniel Lupi",Nominated
There will Be Blood,"February 10, 2008",BAFTA Awards,Best Direction,Paul Thomas Anderson,Nominated
There will Be Blood,"February 10, 2008",BAFTA Awards,Best Adapted Screenplay,Paul Thomas Anderson,Nominated
There will Be Blood,"February 10, 2008",BAFTA Awards,Best Actor in a Leading Role,Daniel Day-Lewis,Won
There will Be Blood,"February 10, 2008",BAFTA Awards,Best Actor in a Supporting Role,Paul Dano,Nominated
There will Be Blood,"February 10, 2008",BAFTA Awards,Best Film Music,Jonny Greenwood,Nominated
There will Be Blood,"February 10, 2008",BAFTA Awards,Best Production Design,"Jack Fisk, Jim Erickson",Nominated
There will Be Blood,"February 10, 2008",BAFTA Awards,Best Cinematography,Robert Elswit,Nominated
There will Be Blood,"February 10, 2008",BAFTA Awards,Best Sound,Matthew Wood,Nominated
There will Be Blood,"January 10, 2009",Belgian Syndicate of Cinema Critics,Grand Prix,Nominated,None
There will Be Blood,"January 7, 2008",Broadcast Film Critics Association,Best Film,Nominated,None
There will Be Blood,"January 7, 2008",Broadcast Film Critics Association,Best Actor,Daniel Day-Lewis,Won
There will Be Blood,"January 7, 2008",Broadcast Film Critics Association,Best Composer,Jonny Greenwood,Won
There will Be Blood,"January 26, 2008",Directors Guild of America,Outstanding Directing – Feature Film,Paul Thomas Anderson,Nominated
There will Be Blood,"January 23, 2009",Golden Eagle Award,Best Foreign Language Film,There Will Be Blood,Won
There will Be Blood,"January 13, 2008",Golden Globe Awards,Best Actor – Motion Picture Drama,Daniel Day-Lewis,Won
There will Be Blood,"January 13, 2008",Golden Globe Awards,Golden Globe Award for Best Motion Picture – Drama,Nominated,None
There will Be Blood,"January 4, 2009",International Online Film Critics' Poll,Best Film – Motion Picture,Nominated,None
There will Be Blood,"January 4, 2009",International Online Film Critics' Poll,Top Ten Films,Won,None
There will Be Blood,"January 4, 2009",International Online Film Critics' Poll,Best Director,Paul Thomas Anderson,Nominated
There will Be Blood,"January 4, 2009",International Online Film Critics' Poll,Best Actor,Daniel Day-Lewis,Won
There will Be Blood,"January 4, 2009",International Online Film Critics' Poll,Best Ensemble Cast,Paul Thomas Anderson,Nominated
There will Be Blood,"January 4, 2009",International Online Film Critics' Poll,Best Screenplay – Adapted,Paul Thomas Anderson,Nominated
There will Be Blood,"January 4, 2009",International Online Film Critics' Poll,Best Production Design,"Jack Fisk, Jim Erickson",Nominated
There will Be Blood,"January 4, 2009",International Online Film Critics' Poll,Best Cinematography,Robert Elswit,Nominated
There will Be Blood,"January 9, 2011",International Online Film Critics' Poll,Top Ten Films – Decade,Won,None
There will Be Blood,"January 9, 2011",International Online Film Critics' Poll,Best Actor – Decade,Daniel Day-Lewis,Nominated
There will Be Blood,"December 9, 2007",Los Angeles Film Critics Association,Best Film,Won,None
There will Be Blood,"December 9, 2007",Los Angeles Film Critics Association,Best Director,Paul Thomas Anderson,Won
There will Be Blood,"December 9, 2007",Los Angeles Film Critics Association,Best Actor,Daniel Day-Lewis,Won
There will Be Blood,"December 9, 2007",Los Angeles Film Critics Association,Best Screenplay,Paul Thomas Anderson,Runner-up
There will Be Blood,"December 9, 2007",Los Angeles Film Critics Association,Best Cinematography,Robert Elswit,Runner-up
There will Be Blood,"December 9, 2007",Los Angeles Film Critics Association,Best Production Design,Jack Fisk,Won
There will Be Blood,"December 9, 2007",Los Angeles Film Critics Association,Best Music,Jonny Greenwood,Runner-up
There will Be Blood,"January 5, 2008",National Society of Film Critics,Best Film,Won,None
There will Be Blood,"January 5, 2008",National Society of Film Critics,Best Director,Paul Thomas Anderson,Won
There will Be Blood,"January 5, 2008",National Society of Film Critics,Best Actor,Daniel Day-Lewis,Won
There will Be Blood,"January 5, 2008",National Society of Film Critics,Best Screenplay,Paul Thomas Anderson,Nominated
There will Be Blood,"January 5, 2008",National Society of Film Critics,Best Cinematography,Robert Elswit,Won
There will Be Blood,"January 27, 2008",Screen Actors Guild Awards,Outstanding Performance by a Male Actor in a Leading Role,Daniel Day-Lewis,Won
There will Be Blood,2007,Writers Guild of America Awards,Best Adapted Screenplay,Paul Thomas Anderson (Screenplay); Upton Sinclair (Author),Nominated
There will Be Blood,"February 2, 2008",Producers Guild of America Awards,Best Theatrical Motion Picture,Nominated,None
There will Be Blood,"January 26, 2008",American Society of Cinematographers Awards,Outstanding Achievement in Cinematography in Theatrical Releases,Robert Elswit,Won
