0,1,2,3,4,5,6
Deputy prime minister of the Netherlands,,Willem Drees  (1886–1988),Minister of Social Affairs,25 June 1945 –  3 July 1946,Social Democratic  Workers' Party,Willem Schermerhorn  (Schermerhorn–Drees)  
Deputy prime minister of the Netherlands,,Willem Drees  (1886–1988),Minister of Social Affairs,3 July 1946 –  7 August 1948,Labour Party,Louis Beel  (Beel I)  
Deputy prime minister of the Netherlands,,Josef van Schaik  (1882–1962),Minister without Portfolio  for the Interior,7 August 1948 –  15 March 1951,Catholic  People's Party,Willem Drees  (Drees–Van Schaik)  
Deputy prime minister of the Netherlands,,Frans Teulings  (1891–1966),Minister without Portfolio  for the Interior,15 March 1951 –  2 September 1952,Catholic  People's Party,Willem Drees  (Drees I)  
Deputy prime minister of the Netherlands,,Dr.  Louis Beel  (1902–1977)  ,Minister of the Interior,2 September 1952 –  7 July 1956,Catholic  People's Party,Willem Drees  (Drees II)  
Deputy prime minister of the Netherlands,,Teun Struycken  (1906–1977),"Minister of the Interior,  Property and Public  Sector Organisations",29 October 1956 –  22 December 1958,Catholic  People's Party,Willem Drees  (Drees III)  
Deputy prime minister of the Netherlands,,Teun Struycken  (1906–1977),"Minister of the Interior,  Property and Public  Sector Organisations",22 December 1958 –  19 May 1959,Catholic  People's Party,Louis Beel  (Beel II)  
Deputy prime minister of the Netherlands,,Teun Struycken  (1906–1977),Minister of Justice,22 December 1958 –  19 May 1959,Catholic  People's Party,Louis Beel  (Beel II)  
Deputy prime minister of the Netherlands,,Henk Korthals  (1911–1976),Minister of Transport  and Water Management,19 May 1959 –  24 July 1963,People's Party  for Freedom  and Democracy,Jan de Quay  (De Quay)  
Deputy prime minister of the Netherlands,,Henk Korthals  (1911–1976),Minister for Suriname and  Netherlands Antilles Affairs,19 May 1959 –  24 July 1963,People's Party  for Freedom  and Democracy,Jan de Quay  (De Quay)  
Deputy prime minister of the Netherlands,,Barend Biesheuvel  (1920–2001),Minister of Agriculture  and Fisheries,24 July 1963 –  14 April 1965,Anti-Revolutionary  Party,Victor Marijnen  (Marijnen)  
Deputy prime minister of the Netherlands,,Barend Biesheuvel  (1920–2001),Minister for Suriname and  Netherlands Antilles Affairs,24 July 1963 –  14 April 1965,Anti-Revolutionary  Party,Victor Marijnen  (Marijnen)  
Deputy prime minister of the Netherlands,,Dr.  Anne Vondeling  (1916–1979),Minister of Finance,14 April 1965 –  22 November 1966,Labour Party,Jo Cals  (Cals)  
Deputy prime minister of the Netherlands,,Barend Biesheuvel  (1920–2001),Minister of Agriculture  and Fisheries,14 April 1965 –  22 November 1966,Anti-Revolutionary  Party,Jo Cals  (Cals)  
Deputy prime minister of the Netherlands,,Barend Biesheuvel  (1920–2001),Minister for Suriname and  Netherlands Antilles Affairs,14 April 1965 –  22 November 1966,Anti-Revolutionary  Party,Jo Cals  (Cals)  
Deputy prime minister of the Netherlands,,Dr.  Jan de Quay  (1901–1985),Minister of Transport  and Water Management,22 November 1966 –  5 April 1967,Catholic  People's Party,Jelle Zijlstra  (Zijlstra)  
Deputy prime minister of the Netherlands,,Barend Biesheuvel  (1920–2001),Minister of Agriculture  and Fisheries,22 November 1966 –  5 April 1967,Anti-Revolutionary  Party,Jelle Zijlstra  (Zijlstra)  
Deputy prime minister of the Netherlands,,Barend Biesheuvel  (1920–2001),Minister for Suriname and  Netherlands Antilles Affairs,22 November 1966 –  5 April 1967,Anti-Revolutionary  Party,Jelle Zijlstra  (Zijlstra)  
Deputy prime minister of the Netherlands,,Dr.  Johan Witteveen  (1921–2019),Minister of Finance,5 April 1967 –  6 July 1971,People's Party  for Freedom  and Democracy,Piet de Jong  (De Jong)  
Deputy prime minister of the Netherlands,,Joop Bakker  (1921–2003),Minister of Transport  and Water Management,5 April 1967 –  6 July 1971,Anti-Revolutionary  Party,Piet de Jong  (De Jong)  
Deputy prime minister of the Netherlands,,Joop Bakker  (1921–2003),Minister for Suriname and  Netherlands Antilles Affairs,5 April 1967 –  6 July 1971,Anti-Revolutionary  Party,Piet de Jong  (De Jong)  
Deputy prime minister of the Netherlands,,Roelof Nelissen  (1931–2019),Minister of Finance,6 July 1971 –  11 May 1973,Catholic  People's Party,Barend Biesheuvel  (Biesheuvel I • II)  
Deputy prime minister of the Netherlands,,Roelof Nelissen  (1931–2019),Minister for Suriname and  Netherlands Antilles Affairs,6 July 1971 –   28 January 1972,Catholic  People's Party,Barend Biesheuvel  (Biesheuvel I • II)  
Deputy prime minister of the Netherlands,,Molly Geertsema  (1918–1991),Minister of the Interior,6 July 1971 –  11 May 1973,People's Party  for Freedom  and Democracy,Barend Biesheuvel  (Biesheuvel I • II)  
Deputy prime minister of the Netherlands,,Molly Geertsema  (1918–1991),Minister for Suriname and  Netherlands Antilles Affairs,1 January 1973 –  11 May 1973,People's Party  for Freedom  and Democracy,Barend Biesheuvel  (Biesheuvel I • II)  
Deputy prime minister of the Netherlands,,Dries van Agt  (born 1931)  ,Minister of Justice,11 May 1973 –  8 September 1977,Catholic  People's Party,Joop den Uyl  (Den Uyl)  
Deputy prime minister of the Netherlands,,Dr.  Gaius de  Gaay Fortman  (1911–1997),Minister of Justice,8 September 1977 –  19 December 1977,Anti-Revolutionary  Party,Joop den Uyl  (Den Uyl)  
Deputy prime minister of the Netherlands,,Dr.  Gaius de  Gaay Fortman  (1911–1997),Minister of the Interior,8 September 1977 –  19 December 1977,Anti-Revolutionary  Party,Joop den Uyl  (Den Uyl)  
Deputy prime minister of the Netherlands,,Dr.  Gaius de  Gaay Fortman  (1911–1997),Minister for Suriname and  Netherlands Antilles Affairs,8 September 1977 –  19 December 1977,Anti-Revolutionary  Party,Joop den Uyl  (Den Uyl)  
Deputy prime minister of the Netherlands,,Hans Wiegel  (born 1941),Minister of the Interior,19 December 1977 –  11 September 1981,People's Party  for Freedom  and Democracy,Dries van Agt  (Van Agt I)  
Deputy prime minister of the Netherlands,,Joop den Uyl  (1919–1987)  ,Minister of Social Affairs  and Employment,11 September 1981 –  29 May 1982,Labour Party,Dries van Agt  (Van Agt II)  
Deputy prime minister of the Netherlands,,Joop den Uyl  (1919–1987)  ,Minister for Netherlands  Antilles Affairs,11 September 1981 –  29 May 1982,Labour Party,Dries van Agt  (Van Agt II)  
Deputy prime minister of the Netherlands,,Dr.  Jan Terlouw  (born 1931),Minister of Economic Affairs,11 September 1981 –  29 May 1982,Democrats 66,Dries van Agt  (Van Agt II)  
Deputy prime minister of the Netherlands,,Dr.  Jan Terlouw  (born 1931),Minister of Economic Affairs,29 May 1982 –  4 November 1982,Democrats 66,Dries van Agt  (Van Agt III)  
Deputy prime minister of the Netherlands,,Gijs van  Aardenne  (1930–1995),Minister of Economic Affairs,4 November 1982 –  14 July 1986,People's Party  for Freedom  and Democracy,Ruud Lubbers  (Lubbers I)  
Deputy prime minister of the Netherlands,,Dr.  Rudolf de Korte  (1936–2020),Minister of Economic Affairs,14 July 1986 –  7 November 1989,People's Party  for Freedom  and Democracy,Ruud Lubbers  (Lubbers II)  
Deputy prime minister of the Netherlands,,Wim Kok  (1938–2018),Minister of Finance,7 November 1989 –  22 August 1994,Labour Party,Ruud Lubbers  (Lubbers III)  
Deputy prime minister of the Netherlands,,Hans Dijkstal  (1943–2010),Minister of the Interior,22 August 1994 –  3 August 1998,People's Party  for Freedom  and Democracy,Wim Kok  (Kok I)  
Deputy prime minister of the Netherlands,,Hans van Mierlo  (1931–2010),Minister of Foreign Affairs,22 August 1994 –  3 August 1998,Democrats 66,Wim Kok  (Kok I)  
Deputy prime minister of the Netherlands,,Annemarie Jorritsma  (born 1950),Minister of Economic Affairs,3 August 1998 –  22 July 2002,People's Party  for Freedom  and Democracy,Wim Kok  (Kok II)  
Deputy prime minister of the Netherlands,,Dr.  Els Borst  (1932–2014),"Minister of Health,  Welfare and Sport",3 August 1998 –  22 July 2002,Democrats 66,Wim Kok  (Kok II)  
Deputy prime minister of the Netherlands,,Dr.  Eduard Bomhoff  (born 1944)  ,"Minister of Health,  Welfare and Sport",22 July 2002 –  16 October 2002,Pim Fortuyn List,Jan Peter Balkenende  (Balkenende I)  
Deputy prime minister of the Netherlands,,Johan Remkes  (born 1951),Minister of the Interior  and Kingdom Relations,22 July 2002 –  16 October 2002,People's Party  for Freedom  and Democracy,Jan Peter Balkenende  (Balkenende I)  
Deputy prime minister of the Netherlands,,Johan Remkes  (born 1951),Minister of the Interior  and Kingdom Relations,16 October 2002 –  27 May 2003,People's Party  for Freedom  and Democracy,Jan Peter Balkenende  (Balkenende I)  
Deputy prime minister of the Netherlands,,Roelf de Boer  (born 1949),Minister of Transport  and Water Management,18 October 2002 –  27 May 2003,Pim Fortuyn List,Jan Peter Balkenende  (Balkenende I)  
Deputy prime minister of the Netherlands,,Gerrit Zalm  (born 1952),Minister of Finance,27 May 2003 –  7 July 2006,People's Party  for Freedom  and Democracy,Jan Peter Balkenende  (Balkenende II)  
Deputy prime minister of the Netherlands,,Gerrit Zalm  (born 1952),Minister of Economic Affairs  ,3 July 2006 –  7 July 2006,People's Party  for Freedom  and Democracy,Jan Peter Balkenende  (Balkenende II)  
Deputy prime minister of the Netherlands,,Thom de Graaf  (born 1957)  ,Minister for Government Reform  and Kingdom Relations,27 May 2003 –  23 March 2005,Democrats 66,Jan Peter Balkenende  (Balkenende II)  
Deputy prime minister of the Netherlands,,Laurens Jan  Brinkhorst  (born 1937)  ,Minister of Economic Affairs,31 March 2005 –  3 July 2006,Democrats 66,Jan Peter Balkenende  (Balkenende II)  
Deputy prime minister of the Netherlands,,André Rouvoet  (born 1962),Minister of Youth  and Family Policy,22 February 2007 –  23 February 2010,Christian Union,Jan Peter Balkenende  (Balkenende IV)  
Deputy prime minister of the Netherlands,,André Rouvoet  (born 1962),"Minister of Education,  Culture and Science",23 February 2010 –  14 October 2010,Christian Union,Jan Peter Balkenende  (Balkenende IV)  
Deputy prime minister of the Netherlands,Minister of Youth  and Family Policy,,André Rouvoet  (born 1962),23 February 2010 –  14 October 2010,Jan Peter Balkenende  (Balkenende IV)  ,Christian Union
Deputy prime minister of the Netherlands,,Sigrid Kaag  (born 1961),Minister of Finance,10 January 2022 –  Incumbent,Democrats 66,Mark Rutte  (Rutte IV)
Deputy prime minister of the Netherlands,,Wopke Hoekstra  (born 1975),Minister of Foreign Affairs,10 January 2022 –  Incumbent,Christian  Democratic Appeal,Mark Rutte  (Rutte IV)
Deputy prime minister of the Netherlands,,Carola Schouten  (born 1977),Minister for  Welfare and  Civic Engagement,10 January 2022 –  Incumbent,Christian Union,Mark Rutte  (Rutte IV)
