File Name,Subject Column,Object Column,Qualifier Column,Property ID,Property Label,Property Qualifier ID,Property Qualifier Label
table_1.csv,0,2,3,1346,winner,1686,for work
table_2.csv,0,1,2,1346,winner,1686,for work
table_4.csv,0,2,3,1411,nominated for,2453,nominee
table_8.csv,2,1,3,161,cast member,453,character role
table_12.csv,0,2,3,1411,nominated for,2453,nominee
table_14.csv,0,2,3,1411,nominated for,2453,nominee
table_16.csv,0,2,3,1411,nominated for,2453,nominee
table_17.csv,0,2,3,991,successful candidate,1268,represents
table_18.csv,0,4,2,1411,nominated for,1686,for work
table_22.csv,4,0,2,166,award received,1686,for work
table_23.csv,2,0,1,166,award received,1346,winner
table_24.csv,0,3,2,161,cast member,453,character role
table_26.csv,0,3,4,166,award received,1686,for work
table_27.csv,0,2,3,1346,winner,1686,for work
table_31.csv,0,2,1,521,scheduled service destination,137,operator
table_32.csv,0,4,2,1411,nominated for,1686,for work
table_33.csv,0,2,3,1346,winner,1686,for work
table_34.csv,0,1,2,1346,winner,1686,for work
table_39.csv,0,2,3,1346,winner,1686,for work
table_40.csv,2,1,0,3602,candidacy in election,768,electoral district
table_41.csv,0,2,3,1346,winner,1686,for work
table_42.csv,4,3,2,115,home venue,131,located in the administrative territorial entity
table_43.csv,0,4,2,1346,winner,1686,for work
table_45.csv,0,2,3,1411,nominated for,2453,nominee
table_50.csv,0,1,2,1346,winner,1686,for work
table_52.csv,3,1,2,161,cast member,453,character role
table_53.csv,0,2,4,1346,winner,1686,for work
table_55.csv,0,2,3,1411,nominated for,2453,nominee
table_59.csv,2,3,4,1346,winner,1686,for work
table_71.csv,0,2,3,1411,nominated for,2453,nominee
table_73.csv,0,2,3,1411,nominated for,2453,nominee
table_78.csv,0,2,3,1346,winner,1686,for work
table_80.csv,0,2,3,1346,winner,1686,for work
table_93.csv,1,2,0,1002,engine configuration,176,manufacturer
table_94.csv,0,2,3,1346,winner,1686,for work
table_95.csv,0,2,3,1346,winner,1686,for work
table_96.csv,0,1,2,1346,winner,1686,for work
table_99.csv,0,3,4,710,participant,5317,jockey
table_101.csv,0,1,2,710,participant,2210,relative to
table_104.csv,0,2,3,1346,winner,1686,for work
table_105.csv,0,7,2,2789,connects with,642,of
table_109.csv,7,0,6,527,has part,822,mascot
table_110.csv,0,2,4,1346,winner,1686,for work
table_116.csv,0,3,4,726,candidate,6149,running mate
table_118.csv,2,0,3,1411,nominated for,1686,for work
table_124.csv,2,0,3,1411,nominated for,1686,for work
table_125.csv,0,2,3,1346,winner,1686,for work
table_127.csv,2,0,3,166,award received,1346,winner
table_132.csv,0,2,1,81,connecting line,137,operator
table_135.csv,0,1,2,1346,winner,1686,for work
table_140.csv,0,2,3,1346,winner,1686,for work
table_143.csv,3,2,1,19,place of birth,17,country
table_146.csv,2,0,1,166,award received,1346,winner
table_149.csv,0,2,4,1346,winner,1686,for work
table_152.csv,0,1,2,161,cast member,453,character role
table_154.csv,1,0,2,1344,participant of,54,member of sports team
table_155.csv,0,2,3,1411,nominated for,2453,nominee
table_156.csv,0,2,3,1411,nominated for,2453,nominee
table_161.csv,0,3,2,1346,winner,1686,for work
table_164.csv,0,2,3,1411,nominated for,2453,nominee
table_169.csv,0,2,3,1346,winner,1686,for work
table_170.csv,3,1,0,3602,candidacy in election,768,electoral district
table_171.csv,0,2,3,1411,nominated for,2453,nominee
table_173.csv,0,1,2,1346,winner,1686,for work
table_177.csv,0,2,3,1411,nominated for,2453,nominee
table_178.csv,0,3,5,710,participant,286,head coach
table_183.csv,0,2,3,1346,winner,1686,for work
table_189.csv,0,4,2,2789,connects with,642,of
table_190.csv,0,2,3,1411,nominated for,2453,nominee
table_193.csv,0,2,3,1346,winner,1686,for work
table_202.csv,3,1,2,161,cast member,453,character role
table_204.csv,0,4,5,710,participant,5317,jockey
table_205.csv,0,2,3,1411,nominated for,2453,nominee
table_207.csv,0,2,3,991,successful candidate,1268,represents
table_208.csv,0,2,3,1346,winner,1686,for work
table_210.csv,2,0,1,3602,candidacy in election,768,electoral district
table_214.csv,0,2,4,175,performer,1686,for work
table_215.csv,0,3,4,1411,nominated for,2453,nominee
table_216.csv,0,2,3,1411,nominated for,2453,nominee
table_220.csv,0,2,3,1346,winner,1686,for work
table_225.csv,0,2,3,1346,winner,1686,for work
table_227.csv,0,4,2,710,participant,413,position played on team / speciality
table_229.csv,0,1,2,1346,winner,1686,for work
table_234.csv,0,1,2,1411,nominated for,2453,nominee
table_240.csv,0,4,2,1411,nominated for,1686,for work
table_241.csv,0,2,3,1411,nominated for,2453,nominee
table_242.csv,0,2,4,1346,winner,1686,for work
table_244.csv,0,1,2,1346,winner,1686,for work
table_246.csv,0,2,4,1411,nominated for,1686,for work
table_248.csv,0,2,3,1411,nominated for,1686,for work
table_250.csv,0,1,2,1346,winner,1686,for work
table_252.csv,0,4,2,1346,winner,1686,for work
table_253.csv,2,1,4,161,cast member,453,character role
table_254.csv,2,0,1,3602,candidacy in election,768,electoral district
table_256.csv,0,3,2,1411,nominated for,1686,for work
table_260.csv,0,3,2,1346,winner,1686,for work
table_263.csv,0,2,3,1411,nominated for,2453,nominee
table_264.csv,0,2,3,1411,nominated for,2453,nominee
table_265.csv,0,2,3,991,successful candidate,1268,represents
table_269.csv,0,2,1,527,has part,3831,object has role
table_275.csv,1,0,2,161,cast member,453,character role
table_277.csv,0,1,2,710,participant,2210,relative to
table_278.csv,1,2,0,159,headquarters location,17,country
table_280.csv,0,2,3,1411,nominated for,2453,nominee
table_281.csv,8,0,7,361,part of,155,follows
table_287.csv,0,3,2,115,home venue,131,located in the administrative territorial entity
table_288.csv,0,2,3,1411,nominated for,2453,nominee
table_289.csv,0,6,2,2789,connects with,642,of
table_293.csv,0,2,3,1346,winner,1686,for work
table_295.csv,0,2,3,1346,winner,1686,for work
table_296.csv,0,2,3,1411,nominated for,2453,nominee
table_300.csv,0,2,4,1346,winner,1686,for work
table_301.csv,0,2,3,1411,nominated for,2453,nominee
table_303.csv,3,0,1,991,successful candidate,102,member of political party
table_305.csv,0,2,3,1411,nominated for,2453,nominee
table_312.csv,0,2,3,991,successful candidate,1268,represents
table_313.csv,0,3,2,1346,winner,1686,for work
table_321.csv,0,3,2,1346,winner,1686,for work
table_325.csv,0,2,3,1346,winner,1686,for work
table_326.csv,0,2,3,1346,winner,1686,for work
table_328.csv,0,1,2,1346,winner,1686,for work
table_330.csv,0,1,2,1346,winner,1686,for work
table_331.csv,0,3,2,1346,winner,1686,for work
table_332.csv,0,4,2,1411,nominated for,1686,for work
table_334.csv,0,2,3,1346,winner,1686,for work
table_335.csv,0,5,1,2789,connects with,642,of
table_340.csv,0,3,2,1346,winner,1686,for work
table_346.csv,0,1,3,1346,winner,1686,for work
table_351.csv,0,12,4,3279,statistical leader,54,member of sports team
table_358.csv,0,2,3,1346,winner,1686,for work
table_362.csv,0,2,3,1346,winner,1686,for work
table_368.csv,1,0,2,3602,candidacy in election,768,electoral district
table_375.csv,0,2,1,521,scheduled service destination,137,operator
table_377.csv,0,4,2,1411,nominated for,1686,for work
table_380.csv,0,3,4,1411,nominated for,2453,nominee
table_381.csv,0,2,3,1411,nominated for,2453,nominee
table_390.csv,0,2,3,1411,nominated for,1686,for work
table_396.csv,0,2,3,1411,nominated for,2453,nominee
table_400.csv,0,9,3,2789,connects with,642,of
table_405.csv,0,5,2,2789,connects with,642,of
table_406.csv,0,2,3,1411,nominated for,2453,nominee
table_412.csv,0,2,3,1411,nominated for,1686,for work
table_414.csv,0,2,3,1411,nominated for,2453,nominee
table_416.csv,8,0,7,361,part of,155,follows
table_422.csv,0,4,2,166,award received,1686,for work
table_426.csv,3,0,2,1411,nominated for,1686,for work
table_428.csv,0,2,3,1411,nominated for,2453,nominee
table_433.csv,2,0,1,3602,candidacy in election,768,electoral district
table_437.csv,0,2,3,1346,winner,1686,for work
table_438.csv,0,2,3,1411,nominated for,2453,nominee
table_441.csv,0,2,3,1411,nominated for,2453,nominee
table_443.csv,0,2,3,1346,winner,1686,for work
table_450.csv,3,1,2,161,cast member,453,character role
table_459.csv,0,2,3,1411,nominated for,1686,for work
table_460.csv,0,4,1,2789,connects with,642,of
table_462.csv,0,2,3,1346,winner,1686,for work
table_463.csv,0,2,3,1411,nominated for,2453,nominee
table_464.csv,0,2,1,521,scheduled service destination,137,operator
table_465.csv,0,2,3,1346,winner,1686,for work
table_470.csv,3,0,4,1346,winner,1686,for work
table_471.csv,0,5,2,2789,connects with,642,of
table_474.csv,0,3,2,1346,winner,1686,for work
table_475.csv,0,2,3,1346,winner,1686,for work
table_478.csv,0,8,1,2789,connects with,642,of
table_490.csv,0,2,3,991,successful candidate,1268,represents
table_493.csv,1,4,2,175,performer,1706,together with
table_496.csv,0,2,3,1346,winner,1686,for work
table_497.csv,0,2,3,991,successful candidate,1268,represents
table_500.csv,0,2,3,166,award received,1346,winner
table_502.csv,0,3,4,1411,nominated for,1686,for work
table_507.csv,0,2,3,1346,winner,1686,for work
table_510.csv,2,1,4,161,cast member,453,character role
table_513.csv,3,1,2,161,cast member,453,character role
table_514.csv,0,3,2,1346,winner,1686,for work
table_515.csv,0,2,3,1411,nominated for,2453,nominee
table_518.csv,0,5,1,2789,connects with,642,of
table_525.csv,0,2,4,1346,winner,1686,for work
table_526.csv,0,3,4,166,award received,1346,winner
table_530.csv,0,3,2,1346,winner,1686,for work
table_537.csv,0,2,3,1346,winner,1686,for work
table_541.csv,3,0,2,166,award received,1686,for work
table_545.csv,0,1,3,1346,winner,1686,for work
table_546.csv,0,2,3,1346,winner,1686,for work
table_549.csv,0,2,3,1411,nominated for,2453,nominee
table_550.csv,0,3,2,1346,winner,1686,for work
table_553.csv,0,1,2,197,adjacent station,1192,connecting service
table_554.csv,0,2,1,527,has part,3831,object has role
table_556.csv,2,0,3,1411,nominated for,1686,for work
table_560.csv,0,2,3,1411,nominated for,2453,nominee
table_566.csv,0,1,2,161,cast member,453,character role
table_570.csv,0,3,2,1346,winner,1686,for work
table_572.csv,5,0,7,3450,sports season of league or competition,156,followed by
table_573.csv,0,2,3,1411,nominated for,2453,nominee
table_576.csv,0,1,2,1346,winner,1686,for work
table_577.csv,0,2,1,725,voice actor,453,character role
table_578.csv,0,2,3,1346,winner,1686,for work
table_581.csv,3,0,5,1346,winner,1686,for work
table_582.csv,0,4,2,1346,winner,1686,for work
table_586.csv,2,1,4,161,cast member,453,character role
table_591.csv,0,4,2,1346,winner,1686,for work
table_592.csv,0,4,1,527,has part,1346,winner
table_594.csv,0,2,3,1411,nominated for,2453,nominee
table_597.csv,0,2,3,1346,winner,54,member of sports team
table_603.csv,0,3,2,1346,winner,1686,for work
table_609.csv,0,2,1,1346,winner,1686,for work
table_614.csv,2,0,1,166,award received,1346,winner
table_616.csv,0,2,3,1427,start point,17,country
table_618.csv,0,2,3,1346,winner,1686,for work
table_619.csv,2,1,3,161,cast member,453,character role
table_622.csv,0,3,4,166,award received,1686,for work
table_627.csv,0,3,4,166,award received,1686,for work
table_630.csv,2,0,1,166,award received,1346,winner
table_633.csv,0,2,1,521,scheduled service destination,137,operator
table_639.csv,0,2,3,1346,winner,1686,for work
table_648.csv,0,1,3,1346,winner,1686,for work
table_649.csv,0,2,3,1346,winner,1686,for work
table_653.csv,0,4,2,166,award received,1686,for work
table_655.csv,0,2,3,166,award received,1686,for work
table_659.csv,0,2,3,1346,winner,1686,for work
table_661.csv,2,0,1,3602,candidacy in election,768,electoral district
table_665.csv,1,0,3,1344,participant of,54,member of sports team
table_667.csv,2,0,4,166,award received,1686,for work
table_669.csv,0,2,3,1346,winner,1686,for work
table_670.csv,0,2,3,1411,nominated for,2453,nominee
table_681.csv,0,1,2,1346,winner,1686,for work
table_685.csv,2,0,3,1346,winner,1686,for work
table_686.csv,0,3,2,1346,winner,1686,for work
table_687.csv,0,1,2,1411,nominated for,2453,nominee
table_689.csv,2,0,3,166,award received,1686,for work
table_690.csv,0,3,4,710,participant,5317,jockey
table_694.csv,0,1,2,1346,winner,1686,for work
table_698.csv,2,0,4,166,award received,1686,for work
table_699.csv,0,2,3,1346,winner,1686,for work
table_703.csv,0,1,2,1308,officeholder,39,position held
table_705.csv,4,0,2,527,has part,822,mascot
table_706.csv,0,4,2,1411,nominated for,1686,for work
table_710.csv,0,1,3,710,participant,768,electoral district
table_711.csv,0,2,3,1411,nominated for,2453,nominee
table_714.csv,3,0,2,725,voice actor,642,of
table_718.csv,0,2,3,1346,winner,1686,for work
table_721.csv,0,2,1,527,has part,1532,country for sport
table_723.csv,2,0,1,166,award received,1346,winner
table_729.csv,0,3,2,1346,winner,1686,for work
table_731.csv,0,1,2,1346,winner,1686,for work
table_732.csv,0,2,3,1411,nominated for,2453,nominee
table_733.csv,0,1,3,197,adjacent station,81,connecting line
table_734.csv,0,2,4,1346,winner,1686,for work
table_737.csv,0,1,3,1346,winner,1686,for work
table_739.csv,0,3,2,1346,winner,1686,for work
table_740.csv,0,3,4,166,award received,1686,for work
table_746.csv,4,0,2,166,award received,1346,winner
table_747.csv,0,4,1,2789,connects with,642,of
table_750.csv,1,4,2,3602,candidacy in election,768,electoral district
table_752.csv,0,5,3,1346,winner,1686,for work
table_755.csv,0,4,2,1346,winner,1686,for work
table_770.csv,2,0,1,166,award received,1346,winner
table_778.csv,0,3,4,1411,nominated for,2453,nominee
table_779.csv,0,2,4,1346,winner,1686,for work
table_780.csv,0,3,4,710,participant,5317,jockey
table_783.csv,0,2,3,1411,nominated for,2453,nominee
table_787.csv,0,2,3,1346,winner,1686,for work
table_794.csv,0,2,3,1346,winner,1686,for work
table_797.csv,0,1,3,710,participant,768,electoral district
table_798.csv,0,2,3,1411,nominated for,2453,nominee
table_799.csv,0,2,1,521,scheduled service destination,137,operator
table_802.csv,3,11,6,3602,candidacy in election,768,electoral district
table_808.csv,0,2,3,1346,winner,1686,for work
table_809.csv,3,0,2,1411,nominated for,1686,for work
table_810.csv,0,1,2,161,cast member,453,character role
table_811.csv,2,0,1,166,award received,1346,winner
table_812.csv,6,10,0,38,currency,17,country
table_814.csv,0,1,2,197,adjacent station,81,connecting line
table_821.csv,0,2,3,1346,winner,1686,for work
table_823.csv,0,2,3,1346,winner,1686,for work
table_824.csv,0,2,3,1411,nominated for,2453,nominee
table_827.csv,3,0,4,1346,winner,1686,for work
table_829.csv,0,3,4,710,participant,5317,jockey
table_835.csv,0,2,3,991,successful candidate,1268,represents
table_843.csv,0,2,3,1411,nominated for,1686,for work
table_846.csv,3,1,2,161,cast member,453,character role
table_847.csv,0,2,3,1411,nominated for,2453,nominee
table_848.csv,0,2,3,1346,winner,1686,for work
table_857.csv,2,1,4,161,cast member,453,character role
table_861.csv,0,3,4,1411,nominated for,1686,for work
table_863.csv,0,2,3,1346,winner,1686,for work
table_871.csv,3,0,2,1411,nominated for,1686,for work
table_872.csv,0,2,3,1346,winner,1686,for work
table_875.csv,2,1,3,161,cast member,453,character role
table_876.csv,0,2,3,1411,nominated for,2453,nominee
table_880.csv,0,1,2,166,award received,1346,winner
table_886.csv,2,0,3,166,award received,1686,for work
table_887.csv,0,2,3,1346,winner,1686,for work
table_888.csv,2,0,1,3602,candidacy in election,768,electoral district
table_890.csv,0,1,3,1346,winner,1686,for work
table_894.csv,0,3,2,1346,winner,1686,for work
table_900.csv,0,6,4,2789,connects with,642,of
table_905.csv,0,4,3,726,candidate,102,member of political party
table_909.csv,0,4,2,1411,nominated for,1686,for work
table_912.csv,0,2,4,1346,winner,1686,for work
table_913.csv,0,3,2,1411,nominated for,1686,for work
table_920.csv,0,2,3,1346,winner,1686,for work
table_921.csv,0,1,2,1346,winner,1686,for work
table_926.csv,0,1,2,1346,winner,1686,for work
table_928.csv,0,2,3,991,successful candidate,1268,represents
table_929.csv,1,2,0,1308,officeholder,5054,cabinet
table_934.csv,0,1,2,1346,winner,1686,for work
table_945.csv,2,7,9,1923,participating team,3438,vehicle normally used
table_946.csv,4,3,0,166,award received,1686,for work
table_951.csv,0,2,4,1346,winner,1686,for work
table_952.csv,0,11,2,2789,connects with,642,of
table_955.csv,0,1,2,1411,nominated for,2453,nominee
table_956.csv,0,1,2,1411,nominated for,2453,nominee
table_957.csv,0,4,3,276,location,518,applies to part
table_960.csv,0,4,2,1411,nominated for,1686,for work
table_962.csv,2,0,1,3602,candidacy in election,768,electoral district
table_963.csv,0,2,4,1346,winner,1686,for work
table_966.csv,0,3,1,54,member of sports team,413,position played on team / speciality
table_969.csv,0,11,4,2789,connects with,642,of
table_975.csv,0,3,4,166,award received,1686,for work
table_977.csv,0,1,2,1346,winner,1686,for work
table_978.csv,0,4,2,1346,winner,1686,for work
table_982.csv,2,0,1,3602,candidacy in election,768,electoral district
table_983.csv,0,2,3,1346,winner,1686,for work
table_986.csv,0,2,3,1411,nominated for,2453,nominee
table_988.csv,0,3,2,1411,nominated for,1686,for work
table_989.csv,0,1,2,1346,winner,1686,for work
table_998.csv,0,12,2,2789,connects with,642,of
table_1005.csv,0,11,2,2789,connects with,642,of
table_1006.csv,4,0,2,1411,nominated for,1686,for work
table_1007.csv,3,0,2,1411,nominated for,1686,for work
table_1008.csv,0,3,1,2789,connects with,642,of
table_1012.csv,0,1,2,710,participant,2210,relative to
table_1016.csv,0,2,4,1346,winner,1686,for work
table_1020.csv,1,2,3,1411,nominated for,2453,nominee
table_1022.csv,0,2,3,991,successful candidate,1268,represents
table_1023.csv,0,2,3,1411,nominated for,2453,nominee
table_1027.csv,3,1,0,3602,candidacy in election,768,electoral district
table_1029.csv,0,1,2,1346,winner,1686,for work
table_1030.csv,4,0,2,166,award received,1346,winner
table_1034.csv,3,0,2,1411,nominated for,1686,for work
table_1035.csv,0,2,3,1346,winner,1686,for work
table_1039.csv,0,1,2,1346,winner,1686,for work
table_1041.csv,4,0,2,166,award received,1686,for work
table_1042.csv,0,2,3,1346,winner,1686,for work
table_1043.csv,0,2,3,1346,winner,1686,for work
table_1044.csv,0,2,3,991,successful candidate,1268,represents
table_1050.csv,2,0,4,166,award received,1686,for work
table_1053.csv,2,0,4,166,award received,1686,for work
table_1054.csv,0,2,3,1411,nominated for,2453,nominee
table_1055.csv,0,1,2,710,participant,2210,relative to
table_1058.csv,0,2,3,1411,nominated for,2453,nominee
table_1063.csv,0,2,3,1346,winner,1686,for work
table_1080.csv,0,1,2,1346,winner,1686,for work
table_1088.csv,0,3,2,1411,nominated for,1686,for work
table_1089.csv,0,4,5,726,candidate,6149,running mate
table_1096.csv,3,2,0,3602,candidacy in election,768,electoral district
table_1101.csv,0,3,2,161,cast member,453,character role
table_1113.csv,0,1,3,1346,winner,1686,for work
table_1122.csv,0,2,1,527,has part,3831,object has role
table_1123.csv,0,2,1,527,has part,3831,object has role
table_1129.csv,5,0,6,166,award received,54,member of sports team
table_1133.csv,0,2,1,1346,winner,1686,for work
table_1135.csv,0,8,3,2789,connects with,642,of
table_1136.csv,1,0,2,161,cast member,453,character role
table_1138.csv,0,11,2,2789,connects with,642,of
table_1143.csv,0,2,3,991,successful candidate,1268,represents
table_1146.csv,0,2,3,726,candidate,210,party chief representative
table_1150.csv,0,5,2,1346,winner,1686,for work
table_1154.csv,0,2,3,1411,nominated for,2453,nominee
table_1157.csv,0,2,4,726,candidate,210,party chief representative
table_1159.csv,0,2,3,991,successful candidate,1268,represents
table_1162.csv,0,2,3,1346,winner,1686,for work
table_1170.csv,0,1,3,1346,winner,1686,for work
table_1171.csv,0,1,3,197,adjacent station,81,connecting line
table_1172.csv,0,2,3,991,successful candidate,1268,represents
table_1174.csv,0,3,4,166,award received,1686,for work
table_1182.csv,0,7,2,2789,connects with,642,of
table_1183.csv,0,2,3,1411,nominated for,2453,nominee
table_1184.csv,3,0,4,166,award received,1706,together with
table_1186.csv,0,2,3,1411,nominated for,2453,nominee
table_1189.csv,0,1,2,1346,winner,1686,for work
table_1191.csv,0,2,3,1346,winner,1686,for work
table_1193.csv,0,1,2,1346,winner,1686,for work
table_1197.csv,0,3,4,1411,nominated for,1686,for work
table_1201.csv,0,5,1,2789,connects with,642,of
table_1202.csv,0,3,2,1346,winner,1686,for work
table_1208.csv,0,2,3,991,successful candidate,1268,represents
table_1210.csv,0,2,3,1346,winner,1686,for work
table_1217.csv,0,2,3,991,successful candidate,1268,represents
table_1218.csv,0,1,3,1346,winner,1686,for work
table_1221.csv,0,1,3,197,adjacent station,81,connecting line
table_1226.csv,4,3,2,115,home venue,131,located in the administrative territorial entity
table_1228.csv,2,1,4,6,head of government,102,member of political party
table_1231.csv,3,0,2,1411,nominated for,1686,for work
table_1239.csv,0,2,3,1346,winner,1686,for work
table_1241.csv,0,4,3,1346,winner,1686,for work
table_1245.csv,0,4,2,2789,connects with,642,of
table_1250.csv,0,2,3,1346,winner,1686,for work
table_1255.csv,0,2,1,527,has part,3831,object has role
table_1258.csv,1,0,2,166,award received,1686,for work
table_1259.csv,0,2,3,991,successful candidate,1268,represents
table_1262.csv,3,2,1,1346,winner,1686,for work
table_1263.csv,0,2,3,710,participant,54,member of sports team
table_1266.csv,0,3,5,1346,winner,1686,for work
table_1269.csv,0,2,3,1346,winner,1686,for work
table_1276.csv,0,2,3,1346,winner,1686,for work
table_1277.csv,0,2,3,1346,winner,1686,for work
table_1282.csv,0,4,2,1346,winner,1686,for work
table_1284.csv,0,9,3,2789,connects with,642,of
table_1294.csv,0,2,3,991,successful candidate,1268,represents
table_1303.csv,0,2,3,1411,nominated for,2453,nominee
table_1304.csv,0,2,3,1411,nominated for,2453,nominee
table_1306.csv,0,2,3,1411,nominated for,1686,for work
table_1309.csv,0,4,7,1346,winner,54,member of sports team
table_1313.csv,0,2,1,521,scheduled service destination,137,operator
table_1314.csv,4,3,2,161,cast member,453,character role
table_1320.csv,0,2,3,1346,winner,1686,for work
table_1321.csv,1,0,2,1411,nominated for,1686,for work
table_1322.csv,0,2,3,1346,winner,1686,for work
table_1328.csv,0,13,2,2789,connects with,642,of
table_1330.csv,0,4,2,1346,winner,1686,for work
table_1331.csv,0,4,2,1346,winner,1686,for work
table_1334.csv,0,1,2,1411,nominated for,2453,nominee
table_1335.csv,0,7,2,2789,connects with,642,of
table_1336.csv,0,2,3,991,successful candidate,1268,represents
table_1344.csv,0,3,4,1411,nominated for,1686,for work
table_1350.csv,0,3,4,1411,nominated for,1686,for work
table_1351.csv,0,11,1,2789,connects with,642,of
table_1358.csv,0,2,3,1346,winner,1686,for work
table_1363.csv,0,2,1,710,participant,1268,represents
table_1367.csv,0,1,2,161,cast member,1327,partner in business or sport
table_1369.csv,0,2,3,1346,winner,1686,for work
table_1371.csv,0,1,3,1346,winner,1686,for work
table_1376.csv,0,1,2,1346,winner,1686,for work
table_1384.csv,0,2,3,1346,winner,1686,for work
table_1387.csv,0,4,2,1346,winner,1686,for work
table_1391.csv,0,2,1,355,subsidiary,17,country
table_1394.csv,0,4,2,1411,nominated for,1686,for work
table_1396.csv,0,1,4,1923,participating team,115,home venue
table_1397.csv,0,3,4,1411,nominated for,1686,for work
table_1404.csv,0,2,3,1346,winner,1686,for work
table_1405.csv,0,2,3,1346,winner,1686,for work
table_1406.csv,7,0,1,39,position held,1365,replaces
table_1408.csv,0,1,2,1923,participating team,115,home venue
table_1409.csv,0,2,3,166,award received,1346,winner
table_1410.csv,0,3,2,1346,winner,1686,for work
table_1412.csv,0,1,2,1346,winner,1686,for work
table_1414.csv,2,1,3,161,cast member,453,character role
table_1416.csv,2,0,1,35,head of state,39,position held
table_1417.csv,0,5,2,2789,connects with,642,of
table_1418.csv,0,2,3,1411,nominated for,2453,nominee
table_1423.csv,0,2,3,1346,winner,1686,for work
table_1429.csv,0,2,4,1346,winner,1686,for work
table_1436.csv,0,2,3,1346,winner,1686,for work
table_1439.csv,0,2,3,1411,nominated for,2453,nominee
table_1440.csv,2,1,3,161,cast member,453,character role
table_1444.csv,0,2,3,1346,winner,27,country of citizenship
table_1448.csv,0,3,2,1411,nominated for,1686,for work
table_1451.csv,2,1,0,161,cast member,453,character role
table_1452.csv,2,1,3,161,cast member,453,character role
table_1454.csv,0,13,3,2789,connects with,642,of
table_1456.csv,0,3,4,710,participant,5317,jockey
table_1458.csv,0,4,2,1411,nominated for,1686,for work
table_1462.csv,0,2,3,166,award received,1346,winner
table_1465.csv,0,2,1,527,has part,3831,object has role
table_1469.csv,0,2,1,527,has part,3831,object has role
table_1472.csv,2,0,4,166,award received,1686,for work
table_1475.csv,0,2,1,159,headquarters location,17,country
table_1478.csv,0,2,3,1346,winner,1686,for work
table_1484.csv,0,2,4,166,award received,1686,for work
table_1486.csv,4,1,0,3602,candidacy in election,768,electoral district
table_1487.csv,0,2,3,1346,winner,1686,for work
table_1488.csv,0,2,3,1411,nominated for,2453,nominee
table_1489.csv,3,0,2,1411,nominated for,1686,for work
table_1490.csv,0,2,3,1411,nominated for,2453,nominee
table_1496.csv,0,11,2,2789,connects with,642,of
table_1502.csv,1,0,2,726,candidate,102,member of political party
table_1503.csv,0,2,3,1411,nominated for,2453,nominee
table_1507.csv,0,1,3,1346,winner,1686,for work
table_1518.csv,0,2,3,1411,nominated for,2453,nominee
table_1520.csv,5,0,4,527,has part,822,mascot
table_1521.csv,2,1,0,2522,victory,166,award received
table_1523.csv,0,1,3,1346,winner,1686,for work
table_1524.csv,3,0,5,1346,winner,1686,for work
table_1525.csv,0,3,2,710,participant,413,position played on team / speciality
table_1526.csv,0,1,2,1346,winner,1686,for work
table_1527.csv,0,2,3,1346,winner,1686,for work
table_1532.csv,0,3,4,1411,nominated for,2453,nominee
table_1533.csv,0,1,2,1346,winner,1686,for work
table_1534.csv,0,2,3,1411,nominated for,2453,nominee
table_1537.csv,0,3,1,1346,winner,1686,for work
table_1538.csv,0,3,2,161,cast member,453,character role
table_1541.csv,0,2,3,1346,winner,1686,for work
table_1542.csv,0,1,3,1346,winner,1686,for work
table_1546.csv,0,2,3,1411,nominated for,2453,nominee
table_1551.csv,0,2,4,1346,winner,1686,for work
table_1552.csv,0,3,2,1346,winner,1686,for work
table_1561.csv,0,2,3,1411,nominated for,2453,nominee
table_1566.csv,0,8,2,2789,connects with,642,of
table_1569.csv,0,2,3,1346,winner,1686,for work
table_1573.csv,0,5,2,2789,connects with,642,of
table_1574.csv,2,0,4,166,award received,1686,for work
table_1575.csv,3,0,2,1411,nominated for,1686,for work
table_1576.csv,0,2,3,1411,nominated for,2453,nominee
table_1580.csv,0,2,4,1346,winner,1686,for work
table_1582.csv,0,2,3,1411,nominated for,2453,nominee
table_1584.csv,0,2,3,1411,nominated for,2453,nominee
table_1586.csv,0,1,2,1346,winner,1686,for work
table_1587.csv,0,4,2,1346,winner,1686,for work
table_1588.csv,0,2,3,991,successful candidate,1268,represents
table_1589.csv,0,2,1,180,depicts,4878,symbolizes
table_1600.csv,0,3,2,1923,participating team,527,has part
table_1602.csv,1,0,3,166,award received,1346,winner
table_1604.csv,0,7,5,2789,connects with,642,of
table_1606.csv,2,0,3,161,cast member,453,character role
table_1609.csv,0,2,3,1411,nominated for,2453,nominee
table_1615.csv,0,5,1,2789,connects with,642,of
table_1617.csv,0,3,4,710,participant,286,head coach
table_1622.csv,0,2,3,991,successful candidate,1268,represents
table_1626.csv,4,0,2,1411,nominated for,1686,for work
table_1630.csv,0,2,4,1346,winner,1686,for work
table_1632.csv,2,3,0,1346,winner,1686,for work
table_1635.csv,0,2,3,1346,winner,1686,for work
table_1636.csv,0,2,3,1411,nominated for,2453,nominee
table_1638.csv,0,4,2,1346,winner,1686,for work
table_1639.csv,0,2,1,1346,winner,1686,for work
table_1642.csv,0,2,3,1346,winner,1686,for work
table_1647.csv,0,2,3,1346,winner,1686,for work
table_1651.csv,3,1,2,161,cast member,453,character role
table_1652.csv,0,6,3,3602,candidacy in election,1268,represents
table_1660.csv,2,1,3,161,cast member,453,character role
table_1661.csv,0,3,2,1346,winner,1686,for work
table_1666.csv,4,0,2,166,award received,1686,for work
table_1672.csv,3,0,2,166,award received,1686,for work
table_1677.csv,0,2,3,1346,winner,1686,for work
table_1678.csv,3,1,0,3602,candidacy in election,768,electoral district
table_1683.csv,0,3,4,1411,nominated for,2453,nominee
table_1690.csv,0,3,2,17,country,131,located in the administrative territorial entity
table_1692.csv,0,3,2,1346,winner,1686,for work
table_1696.csv,3,0,2,166,award received,1346,winner
table_1697.csv,3,2,0,1411,nominated for,1686,for work
table_1702.csv,0,2,3,1411,nominated for,2453,nominee
table_1705.csv,0,2,1,527,has part,3831,object has role
table_1708.csv,0,3,1,2789,connects with,642,of
table_1712.csv,0,4,2,1411,nominated for,1686,for work
table_1721.csv,0,2,4,1346,winner,1686,for work
table_1725.csv,0,1,2,1923,participating team,121,item operated
table_1727.csv,0,2,3,991,successful candidate,1268,represents
table_1730.csv,0,3,4,1411,nominated for,1686,for work
table_1734.csv,0,1,2,161,cast member,453,character role
table_1735.csv,0,2,3,1411,nominated for,2453,nominee
table_1736.csv,2,3,0,166,award received,1686,for work
table_1737.csv,0,2,3,1411,nominated for,2453,nominee
table_1740.csv,0,1,2,1346,winner,1686,for work
table_1748.csv,2,0,8,39,position held,642,of
table_1751.csv,0,2,3,1411,nominated for,2453,nominee
table_1754.csv,3,2,0,166,award received,1686,for work
table_1755.csv,0,5,1,2789,connects with,642,of
table_1756.csv,0,4,2,1346,winner,1686,for work
table_1758.csv,0,2,3,991,successful candidate,1268,represents
table_1763.csv,0,3,4,1411,nominated for,2453,nominee
table_1764.csv,0,2,3,1346,winner,1686,for work
table_1766.csv,0,2,3,1346,winner,1686,for work
table_1768.csv,0,4,2,1411,nominated for,1686,for work
table_1769.csv,0,4,2,1346,winner,1686,for work
table_1772.csv,0,6,1,2789,connects with,642,of
table_1777.csv,0,2,3,1411,nominated for,2453,nominee
table_1779.csv,0,2,3,1411,nominated for,2453,nominee
table_1781.csv,0,2,1,521,scheduled service destination,137,operator
table_1791.csv,0,1,3,1346,winner,1686,for work
table_1793.csv,0,2,3,1346,winner,1686,for work
table_1794.csv,0,4,2,1346,winner,1686,for work
table_1797.csv,0,3,4,1411,nominated for,2453,nominee
table_1800.csv,0,2,3,1346,winner,1686,for work
table_1801.csv,0,2,3,991,successful candidate,1268,represents
table_1805.csv,1,2,0,161,cast member,453,character role
table_1806.csv,0,2,3,1411,nominated for,2453,nominee
table_1807.csv,1,0,2,166,award received,1686,for work
table_1815.csv,0,1,2,1346,winner,1686,for work
table_1819.csv,0,3,1,2789,connects with,642,of
table_1824.csv,0,2,4,1346,winner,1686,for work
table_1825.csv,0,3,2,1346,winner,1686,for work
table_1826.csv,1,3,2,161,cast member,453,character role
table_1828.csv,0,4,2,1346,winner,1686,for work
table_1831.csv,0,2,3,1346,winner,1686,for work
table_1832.csv,0,2,3,1411,nominated for,2453,nominee
table_1835.csv,0,3,4,1411,nominated for,2453,nominee
table_1838.csv,2,1,0,161,cast member,453,character role
table_1844.csv,0,1,2,1346,winner,1686,for work
table_1845.csv,0,2,1,527,has part,1532,country for sport
table_1846.csv,0,2,3,1346,winner,1686,for work
table_1858.csv,1,0,2,166,award received,1686,for work
table_1863.csv,0,2,3,1346,winner,1686,for work
table_1868.csv,0,2,4,1346,winner,1686,for work
table_1871.csv,0,2,3,1411,nominated for,2453,nominee
table_1874.csv,0,2,1,527,has part,3831,object has role
table_1875.csv,0,3,4,527,has part,102,member of political party
table_1877.csv,0,3,4,166,award received,1686,for work
table_1885.csv,0,1,2,161,cast member,453,character role
table_1893.csv,0,2,3,1346,winner,1686,for work
table_1894.csv,0,4,1,2789,connects with,642,of
table_1895.csv,2,0,1,166,award received,1346,winner
table_1897.csv,0,1,2,1346,winner,1686,for work
table_1898.csv,0,2,3,1411,nominated for,2453,nominee
table_1900.csv,2,1,3,161,cast member,453,character role
table_1906.csv,0,1,3,197,adjacent station,81,connecting line
table_1909.csv,1,2,0,725,voice actor,453,character role
table_1910.csv,0,3,4,1411,nominated for,2453,nominee
table_1914.csv,0,1,2,1346,winner,1686,for work
table_1915.csv,1,0,2,166,award received,1686,for work
table_1918.csv,0,2,3,1346,winner,1686,for work
table_1920.csv,0,1,2,1346,winner,1686,for work
table_1924.csv,0,3,7,1308,officeholder,102,member of political party
table_1928.csv,0,4,3,1346,winner,1686,for work
table_1931.csv,3,5,4,488,chairperson,1365,replaces
table_1933.csv,0,4,2,1411,nominated for,1686,for work
table_1936.csv,2,0,4,166,award received,1686,for work
table_1938.csv,0,2,3,1411,nominated for,2453,nominee
table_1939.csv,0,1,2,1346,winner,1686,for work
table_1940.csv,0,2,3,1411,nominated for,2453,nominee
table_1949.csv,0,1,3,527,has part,1416,affiliation
table_1951.csv,0,2,3,1346,winner,1686,for work
table_1952.csv,0,2,4,1346,winner,1686,for work
table_1953.csv,0,2,3,1411,nominated for,2453,nominee
table_1955.csv,0,2,3,1411,nominated for,2453,nominee
table_1956.csv,0,3,1,1346,winner,1686,for work
table_1966.csv,1,0,2,166,award received,1686,for work
table_1968.csv,2,1,3,175,performer,1441,present in work
table_1973.csv,0,3,2,1346,winner,1686,for work
table_1975.csv,0,2,3,1346,winner,1686,for work
table_1977.csv,0,2,4,1346,winner,1686,for work
table_1978.csv,0,3,4,166,award received,1346,winner
table_1979.csv,2,0,1,1411,nominated for,1706,together with
table_1985.csv,0,2,3,1346,winner,1686,for work
table_1996.csv,0,4,2,1346,winner,1686,for work
table_1999.csv,0,2,3,1346,winner,1686,for work
table_2001.csv,0,2,5,710,participant,121,item operated
table_2003.csv,0,4,2,1346,winner,1686,for work
table_2004.csv,0,2,3,1346,winner,1686,for work
table_2009.csv,5,0,1,197,adjacent station,5051,towards
table_2013.csv,0,1,3,1346,winner,1686,for work
table_2016.csv,0,1,2,1346,winner,1686,for work
table_2019.csv,0,4,2,1411,nominated for,1686,for work
table_2022.csv,0,2,3,1346,winner,1686,for work
table_2030.csv,0,2,3,1411,nominated for,2453,nominee
table_2031.csv,0,1,2,1346,winner,1686,for work
table_2034.csv,0,5,2,2789,connects with,642,of
table_2035.csv,0,2,3,1411,nominated for,2453,nominee
table_2037.csv,0,2,4,1346,winner,1686,for work
table_2038.csv,0,4,2,1411,nominated for,1686,for work
table_2040.csv,0,1,2,710,participant,1532,country for sport
table_2042.csv,0,2,3,1346,winner,1686,for work
table_2044.csv,0,1,3,710,participant,1876,vehicle
table_2048.csv,0,5,2,1411,nominated for,1686,for work
table_2049.csv,0,2,3,1346,winner,1686,for work
table_2054.csv,0,1,2,1346,winner,1686,for work
table_2055.csv,3,1,2,161,cast member,453,character role
table_2057.csv,0,5,2,1346,winner,1686,for work
table_2060.csv,0,2,3,991,successful candidate,1268,represents
table_2061.csv,0,2,3,1346,winner,1686,for work
table_2062.csv,0,2,3,1411,nominated for,2453,nominee
table_2064.csv,3,0,2,166,award received,1686,for work
table_2066.csv,0,1,3,1346,winner,1686,for work
table_2069.csv,0,4,2,1411,nominated for,1686,for work
table_2074.csv,2,0,7,39,position held,1366,replaced by
table_2075.csv,0,2,4,1346,winner,1686,for work
table_2079.csv,0,3,1,2789,connects with,642,of
table_2080.csv,0,2,3,1346,winner,1686,for work
table_2081.csv,0,3,4,166,award received,1686,for work
table_2084.csv,0,5,2,1411,nominated for,1686,for work
table_2087.csv,0,2,3,1411,nominated for,2453,nominee
table_2090.csv,2,0,1,3602,candidacy in election,768,electoral district
table_2091.csv,0,3,4,710,participant,5317,jockey
table_2092.csv,0,2,3,991,successful candidate,1268,represents
table_2096.csv,0,1,2,197,adjacent station,81,connecting line
table_2097.csv,0,2,3,1346,winner,1686,for work
table_2098.csv,3,0,2,1411,nominated for,1686,for work
table_2100.csv,0,2,3,1411,nominated for,2453,nominee
table_2102.csv,0,2,3,1411,nominated for,2453,nominee
table_2105.csv,2,0,1,166,award received,1346,winner
table_2108.csv,1,7,5,3602,candidacy in election,1268,represents
table_2110.csv,4,1,0,3602,candidacy in election,768,electoral district
table_2111.csv,0,2,4,1346,winner,1686,for work
table_2112.csv,0,9,2,2789,connects with,642,of
table_2113.csv,0,2,3,1411,nominated for,2453,nominee
table_2116.csv,4,3,2,115,home venue,131,located in the administrative territorial entity
table_2117.csv,0,3,5,710,participant,286,head coach
table_2118.csv,0,4,2,1346,winner,1686,for work
table_2122.csv,0,2,4,1346,winner,1686,for work
table_2125.csv,0,2,3,1346,winner,1686,for work
table_2126.csv,0,3,4,166,award received,1686,for work
table_2128.csv,0,1,3,1923,participating team,115,home venue
table_2129.csv,0,1,2,161,cast member,453,character role
table_2131.csv,3,2,0,3602,candidacy in election,768,electoral district
table_2141.csv,1,3,2,161,cast member,453,character role
table_2149.csv,4,0,2,166,award received,1346,winner
table_2154.csv,0,2,3,1346,winner,1686,for work
table_2161.csv,0,2,3,1411,nominated for,2453,nominee
table_2162.csv,0,2,3,1411,nominated for,2453,nominee
table_2167.csv,0,6,2,2789,connects with,642,of
table_2171.csv,0,3,4,166,award received,1686,for work
table_2179.csv,0,2,3,1346,winner,1686,for work
table_2182.csv,0,2,1,521,scheduled service destination,137,operator
table_2183.csv,0,2,3,991,successful candidate,1268,represents
table_2185.csv,0,2,3,1411,nominated for,2453,nominee
table_2186.csv,0,2,3,1346,winner,1686,for work
table_2187.csv,4,5,6,276,location,17,country
table_2193.csv,0,1,3,197,adjacent station,81,connecting line
table_2195.csv,0,4,2,1411,nominated for,1686,for work
table_2196.csv,0,2,3,1411,nominated for,2453,nominee
table_2197.csv,0,1,3,1346,winner,1686,for work
table_2203.csv,6,2,0,527,has part,3831,object has role
table_2205.csv,0,3,2,1346,winner,1686,for work
table_2208.csv,0,2,3,1411,nominated for,2453,nominee
table_2226.csv,0,4,2,1411,nominated for,1686,for work
table_2228.csv,3,2,0,1441,present in work,175,performer
table_2232.csv,3,0,2,1411,nominated for,1686,for work
table_2233.csv,0,2,3,1411,nominated for,2453,nominee
table_2235.csv,0,3,2,1346,winner,1686,for work
table_2238.csv,0,1,2,1346,winner,1686,for work
table_2239.csv,0,3,4,1411,nominated for,1686,for work
table_2241.csv,0,2,3,991,successful candidate,1268,represents
table_2242.csv,0,2,4,1346,winner,1686,for work
table_2243.csv,0,3,1,2789,connects with,642,of
table_2257.csv,0,2,3,710,participant,286,head coach
table_2258.csv,0,4,3,710,participant,1416,affiliation
table_2261.csv,0,2,3,1346,winner,1686,for work
table_2262.csv,0,2,3,1346,winner,1686,for work
table_2266.csv,0,3,2,175,performer,642,of
table_2269.csv,0,2,4,1346,winner,1686,for work
table_2274.csv,0,1,3,1346,winner,1686,for work
table_2275.csv,0,6,2,2789,connects with,642,of
table_2283.csv,3,0,2,166,award received,1346,winner
table_2287.csv,0,2,3,991,successful candidate,1268,represents
table_2289.csv,2,0,4,166,award received,1686,for work
table_2290.csv,0,1,3,1411,nominated for,1686,for work
table_2293.csv,0,4,2,1411,nominated for,1686,for work
table_2294.csv,0,2,3,1346,winner,1686,for work
table_2295.csv,0,3,4,1411,nominated for,2453,nominee
table_2299.csv,0,2,3,1411,nominated for,2453,nominee
table_2300.csv,0,3,4,710,participant,5317,jockey
table_2310.csv,0,10,1,2789,connects with,642,of
table_2315.csv,0,6,4,2789,connects with,642,of
table_2316.csv,1,0,2,1344,participant of,54,member of sports team
table_2320.csv,4,0,2,166,award received,1686,for work
table_2321.csv,0,9,3,2789,connects with,642,of
table_2323.csv,0,2,3,1411,nominated for,2453,nominee
table_2330.csv,0,6,2,2789,connects with,642,of
table_2341.csv,0,2,3,1411,nominated for,2453,nominee
table_2342.csv,1,0,2,1344,participant of,54,member of sports team
table_2345.csv,0,4,2,1346,winner,1686,for work
table_2352.csv,2,0,1,161,cast member,453,character role
table_2353.csv,0,3,4,710,participant,5317,jockey
table_2359.csv,3,0,5,1346,winner,1686,for work
table_2363.csv,0,2,3,1346,winner,1686,for work
table_2364.csv,0,4,2,2789,connects with,131,located in the administrative territorial entity
table_2365.csv,5,2,4,1411,nominated for,1686,for work
table_2366.csv,0,2,4,1308,officeholder,748,appointed by
table_2371.csv,1,3,2,161,cast member,453,character role
table_2375.csv,0,2,3,1346,winner,1686,for work
table_2378.csv,0,3,2,1923,participating team,527,has part
table_2381.csv,1,2,0,161,cast member,453,character role
table_2384.csv,0,4,2,1411,nominated for,1686,for work
table_2385.csv,0,1,2,1346,winner,1686,for work
table_2387.csv,0,6,2,2789,connects with,642,of
table_2391.csv,2,1,0,3602,candidacy in election,768,electoral district
table_2402.csv,2,0,4,166,award received,1686,for work
table_2410.csv,0,10,2,2789,connects with,642,of
table_2412.csv,4,0,2,1346,winner,1686,for work
table_2413.csv,0,3,4,710,participant,5317,jockey
table_2424.csv,0,2,3,710,participant,210,party chief representative
table_2425.csv,2,0,3,1411,nominated for,1686,for work
table_2427.csv,0,2,3,710,participant,54,member of sports team
table_2432.csv,0,3,2,1346,winner,1686,for work
table_2436.csv,0,2,3,1346,winner,1686,for work
table_2439.csv,0,3,4,166,award received,1346,winner
table_2442.csv,0,2,3,1346,winner,1686,for work
table_2444.csv,0,2,3,1346,winner,1686,for work
table_2447.csv,0,1,2,1346,winner,1686,for work
table_2448.csv,0,2,1,1344,participant of,54,member of sports team
table_2451.csv,0,1,3,1346,winner,1686,for work
table_2452.csv,0,7,2,2789,connects with,642,of
table_2454.csv,1,0,3,1344,participant of,54,member of sports team
table_2456.csv,0,2,3,1411,nominated for,2453,nominee
table_2460.csv,0,2,3,1411,nominated for,2453,nominee
table_2461.csv,0,1,2,1346,winner,1686,for work
table_2462.csv,0,2,3,1411,nominated for,2453,nominee
table_2464.csv,0,1,2,1346,winner,1686,for work
table_2465.csv,0,2,3,1411,nominated for,2453,nominee
table_2468.csv,0,5,2,166,award received,1686,for work
table_2470.csv,0,1,2,1346,winner,1686,for work
table_2474.csv,0,3,2,1346,winner,1686,for work
table_2477.csv,0,3,4,166,award received,1686,for work
table_2480.csv,0,2,3,1346,winner,1686,for work
table_2485.csv,0,2,3,1411,nominated for,2453,nominee
table_2486.csv,0,2,4,1346,winner,1686,for work
table_2488.csv,0,2,3,1411,nominated for,2453,nominee
table_2497.csv,0,3,4,1411,nominated for,1686,for work
table_2502.csv,0,4,2,1346,winner,1686,for work
table_2504.csv,0,2,3,991,successful candidate,1268,represents
table_2505.csv,1,0,3,197,adjacent station,5051,towards
table_2507.csv,0,3,4,166,award received,1686,for work
table_2515.csv,0,3,4,1411,nominated for,2453,nominee
table_2518.csv,0,2,3,991,successful candidate,1268,represents
table_2520.csv,0,3,4,710,participant,5317,jockey
table_2522.csv,0,2,3,1411,nominated for,2453,nominee
table_2526.csv,3,0,4,1346,winner,1686,for work
table_2535.csv,0,2,1,527,has part,3831,object has role
table_2539.csv,0,2,3,1411,nominated for,2453,nominee
table_2543.csv,0,2,1,161,cast member,453,character role
table_2544.csv,2,0,3,166,award received,1686,for work
table_2545.csv,0,2,3,1411,nominated for,2453,nominee
table_2547.csv,0,2,3,1411,nominated for,2453,nominee
table_2548.csv,0,3,4,1411,nominated for,2453,nominee
table_2549.csv,0,1,3,1346,winner,1686,for work
table_2550.csv,0,2,3,1346,winner,1686,for work
table_2553.csv,0,2,3,1411,nominated for,2453,nominee
table_2556.csv,0,2,3,1346,winner,1686,for work
table_2561.csv,0,2,3,1346,winner,1686,for work
table_2565.csv,0,2,3,1411,nominated for,2453,nominee
table_2567.csv,0,1,3,710,participant,768,electoral district
table_2570.csv,0,2,3,1411,nominated for,2453,nominee
table_2571.csv,0,3,2,1346,winner,1686,for work
table_2579.csv,0,1,2,1346,winner,1686,for work
table_2580.csv,0,3,4,1000,record held,276,location
table_2585.csv,0,2,4,1346,winner,1686,for work
table_2587.csv,0,2,1,1346,winner,1686,for work
table_2589.csv,3,0,4,1346,winner,1686,for work
table_2595.csv,0,2,3,1411,nominated for,2453,nominee
table_2599.csv,0,3,4,1411,nominated for,1686,for work
table_2602.csv,0,4,2,1346,winner,1686,for work
table_2603.csv,3,0,5,1346,winner,1686,for work
table_2604.csv,0,2,1,527,has part,3831,object has role
table_2605.csv,0,1,2,1346,winner,1686,for work
table_2606.csv,2,0,3,1411,nominated for,1686,for work
table_2619.csv,0,2,3,1346,winner,1686,for work
table_2623.csv,0,3,2,1411,nominated for,1686,for work
table_2625.csv,0,2,3,1411,nominated for,2453,nominee
table_2626.csv,0,2,1,1346,winner,1686,for work
table_2631.csv,0,2,3,991,successful candidate,1268,represents
table_2635.csv,0,2,3,1346,winner,1686,for work
table_2636.csv,0,9,2,2789,connects with,642,of
table_2638.csv,0,1,2,710,participant,1532,country for sport
